10:49:59;22.027;17.932;67.243
10:50:00;22.027;17.932;67.243
10:50:02;22.027;17.932;67.243
10:50:04;22.027;17.932;67.243
10:50:06;22.027;17.932;67.243
10:50:08;22.027;17.932;67.243
10:50:09;22.027;17.935;67.265
10:50:11;22.027;17.936;67.273
10:50:14;22.027;17.946;67.341
10:50:16;22.029;17.948;67.345
10:50:17;22.029;17.947;67.337
10:50:19;22.033;17.949;67.324
10:50:21;22.035;17.949;67.309
10:50:23;22.035;17.949;67.308
10:50:25;22.039;17.949;67.287
10:50:26;22.042;17.950;67.274
10:50:28;22.043;17.949;67.255
10:50:30;22.043;17.949;67.255
10:50:32;22.043;17.956;67.311
10:50:34;22.043;17.960;67.339
10:50:35;22.043;17.964;67.368
10:50:37;22.043;17.964;67.368
10:50:39;22.044;17.965;67.368
10:50:41;22.043;17.965;67.375
10:50:43;22.043;17.965;67.375
10:50:44;22.043;17.965;67.375
10:50:47;22.045;17.965;67.362
10:50:49;22.054;17.969;67.336
10:50:50;22.056;17.975;67.370
10:50:52;22.056;17.976;67.378
10:50:54;22.060;17.981;67.388
10:50:56;22.059;17.981;67.394
10:50:57;22.060;17.981;67.388
10:50:59;22.060;17.981;67.387
10:51:01;22.060;17.981;67.388
10:51:03;22.060;17.981;67.388
10:51:05;22.060;17.984;67.410
10:51:06;22.060;17.986;67.428
10:51:08;22.060;17.991;67.463
10:51:10;22.060;17.995;67.493
10:51:12;22.063;17.997;67.482
10:51:14;22.062;17.996;67.487
10:51:15;22.061;17.997;67.497
10:51:17;22.061;17.997;67.501
10:51:19;22.060;17.997;67.507
10:51:21;22.060;17.997;67.507
10:51:23;22.059;17.997;67.514
10:51:25;22.049;17.997;67.576
10:51:27;22.043;17.998;67.622
10:51:28;22.043;17.997;67.615
10:51:30;22.027;17.997;67.723
10:51:32;22.027;17.997;67.723
10:51:35;22.011;17.997;67.831
10:51:37;21.997;17.997;67.921
10:51:38;21.995;17.997;67.939
10:51:40;21.978;17.995;68.033
10:51:42;21.965;17.987;68.059
10:51:44;21.962;17.982;68.047
10:51:46;21.945;17.981;68.151
10:51:47;21.930;17.981;68.253
10:51:49;21.914;17.979;68.346
10:51:51;21.898;17.966;68.350
10:51:53;21.886;17.965;68.424
10:51:55;21.875;17.965;68.502
10:51:56;21.860;17.961;68.571
10:51:59;21.846;17.949;68.575
10:52:01;21.820;17.949;68.747
10:52:03;21.800;17.937;68.799
10:52:04;21.784;17.932;68.873
10:52:07;21.768;17.930;68.962
10:52:09;21.748;17.916;68.995
10:52:10;21.731;17.916;69.111
10:52:12;21.713;17.902;69.128
10:52:14;21.693;17.900;69.244
10:52:16;21.673;17.896;69.346
10:52:18;21.656;17.884;69.377
10:52:20;21.638;17.882;69.487
10:52:22;21.622;17.868;69.488
10:52:23;21.604;17.863;69.574
10:52:25;21.583;17.851;69.634
10:52:27;21.568;17.851;69.731
10:52:29;21.548;17.835;69.745
10:52:31;21.525;17.830;69.866
10:52:32;21.509;17.819;69.891
10:52:34;21.492;17.817;69.996
10:52:36;21.476;17.803;69.998
10:52:38;21.459;17.795;70.059
10:52:40;21.438;17.787;70.136
10:52:41;21.417;17.778;70.217
10:52:43;21.398;17.770;70.291
10:52:45;21.380;17.756;70.301
10:52:47;21.362;17.754;70.413
10:52:49;21.346;17.738;70.401
10:52:51;21.318;17.725;70.498
10:52:53;21.298;17.722;70.616
10:52:55;21.282;17.708;70.613
10:52:57;21.265;17.705;70.710
10:52:59;21.248;17.689;70.712
10:53:01;21.230;17.673;70.713
10:53:02;21.207;17.672;70.860
10:53:05;21.188;17.657;70.884
10:53:07;21.168;17.649;70.958
10:53:09;21.146;17.640;71.043
10:53:10;21.128;17.625;71.054
10:53:12;21.106;17.620;71.174
10:53:14;21.087;17.609;71.219
10:53:16;21.071;17.593;71.215
10:53:18;21.054;17.592;71.322
10:53:19;21.038;17.576;71.311
10:53:21;21.022;17.570;71.377
10:53:23;21.006;17.560;71.414
10:53:25;20.990;17.550;71.455
10:53:27;20.965;17.542;71.562
10:53:29;20.949;17.528;71.567
10:53:31;20.933;17.520;71.617
10:53:33;20.914;17.511;71.684
10:53:35;20.892;17.495;71.715
10:53:37;20.876;17.492;71.803
10:53:39;20.860;17.479;71.819
10:53:41;20.844;17.463;71.809
10:53:43;20.824;17.455;71.890
10:53:45;20.810;17.447;71.924
10:53:47;20.790;17.430;71.935
10:53:49;20.769;17.429;72.073
10:53:51;20.758;17.414;72.042
10:53:52;20.744;17.411;72.120
10:53:54;20.729;17.398;72.120
10:53:57;20.714;17.386;72.133
10:53:58;20.692;17.381;72.249
10:54:00;20.681;17.366;72.214
10:54:02;20.663;17.358;72.285
10:54:04;20.648;17.349;72.320
10:54:06;20.633;17.338;72.340
10:54:08;20.615;17.331;72.413
10:54:10;20.599;17.317;72.415
10:54:11;20.584;17.307;72.448
10:54:14;20.568;17.301;72.514
10:54:15;20.552;17.285;72.503
10:54:17;20.536;17.283;72.608
10:54:19;20.519;17.268;72.610
10:54:21;20.503;17.257;72.637
10:54:23;20.487;17.252;72.717
10:54:25;20.472;17.237;72.706
10:54:27;20.461;17.234;72.762
10:54:28;20.454;17.220;72.701
10:54:31;20.438;17.215;72.776
10:54:32;20.422;17.204;72.802
10:54:34;20.406;17.190;72.807
10:54:36;20.391;17.186;72.894
10:54:38;20.375;17.171;72.891
10:54:40;20.364;17.169;72.952
10:54:41;20.354;17.155;72.913
10:54:43;20.341;17.153;72.990
10:54:46;20.325;17.139;72.996
10:54:48;20.309;17.125;73.001
10:54:50;20.293;17.123;73.104
10:54:52;20.276;17.107;73.093
10:54:54;20.268;17.101;73.112
10:54:55;20.258;17.090;73.101
10:54:58;20.244;17.081;73.130
10:55:00;20.230;17.074;73.176
10:55:02;20.227;17.058;73.067
10:55:04;20.212;17.058;73.179
10:55:05;20.209;17.057;73.194
10:55:08;20.195;17.049;73.225
10:55:09;20.192;17.042;73.191
10:55:12;20.181;17.042;73.273
10:55:13;20.179;17.042;73.288
10:55:15;20.179;17.042;73.288
10:55:17;20.175;17.042;73.315
10:55:19;20.174;17.042;73.323
10:55:21;20.171;17.042;73.351
10:55:23;20.175;17.045;73.342
10:55:25;20.174;17.049;73.389
10:55:26;20.173;17.054;73.431
10:55:28;20.179;17.058;73.418
10:55:30;20.179;17.058;73.418
10:55:32;20.179;17.058;73.418
10:55:34;20.180;17.058;73.411
10:55:35;20.180;17.068;73.491
10:55:37;20.193;17.074;73.448
10:55:39;20.195;17.074;73.429
10:55:41;20.195;17.074;73.429
10:55:43;20.202;17.078;73.408
10:55:45;20.212;17.086;73.407
10:55:47;20.212;17.088;73.423
10:55:48;20.226;17.090;73.332
10:55:50;20.228;17.090;73.320
10:55:52;20.231;17.091;73.300
10:55:54;20.244;17.096;73.246
10:55:56;20.246;17.104;73.292
10:55:57;20.256;17.107;73.239
10:56:00;20.260;17.107;73.212
10:56:02;20.275;17.107;73.105
10:56:03;20.276;17.109;73.115
10:56:05;20.277;17.115;73.154
10:56:07;20.290;17.120;73.101
10:56:09;20.293;17.123;73.103
10:56:11;20.293;17.123;73.103
10:56:13;20.293;17.123;73.099
10:56:15;20.293;17.123;73.103
10:56:17;20.293;17.123;73.103
10:56:19;20.293;17.123;73.103
10:56:21;20.293;17.123;73.103
10:56:23;20.293;17.123;73.103
10:56:25;20.293;17.123;73.103
10:56:26;20.291;17.123;73.118
10:56:28;20.283;17.123;73.173
10:56:30;20.276;17.119;73.193
10:56:32;20.276;17.120;73.198
10:56:34;20.276;17.111;73.132
10:56:35;20.263;17.108;73.195
10:56:37;20.260;17.107;73.211
10:56:39;20.256;17.107;73.240
10:56:41;20.245;17.107;73.323
10:56:43;20.244;17.096;73.246
10:56:44;20.228;17.090;73.320
10:56:46;20.228;17.090;73.320
10:56:48;20.213;17.088;73.416
10:56:50;20.212;17.080;73.354
10:56:52;20.195;17.074;73.429
10:56:53;20.188;17.074;73.481
10:56:55;20.179;17.064;73.467
10:56:57;20.164;17.058;73.530
10:56:59;20.163;17.058;73.538
10:57:01;20.147;17.046;73.559
10:57:03;20.147;17.042;73.527
10:57:04;20.131;17.042;73.647
10:57:06;20.129;17.033;73.591
10:57:08;20.115;17.026;73.629
10:57:10;20.114;17.026;73.636
10:57:12;20.109;17.026;73.675
10:57:14;20.099;17.019;73.692
10:57:16;20.098;17.018;73.694
10:57:18;20.098;17.010;73.634
10:57:20;20.098;17.009;73.625
10:57:23;20.097;17.009;73.633
10:57:24;20.098;17.008;73.617
10:57:26;20.097;17.009;73.633
10:57:28;20.098;17.009;73.626
10:57:30;20.098;17.007;73.604
10:57:32;20.098;17.006;73.599
10:57:34;20.098;17.003;73.574
10:57:35;20.099;17.000;73.543
10:57:37;20.110;17.001;73.472
10:57:39;20.112;17.000;73.445
10:57:41;20.114;17.001;73.435
10:57:43;20.114;17.004;73.460
10:57:44;20.126;17.005;73.379
10:57:46;20.131;17.008;73.372
10:57:48;20.131;17.008;73.378
10:57:50;20.137;17.008;73.330
10:57:52;20.147;17.009;73.266
10:57:54;20.147;17.009;73.266
10:57:56;20.163;17.009;73.147
10:57:57;20.163;17.009;73.147
10:57:59;20.167;17.010;73.127
10:58:01;20.178;17.010;73.042
10:58:03;20.179;17.019;73.104
10:58:05;20.192;17.025;73.053
10:58:06;20.195;17.026;73.039
10:58:08;20.206;17.026;72.962
10:58:10;20.212;17.026;72.920
10:58:12;20.220;17.026;72.858
10:58:14;20.228;17.028;72.824
10:58:16;20.232;17.038;72.869
10:58:18;20.244;17.042;72.812
10:58:20;20.244;17.042;72.812
10:58:22;20.246;17.042;72.798
10:58:24;20.254;17.042;72.740
10:58:25;20.255;17.043;72.738
10:58:27;20.259;17.043;72.708
10:58:30;20.260;17.044;72.717
10:58:31;20.259;17.046;72.737
10:58:33;20.258;17.048;72.753
10:58:35;20.255;17.048;72.780
10:58:37;20.248;17.046;72.823
10:58:39;20.247;17.042;72.792
10:58:41;20.244;17.043;72.820
10:58:43;20.242;17.042;72.827
10:58:44;20.228;17.042;72.931
10:58:46;20.228;17.042;72.931
10:58:48;20.218;17.042;73.003
10:58:50;20.212;17.037;73.009
10:58:52;20.209;17.037;73.027
10:58:53;20.195;17.028;73.055
10:58:55;20.191;17.026;73.072
10:58:57;20.179;17.026;73.158
10:58:59;20.171;17.024;73.200
10:59:01;20.163;17.012;73.171
10:59:02;20.150;17.009;73.239
10:59:04;20.147;17.009;73.266
10:59:06;20.131;17.008;73.378
10:59:08;20.129;16.995;73.281
10:59:10;20.114;16.993;73.375
10:59:12;20.101;16.991;73.454
10:59:14;20.097;16.983;73.416
10:59:16;20.089;16.977;73.432
10:59:17;20.082;16.977;73.484
10:59:19;20.080;16.974;73.474
10:59:21;20.070;16.964;73.467
10:59:23;20.066;16.961;73.474
10:59:25;20.066;16.961;73.474
10:59:26;20.066;16.961;73.474
10:59:28;20.057;16.961;73.535
10:59:30;20.057;16.960;73.530
10:59:32;20.049;16.953;73.531
10:59:34;20.054;16.948;73.457
10:59:36;20.049;16.945;73.463
10:59:38;20.050;16.945;73.455
10:59:39;20.050;16.945;73.456
10:59:42;20.050;16.945;73.458
10:59:44;20.055;16.945;73.420
10:59:45;20.064;16.945;73.358
10:59:47;20.065;16.945;73.350
10:59:49;20.066;16.945;73.343
10:59:51;20.066;16.945;73.343
10:59:53;20.073;16.945;73.288
10:59:54;20.077;16.945;73.258
10:59:56;20.082;16.946;73.231
10:59:58;20.082;16.948;73.253
11:00:00;20.089;16.953;73.236
11:00:02;20.097;16.956;73.201
11:00:04;20.098;16.958;73.212
11:00:06;20.104;16.961;73.194
11:00:07;20.113;16.961;73.122
11:00:10;20.114;16.961;73.115
11:00:11;20.124;16.962;73.053
11:00:13;20.131;16.961;72.995
11:00:15;20.132;16.961;72.984
11:00:17;20.143;16.967;72.957
11:00:19;20.147;16.973;72.976
11:00:20;20.158;16.975;72.908
11:00:22;20.163;16.977;72.887
11:00:24;20.170;16.977;72.833
11:00:26;20.179;16.977;72.768
11:00:28;20.182;16.978;72.755
11:00:29;20.193;16.984;72.726
11:00:31;20.195;16.990;72.757
11:00:33;20.198;16.990;72.735
11:00:35;20.209;16.993;72.680
11:00:37;20.212;16.993;72.660
11:00:38;20.212;16.993;72.660
11:00:40;20.212;16.994;72.668
11:00:42;20.213;16.993;72.648
11:00:44;20.212;17.005;72.748
11:00:46;20.212;17.005;72.752
11:00:48;20.212;17.007;72.774
11:00:50;20.212;17.006;72.766
11:00:52;20.212;17.008;72.782
11:00:54;20.209;17.005;72.772
11:00:56;20.199;17.001;72.814
11:00:58;20.195;17.002;72.847
11:00:59;20.193;16.994;72.799
11:01:01;20.181;16.997;72.913
11:01:03;20.179;16.993;72.898
11:01:05;20.176;16.993;72.922
11:01:07;20.163;16.993;73.017
11:01:09;20.157;16.992;73.052
11:01:11;20.147;16.985;73.073
11:01:13;20.135;16.977;73.096
11:01:15;20.130;16.977;73.130
11:01:16;20.114;16.977;73.245
11:01:18;20.109;16.975;73.272
11:01:20;20.098;16.963;73.250
11:01:22;20.091;16.961;73.289
11:01:24;20.082;16.961;73.354
11:01:26;20.077;16.961;73.391
11:01:28;20.066;16.945;73.343
11:01:30;20.064;16.945;73.358
11:01:32;20.049;16.945;73.463
11:01:33;20.049;16.945;73.463
11:01:35;20.049;16.943;73.449
11:01:37;20.046;16.937;73.432
11:01:39;20.036;16.931;73.457
11:01:42;20.034;16.928;73.445
11:01:43;20.033;16.928;73.452
11:01:45;20.033;16.928;73.452
11:01:47;20.033;16.928;73.452
11:01:49;20.033;16.928;73.452
11:01:51;20.033;16.928;73.452
11:01:53;20.033;16.928;73.452
11:01:55;20.034;16.927;73.437
11:01:57;20.041;16.928;73.394
11:01:59;20.049;16.926;73.310
11:02:01;20.048;16.924;73.307
11:02:02;20.049;16.925;73.302
11:02:05;20.049;16.928;73.332
11:02:07;20.059;16.927;73.254
11:02:09;20.066;16.928;73.213
11:02:11;20.066;16.928;73.213
11:02:12;20.068;16.928;73.198
11:02:14;20.082;16.928;73.093
11:02:16;20.082;16.929;73.101
11:02:18;20.084;16.928;73.079
11:02:20;20.096;16.932;73.021
11:02:22;20.098;16.937;73.042
11:02:24;20.103;16.943;73.055
11:02:25;20.113;16.945;72.997
11:02:27;20.114;16.945;72.984
11:02:29;20.124;16.945;72.915
11:02:31;20.131;16.945;72.865
11:02:33;20.135;16.948;72.861
11:02:34;20.145;16.954;72.835
11:02:37;20.147;16.961;72.876
11:02:39;20.160;16.961;72.777
11:02:40;20.163;16.961;72.757
11:02:42;20.169;16.964;72.743
11:02:44;20.179;16.970;72.714
11:02:46;20.185;16.977;72.728
11:02:48;20.195;16.977;72.649
11:02:50;20.195;16.977;72.649
11:02:52;20.207;16.978;72.570
11:02:54;20.212;16.979;72.546
11:02:56;20.212;16.993;72.660
11:02:58;20.212;16.993;72.660
11:03:00;20.212;16.993;72.660
11:03:02;20.212;16.993;72.660
11:03:04;20.212;16.993;72.654
11:03:05;20.212;16.993;72.660
11:03:07;20.212;16.993;72.660
11:03:09;20.212;16.993;72.660
11:03:11;20.210;16.993;72.672
11:03:12;20.196;16.993;72.771
11:03:15;20.195;16.993;72.779
11:03:17;20.193;16.993;72.797
11:03:19;20.179;16.993;72.898
11:03:21;20.173;16.988;72.897
11:03:23;20.163;16.981;72.919
11:03:25;20.155;16.978;72.953
11:03:27;20.147;16.977;73.006
11:03:29;20.132;16.977;73.118
11:03:30;20.130;16.977;73.131
11:03:32;20.114;16.972;73.207
11:03:34;20.106;16.962;73.182
11:03:36;20.098;16.961;73.234
11:03:38;20.082;16.961;73.354
11:03:40;20.077;16.950;73.297
11:03:42;20.066;16.945;73.343
11:03:44;20.055;16.945;73.423
11:03:46;20.049;16.945;73.463
11:03:48;20.048;16.941;73.445
11:03:50;20.034;16.930;73.461
11:03:52;20.033;16.928;73.452
11:03:54;20.033;16.928;73.452
11:03:55;20.028;16.928;73.489
11:03:57;20.019;16.927;73.543
11:03:59;20.017;16.928;73.572
11:04:01;20.017;16.922;73.518
11:04:03;20.017;16.917;73.480
11:04:04;20.017;16.916;73.474
11:04:06;20.017;16.913;73.449
11:04:08;20.017;16.912;73.441
11:04:10;20.017;16.912;73.441
11:04:12;20.017;16.913;73.449
11:04:13;20.018;16.913;73.442
11:04:16;20.018;16.913;73.442
11:04:18;20.028;16.912;73.359
11:04:19;20.028;16.912;73.357
11:04:21;20.031;16.915;73.361
11:04:23;20.033;16.916;73.351
11:04:25;20.033;16.917;73.359
11:04:27;20.038;16.917;73.328
11:04:29;20.047;16.921;73.286
11:04:31;20.049;16.925;73.302
11:04:33;20.049;16.928;73.332
11:04:35;20.066;16.928;73.212
11:04:37;20.066;16.928;73.212
11:04:38;20.068;16.928;73.199
11:04:40;20.080;16.928;73.108
11:04:42;20.082;16.928;73.093
11:04:44;20.084;16.930;73.096
11:04:47;20.097;16.934;73.022
11:04:48;20.098;16.940;73.066
11:04:50;20.111;16.943;72.998
11:04:52;20.114;16.945;72.984
11:04:54;20.118;16.945;72.958
11:04:56;20.131;16.946;72.873
11:04:58;20.131;16.948;72.894
11:05:00;20.144;16.955;72.850
11:05:02;20.147;16.961;72.876
11:05:04;20.161;16.961;72.772
11:05:06;20.163;16.961;72.757
11:05:08;20.170;16.966;72.745
11:05:10;20.179;16.972;72.731
11:05:12;20.182;16.977;72.746
11:05:13;20.195;16.977;72.649
11:05:16;20.195;16.977;72.649
11:05:17;20.200;16.978;72.618
11:05:19;20.200;16.982;72.657
11:05:21;20.206;16.989;72.672
11:05:23;20.210;16.991;72.661
11:05:25;20.209;16.993;72.682
11:05:26;20.211;16.993;72.667
11:05:28;20.205;16.993;72.708
11:05:30;20.200;16.993;72.745
11:05:32;20.196;16.993;72.771
11:05:34;20.195;16.993;72.779
11:05:35;20.192;16.993;72.800
11:05:38;20.182;16.992;72.868
11:05:40;20.179;16.993;72.898
11:05:41;20.169;16.993;72.972
11:05:43;20.163;16.988;72.979
11:05:45;20.162;16.982;72.934
11:05:47;20.147;16.977;73.006
11:05:49;20.144;16.977;73.026
11:05:52;20.131;16.977;73.125
11:05:53;20.114;16.976;73.236
11:05:55;20.104;16.969;73.254
11:05:57;20.097;16.961;73.238
11:05:59;20.083;16.961;73.346
11:06:01;20.080;16.960;73.359
11:06:03;20.066;16.946;73.351
11:06:05;20.054;16.945;73.428
11:06:06;20.049;16.945;73.463
11:06:08;20.043;16.945;73.511
11:06:10;20.033;16.938;73.530
11:06:12;20.032;16.928;73.458
11:06:14;20.021;16.928;73.546
11:06:16;20.017;16.928;73.572
11:06:18;20.017;16.928;73.572
11:06:19;20.014;16.927;73.586
11:06:22;20.004;16.919;73.591
11:06:23;20.002;16.915;73.578
11:06:26;20.001;16.914;73.578
11:06:27;20.001;16.912;73.561
11:06:29;20.001;16.913;73.568
11:06:31;20.001;16.912;73.561
11:06:33;20.001;16.912;73.561
11:06:35;20.002;16.912;73.554
11:06:36;20.001;16.912;73.561
11:06:38;20.002;16.912;73.554
11:06:41;20.005;16.912;73.532
11:06:43;20.014;16.912;73.461
11:06:45;20.015;16.912;73.453
11:06:46;20.017;16.912;73.441
11:06:48;20.017;16.913;73.449
11:06:50;20.028;16.913;73.366
11:06:52;20.033;16.913;73.326
11:06:54;20.033;16.916;73.350
11:06:55;20.033;16.919;73.373
11:06:57;20.042;16.926;73.367
11:06:59;20.049;16.927;73.318
11:07:01;20.049;16.928;73.332
11:07:03;20.056;16.928;73.283
11:07:05;20.066;16.928;73.212
11:07:07;20.067;16.928;73.205
11:07:09;20.077;16.933;73.165
11:07:11;20.083;16.934;73.132
11:07:13;20.089;16.939;73.123
11:07:15;20.098;16.945;73.103
11:07:17;20.103;16.945;73.069
11:07:19;20.113;16.945;72.992
11:07:21;20.114;16.946;72.992
11:07:22;20.122;16.947;72.945
11:07:24;20.131;16.950;72.910
11:07:26;20.132;16.956;72.950
11:07:28;20.146;16.961;72.883
11:07:30;20.147;16.961;72.876
11:07:32;20.163;16.961;72.757
11:07:34;20.163;16.964;72.785
11:07:35;20.171;16.971;72.779
11:07:38;20.179;16.977;72.768
11:07:40;20.181;16.977;72.757
11:07:42;20.193;16.977;72.669
11:07:44;20.195;16.978;72.654
11:07:46;20.195;16.983;72.694
11:07:48;20.196;16.990;72.747
11:07:49;20.196;16.992;72.766
11:07:51;20.196;16.993;72.774
11:07:53;20.195;16.993;72.779
11:07:55;20.195;16.993;72.779
11:07:57;20.195;16.993;72.779
11:07:59;20.194;16.993;72.786
11:08:01;20.181;16.993;72.883
11:08:03;20.179;16.993;72.898
11:08:06;20.177;16.993;72.912
11:08:07;20.163;16.993;73.017
11:08:09;20.163;16.993;73.017
11:08:11;20.147;16.991;73.120
11:08:13;20.147;16.987;73.085
11:08:15;20.131;16.979;73.145
11:08:16;20.129;16.977;73.137
11:08:18;20.114;16.977;73.245
11:08:20;20.109;16.977;73.286
11:08:22;20.097;16.974;73.349
11:08:24;20.082;16.964;73.378
11:08:25;20.079;16.961;73.376
11:08:27;20.066;16.961;73.473
11:08:29;20.050;16.955;73.540
11:08:31;20.049;16.947;73.478
11:08:33;20.035;16.945;73.568
11:08:35;20.032;16.945;73.590
11:08:37;20.019;16.942;73.665
11:08:38;20.017;16.932;73.604
11:08:40;20.012;16.928;73.606
11:08:42;20.001;16.928;73.693
11:08:44;20.001;16.928;73.692
11:08:46;20.001;16.928;73.693
11:08:48;19.992;16.926;73.741
11:08:50;19.990;16.922;73.722
11:08:51;19.985;16.912;73.682
11:08:54;19.985;16.913;73.690
11:08:55;19.985;16.912;73.682
11:08:57;19.985;16.912;73.682
11:08:59;19.985;16.912;73.682
11:09:01;19.985;16.912;73.682
11:09:03;19.985;16.912;73.682
11:09:05;19.986;16.912;73.675
11:09:07;19.992;16.912;73.625
11:09:09;19.999;16.912;73.576
11:09:11;20.001;16.912;73.561
11:09:13;20.001;16.912;73.561
11:09:15;20.001;16.912;73.561
11:09:16;20.002;16.912;73.550
11:09:18;20.013;16.912;73.471
11:09:20;20.017;16.912;73.441
11:09:22;20.017;16.914;73.458
11:09:24;20.023;16.917;73.436
11:09:25;20.032;16.916;73.357
11:09:27;20.033;16.923;73.404
11:09:29;20.034;16.926;73.424
11:09:31;20.041;16.928;73.397
11:09:33;20.049;16.928;73.332
11:09:35;20.050;16.928;73.328
11:09:37;20.066;16.928;73.212
11:09:39;20.066;16.928;73.212
11:09:41;20.071;16.933;73.211
11:09:42;20.082;16.934;73.140
11:09:44;20.082;16.944;73.211
11:09:46;20.096;16.945;73.119
11:09:48;20.098;16.945;73.104
11:09:50;20.103;16.945;73.068
11:09:52;20.114;16.947;73.007
11:09:54;20.115;16.955;73.059
11:09:55;20.126;16.959;73.011
11:09:57;20.131;16.961;72.995
11:10:00;20.136;16.961;72.955
11:10:02;20.147;16.961;72.876
11:10:04;20.154;16.968;72.882
11:10:07;20.163;16.977;72.887
11:10:09;20.173;16.977;72.810
11:10:11;20.179;16.978;72.776
11:10:13;20.179;16.985;72.828
11:10:15;20.179;16.988;72.860
11:10:16;20.180;16.989;72.860
11:10:19;20.185;16.993;72.851
11:10:20;20.184;16.993;72.863
11:10:22;20.181;16.993;72.883
11:10:24;20.179;16.993;72.897
11:10:26;20.179;16.993;72.897
11:10:28;20.179;16.993;72.897
11:10:30;20.177;16.993;72.912
11:10:32;20.165;16.993;73.002
11:10:33;20.163;16.993;73.016
11:10:36;20.161;16.993;73.031
11:10:38;20.148;16.993;73.129
11:10:39;20.147;16.991;73.122
11:10:41;20.131;16.989;73.225
11:10:43;20.131;16.982;73.165
11:10:45;20.114;16.978;73.252
11:10:47;20.107;16.977;73.300
11:10:48;20.098;16.977;73.364
11:10:50;20.085;16.977;73.461
11:10:52;20.079;16.973;73.470
11:10:54;20.066;16.962;73.481
11:10:56;20.063;16.961;73.491
11:10:57;20.049;16.961;73.593
11:10:59;20.048;16.959;73.584
11:11:02;20.034;16.949;73.612
11:11:03;20.033;16.945;73.582
11:11:05;20.021;16.945;73.672
11:11:07;20.017;16.945;73.703
11:11:09;20.017;16.944;73.694
11:11:10;20.011;16.943;73.737
11:11:12;20.001;16.937;73.758
11:11:15;20.001;16.929;73.697
11:11:17;20.001;16.928;73.692
11:11:19;20.001;16.928;73.692
11:11:20;20.001;16.928;73.692
11:11:22;20.001;16.928;73.692
11:11:24;19.997;16.928;73.720
11:11:26;20.001;16.928;73.692
11:11:28;20.000;16.928;73.700
11:11:29;20.001;16.928;73.692
11:11:31;20.001;16.928;73.692
11:11:33;20.001;16.928;73.692
11:11:35;20.001;16.928;73.692
11:11:38;20.001;16.928;73.692
11:11:40;20.012;16.928;73.607
11:11:42;20.017;16.928;73.572
11:11:43;20.017;16.928;73.572
11:11:45;20.018;16.928;73.565
11:11:48;20.023;16.928;73.524
11:11:49;20.033;16.928;73.452
11:11:51;20.033;16.928;73.452
11:11:54;20.034;16.930;73.459
11:11:55;20.048;16.933;73.375
11:11:57;20.049;16.940;73.427
11:11:59;20.050;16.944;73.447
11:12:02;20.066;16.945;73.342
11:12:03;20.066;16.945;73.342
11:12:05;20.074;16.945;73.280
11:12:07;20.082;16.945;73.223
11:12:09;20.082;16.948;73.246
11:12:11;20.090;16.951;73.212
11:12:12;20.098;16.960;73.225
11:12:14;20.099;16.961;73.226
11:12:16;20.110;16.961;73.149
11:12:18;20.114;16.961;73.114
11:12:20;20.122;16.963;73.074
11:12:22;20.131;16.971;73.080
11:12:24;20.132;16.974;73.096
11:12:25;20.143;16.977;73.035
11:12:27;20.147;16.977;73.006
11:12:29;20.152;16.977;72.966
11:12:31;20.163;16.981;72.922
11:12:33;20.164;16.989;72.979
11:12:35;20.171;16.993;72.954
11:12:37;20.179;16.993;72.897
11:12:38;20.179;16.993;72.897
11:12:40;20.180;16.993;72.890
11:12:42;20.182;16.998;72.911
11:12:44;20.185;17.008;72.978
11:12:45;20.183;17.009;73.001
11:12:47;20.182;17.008;72.992
11:12:49;20.179;17.009;73.027
11:12:51;20.179;17.009;73.027
11:12:53;20.179;17.009;73.027
11:12:54;20.179;17.009;73.027
11:12:56;20.174;17.009;73.064
11:12:58;20.163;17.009;73.146
11:13:00;20.163;17.007;73.131
11:13:02;20.150;17.008;73.235
11:13:04;20.147;17.001;73.199
11:13:06;20.136;16.993;73.212
11:13:08;20.131;16.993;73.255
11:13:10;20.114;16.993;73.374
11:13:12;20.111;16.993;73.397
11:13:14;20.098;16.990;73.470
11:13:16;20.092;16.982;73.454
11:13:17;20.082;16.977;73.484
11:13:19;20.066;16.977;73.603
11:13:21;20.061;16.977;73.642
11:13:23;20.049;16.968;73.649
11:13:25;20.043;16.961;73.643
11:13:26;20.033;16.961;73.713
11:13:28;20.031;16.961;73.728
11:13:30;20.020;16.961;73.814
11:13:32;20.017;16.950;73.748
11:13:34;20.017;16.945;73.702
11:13:35;20.002;16.945;73.815
11:13:38;20.001;16.945;73.823
11:13:40;20.001;16.945;73.823
11:13:42;20.000;16.944;73.822
11:13:44;19.994;16.944;73.863
11:13:46;19.990;16.942;73.880
11:13:48;19.987;16.933;73.831
11:13:50;19.989;16.929;73.792
11:13:51;19.988;16.928;73.787
11:13:53;19.989;16.929;73.790
11:13:55;19.993;16.929;73.758
11:13:57;19.995;16.928;73.736
11:13:59;19.998;16.928;73.714
11:14:00;20.001;16.928;73.692
11:14:03;20.001;16.928;73.692
11:14:05;20.001;16.928;73.692
11:14:07;20.001;16.928;73.692
11:14:09;20.015;16.928;73.585
11:14:11;20.017;16.932;73.604
11:14:12;20.017;16.937;73.640
11:14:14;20.018;16.939;73.649
11:14:16;20.024;16.941;73.617
11:14:18;20.033;16.945;73.582
11:14:20;20.033;16.945;73.582
11:14:21;20.034;16.945;73.576
11:14:24;20.043;16.945;73.512
11:14:25;20.049;16.945;73.462
11:14:27;20.050;16.946;73.465
11:14:29;20.060;16.948;73.409
11:14:31;20.066;16.955;73.427
11:14:33;20.069;16.957;73.421
11:14:35;20.082;16.961;73.353
11:14:37;20.082;16.961;73.353
11:14:39;20.091;16.961;73.283
11:14:41;20.098;16.961;73.233
11:14:43;20.103;16.964;73.224
11:14:45;20.114;16.973;73.211
11:14:47;20.115;16.977;73.238
11:14:49;20.127;16.977;73.152
11:14:51;20.131;16.977;73.124
11:14:53;20.137;16.979;73.093
11:14:54;20.147;16.984;73.061
11:14:56;20.147;16.989;73.101
11:14:58;20.154;16.993;73.080
11:15:00;20.163;16.993;73.016
11:15:02;20.163;16.993;73.016
11:15:04;20.170;16.995;72.982
11:15:06;20.177;17.000;72.961
11:15:07;20.179;17.004;72.981
11:15:09;20.179;17.009;73.027
11:15:12;20.179;17.009;73.027
11:15:13;20.179;17.009;73.027
11:15:15;20.178;17.009;73.034
11:15:17;20.168;17.009;73.107
11:15:19;20.164;17.009;73.139
11:15:21;20.163;17.009;73.146
11:15:23;20.162;17.009;73.151
11:15:25;20.149;17.009;73.251
11:15:27;20.147;17.009;73.265
11:15:29;20.138;17.009;73.331
11:15:31;20.131;17.007;73.363
11:15:32;20.121;17.006;73.424
11:15:34;20.114;17.001;73.439
11:15:36;20.102;16.995;73.477
11:15:38;20.098;16.993;73.494
11:15:40;20.082;16.993;73.614
11:15:41;20.077;16.993;73.647
11:15:43;20.066;16.989;73.703
11:15:45;20.050;16.978;73.728
11:15:47;20.049;16.977;73.723
11:15:49;20.033;16.977;73.844
11:15:51;20.031;16.971;73.809
11:15:53;20.017;16.962;73.841
11:15:55;20.017;16.961;73.833
11:15:56;20.001;16.961;73.954
11:15:58;20.001;16.961;73.954
11:16:00;19.999;16.952;73.899
11:16:02;19.986;16.949;73.968
11:16:04;19.985;16.945;73.943
11:16:06;19.985;16.945;73.943
11:16:08;19.985;16.945;73.943
11:16:09;19.977;16.945;74.001
11:16:11;19.976;16.945;74.011
11:16:13;19.973;16.945;74.027
11:16:15;19.972;16.944;74.027
11:16:17;19.973;16.945;74.029
11:16:18;19.976;16.944;74.000
11:16:20;19.974;16.936;73.952
11:16:22;19.980;16.943;73.962
11:16:24;19.981;16.941;73.938
11:16:26;19.985;16.939;73.897
11:16:28;19.985;16.940;73.905
11:16:30;19.985;16.937;73.881
11:16:32;19.985;16.945;73.943
11:16:34;19.990;16.940;73.864
11:16:35;20.000;16.944;73.822
11:16:37;20.001;16.945;73.823
11:16:39;20.001;16.945;73.823
11:16:41;20.003;16.945;73.808
11:16:43;20.016;16.945;73.710
11:16:45;20.017;16.945;73.702
11:16:47;20.017;16.945;73.702
11:16:49;20.030;16.946;73.617
11:16:51;20.033;16.947;73.605
11:16:53;20.035;16.949;73.607
11:16:55;20.049;16.958;73.571
11:16:57;20.049;16.958;73.571
11:16:59;20.056;16.961;73.542
11:17:01;20.064;16.961;73.485
11:17:03;20.066;16.961;73.473
11:17:05;20.076;16.967;73.450
11:17:07;20.082;16.971;73.437
11:17:09;20.087;16.977;73.443
11:17:10;20.096;16.976;73.370
11:17:12;20.098;16.977;73.364
11:17:14;20.107;16.977;73.301
11:17:16;20.113;16.979;73.267
11:17:17;20.114;16.985;73.312
11:17:19;20.128;16.991;73.261
11:17:21;20.131;16.993;73.255
11:17:23;20.139;16.993;73.190
11:17:25;20.146;16.994;73.151
11:17:26;20.147;17.000;73.188
11:17:29;20.161;17.003;73.107
11:17:31;20.163;17.009;73.146
11:17:32;20.165;17.009;73.132
11:17:34;20.170;17.009;73.091
11:17:36;20.175;17.013;73.085
11:17:38;20.179;17.014;73.067
11:17:40;20.178;17.018;73.102
11:17:42;20.179;17.025;73.149
11:17:44;20.178;17.026;73.164
11:17:46;20.175;17.024;73.170
11:17:48;20.167;17.026;73.247
11:17:50;20.163;17.025;73.268
11:17:51;20.163;17.026;73.276
11:17:53;20.161;17.026;73.290
11:17:55;20.147;17.026;73.396
11:17:57;20.147;17.026;73.396
11:17:59;20.131;17.019;73.462
11:18:01;20.131;17.011;73.401
11:18:03;20.114;17.009;73.505
11:18:05;20.114;17.009;73.505
11:18:07;20.098;17.009;73.625
11:18:09;20.088;17.007;73.684
11:18:10;20.082;16.998;73.653
11:18:12;20.066;16.993;73.734
11:18:14;20.058;16.993;73.788
11:18:16;20.049;16.993;73.854
11:18:18;20.038;16.986;73.882
11:18:19;20.033;16.977;73.844
11:18:21;20.026;16.977;73.900
11:18:23;20.017;16.977;73.964
11:18:25;20.016;16.975;73.954
11:18:27;20.001;16.964;73.978
11:18:30;20.001;16.961;73.954
11:18:31;19.999;16.961;73.966
11:18:33;19.989;16.961;74.041
11:18:35;19.985;16.961;74.074
11:18:37;19.985;16.961;74.074
11:18:39;19.985;16.952;73.999
11:18:40;19.985;16.946;73.951
11:18:42;19.985;16.947;73.959
11:18:44;19.981;16.945;73.971
11:18:46;19.979;16.946;73.994
11:18:48;19.978;16.945;73.993
11:18:49;19.977;16.945;74.000
11:18:51;19.982;16.945;73.963
11:18:53;19.985;16.945;73.943
11:18:55;19.983;16.945;73.956
11:18:57;19.985;16.945;73.943
11:18:59;19.985;16.945;73.943
11:19:01;19.985;16.945;73.943
11:19:02;19.987;16.945;73.924
11:19:04;19.993;16.945;73.880
11:19:06;20.001;16.948;73.847
11:19:08;20.001;16.948;73.847
11:19:10;20.002;16.950;73.861
11:19:12;20.016;16.954;73.790
11:19:14;20.017;16.959;73.817
11:19:16;20.017;16.961;73.833
11:19:17;20.023;16.961;73.790
11:19:19;20.033;16.961;73.713
11:19:21;20.033;16.961;73.713
11:19:23;20.034;16.961;73.705
11:19:25;20.045;16.961;73.628
11:19:27;20.049;16.962;73.605
11:19:29;20.052;16.966;73.616
11:19:30;20.066;16.969;73.541
11:19:32;20.066;16.976;73.595
11:19:34;20.073;16.977;73.548
11:19:36;20.078;16.977;73.511
11:19:38;20.082;16.977;73.483
11:19:40;20.087;16.979;73.463
11:19:43;20.098;16.984;73.424
11:19:45;20.107;16.993;73.425
11:19:47;20.114;16.993;73.374
11:19:49;20.116;16.993;73.361
11:19:50;20.130;16.994;73.270
11:19:52;20.131;16.997;73.283
11:19:54;20.140;17.006;73.285
11:19:56;20.145;17.009;73.278
11:19:58;20.147;17.009;73.265
11:20:00;20.161;17.009;73.161
11:20:02;20.163;17.012;73.170
11:20:03;20.163;17.017;73.209
11:20:05;20.163;17.025;73.268
11:20:07;20.164;17.026;73.269
11:20:09;20.164;17.026;73.269
11:20:11;20.164;17.026;73.269
11:20:13;20.163;17.026;73.276
11:20:15;20.163;17.026;73.276
11:20:17;20.163;17.026;73.276
11:20:18;20.163;17.026;73.276
11:20:20;20.151;17.026;73.362
11:20:22;20.147;17.026;73.395
11:20:24;20.147;17.026;73.395
11:20:25;20.133;17.026;73.500
11:20:27;20.131;17.026;73.515
11:20:29;20.119;17.026;73.603
11:20:31;20.114;17.024;73.619
11:20:33;20.105;17.024;73.690
11:20:35;20.098;17.011;73.641
11:20:37;20.083;17.009;73.737
11:20:39;20.071;17.009;73.822
11:20:41;20.066;17.009;73.865
11:20:43;20.050;16.995;73.863
11:20:45;20.048;16.993;73.861
11:20:47;20.034;16.993;73.967
11:20:49;20.033;16.993;73.974
11:20:51;20.017;16.988;74.057
11:20:52;20.017;16.982;74.007
11:20:54;20.015;16.978;73.986
11:20:57;20.005;16.977;74.057
11:20:58;20.001;16.977;74.085
11:21:00;20.001;16.975;74.071
11:21:02;20.000;16.976;74.084
11:21:04;19.994;16.973;74.103
11:21:06;19.989;16.967;74.093
11:21:08;19.987;16.966;74.105
11:21:10;19.985;16.964;74.098
11:21:12;19.986;16.961;74.067
11:21:13;19.986;16.961;74.067
11:21:15;19.985;16.962;74.082
11:21:17;19.985;16.961;74.074
11:21:19;19.988;16.961;74.047
11:21:21;19.988;16.962;74.056
11:21:22;19.996;16.962;73.999
11:21:24;20.000;16.961;73.961
11:21:26;20.001;16.961;73.959
11:21:28;20.001;16.965;73.985
11:21:30;20.001;16.961;73.954
11:21:32;20.008;16.963;73.913
11:21:34;20.016;16.967;73.888
11:21:35;20.017;16.968;73.894
11:21:37;20.017;16.972;73.923
11:21:39;20.019;16.972;73.911
11:21:41;20.030;16.973;73.841
11:21:43;20.033;16.977;73.844
11:21:44;20.035;16.977;73.830
11:21:46;20.042;16.977;73.781
11:21:48;20.049;16.977;73.723
11:21:50;20.049;16.977;73.723
11:21:52;20.056;16.978;73.677
11:21:53;20.064;16.980;73.636
11:21:55;20.066;16.988;73.696
11:21:57;20.070;16.991;73.687
11:21:59;20.082;16.993;73.614
11:22:01;20.082;16.993;73.614
11:22:02;20.088;16.993;73.570
11:22:04;20.098;16.994;73.501
11:22:06;20.098;16.997;73.526
11:22:08;20.109;17.004;73.505
11:22:10;20.114;17.009;73.504
11:22:12;20.124;17.009;73.436
11:22:14;20.131;17.009;73.385
11:22:16;20.132;17.011;73.393
11:22:18;20.142;17.018;73.373
11:22:20;20.147;17.023;73.374
11:22:22;20.150;17.026;73.370
11:22:24;20.159;17.026;73.303
11:22:25;20.163;17.027;73.291
11:22:27;20.163;17.032;73.329
11:22:29;20.164;17.036;73.357
11:22:31;20.166;17.040;73.369
11:22:33;20.167;17.042;73.378
11:22:35;20.164;17.042;73.399
11:22:37;20.163;17.042;73.406
11:22:38;20.163;17.042;73.406
11:22:41;20.163;17.042;73.406
11:22:42;20.163;17.042;73.406
11:22:44;20.147;17.042;73.526
11:22:46;20.147;17.042;73.526
11:22:48;20.143;17.042;73.552
11:22:50;20.133;17.042;73.630
11:22:52;20.130;17.032;73.575
11:22:54;20.115;17.029;73.658
11:22:56;20.113;17.026;73.642
11:22:57;20.098;17.026;73.755
11:22:59;20.089;17.026;73.819
11:23:01;20.082;17.026;73.875
11:23:03;20.068;17.020;73.929
11:23:05;20.064;17.010;73.886
11:23:06;20.049;17.009;73.985
11:23:08;20.045;17.009;74.018
11:23:10;20.033;17.008;74.097
11:23:12;20.032;17.000;74.035
11:23:14;20.018;16.993;74.087
11:23:15;20.015;16.993;74.107
11:23:17;20.005;16.993;74.181
11:23:19;20.001;16.993;74.216
11:23:21;20.001;16.988;74.176
11:23:23;19.999;16.984;74.156
11:23:25;19.989;16.979;74.187
11:23:27;19.985;16.977;74.205
11:23:29;19.985;16.977;74.205
11:23:31;19.985;16.977;74.205
11:23:32;19.985;16.977;74.205
11:23:34;19.985;16.977;74.205
11:23:36;19.985;16.977;74.205
11:23:38;19.984;16.976;74.205
11:23:40;19.985;16.977;74.205
11:23:42;19.985;16.974;74.184
11:23:44;19.985;16.974;74.184
11:23:45;19.985;16.975;74.189
11:23:48;19.986;16.975;74.182
11:23:49;19.988;16.972;74.141
11:23:51;19.996;16.972;74.080
11:23:53;20.000;16.977;74.092
11:23:55;20.001;16.977;74.084
11:23:58;20.002;16.977;74.077
11:23:59;20.009;16.977;74.021
11:24:01;20.017;16.977;73.964
11:24:03;20.017;16.977;73.964
11:24:05;20.019;16.977;73.952
11:24:07;20.029;16.978;73.885
11:24:09;20.033;16.980;73.868
11:24:11;20.033;16.982;73.887
11:24:13;20.042;16.984;73.839
11:24:15;20.049;16.993;73.854
11:24:17;20.050;16.993;73.846
11:24:19;20.060;16.993;73.776
11:24:21;20.065;16.993;73.741
11:24:23;20.066;16.994;73.741
11:24:24;20.077;16.996;73.668
11:24:26;20.082;17.004;73.698
11:24:28;20.082;17.009;73.744
11:24:30;20.098;17.009;73.624
11:24:32;20.098;17.009;73.624
11:24:33;20.104;17.009;73.584
11:24:36;20.114;17.013;73.537
11:24:37;20.114;17.019;73.580
11:24:39;20.124;17.024;73.548
11:24:41;20.131;17.026;73.515
11:24:43;20.132;17.026;73.507
11:24:45;20.144;17.027;73.425
11:24:47;20.147;17.028;73.411
11:24:49;20.152;17.035;73.430
11:24:50;20.163;17.039;73.384
11:24:52;20.163;17.042;73.406
11:24:54;20.164;17.042;73.398
11:24:56;20.166;17.042;73.381
11:24:58;20.176;17.046;73.344
11:25:00;20.176;17.047;73.353
11:25:02;20.175;17.051;73.392
11:25:04;20.173;17.053;73.420
11:25:05;20.164;17.054;73.497
11:25:07;20.163;17.055;73.514
11:25:09;20.163;17.053;73.497
11:25:11;20.162;17.053;73.506
11:25:13;20.151;17.048;73.547
11:25:15;20.147;17.044;73.546
11:25:17;20.139;17.042;73.584
11:25:19;20.131;17.042;73.645
11:25:20;20.125;17.042;73.682
11:25:22;20.115;17.042;73.758
11:25:24;20.106;17.042;73.829
11:25:26;20.098;17.040;73.872
11:25:28;20.085;17.035;73.929
11:25:29;20.082;17.026;73.875
11:25:32;20.066;17.026;73.995
11:25:34;20.052;17.025;74.092
11:25:36;20.040;17.010;74.063
11:25:38;20.033;17.009;74.105
11:25:40;20.017;17.009;74.226
11:25:42;20.017;17.005;74.188
11:25:44;20.004;16.996;74.216
11:25:46;20.001;16.993;74.215
11:25:49;19.989;16.993;74.306
11:25:50;19.985;16.992;74.328
11:25:52;19.983;16.982;74.255
11:25:54;19.972;16.978;74.306
11:25:56;19.968;16.977;74.326
11:25:58;19.968;16.977;74.326
11:25:59;19.968;16.977;74.326
11:26:01;19.968;16.977;74.326
11:26:03;19.968;16.977;74.326
11:26:05;19.967;16.977;74.334
11:26:07;19.966;16.975;74.326
11:26:09;19.968;16.976;74.325
11:26:11;19.968;16.975;74.310
11:26:12;19.968;16.974;74.302
11:26:14;19.967;16.972;74.295
11:26:17;19.968;16.974;74.304
11:26:18;19.968;16.972;74.288
11:26:20;19.968;16.972;74.288
11:26:22;19.968;16.974;74.302
11:26:24;19.979;16.976;74.242
11:26:26;19.984;16.975;74.199
11:26:28;19.985;16.977;74.205
11:26:30;19.985;16.977;74.205
11:26:31;19.988;16.977;74.178
11:26:33;19.996;16.977;74.122
11:26:35;20.001;16.977;74.084
11:26:37;20.001;16.977;74.084
11:26:39;20.003;16.977;74.065
11:26:40;20.015;16.977;73.976
11:26:42;20.017;16.979;73.977
11:26:44;20.017;16.984;74.020
11:26:46;20.027;16.984;73.951
11:26:48;20.031;16.990;73.967
11:26:49;20.033;16.993;73.974
11:26:51;20.041;16.993;73.918
11:26:53;20.049;16.993;73.854
11:26:55;20.050;16.994;73.854
11:26:57;20.063;16.994;73.758
11:26:59;20.066;16.999;73.778
11:27:01;20.068;17.008;73.837
11:27:03;20.082;17.009;73.744
11:27:05;20.082;17.009;73.744
11:27:06;20.090;17.009;73.686
11:27:08;20.098;17.014;73.660
11:27:10;20.098;17.019;73.703
11:27:12;20.110;17.022;73.640
11:27:14;20.114;17.026;73.635
11:27:15;20.117;17.026;73.615
11:27:17;20.131;17.026;73.515
11:27:19;20.131;17.036;73.598
11:27:22;20.139;17.039;73.561
11:27:23;20.147;17.042;73.525
11:27:25;20.148;17.042;73.515
11:27:27;20.163;17.043;73.414
11:27:29;20.163;17.045;73.429
11:27:31;20.163;17.052;73.491
11:27:32;20.164;17.058;73.529
11:27:34;20.164;17.058;73.530
11:27:36;20.165;17.058;73.521
11:27:38;20.170;17.058;73.484
11:27:40;20.164;17.058;73.529
11:27:41;20.163;17.060;73.551
11:27:43;20.163;17.058;73.536
11:27:45;20.163;17.059;73.544
11:27:47;20.160;17.063;73.593
11:27:49;20.147;17.059;73.664
11:27:51;20.147;17.059;73.664
11:27:53;20.137;17.058;73.725
11:27:54;20.131;17.058;73.776
11:27:56;20.128;17.058;73.795
11:27:58;20.114;17.058;73.896
11:28:00;20.113;17.054;73.878
11:28:02;20.098;17.052;73.965
11:28:03;20.092;17.044;73.943
11:28:05;20.082;17.042;74.006
11:28:07;20.068;17.042;74.111
11:28:09;20.057;17.034;74.128
11:28:11;20.049;17.028;74.132
11:28:13;20.035;17.026;74.221
11:28:15;20.033;17.026;74.236
11:28:16;20.018;17.022;74.317
11:28:19;20.016;17.011;74.250
11:28:21;20.001;17.009;74.347
11:28:23;20.000;17.009;74.354
11:28:25;19.985;17.005;74.436
11:28:27;19.985;16.999;74.383
11:28:28;19.984;16.994;74.352
11:28:30;19.972;16.993;74.430
11:28:32;19.968;16.993;74.458
11:28:34;19.968;16.993;74.458
11:28:37;19.968;16.993;74.458
11:28:39;19.968;16.991;74.444
11:28:40;19.968;16.987;74.404
11:28:42;19.967;16.979;74.354
11:28:44;19.968;16.981;74.356
11:28:46;19.967;16.978;74.342
11:28:48;19.968;16.978;74.335
11:28:50;19.968;16.977;74.326
11:28:52;19.968;16.977;74.326
11:28:55;19.968;16.977;74.326
11:28:56;19.970;16.978;74.321
11:28:58;19.971;16.977;74.305
11:29:01;19.978;16.978;74.264
11:29:02;19.984;16.978;74.221
11:29:04;19.985;16.983;74.258
11:29:06;19.985;16.987;74.283
11:29:08;19.987;16.988;74.280
11:29:10;19.999;16.991;74.212
11:29:12;20.001;16.993;74.216
11:29:14;20.001;16.993;74.216
11:29:16;20.012;16.993;74.130
11:29:18;20.017;16.993;74.095
11:29:20;20.018;16.993;74.088
11:29:22;20.028;16.993;74.017
11:29:24;20.033;16.996;73.999
11:29:26;20.033;17.004;74.065
11:29:28;20.046;17.006;73.983
11:29:29;20.049;17.009;73.985
11:29:31;20.050;17.008;73.964
11:29:33;20.064;17.009;73.880
11:29:35;20.066;17.010;73.873
11:29:37;20.067;17.012;73.877
11:29:39;20.082;17.016;73.798
11:29:41;20.082;17.026;73.875
11:29:42;20.085;17.026;73.854
11:29:44;20.098;17.026;73.755
11:29:46;20.098;17.026;73.755
11:29:48;20.111;17.029;73.682
11:29:50;20.113;17.033;73.703
11:29:52;20.118;17.040;73.726
11:29:54;20.130;17.042;73.653
11:29:56;20.131;17.042;73.646
11:29:58;20.140;17.043;73.584
11:29:59;20.147;17.045;73.554
11:30:02;20.147;17.057;73.644
11:30:04;20.157;17.058;73.579
11:30:06;20.161;17.058;73.549
11:30:08;20.163;17.058;73.537
11:30:09;20.163;17.061;73.560
11:30:12;20.163;17.061;73.561
11:30:14;20.163;17.064;73.583
11:30:16;20.163;17.064;73.588
11:30:18;20.159;17.069;73.658
11:30:19;20.150;17.069;73.727
11:30:21;20.148;17.067;73.718
11:30:23;20.147;17.068;73.741
11:30:25;20.139;17.066;73.772
11:30:27;20.131;17.065;73.832
11:30:28;20.131;17.059;73.784
11:30:30;20.116;17.058;73.881
11:30:33;20.113;17.058;73.904
11:30:35;20.098;17.058;74.017
11:30:37;20.083;17.057;74.122
11:30:38;20.081;17.045;74.038
11:30:40;20.066;17.042;74.127
11:30:42;20.066;17.042;74.127
11:30:44;20.049;17.042;74.247
11:30:46;20.048;17.040;74.238
11:30:47;20.033;17.028;74.253
11:30:49;20.031;17.026;74.256
11:30:51;20.017;17.026;74.358
11:30:53;20.017;17.026;74.358
11:30:55;20.002;17.020;74.425
11:30:57;20.001;17.016;74.402
11:30:59;20.000;17.011;74.370
11:31:01;19.988;17.009;74.441
11:31:03;19.985;17.009;74.469
11:31:05;19.985;17.009;74.469
11:31:07;19.985;17.009;74.469
11:31:08;19.983;17.007;74.458
11:31:10;19.983;17.007;74.459
11:31:12;19.983;17.003;74.429
11:31:14;19.984;17.001;74.407
11:31:16;19.982;16.996;74.380
11:31:17;19.984;16.996;74.369
11:31:19;19.984;16.995;74.361
11:31:21;19.985;16.994;74.345
11:31:23;19.985;16.994;74.345
11:31:25;19.985;16.993;74.337
11:31:27;19.985;16.995;74.354
11:31:29;19.985;16.996;74.358
11:31:30;19.989;16.994;74.316
11:31:32;19.998;16.998;74.276
11:31:34;20.001;16.997;74.244
11:31:36;20.001;17.000;74.270
11:31:38;20.001;17.002;74.288
11:31:39;20.007;17.007;74.283
11:31:41;20.015;17.009;74.239
11:31:43;20.017;17.009;74.227
11:31:45;20.017;17.009;74.227
11:31:47;20.024;17.009;74.178
11:31:48;20.032;17.009;74.114
11:31:50;20.033;17.009;74.106
11:31:52;20.036;17.009;74.086
11:31:54;20.047;17.012;74.026
11:31:55;20.049;17.017;74.044
11:31:58;20.050;17.025;74.104
11:32:01;20.066;17.026;73.996
11:32:03;20.067;17.026;73.984
11:32:05;20.077;17.026;73.911
11:32:06;20.082;17.026;73.876
11:32:08;20.085;17.028;73.866
11:32:10;20.098;17.033;73.815
11:32:12;20.098;17.042;73.886
11:32:14;20.106;17.042;73.831
11:32:16;20.114;17.042;73.766
11:32:18;20.115;17.042;73.765
11:32:19;20.128;17.045;73.690
11:32:21;20.131;17.055;73.755
11:32:24;20.133;17.058;73.758
11:32:25;20.147;17.058;73.657
11:32:27;20.147;17.058;73.657
11:32:29;20.158;17.064;73.617
11:32:31;20.163;17.068;73.622
11:32:32;20.163;17.074;73.667
11:32:34;20.164;17.074;73.661
11:32:36;20.167;17.074;73.634
11:32:38;20.171;17.074;73.606
11:32:40;20.174;17.076;73.600
11:32:42;20.174;17.075;73.596
11:32:44;20.170;17.080;73.662
11:32:46;20.165;17.079;73.691
11:32:48;20.163;17.086;73.760
11:32:49;20.163;17.084;73.743
11:32:52;20.161;17.084;73.764
11:32:54;20.147;17.076;73.800
11:32:56;20.145;17.074;73.801
11:32:58;20.131;17.074;73.907
11:32:59;20.131;17.074;73.907
11:33:01;20.116;17.074;74.012
11:33:03;20.114;17.074;74.027
11:33:05;20.098;17.071;74.121
11:33:07;20.094;17.067;74.117
11:33:08;20.082;17.059;74.145
11:33:11;20.072;17.058;74.209
11:33:12;20.066;17.057;74.253
11:33:15;20.049;17.054;74.350
11:33:17;20.034;17.042;74.361
11:33:19;20.028;17.042;74.409
11:33:21;20.017;17.042;74.489
11:33:23;20.009;17.033;74.482
11:33:25;20.001;17.026;74.479
11:33:27;19.993;17.026;74.535
11:33:29;19.985;17.026;74.600
11:33:31;19.985;17.021;74.560
11:33:33;19.976;17.020;74.616
11:33:35;19.969;17.010;74.589
11:33:37;19.968;17.009;74.590
11:33:39;19.968;17.009;74.590
11:33:41;19.967;17.009;74.603
11:33:43;19.963;17.009;74.627
11:33:45;19.960;17.008;74.646
11:33:47;19.961;17.006;74.617
11:33:49;19.958;17.002;74.605
11:33:51;19.961;17.006;74.619
11:33:53;19.963;17.002;74.570
11:33:55;19.967;17.001;74.532
11:33:56;19.967;17.004;74.559
11:33:58;19.968;17.002;74.527
11:34:00;19.968;16.998;74.499
11:34:02;19.968;17.004;74.544
11:34:04;19.972;17.003;74.513
11:34:05;19.974;17.006;74.517
11:34:07;19.984;17.006;74.446
11:34:09;19.985;17.009;74.469
11:34:11;19.985;17.009;74.469
11:34:13;19.989;17.008;74.427
11:34:15;20.001;17.009;74.348
11:34:17;20.001;17.009;74.348
11:34:19;20.001;17.010;74.350
11:34:21;20.012;17.010;74.270
11:34:23;20.017;17.011;74.240
11:34:25;20.017;17.015;74.274
11:34:26;20.032;17.021;74.212
11:34:28;20.033;17.022;74.207
11:34:30;20.034;17.026;74.230
11:34:32;20.042;17.026;74.174
11:34:34;20.048;17.026;74.124
11:34:35;20.051;17.026;74.105
11:34:37;20.063;17.026;74.015
11:34:39;20.066;17.034;74.065
11:34:41;20.067;17.038;74.082
11:34:43;20.082;17.042;74.007
11:34:45;20.082;17.042;74.007
11:34:47;20.087;17.042;73.966
11:34:48;20.096;17.043;73.907
11:34:51;20.098;17.048;73.940
11:34:52;20.111;17.055;73.895
11:34:55;20.114;17.058;73.897
11:34:57;20.120;17.058;73.853
11:34:59;20.131;17.058;73.777
11:35:01;20.137;17.060;73.742
11:35:03;20.145;17.069;73.762
11:35:05;20.147;17.074;73.787
11:35:07;20.153;17.074;73.743
11:35:09;20.163;17.074;73.667
11:35:10;20.163;17.079;73.703
11:35:12;20.163;17.084;73.744
11:35:14;20.165;17.090;73.783
11:35:16;20.169;17.090;73.755
11:35:18;20.171;17.090;73.735
11:35:19;20.168;17.090;73.762
11:35:21;20.167;17.090;73.768
11:35:23;20.164;17.090;73.790
11:35:25;20.163;17.090;73.798
11:35:27;20.163;17.090;73.798
11:35:29;20.154;17.090;73.863
11:35:31;20.147;17.090;73.918
11:35:33;20.147;17.090;73.918
11:35:35;20.132;17.090;74.030
11:35:37;20.131;17.090;74.038
11:35:38;20.115;17.088;74.134
11:35:40;20.114;17.080;74.075
11:35:42;20.098;17.077;74.171
11:35:44;20.095;17.074;74.170
11:35:46;20.082;17.074;74.268
11:35:48;20.070;17.073;74.341
11:35:50;20.063;17.067;74.350
11:35:51;20.049;17.058;74.379
11:35:53;20.036;17.058;74.477
11:35:55;20.033;17.057;74.493
11:35:57;20.019;17.050;74.540
11:35:59;20.017;17.044;74.506
11:36:00;20.001;17.042;74.611
11:36:02;20.001;17.042;74.611
11:36:04;19.994;17.041;74.653
11:36:06;19.985;17.030;74.638
11:36:08;19.985;17.026;74.600
11:36:10;19.974;17.026;74.681
11:36:12;19.968;17.026;74.722
11:36:14;19.968;17.025;74.714
11:36:16;19.968;17.026;74.722
11:36:18;19.968;17.017;74.652
11:36:20;19.966;17.015;74.656
11:36:21;19.963;17.013;74.659
11:36:23;19.962;17.010;74.648
11:36:25;19.961;17.009;74.649
11:36:27;19.963;17.009;74.633
11:36:29;19.966;17.009;74.605
11:36:31;19.966;17.010;74.619
11:36:33;19.967;17.009;74.598
11:36:34;19.968;17.009;74.590
11:36:36;19.968;17.009;74.590
11:36:38;19.968;17.009;74.590
11:36:40;19.969;17.010;74.591
11:36:42;19.978;17.011;74.536
11:36:45;19.984;17.010;74.484
11:36:47;19.985;17.014;74.505
11:36:48;19.986;17.016;74.514
11:36:50;19.994;17.020;74.481
11:36:52;20.001;17.024;74.463
11:36:54;20.001;17.025;74.471
11:36:56;20.001;17.026;74.475
11:36:58;20.014;17.026;74.381
11:37:00;20.017;17.026;74.358
11:37:01;20.020;17.026;74.337
11:37:03;20.030;17.027;74.268
11:37:05;20.033;17.029;74.267
11:37:07;20.034;17.038;74.331
11:37:09;20.049;17.041;74.239
11:37:11;20.050;17.042;74.241
11:37:13;20.054;17.042;74.213
11:37:15;20.066;17.042;74.132
11:37:17;20.066;17.042;74.127
11:37:19;20.076;17.046;74.087
11:37:20;20.082;17.054;74.105
11:37:22;20.083;17.056;74.116
11:37:25;20.094;17.058;74.047
11:37:26;20.098;17.058;74.017
11:37:28;20.103;17.060;73.994
11:37:30;20.113;17.063;73.941
11:37:32;20.115;17.070;73.985
11:37:34;20.124;17.074;73.957
11:37:35;20.131;17.074;73.907
11:37:37;20.132;17.074;73.900
11:37:39;20.145;17.076;73.816
11:37:41;20.147;17.084;73.863
11:37:43;20.147;17.089;73.909
11:37:44;20.156;17.090;73.847
11:37:46;20.161;17.090;73.810
11:37:48;20.162;17.090;73.805
11:37:50;20.163;17.091;73.805
11:37:52;20.163;17.092;73.813
11:37:53;20.163;17.093;73.822
11:37:55;20.163;17.099;73.866
11:37:57;20.160;17.098;73.880
11:37:59;20.149;17.096;73.944
11:38:01;20.147;17.101;74.003
11:38:02;20.147;17.098;73.978
11:38:04;20.140;17.095;74.006
11:38:06;20.131;17.093;74.062
11:38:08;20.131;17.090;74.038
11:38:10;20.114;17.090;74.158
11:38:12;20.114;17.090;74.158
11:38:14;20.098;17.090;74.278
11:38:16;20.097;17.090;74.283
11:38:17;20.082;17.086;74.361
11:38:20;20.076;17.076;74.322
11:38:21;20.064;17.074;74.404
11:38:23;20.052;17.074;74.489
11:38:25;20.048;17.074;74.524
11:38:27;20.033;17.062;74.531
11:38:29;20.032;17.060;74.522
11:38:30;20.017;17.058;74.621
11:38:32;20.017;17.058;74.621
11:38:34;20.003;17.054;74.698
11:38:36;20.001;17.054;74.709
11:38:38;19.999;17.043;74.633
11:38:40;19.986;17.043;74.727
11:38:42;19.985;17.042;74.732
11:38:44;19.985;17.042;74.732
11:38:46;19.985;17.042;74.732
11:38:48;19.975;17.042;74.805
11:38:50;19.972;17.041;74.819
11:38:51;19.974;17.037;74.771
11:38:53;19.968;17.032;74.778
11:38:55;19.971;17.031;74.743
11:38:57;19.971;17.029;74.727
11:38:59;19.975;17.027;74.685
11:39:00;19.973;17.027;74.695
11:39:03;19.981;17.029;74.659
11:39:04;19.985;17.027;74.608
11:39:06;19.985;17.030;74.637
11:39:08;19.985;17.030;74.633
11:39:10;19.985;17.027;74.608
11:39:12;19.985;17.033;74.664
11:39:13;19.991;17.038;74.649
11:39:15;19.999;17.038;74.593
11:39:17;20.001;17.039;74.586
11:39:19;20.001;17.038;74.580
11:39:21;20.002;17.041;74.595
11:39:23;20.014;17.042;74.509
11:39:25;20.017;17.042;74.489
11:39:27;20.017;17.042;74.489
11:39:28;20.026;17.042;74.426
11:39:30;20.033;17.042;74.368
11:39:32;20.033;17.043;74.376
11:39:34;20.041;17.047;74.359
11:39:36;20.048;17.057;74.378
11:39:38;20.050;17.058;74.371
11:39:40;20.053;17.058;74.353
11:39:42;20.066;17.058;74.258
11:39:44;20.069;17.058;74.236
11:39:46;20.074;17.059;74.203
11:39:48;20.082;17.066;74.200
11:39:50;20.087;17.070;74.198
11:39:52;20.098;17.074;74.147
11:39:54;20.098;17.074;74.147
11:39:55;20.109;17.074;74.070
11:39:57;20.114;17.074;74.027
11:39:59;20.116;17.076;74.029
11:40:01;20.128;17.084;73.998
11:40:03;20.131;17.090;74.037
11:40:04;20.135;17.089;73.991
11:40:07;20.145;17.090;73.930
11:40:09;20.147;17.091;73.926
11:40:10;20.154;17.099;73.930
11:40:12;20.163;17.105;73.912
11:40:15;20.163;17.107;73.928
11:40:16;20.164;17.107;73.922
11:40:18;20.165;17.107;73.914
11:40:20;20.164;17.107;73.920
11:40:23;20.165;17.110;73.945
11:40:24;20.163;17.108;73.943
11:40:26;20.163;17.115;73.995
11:40:28;20.163;17.117;74.016
11:40:30;20.162;17.114;73.995
11:40:32;20.149;17.114;74.093
11:40:33;20.147;17.113;74.104
11:40:35;20.147;17.109;74.064
11:40:37;20.132;17.107;74.154
11:40:39;20.131;17.107;74.168
11:40:41;20.115;17.107;74.281
11:40:42;20.114;17.107;74.289
11:40:44;20.099;17.106;74.394
11:40:46;20.097;17.106;74.409
11:40:48;20.082;17.092;74.412
11:40:50;20.078;17.090;74.431
11:40:52;20.066;17.090;74.520
11:40:54;20.049;17.085;74.595
11:40:55;20.044;17.078;74.580
11:40:57;20.033;17.074;74.631
11:40:59;20.021;17.074;74.720
11:41:01;20.017;17.074;74.752
11:41:03;20.007;17.067;74.770
11:41:04;20.001;17.058;74.742
11:41:07;19.994;17.058;74.791
11:41:09;19.985;17.058;74.864
11:41:11;19.984;17.055;74.848
11:41:13;19.972;17.047;74.872
11:41:15;19.968;17.043;74.862
11:41:16;19.968;17.042;74.853
11:41:18;19.968;17.042;74.853
11:41:20;19.967;17.042;74.861
11:41:22;19.962;17.042;74.903
11:41:24;19.962;17.041;74.897
11:41:25;19.959;17.042;74.922
11:41:27;19.959;17.041;74.918
11:41:29;19.958;17.036;74.885
11:41:31;19.960;17.036;74.867
11:41:33;19.959;17.034;74.865
11:41:34;19.967;17.033;74.796
11:41:36;19.967;17.031;74.780
11:41:38;19.968;17.036;74.807
11:41:40;19.968;17.032;74.774
11:41:42;19.968;17.032;74.776
11:41:43;19.969;17.035;74.791
11:41:46;19.970;17.041;74.832
11:41:47;19.983;17.038;74.717
11:41:49;19.985;17.041;74.724
11:41:51;19.985;17.042;74.732
11:41:53;19.986;17.042;74.724
11:41:55;19.998;17.042;74.630
11:41:57;19.999;17.042;74.623
11:41:59;20.002;17.042;74.600
11:42:01;20.011;17.043;74.540
11:42:03;20.017;17.043;74.496
11:42:05;20.017;17.045;74.519
11:42:07;20.031;17.050;74.452
11:42:09;20.033;17.057;74.491
11:42:11;20.033;17.058;74.500
11:42:13;20.045;17.058;74.414
11:42:15;20.049;17.058;74.379
11:42:17;20.052;17.058;74.359
11:42:19;20.066;17.068;74.340
11:42:21;20.066;17.066;74.326
11:42:22;20.074;17.073;74.318
11:42:24;20.082;17.074;74.268
11:42:26;20.083;17.074;74.261
11:42:28;20.092;17.074;74.190
11:42:30;20.098;17.079;74.184
11:42:32;20.101;17.088;74.244
11:42:34;20.113;17.088;74.149
11:42:35;20.114;17.090;74.158
11:42:37;20.122;17.090;74.103
11:42:39;20.130;17.090;74.045
11:42:41;20.133;17.094;74.048
11:42:43;20.145;17.103;74.039
11:42:45;20.147;17.107;74.048
11:42:47;20.148;17.107;74.036
11:42:49;20.158;17.107;73.963
11:42:51;20.163;17.112;73.975
11:42:52;20.163;17.114;73.988
11:42:54;20.163;17.118;74.021
11:42:56;20.163;17.123;74.059
11:42:58;20.163;17.123;74.059
11:43:00;20.163;17.123;74.058
11:43:01;20.163;17.123;74.058
11:43:03;20.163;17.123;74.058
11:43:05;20.163;17.123;74.058
11:43:07;20.149;17.123;74.162
11:43:09;20.147;17.123;74.179
11:43:10;20.145;17.123;74.191
11:43:12;20.135;17.123;74.264
11:43:14;20.131;17.123;74.299
11:43:16;20.125;17.121;74.326
11:43:18;20.114;17.118;74.382
11:43:19;20.110;17.109;74.334
11:43:21;20.098;17.107;74.409
11:43:23;20.086;17.107;74.500
11:43:25;20.081;17.107;74.535
11:43:27;20.067;17.102;74.606
11:43:28;20.059;17.093;74.591
11:43:30;20.049;17.090;74.641
11:43:32;20.040;17.090;74.709
11:43:34;20.033;17.089;74.749
11:43:36;20.024;17.086;74.803
11:43:38;20.017;17.074;74.752
11:43:39;20.014;17.074;74.778
11:43:41;20.001;17.074;74.873
11:43:43;20.001;17.074;74.873
11:43:45;19.991;17.069;74.902
11:43:47;19.986;17.061;74.880
11:43:49;19.985;17.058;74.863
11:43:51;19.985;17.058;74.863
11:43:53;19.985;17.058;74.863
11:43:55;19.978;17.058;74.913
11:43:56;19.981;17.058;74.892
11:43:58;19.972;17.057;74.953
11:44:00;19.972;17.055;74.937
11:44:02;19.971;17.053;74.927
11:44:04;19.973;17.054;74.916
11:44:06;19.973;17.054;74.918
11:44:08;19.984;17.048;74.793
11:44:10;19.983;17.053;74.837
11:44:12;19.985;17.054;74.833
11:44:14;19.985;17.055;74.841
11:44:16;19.985;17.054;74.834
11:44:18;19.986;17.057;74.848
11:44:20;19.991;17.057;74.807
11:44:22;20.000;17.057;74.741
11:44:24;20.001;17.058;74.742
11:44:25;20.001;17.058;74.742
11:44:27;20.006;17.058;74.705
11:44:29;20.011;17.058;74.663
11:44:31;20.017;17.058;74.620
11:44:33;20.018;17.060;74.631
11:44:35;20.021;17.061;74.616
11:44:37;20.033;17.061;74.523
11:44:38;20.033;17.069;74.592
11:44:41;20.039;17.070;74.560
11:44:42;20.049;17.074;74.509
11:44:44;20.049;17.074;74.509
11:44:46;20.058;17.074;74.447
11:44:48;20.066;17.074;74.389
11:44:50;20.067;17.080;74.426
11:44:52;20.076;17.084;74.390
11:44:55;20.082;17.089;74.386
11:44:56;20.089;17.089;74.335
11:44:59;20.098;17.090;74.278
11:45:00;20.100;17.090;74.264
11:45:02;20.108;17.090;74.208
11:45:04;20.114;17.098;74.218
11:45:06;20.116;17.104;74.252
11:45:08;20.128;17.107;74.188
11:45:09;20.131;17.107;74.168
11:45:12;20.132;17.107;74.156
11:45:14;20.147;17.107;74.048
11:45:16;20.148;17.116;74.117
11:45:18;20.162;17.122;74.058
11:45:20;20.163;17.123;74.058
11:45:22;20.163;17.123;74.058
11:45:24;20.163;17.123;74.058
11:45:25;20.165;17.128;74.088
11:45:27;20.169;17.132;74.094
11:45:29;20.167;17.137;74.145
11:45:31;20.165;17.138;74.166
11:45:33;20.164;17.136;74.157
11:45:34;20.163;17.139;74.189
11:45:36;20.163;17.138;74.181
11:45:38;20.160;17.139;74.211
11:45:40;20.147;17.139;74.309
11:45:42;20.147;17.135;74.277
11:45:43;20.140;17.137;74.346
11:45:45;20.131;17.132;74.372
11:45:47;20.124;17.125;74.367
11:45:49;20.114;17.123;74.420
11:45:51;20.108;17.123;74.465
11:45:52;20.098;17.123;74.540
11:45:54;20.082;17.121;74.645
11:45:56;20.081;17.120;74.643
11:45:58;20.066;17.107;74.651
11:46:00;20.052;17.107;74.757
11:46:02;20.049;17.107;74.772
11:46:04;20.033;17.098;74.824
11:46:06;20.031;17.091;74.784
11:46:08;20.017;17.090;74.884
11:46:10;20.013;17.090;74.912
11:46:12;20.001;17.089;74.997
11:46:13;20.001;17.080;74.922
11:46:15;20.001;17.078;74.904
11:46:17;19.989;17.074;74.960
11:46:19;19.985;17.074;74.995
11:46:21;19.985;17.074;74.995
11:46:23;19.984;17.074;75.003
11:46:25;19.980;17.073;75.021
11:46:27;19.972;17.070;75.060
11:46:29;19.971;17.067;75.039
11:46:31;19.970;17.062;75.007
11:46:33;19.969;17.063;75.015
11:46:34;19.969;17.061;75.003
11:46:36;19.970;17.059;74.982
11:46:38;19.974;17.059;74.952
11:46:40;19.979;17.058;74.907
11:46:42;19.983;17.059;74.884
11:46:44;19.985;17.060;74.877
11:46:46;19.985;17.059;74.872
11:46:48;19.985;17.060;74.880
11:46:50;19.989;17.060;74.845
11:46:51;19.997;17.064;74.819
11:46:54;20.000;17.067;74.820
11:46:55;20.001;17.069;74.832
11:46:57;20.001;17.073;74.865
11:46:59;20.010;17.070;74.772
11:47:01;20.017;17.074;74.752
11:47:03;20.017;17.074;74.752
11:47:04;20.018;17.074;74.745
11:47:07;20.031;17.074;74.651
11:47:09;20.033;17.074;74.631
11:47:10;20.034;17.075;74.633
11:47:12;20.048;17.081;74.569
11:47:14;20.049;17.084;74.592
11:47:16;20.053;17.088;74.592
11:47:18;20.066;17.090;74.520
11:47:19;20.066;17.090;74.520
11:47:21;20.067;17.090;74.513
11:47:23;20.080;17.090;74.414
11:47:25;20.082;17.091;74.406
11:47:27;20.087;17.097;74.414
11:47:28;20.098;17.103;74.385
11:47:30;20.098;17.106;74.401
11:47:32;20.103;17.107;74.376
11:47:34;20.114;17.107;74.289
11:47:36;20.116;17.109;74.295
11:47:37;20.122;17.115;74.299
11:47:39;20.131;17.118;74.261
11:47:41;20.131;17.122;74.291
11:47:43;20.147;17.123;74.179
11:47:45;20.147;17.125;74.195
11:47:46;20.151;17.128;74.189
11:47:49;20.163;17.137;74.173
11:47:50;20.163;17.139;74.189
11:47:52;20.174;17.139;74.104
11:47:54;20.179;17.139;74.069
11:47:56;20.183;17.141;74.059
11:47:58;20.195;17.150;74.041
11:47:59;20.196;17.155;74.072
11:48:01;20.206;17.155;74.002
11:48:03;20.212;17.155;73.959
11:48:05;20.214;17.157;73.955
11:48:07;20.226;17.166;73.940
11:48:08;20.228;17.170;73.956
11:48:10;20.235;17.171;73.915
11:48:12;20.244;17.171;73.850
11:48:14;20.245;17.174;73.865
11:48:16;20.258;17.184;73.843
11:48:18;20.260;17.186;73.852
11:48:20;20.269;17.187;73.797
11:48:22;20.276;17.188;73.746
11:48:23;20.276;17.197;73.815
11:48:25;20.286;17.204;73.801
11:48:27;20.293;17.204;73.751
11:48:29;20.294;17.204;73.744
11:48:31;20.309;17.208;73.670
11:48:33;20.309;17.217;73.739
11:48:35;20.314;17.220;73.721
11:48:36;20.324;17.220;73.650
11:48:39;20.325;17.222;73.659
11:48:41;20.338;17.229;73.615
11:48:42;20.341;17.235;73.645
11:48:44;20.342;17.236;73.645
11:48:47;20.354;17.236;73.561
11:48:49;20.357;17.247;73.623
11:48:51;20.366;17.252;73.601
11:48:53;20.374;17.252;73.544
11:48:55;20.375;17.254;73.550
11:48:57;20.390;17.258;73.472
11:48:59;20.390;17.266;73.539
11:49:01;20.393;17.268;73.534
11:49:02;20.405;17.268;73.443
11:49:04;20.406;17.269;73.444
11:49:06;20.407;17.278;73.508
11:49:08;20.419;17.285;73.469
11:49:10;20.422;17.285;73.447
11:49:12;20.424;17.285;73.435
11:49:14;20.437;17.292;73.400
11:49:15;20.438;17.299;73.441
11:49:17;20.438;17.301;73.457
11:49:19;20.450;17.301;73.373
11:49:21;20.455;17.301;73.338
11:49:23;20.455;17.307;73.389
11:49:24;20.462;17.314;73.389
11:49:26;20.471;17.317;73.349
11:49:28;20.471;17.317;73.349
11:49:30;20.474;17.318;73.336
11:49:32;20.484;17.325;73.313
11:49:33;20.487;17.332;73.352
11:49:35;20.488;17.333;73.353
11:49:37;20.495;17.333;73.298
11:49:39;20.503;17.333;73.241
11:49:41;20.504;17.339;73.279
11:49:42;20.511;17.346;73.287
11:49:44;20.519;17.349;73.252
11:49:46;20.519;17.349;73.252
11:49:48;20.524;17.349;73.218
11:49:50;20.533;17.352;73.177
11:49:52;20.536;17.358;73.201
11:49:54;20.537;17.366;73.255
11:49:55;20.544;17.366;73.200
11:49:57;20.552;17.366;73.144
11:49:59;20.552;17.369;73.173
11:50:01;20.555;17.374;73.188
11:50:03;20.568;17.381;73.147
11:50:05;20.568;17.382;73.155
11:50:07;20.568;17.382;73.155
11:50:08;20.575;17.382;73.108
11:50:10;20.583;17.385;73.073
11:50:12;20.584;17.393;73.128
11:50:14;20.585;17.398;73.158
11:50:16;20.591;17.398;73.119
11:50:17;20.601;17.398;73.048
11:50:19;20.601;17.398;73.048
11:50:21;20.601;17.403;73.078
11:50:23;20.607;17.407;73.076
11:50:25;20.617;17.411;73.037
11:50:26;20.617;17.414;73.058
11:50:28;20.617;17.414;73.058
11:50:30;20.621;17.415;73.030
11:50:32;20.633;17.416;72.957
11:50:34;20.633;17.425;73.027
11:50:36;20.633;17.429;73.061
11:50:38;20.644;17.430;72.986
11:50:40;20.649;17.430;72.951
11:50:42;20.649;17.431;72.958
11:50:44;20.650;17.436;72.992
11:50:46;20.657;17.444;72.999
11:50:47;20.665;17.446;72.954
11:50:50;20.665;17.447;72.962
11:50:51;20.667;17.447;72.950
11:50:53;20.674;17.447;72.901
11:50:55;20.682;17.452;72.884
11:50:57;20.682;17.461;72.959
11:50:59;20.682;17.461;72.955
11:51:01;20.684;17.463;72.952
11:51:03;20.694;17.464;72.893
11:51:04;20.698;17.464;72.863
11:51:06;20.698;17.466;72.884
11:51:09;20.698;17.475;72.947
11:51:10;20.712;17.479;72.881
11:51:12;20.712;17.479;72.881
11:51:14;20.714;17.479;72.866
11:51:16;20.714;17.480;72.871
11:51:18;20.723;17.484;72.837
11:51:20;20.729;17.489;72.839
11:51:22;20.730;17.493;72.861
11:51:23;20.730;17.495;72.877
11:51:25;20.731;17.495;72.870
11:51:27;20.741;17.495;72.801
11:51:29;20.746;17.495;72.760
11:51:31;20.746;17.499;72.788
11:51:32;20.750;17.507;72.826
11:51:34;20.751;17.511;72.852
11:51:36;20.761;17.511;72.785
11:51:38;20.763;17.511;72.770
11:51:40;20.763;17.512;72.778
11:51:42;20.765;17.514;72.776
11:51:44;20.771;17.517;72.755
11:51:47;20.779;17.525;72.760
11:51:48;20.779;17.528;72.781
11:51:50;20.781;17.528;72.766
11:51:52;20.783;17.528;72.748
11:51:54;20.792;17.528;72.693
11:51:55;20.794;17.530;72.692
11:51:57;20.795;17.537;72.742
11:51:59;20.795;17.539;72.754
11:52:01;20.797;17.543;72.772
11:52:03;20.804;17.544;72.730
11:52:05;20.810;17.544;72.687
11:52:07;20.811;17.544;72.675
11:52:09;20.812;17.545;72.676
11:52:10;20.814;17.549;72.696
11:52:12;20.822;17.554;72.682
11:52:15;20.827;17.560;72.685
11:52:16;20.827;17.560;72.685
11:52:18;20.827;17.560;72.685
11:52:20;20.830;17.560;72.664
11:52:22;20.842;17.560;72.581
11:52:24;20.842;17.562;72.598
11:52:26;20.844;17.569;72.639
11:52:28;20.844;17.576;72.696
11:52:30;20.846;17.576;72.677
11:52:32;20.858;17.576;72.594
11:52:34;20.860;17.576;72.580
11:52:36;20.860;17.576;72.580
11:52:37;20.860;17.578;72.594
11:52:40;20.866;17.583;72.584
11:52:41;20.873;17.584;72.541
11:52:43;20.876;17.592;72.591
11:52:45;20.876;17.592;72.591
11:52:47;20.876;17.592;72.591
11:52:49;20.877;17.592;72.583
11:52:50;20.884;17.592;72.531
11:52:52;20.890;17.593;72.497
11:52:54;20.892;17.595;72.498
11:52:56;20.892;17.600;72.534
11:52:58;20.892;17.606;72.586
11:53:00;20.895;17.609;72.580
11:53:02;20.901;17.609;72.538
11:53:04;20.908;17.609;72.485
11:53:06;20.908;17.609;72.485
11:53:07;20.908;17.609;72.485
11:53:09;20.908;17.609;72.485
11:53:11;20.909;17.613;72.513
11:53:13;20.916;17.617;72.497
11:53:15;20.925;17.616;72.428
11:53:16;20.925;17.624;72.488
11:53:18;20.925;17.624;72.488
11:53:20;20.925;17.625;72.496
11:53:22;20.927;17.625;72.481
11:53:24;20.935;17.625;72.421
11:53:26;20.941;17.625;72.380
11:53:28;20.941;17.630;72.419
11:53:30;20.941;17.636;72.469
11:53:32;20.942;17.637;72.468
11:53:34;20.943;17.641;72.488
11:53:36;20.952;17.641;72.429
11:53:38;20.956;17.641;72.398
11:53:39;20.957;17.641;72.390
11:53:41;20.957;17.641;72.390
11:53:44;20.957;17.645;72.425
11:53:45;20.967;17.651;72.397
11:53:47;20.969;17.655;72.420
11:53:49;20.971;17.657;72.421
11:53:51;20.973;17.657;72.401
11:53:52;20.973;17.657;72.401
11:53:55;20.973;17.657;72.401
11:53:57;20.979;17.658;72.367
11:53:59;20.983;17.659;72.349
11:54:01;20.990;17.669;72.375
11:54:03;20.990;17.670;72.388
11:54:05;20.990;17.673;72.412
11:54:06;20.990;17.673;72.412
11:54:08;20.995;17.673;72.376
11:54:10;21.001;17.673;72.327
11:54:12;21.005;17.677;72.333
11:54:14;21.006;17.681;72.357
11:54:16;21.006;17.689;72.423
11:54:18;21.006;17.688;72.415
11:54:20;21.010;17.689;72.396
11:54:21;21.018;17.689;72.333
11:54:23;21.022;17.689;72.307
11:54:25;21.022;17.689;72.307
11:54:27;21.022;17.691;72.319
11:54:29;21.023;17.696;72.354
11:54:30;21.026;17.701;72.368
11:54:33;21.028;17.706;72.387
11:54:35;21.038;17.706;72.318
11:54:36;21.038;17.706;72.318
11:54:38;21.038;17.706;72.318
11:54:40;21.039;17.706;72.311
11:54:42;21.040;17.707;72.315
11:54:44;21.049;17.707;72.246
11:54:46;21.052;17.718;72.319
11:54:48;21.054;17.718;72.297
11:54:50;21.054;17.719;72.307
11:54:51;21.054;17.722;72.328
11:54:53;21.055;17.722;72.321
11:54:55;21.055;17.722;72.324
11:54:57;21.063;17.722;72.267
11:54:59;21.068;17.723;72.240
11:55:01;21.071;17.723;72.221
11:55:03;21.071;17.728;72.264
11:55:05;21.071;17.737;72.331
11:55:07;21.071;17.736;72.323
11:55:08;21.072;17.737;72.324
11:55:10;21.079;17.738;72.278
11:55:12;21.085;17.738;72.238
11:55:14;21.087;17.738;72.224
11:55:16;21.087;17.740;72.236
11:55:18;21.087;17.741;72.243
11:55:20;21.088;17.744;72.261
11:55:22;21.092;17.750;72.283
11:55:24;21.097;17.752;72.253
11:55:25;21.103;17.752;72.219
11:55:27;21.103;17.754;72.235
11:55:29;21.103;17.754;72.235
11:55:31;21.103;17.754;72.235
11:55:33;21.105;17.754;72.223
11:55:35;21.105;17.758;72.251
11:55:37;21.112;17.757;72.190
11:55:39;21.119;17.759;72.159
11:55:41;21.119;17.765;72.207
11:55:42;21.119;17.770;72.246
11:55:45;21.119;17.770;72.246
11:55:47;21.124;17.770;72.212
11:55:48;21.125;17.770;72.204
11:55:50;21.129;17.770;72.178
11:55:52;21.135;17.770;72.130
11:55:54;21.135;17.770;72.130
11:55:56;21.135;17.776;72.170
11:55:58;21.135;17.774;72.157
11:55:59;21.136;17.782;72.214
11:56:02;21.138;17.784;72.211
11:56:04;21.150;17.786;72.148
11:56:05;21.151;17.787;72.148
11:56:07;21.152;17.787;72.141
11:56:09;21.152;17.787;72.141
11:56:11;21.152;17.787;72.141
11:56:13;21.153;17.787;72.134
11:56:15;21.154;17.790;72.151
11:56:17;21.162;17.790;72.096
11:56:18;21.166;17.792;72.082
11:56:20;21.165;17.799;72.143
11:56:22;21.168;17.801;72.139
11:56:24;21.168;17.803;72.152
11:56:26;21.168;17.803;72.152
11:56:28;21.169;17.803;72.145
11:56:30;21.174;17.803;72.110
11:56:32;21.175;17.803;72.099
11:56:33;21.183;17.804;72.051
11:56:35;21.184;17.803;72.037
11:56:37;21.184;17.808;72.081
11:56:39;21.184;17.811;72.103
11:56:41;21.184;17.816;72.139
11:56:43;21.187;17.817;72.129
11:56:45;21.187;17.819;72.144
11:56:47;21.198;17.819;72.067
11:56:49;21.199;17.819;72.055
11:56:50;21.200;17.819;72.048
11:56:53;21.200;17.819;72.048
11:56:55;21.200;17.819;72.048
11:56:56;21.202;17.819;72.034
11:56:59;21.203;17.822;72.047
11:57:00;21.212;17.827;72.029
11:57:02;21.213;17.831;72.049
11:57:04;21.216;17.831;72.028
11:57:06;21.216;17.835;72.059
11:57:08;21.216;17.835;72.059
11:57:09;21.216;17.835;72.059
11:57:11;21.216;17.835;72.059
11:57:13;21.221;17.835;72.024
11:57:15;21.219;17.835;72.039
11:57:17;21.224;17.835;72.006
11:57:18;21.231;17.836;71.966
11:57:20;21.231;17.839;71.989
11:57:22;21.233;17.842;71.995
11:57:24;21.233;17.847;72.033
11:57:26;21.233;17.849;72.052
11:57:28;21.236;17.851;72.045
11:57:30;21.233;17.851;72.070
11:57:32;21.244;17.851;71.990
11:57:34;21.247;17.851;71.967
11:57:36;21.249;17.851;71.955
11:57:38;21.248;17.851;71.962
11:57:40;21.249;17.851;71.955
11:57:42;21.249;17.853;71.970
11:57:43;21.249;17.856;71.989
11:57:45;21.250;17.863;72.037
11:57:47;21.250;17.861;72.021
11:57:49;21.256;17.865;72.011
11:57:51;21.260;17.867;71.992
11:57:52;21.264;17.868;71.973
11:57:55;21.262;17.868;71.985
11:57:56;21.265;17.868;71.966
11:57:58;21.265;17.868;71.966
11:58:00;21.265;17.868;71.966
11:58:02;21.265;17.869;71.974
11:58:04;21.266;17.872;71.990
11:58:06;21.269;17.872;71.976
11:58:08;21.267;17.877;72.025
11:58:09;21.279;17.879;71.954
11:58:11;21.281;17.881;71.956
11:58:13;21.281;17.884;71.977
11:58:15;21.281;17.884;71.977
11:58:17;21.281;17.884;71.977
11:58:19;21.281;17.884;71.977
11:58:21;21.281;17.884;71.977
11:58:22;21.284;17.884;71.958
11:58:24;21.286;17.886;71.958
11:58:26;21.293;17.884;71.896
11:58:28;21.295;17.885;71.889
11:58:30;21.298;17.889;71.906
11:58:31;21.298;17.891;71.920
11:58:33;21.298;17.895;71.951
11:58:35;21.298;17.897;71.967
11:58:37;21.298;17.900;71.988
11:58:39;21.298;17.900;71.981
11:58:41;21.299;17.900;71.980
11:58:43;21.304;17.900;71.939
11:58:44;21.311;17.900;71.895
11:58:47;21.314;17.900;71.873
11:58:48;21.314;17.900;71.873
11:58:51;21.314;17.901;71.881
11:58:52;21.314;17.904;71.901
11:58:54;21.315;17.904;71.897
11:58:56;21.317;17.910;71.927
11:58:58;21.321;17.909;71.890
11:59:00;21.322;17.916;71.939
11:59:02;21.328;17.916;71.896
11:59:04;21.329;17.916;71.891
11:59:05;21.330;17.916;71.884
11:59:07;21.330;17.916;71.884
11:59:09;21.330;17.916;71.884
11:59:11;21.331;17.916;71.877
11:59:13;21.331;17.916;71.877
11:59:15;21.333;17.918;71.879
11:59:17;21.338;17.920;71.855
11:59:19;21.344;17.923;71.836
11:59:21;21.346;17.928;71.858
11:59:23;21.346;17.931;71.882
11:59:24;21.346;17.931;71.887
11:59:26;21.346;17.931;71.882
11:59:28;21.346;17.932;71.895
11:59:30;21.346;17.932;71.895
11:59:32;21.346;17.932;71.895
11:59:34;21.348;17.932;71.880
11:59:36;21.354;17.932;71.842
11:59:38;21.360;17.933;71.801
11:59:40;21.362;17.934;71.796
11:59:42;21.362;17.933;71.788
11:59:44;21.362;17.936;71.808
11:59:46;21.362;17.938;71.822
11:59:48;21.362;17.948;71.898
11:59:49;21.362;17.948;71.898
11:59:51;21.362;17.948;71.898
11:59:53;21.363;17.949;71.898
11:59:55;21.366;17.949;71.880
11:59:57;21.369;17.949;71.860
11:59:59;21.373;17.949;71.834
12:00:01;21.379;17.949;71.792
12:00:03;21.379;17.949;71.792
12:00:05;21.379;17.950;71.800
12:00:07;21.379;17.951;71.807
12:00:08;21.379;17.949;71.798
12:00:10;21.379;17.955;71.837
12:00:12;21.380;17.958;71.859
12:00:14;21.384;17.962;71.857
12:00:16;21.391;17.964;71.823
12:00:17;21.395;17.963;71.787
12:00:19;21.395;17.965;71.802
12:00:21;21.395;17.965;71.802
12:00:23;21.395;17.965;71.802
12:00:25;21.395;17.965;71.802
12:00:27;21.395;17.965;71.802
12:00:29;21.395;17.965;71.802
12:00:31;21.396;17.965;71.795
12:00:32;21.398;17.965;71.781
12:00:34;21.400;17.968;71.787
12:00:36;21.403;17.966;71.755
12:00:38;21.403;17.972;71.804
12:00:40;21.409;17.973;71.763
12:00:42;21.408;17.976;71.795
12:00:44;21.411;17.978;71.793
12:00:45;21.411;17.980;71.806
12:00:47;21.411;17.980;71.809
12:00:49;21.411;17.981;71.813
12:00:51;21.411;17.981;71.813
12:00:53;21.411;17.981;71.813
12:00:54;21.414;17.981;71.793
12:00:56;21.417;17.981;71.774
12:00:58;21.421;17.981;71.742
12:01:00;21.424;17.981;71.720
12:01:02;21.427;17.981;71.700
12:01:03;21.427;17.983;71.715
12:01:05;21.427;17.985;71.733
12:01:07;21.427;17.987;71.749
12:01:09;21.428;17.991;71.766
12:01:11;21.427;17.996;71.818
12:01:13;21.427;17.997;71.824
12:01:15;21.428;17.995;71.804
12:01:17;21.430;17.997;71.806
12:01:19;21.438;17.997;71.748
12:01:21;21.443;17.997;71.710
12:01:23;21.442;17.997;71.718
12:01:25;21.443;17.997;71.710
12:01:26;21.443;17.997;71.710
12:01:28;21.443;17.997;71.710
12:01:30;21.443;17.998;71.718
12:01:32;21.443;17.998;71.718
12:01:34;21.443;17.998;71.715
12:01:36;21.444;18.000;71.726
12:01:38;21.449;18.003;71.713
12:01:39;21.450;18.009;71.753
12:01:41;21.454;18.009;71.725
12:01:44;21.456;18.011;71.727
12:01:45;21.460;18.013;71.721
12:01:47;21.460;18.013;71.721
12:01:49;21.460;18.013;71.721
12:01:51;21.460;18.013;71.721
12:01:53;21.460;18.013;71.721
12:01:54;21.460;18.013;71.721
12:01:57;21.461;18.013;71.714
12:01:59;21.463;18.013;71.700
12:02:00;21.465;18.013;71.683
12:02:02;21.469;18.013;71.655
12:02:04;21.471;18.015;71.656
12:02:06;21.474;18.017;71.650
12:02:08;21.476;18.019;71.650
12:02:09;21.476;18.020;71.657
12:02:11;21.476;18.027;71.709
12:02:13;21.476;18.030;71.732
12:02:15;21.476;18.030;71.732
12:02:17;21.476;18.029;71.724
12:02:18;21.476;18.030;71.732
12:02:20;21.477;18.030;71.721
12:02:22;21.479;18.030;71.707
12:02:24;21.480;18.030;71.700
12:02:26;21.485;18.030;71.669
12:02:27;21.488;18.030;71.644
12:02:30;21.492;18.031;71.626
12:02:32;21.492;18.030;71.619
12:02:34;21.492;18.033;71.642
12:02:35;21.492;18.037;71.676
12:02:38;21.492;18.041;71.707
12:02:39;21.492;18.045;71.735
12:02:42;21.492;18.046;71.743
12:02:44;21.493;18.045;71.731
12:02:46;21.494;18.045;71.721
12:02:48;21.498;18.046;71.700
12:02:49;21.496;18.046;71.718
12:02:51;21.506;18.046;71.648
12:02:53;21.505;18.046;71.651
12:02:55;21.508;18.046;71.629
12:02:57;21.508;18.046;71.629
12:02:58;21.508;18.046;71.629
12:03:00;21.508;18.046;71.629
12:03:02;21.508;18.047;71.637
12:03:04;21.508;18.046;71.629
12:03:06;21.508;18.049;71.656
12:03:07;21.510;18.050;71.652
12:03:09;21.509;18.053;71.680
12:03:11;21.514;18.057;71.677
12:03:13;21.515;18.060;71.693
12:03:15;21.522;18.058;71.631
12:03:16;21.524;18.062;71.641
12:03:18;21.523;18.061;71.645
12:03:20;21.524;18.062;71.641
12:03:22;21.524;18.062;71.641
12:03:23;21.524;18.062;71.641
12:03:25;21.524;18.062;71.641
12:03:27;21.524;18.062;71.641
12:03:29;21.525;18.062;71.635
12:03:31;21.526;18.062;71.627
12:03:32;21.527;18.062;71.623
12:03:34;21.531;18.062;71.593
12:03:36;21.537;18.063;71.563
12:03:38;21.541;18.064;71.543
12:03:40;21.541;18.064;71.540
12:03:41;21.541;18.066;71.558
12:03:43;21.541;18.069;71.584
12:03:45;21.541;18.069;71.585
12:03:47;21.541;18.071;71.597
12:03:49;21.541;18.077;71.644
12:03:50;21.541;18.078;71.652
12:03:52;21.541;18.076;71.639
12:03:54;21.543;18.078;71.637
12:03:56;21.544;18.078;71.630
12:03:58;21.545;18.078;71.625
12:03:59;21.553;18.078;71.564
12:04:01;21.556;18.078;71.545
12:04:03;21.555;18.078;71.552
12:04:05;21.557;18.078;71.538
12:04:07;21.557;18.078;71.538
12:04:09;21.557;18.080;71.550
12:04:11;21.557;18.080;71.554
12:04:13;21.557;18.085;71.589
12:04:15;21.557;18.086;71.600
12:04:16;21.557;18.090;71.626
12:04:18;21.557;18.091;71.634
12:04:21;21.557;18.092;71.642
12:04:22;21.566;18.093;71.593
12:04:24;21.567;18.094;71.589
12:04:26;21.568;18.094;71.582
12:04:28;21.573;18.094;71.549
12:04:30;21.573;18.094;71.549
12:04:31;21.573;18.094;71.549
12:04:34;21.573;18.094;71.549
12:04:35;21.573;18.095;71.554
12:04:37;21.573;18.098;71.578
12:04:39;21.573;18.097;71.571
12:04:41;21.573;18.099;71.588
12:04:43;21.574;18.103;71.609
12:04:44;21.577;18.108;71.626
12:04:47;21.579;18.108;71.607
12:04:48;21.580;18.110;71.619
12:04:50;21.585;18.111;71.592
12:04:52;21.589;18.111;71.560
12:04:54;21.589;18.111;71.560
12:04:56;21.589;18.111;71.560
12:04:58;21.589;18.111;71.560
12:05:00;21.589;18.111;71.560
12:05:02;21.589;18.111;71.560
12:05:03;21.589;18.111;71.560
12:05:05;21.589;18.111;71.565
12:05:07;21.589;18.111;71.560
12:05:09;21.589;18.111;71.566
12:05:11;21.591;18.112;71.555
12:05:12;21.590;18.112;71.561
12:05:14;21.596;18.115;71.552
12:05:16;21.592;18.118;71.598
12:05:18;21.600;18.117;71.536
12:05:20;21.605;18.125;71.564
12:05:21;21.605;18.126;71.571
12:05:23;21.606;18.127;71.571
12:05:25;21.606;18.125;71.558
12:05:27;21.606;18.127;71.571
12:05:29;21.606;18.127;71.571
12:05:31;21.606;18.127;71.571
12:05:32;21.607;18.127;71.564
12:05:34;21.606;18.127;71.571
12:05:36;21.606;18.127;71.571
12:05:38;21.607;18.128;71.571
12:05:40;21.607;18.127;71.558
12:05:41;21.609;18.129;71.560
12:05:43;21.612;18.128;71.531
12:05:45;21.618;18.130;71.507
12:05:47;21.617;18.130;71.514
12:05:49;21.621;18.133;71.509
12:05:50;21.622;18.135;71.521
12:05:52;21.620;18.140;71.568
12:05:54;21.622;18.142;71.574
12:05:56;21.622;18.138;71.546
12:05:58;21.622;18.143;71.582
12:06:00;21.622;18.143;71.582
12:06:02;21.622;18.143;71.582
12:06:04;21.622;18.143;71.582
12:06:06;21.622;18.143;71.582
12:06:07;21.624;18.143;71.568
12:06:09;21.626;18.143;71.551
12:06:11;21.630;18.143;71.525
12:06:13;21.628;18.143;71.535
12:06:15;21.633;18.143;71.502
12:06:16;21.632;18.144;71.516
12:06:18;21.638;18.144;71.473
12:06:20;21.638;18.144;71.476
12:06:22;21.638;18.146;71.492
12:06:24;21.638;18.152;71.538
12:06:25;21.638;18.154;71.550
12:06:27;21.638;18.153;71.549
12:06:29;21.638;18.156;71.572
12:06:31;21.638;18.159;71.592
12:06:33;21.639;18.159;71.588
12:06:35;21.641;18.159;71.571
12:06:37;21.643;18.159;71.557
12:06:38;21.641;18.159;71.568
12:06:40;21.645;18.159;71.546
12:06:42;21.650;18.159;71.512
12:06:44;21.651;18.159;71.498
12:06:45;21.654;18.159;71.480
12:06:47;21.654;18.160;71.487
12:06:49;21.652;18.159;71.491
12:06:51;21.654;18.159;71.480
12:06:53;21.654;18.160;71.487
12:06:54;21.654;18.159;71.480
12:06:56;21.654;18.163;71.507
12:06:58;21.654;18.165;71.525
12:07:00;21.656;18.169;71.541
12:07:02;21.656;18.173;71.577
12:07:03;21.662;18.174;71.543
12:07:05;21.663;18.173;71.529
12:07:07;21.664;18.175;71.532
12:07:09;21.666;18.175;71.523
12:07:11;21.666;18.175;71.521
12:07:12;21.668;18.175;71.509
12:07:14;21.670;18.175;71.490
12:07:16;21.670;18.175;71.490
12:07:18;21.670;18.175;71.491
12:07:20;21.670;18.175;71.491
12:07:21;21.670;18.175;71.491
12:07:23;21.670;18.175;71.491
12:07:25;21.670;18.175;71.491
12:07:27;21.670;18.179;71.517
12:07:29;21.672;18.179;71.510
12:07:30;21.675;18.178;71.478
12:07:32;21.675;18.181;71.502
12:07:34;21.676;18.184;71.518
12:07:36;21.680;18.191;71.541
12:07:38;21.684;18.191;71.515
12:07:39;21.685;18.192;71.515
12:07:41;21.687;18.190;71.489
12:07:43;21.686;18.191;71.501
12:07:45;21.687;18.191;71.494
12:07:47;21.687;18.190;71.489
12:07:48;21.687;18.192;71.502
12:07:50;21.687;18.192;71.501
12:07:52;21.687;18.192;71.501
12:07:54;21.687;18.192;71.501
12:07:56;21.687;18.192;71.501
12:07:58;21.688;18.192;71.494
12:08:00;21.687;18.192;71.501
12:08:01;21.689;18.192;71.481
12:08:03;21.689;18.192;71.484
12:08:05;21.691;18.193;71.477
12:08:07;21.693;18.194;71.477
12:08:09;21.693;18.193;71.464
12:08:10;21.696;18.195;71.460
12:08:12;21.699;18.199;71.468
12:08:14;21.700;18.203;71.498
12:08:16;21.701;18.202;71.483
12:08:17;21.703;18.205;71.493
12:08:19;21.703;18.206;71.498
12:08:21;21.703;18.205;71.492
12:08:23;21.703;18.205;71.492
12:08:25;21.703;18.208;71.512
12:08:26;21.703;18.208;71.512
12:08:28;21.703;18.208;71.512
12:08:30;21.703;18.208;71.512
12:08:32;21.703;18.208;71.512
12:08:34;21.704;18.208;71.506
12:08:35;21.707;18.208;71.486
12:08:37;21.704;18.208;71.501
12:08:39;21.706;18.208;71.492
12:08:41;21.708;18.208;71.475
12:08:43;21.713;18.208;71.439
12:08:44;21.717;18.208;71.414
12:08:46;21.719;18.211;71.426
12:08:48;21.719;18.210;71.414
12:08:50;21.719;18.211;71.427
12:08:52;21.719;18.214;71.450
12:08:53;21.719;18.217;71.472
12:08:55;21.719;18.219;71.485
12:08:57;21.719;18.224;71.523
12:08:59;21.719;18.222;71.510
12:09:01;21.719;18.223;71.515
12:09:02;21.719;18.224;71.523
12:09:04;21.720;18.224;71.516
12:09:06;21.724;18.224;71.491
12:09:08;21.726;18.224;71.477
12:09:10;21.725;18.224;71.484
12:09:12;21.730;18.224;71.449
12:09:14;21.731;18.224;71.439
12:09:15;21.734;18.224;71.418
12:09:17;21.733;18.224;71.425
12:09:19;21.733;18.225;71.437
12:09:21;21.735;18.225;71.422
12:09:23;21.735;18.225;71.415
12:09:25;21.735;18.225;71.418
12:09:27;21.735;18.230;71.453
12:09:29;21.735;18.232;71.475
12:09:31;21.735;18.232;71.475
12:09:33;21.735;18.234;71.490
12:09:34;21.735;18.239;71.526
12:09:36;21.736;18.239;71.519
12:09:38;21.736;18.240;71.527
12:09:40;21.741;18.240;71.496
12:09:42;21.739;18.240;71.509
12:09:44;21.746;18.240;71.461
12:09:46;21.749;18.240;71.440
12:09:48;21.749;18.240;71.441
12:09:49;21.750;18.240;71.428
12:09:52;21.751;18.240;71.421
12:09:53;21.751;18.240;71.421
12:09:55;21.751;18.241;71.429
12:09:57;21.751;18.240;71.421
12:09:59;21.751;18.242;71.434
12:10:01;21.751;18.241;71.429
12:10:02;21.751;18.243;71.440
12:10:04;21.751;18.248;71.481
12:10:06;21.752;18.249;71.481
12:10:08;21.753;18.251;71.487
12:10:10;21.753;18.252;71.494
12:10:11;21.755;18.252;71.484
12:10:13;21.755;18.255;71.508
12:10:15;21.764;18.251;71.422
12:10:17;21.765;18.254;71.433
12:10:19;21.768;18.256;71.432
12:10:20;21.768;18.256;71.432
12:10:22;21.768;18.256;71.432
12:10:24;21.768;18.256;71.432
12:10:26;21.768;18.256;71.432
12:10:28;21.768;18.256;71.432
12:10:30;21.768;18.256;71.432
12:10:32;21.768;18.256;71.432
12:10:33;21.768;18.256;71.432
12:10:35;21.768;18.256;71.432
12:10:37;21.768;18.256;71.432
12:10:39;21.770;18.256;71.418
12:10:41;21.769;18.258;71.441
12:10:43;21.774;18.256;71.387
12:10:44;21.773;18.258;71.412
12:10:46;21.778;18.258;71.375
12:10:48;21.781;18.264;71.403
12:10:50;21.780;18.264;71.403
12:10:52;21.783;18.271;71.437
12:10:54;21.784;18.269;71.413
12:10:56;21.784;18.270;71.423
12:10:58;21.784;18.272;71.435
12:10:59;21.784;18.271;71.430
12:11:01;21.784;18.273;71.443
12:11:03;21.784;18.273;71.443
12:11:05;21.784;18.273;71.443
12:11:07;21.784;18.273;71.443
12:11:08;21.784;18.273;71.443
12:11:10;21.784;18.273;71.443
12:11:12;21.784;18.273;71.443
12:11:14;21.784;18.273;71.443
12:11:16;21.785;18.273;71.432
12:11:17;21.788;18.273;71.417
12:11:20;21.786;18.273;71.425
12:11:21;21.791;18.275;71.413
12:11:23;21.794;18.275;71.392
12:11:25;21.796;18.274;71.371
12:11:27;21.799;18.275;71.358
12:11:29;21.798;18.281;71.410
12:11:30;21.800;18.281;71.395
12:11:32;21.798;18.283;71.422
12:11:34;21.800;18.288;71.447
12:11:36;21.800;18.288;71.446
12:11:38;21.800;18.287;71.439
12:11:39;21.800;18.288;71.446
12:11:41;21.800;18.289;71.454
12:11:43;21.800;18.286;71.433
12:11:45;21.800;18.289;71.454
12:11:47;21.800;18.289;71.454
12:11:48;21.800;18.289;71.454
12:11:50;21.801;18.289;71.447
12:11:52;21.800;18.289;71.454
12:11:54;21.801;18.289;71.448
12:11:56;21.806;18.289;71.411
12:11:57;21.807;18.289;71.406
12:11:59;21.813;18.289;71.363
12:12:01;21.814;18.289;71.360
12:12:03;21.816;18.289;71.342
12:12:05;21.815;18.290;71.356
12:12:07;21.816;18.290;71.354
12:12:09;21.816;18.291;71.357
12:12:10;21.816;18.294;71.379
12:12:13;21.816;18.299;71.417
12:12:15;21.817;18.296;71.389
12:12:16;21.816;18.300;71.429
12:12:18;21.817;18.305;71.461
12:12:20;21.816;18.301;71.437
12:12:22;21.817;18.304;71.450
12:12:24;21.822;18.305;71.424
12:12:25;21.823;18.305;71.420
12:12:27;21.823;18.305;71.420
12:12:29;21.827;18.305;71.392
12:12:31;21.831;18.305;71.364
12:12:33;21.829;18.305;71.380
12:12:34;21.832;18.305;71.360
12:12:36;21.832;18.305;71.360
12:12:38;21.833;18.305;71.353
12:12:40;21.833;18.305;71.353
12:12:42;21.833;18.305;71.353
12:12:43;21.833;18.310;71.390
12:12:45;21.833;18.308;71.375
12:12:47;21.833;18.310;71.390
12:12:49;21.834;18.312;71.397
12:12:51;21.833;18.316;71.440
12:12:53;21.834;18.317;71.438
12:12:55;21.833;18.319;71.456
12:12:56;21.836;18.321;71.455
12:12:58;21.833;18.321;71.469
12:13:00;21.836;18.321;71.452
12:13:02;21.838;18.321;71.435
12:13:04;21.838;18.321;71.438
12:13:06;21.847;18.321;71.377
12:13:08;21.848;18.321;71.370
12:13:10;21.847;18.321;71.377
12:13:12;21.848;18.321;71.368
12:13:14;21.848;18.321;71.370
12:13:15;21.849;18.322;71.368
12:13:17;21.849;18.321;71.363
12:13:19;21.849;18.322;71.371
12:13:21;21.849;18.322;71.371
12:13:23;21.849;18.323;71.379
12:13:24;21.849;18.325;71.393
12:13:26;21.849;18.330;71.431
12:13:28;21.851;18.329;71.408
12:13:30;21.849;18.336;71.479
12:13:32;21.850;18.332;71.436
12:13:34;21.849;18.335;71.466
12:13:36;21.857;18.337;71.428
12:13:38;21.857;18.336;71.415
12:13:39;21.860;18.337;71.407
12:13:41;21.858;18.335;71.400
12:13:43;21.862;18.336;71.385
12:13:45;21.865;18.337;71.374
12:13:46;21.864;18.337;71.381
12:13:48;21.865;18.337;71.374
12:13:50;21.865;18.337;71.374
12:13:52;21.865;18.337;71.374
12:13:54;21.865;18.337;71.374
12:13:55;21.865;18.337;71.374
12:13:57;21.865;18.337;71.374
12:13:59;21.865;18.338;71.381
12:14:01;21.865;18.339;71.385
12:14:03;21.865;18.340;71.394
12:14:04;21.865;18.343;71.420
12:14:06;21.865;18.343;71.416
12:14:08;21.867;18.343;71.402
12:14:10;21.872;18.348;71.406
12:14:12;21.875;18.347;71.374
12:14:13;21.878;18.351;71.387
12:14:16;21.879;18.348;71.353
12:14:18;21.879;18.351;71.376
12:14:19;21.879;18.354;71.397
12:14:21;21.879;18.352;71.384
12:14:23;21.881;18.354;71.385
12:14:25;21.881;18.354;71.385
12:14:27;21.881;18.354;71.385
12:14:28;21.881;18.354;71.385
12:14:30;21.881;18.354;71.385
12:14:32;21.881;18.354;71.385
12:14:34;21.881;18.354;71.385
12:14:36;21.881;18.354;71.385
12:14:37;21.881;18.354;71.385
12:14:39;21.885;18.354;71.360
12:14:41;21.888;18.354;71.339
12:14:43;21.888;18.354;71.337
12:14:45;21.889;18.359;71.376
12:14:47;21.889;18.358;71.366
12:14:49;21.895;18.360;71.338
12:14:51;21.896;18.359;71.323
12:14:53;21.896;18.363;71.353
12:14:54;21.897;18.364;71.352
12:14:56;21.897;18.367;71.375
12:14:58;21.897;18.370;71.395
12:15:00;21.897;18.370;71.395
12:15:02;21.897;18.368;71.383
12:15:03;21.897;18.370;71.395
12:15:05;21.897;18.370;71.395
12:15:08;21.897;18.370;71.395
12:15:09;21.897;18.370;71.395
12:15:12;21.898;18.370;71.391
12:15:14;21.898;18.370;71.389
12:15:15;21.900;18.370;71.375
12:15:17;21.901;18.370;71.368
12:15:19;21.900;18.370;71.378
12:15:21;21.900;18.370;71.375
12:15:23;21.910;18.370;71.311
12:15:24;21.905;18.370;71.340
12:15:26;21.908;18.371;71.331
12:15:28;21.912;18.371;71.306
12:15:30;21.912;18.373;71.317
12:15:32;21.912;18.373;71.317
12:15:33;21.914;18.370;71.283
12:15:35;21.914;18.380;71.363
12:15:37;21.914;18.379;71.356
12:15:39;21.914;18.383;71.383
12:15:41;21.914;18.384;71.391
12:15:43;21.914;18.386;71.406
12:15:44;21.914;18.386;71.407
12:15:46;21.914;18.385;71.399
12:15:48;21.914;18.386;71.407
12:15:50;21.914;18.386;71.407
12:15:52;21.914;18.386;71.407
12:15:54;21.914;18.386;71.407
12:15:56;21.915;18.386;71.400
12:15:57;21.914;18.386;71.407
12:15:59;21.916;18.386;71.393
12:16:01;21.916;18.386;71.387
12:16:03;21.917;18.387;71.388
12:16:05;21.923;18.386;71.341
12:16:06;21.920;18.386;71.359
12:16:08;21.928;18.386;71.308
12:16:10;21.929;18.391;71.339
12:16:12;21.929;18.389;71.321
12:16:14;21.929;18.390;71.329
12:16:16;21.930;18.397;71.379
12:16:18;21.930;18.399;71.394
12:16:19;21.930;18.399;71.394
12:16:21;21.930;18.397;71.381
12:16:23;21.930;18.401;71.409
12:16:25;21.930;18.402;71.417
12:16:27;21.930;18.400;71.404
12:16:29;21.930;18.402;71.417
12:16:31;21.930;18.402;71.417
12:16:32;21.930;18.402;71.417
12:16:34;21.930;18.402;71.417
12:16:36;21.930;18.402;71.417
12:16:38;21.931;18.402;71.410
12:16:40;21.934;18.402;71.389
12:16:41;21.933;18.402;71.392
12:16:43;21.933;18.402;71.392
12:16:45;21.937;18.402;71.365
12:16:47;21.936;18.402;71.376
12:16:49;21.938;18.402;71.363
12:16:50;21.944;18.402;71.316
12:16:52;21.943;18.403;71.334
12:16:54;21.943;18.407;71.361
12:16:56;21.945;18.408;71.355
12:16:57;21.946;18.411;71.371
12:16:59;21.946;18.410;71.362
12:17:01;21.946;18.413;71.392
12:17:03;21.946;18.414;71.392
12:17:05;21.946;18.411;71.370
12:17:06;21.946;18.415;71.405
12:17:08;21.946;18.418;71.428
12:17:10;21.946;18.416;71.408
12:17:12;21.946;18.417;71.421
12:17:14;21.947;18.418;71.421
12:17:15;21.946;18.418;71.428
12:17:17;21.946;18.418;71.428
12:17:19;21.947;18.417;71.408
12:17:21;21.949;18.418;71.411
12:17:23;21.947;18.418;71.422
12:17:24;21.951;18.418;71.395
12:17:26;21.950;18.418;71.400
12:17:28;21.950;18.418;71.404
12:17:30;21.953;18.418;71.382
12:17:32;21.955;18.418;71.368
12:17:33;21.955;18.418;71.363
12:17:35;21.953;18.418;71.383
12:17:37;21.959;18.418;71.342
12:17:39;21.960;18.418;71.330
12:17:41;21.961;18.418;71.323
12:17:42;21.962;18.418;71.316
12:17:44;21.962;18.419;71.324
12:17:46;21.962;18.418;71.316
12:17:48;21.962;18.421;71.339
12:17:50;21.962;18.423;71.351
12:17:51;21.962;18.421;71.339
12:17:53;21.962;18.423;71.353
12:17:55;21.962;18.427;71.381
12:17:57;21.962;18.425;71.368
12:17:59;21.962;18.427;71.381
12:18:01;21.962;18.426;71.374
12:18:03;21.963;18.433;71.419
12:18:05;21.962;18.430;71.403
12:18:06;21.964;18.430;71.392
12:18:08;21.964;18.432;71.410
12:18:10;21.968;18.432;71.377
12:18:12;21.969;18.435;71.394
12:18:14;21.964;18.435;71.428
12:18:16;21.970;18.433;71.380
12:18:18;21.972;18.435;71.372
12:18:19;21.969;18.435;71.394
12:18:21;21.977;18.435;71.334
12:18:23;21.975;18.435;71.350
12:18:25;21.978;18.435;71.327
12:18:27;21.978;18.435;71.327
12:18:29;21.978;18.435;71.327
12:18:31;21.978;18.435;71.327
12:18:33;21.978;18.435;71.327
12:18:35;21.978;18.435;71.327
12:18:37;21.978;18.435;71.327
12:18:39;21.978;18.435;71.327
12:18:41;21.978;18.435;71.327
12:18:43;21.978;18.435;71.327
12:18:45;21.978;18.435;71.335
12:18:47;21.979;18.438;71.348
12:18:49;21.978;18.437;71.349
12:18:51;21.979;18.441;71.369
12:18:53;21.981;18.439;71.346
12:18:55;21.980;18.443;71.377
12:18:57;21.980;18.447;71.406
12:18:59;21.982;18.448;71.404
12:19:00;21.983;18.444;71.367
12:19:02;21.984;18.449;71.397
12:19:04;21.985;18.448;71.380
12:19:06;21.983;18.449;71.407
12:19:07;21.987;18.448;71.372
12:19:09;21.991;18.451;71.366
12:19:12;21.992;18.449;71.344
12:19:13;21.995;18.451;71.338
12:19:16;21.994;18.451;71.344
12:19:18;21.995;18.451;71.338
12:19:19;21.994;18.451;71.345
12:19:21;21.994;18.451;71.342
12:19:23;21.995;18.451;71.338
12:19:25;21.995;18.451;71.338
12:19:27;21.995;18.451;71.338
12:19:28;21.995;18.451;71.338
12:19:30;21.995;18.451;71.338
12:19:32;21.995;18.451;71.338
12:19:34;21.995;18.451;71.338
12:19:36;21.995;18.451;71.338
12:19:37;21.995;18.451;71.333
12:19:39;21.995;18.451;71.338
12:19:41;21.995;18.451;71.342
12:19:43;21.996;18.451;71.331
12:19:45;21.995;18.452;71.345
12:19:47;21.996;18.455;71.357
12:19:49;21.996;18.451;71.331
12:19:50;21.995;18.454;71.360
12:19:52;21.998;18.453;71.330
12:19:54;22.000;18.457;71.354
12:19:56;21.998;18.459;71.378
12:19:58;22.000;18.462;71.383
12:19:59;21.999;18.462;71.397
12:20:01;22.007;18.463;71.345
12:20:03;22.003;18.465;71.389
12:20:05;22.008;18.465;71.356
12:20:06;22.010;18.464;71.333
12:20:09;22.007;18.466;71.367
12:20:11;22.010;18.467;71.356
12:20:12;22.010;18.465;71.343
12:20:15;22.011;18.467;71.349
12:20:16;22.011;18.466;71.341
12:20:18;22.011;18.467;71.349
12:20:20;22.011;18.467;71.349
12:20:22;22.011;18.467;71.349
12:20:24;22.011;18.467;71.349
12:20:25;22.011;18.467;71.349
12:20:28;22.011;18.467;71.349
12:20:29;22.011;18.467;71.349
12:20:31;22.011;18.467;71.349
12:20:33;22.011;18.467;71.349
12:20:35;22.011;18.467;71.349
12:20:37;22.011;18.467;71.349
12:20:38;22.011;18.467;71.349
12:20:40;22.011;18.467;71.349
12:20:42;22.012;18.467;71.342
12:20:44;22.011;18.467;71.349
12:20:46;22.011;18.467;71.349
12:20:47;22.011;18.467;71.349
12:20:49;22.011;18.467;71.345
12:20:51;22.011;18.468;71.356
12:20:53;22.013;18.468;71.343
12:20:54;22.012;18.469;71.357
12:20:56;22.015;18.471;71.348
12:20:59;22.018;18.469;71.315
12:21:00;22.020;18.472;71.325
12:21:02;22.020;18.471;71.321
12:21:04;22.022;18.471;71.308
12:21:06;22.020;18.475;71.342
12:21:08;22.024;18.472;71.298
12:21:10;22.027;18.477;71.313
12:21:12;22.024;18.479;71.348
12:21:13;22.025;18.479;71.344
12:21:15;22.027;18.483;71.360
12:21:17;22.026;18.482;71.358
12:21:19;22.027;18.482;71.352
12:21:21;22.027;18.480;71.339
12:21:22;22.027;18.481;71.347
12:21:24;22.027;18.482;71.352
12:21:26;22.027;18.483;71.360
12:21:28;22.027;18.482;71.352
12:21:30;22.027;18.483;71.360
12:21:32;22.027;18.483;71.360
12:21:34;22.027;18.483;71.360
12:21:36;22.027;18.483;71.360
12:21:38;22.027;18.483;71.360
12:21:40;22.027;18.483;71.359
12:21:42;22.027;18.483;71.360
12:21:44;22.027;18.483;71.360
12:21:45;22.028;18.483;71.353
12:21:47;22.029;18.483;71.348
12:21:49;22.029;18.483;71.347
12:21:51;22.032;18.483;71.325
12:21:53;22.031;18.483;71.333
12:21:54;22.032;18.483;71.326
12:21:56;22.035;18.483;71.308
12:21:58;22.034;18.484;71.321
12:22:00;22.039;18.485;71.294
12:22:02;22.038;18.484;71.294
12:22:03;22.041;18.483;71.262
12:22:05;22.041;18.485;71.281
12:22:07;22.042;18.485;71.269
12:22:09;22.042;18.485;71.267
12:22:11;22.043;18.488;71.283
12:22:13;22.043;18.491;71.309
12:22:15;22.043;18.490;71.297
12:22:17;22.043;18.495;71.340
12:22:19;22.043;18.496;71.344
12:22:20;22.043;18.497;71.355
12:22:22;22.043;18.499;71.370
12:22:24;22.043;18.497;71.350
12:22:26;22.043;18.498;71.362
12:22:28;22.043;18.498;71.357
12:22:30;22.043;18.499;71.370
12:22:32;22.043;18.499;71.370
12:22:34;22.043;18.498;71.363
12:22:35;22.043;18.499;71.370
12:22:37;22.045;18.499;71.357
12:22:39;22.043;18.499;71.370
12:22:41;22.043;18.499;71.370
12:22:43;22.043;18.499;71.370
12:22:44;22.043;18.499;71.370
12:22:46;22.045;18.499;71.356
12:22:48;22.043;18.499;71.370
12:22:50;22.043;18.499;71.370
12:22:52;22.043;18.499;71.370
12:22:54;22.044;18.499;71.363
12:22:56;22.046;18.499;71.350
12:22:58;22.048;18.499;71.336
12:23:00;22.048;18.499;71.339
12:23:01;22.049;18.499;71.331
12:23:03;22.053;18.499;71.305
12:23:05;22.052;18.499;71.312
12:23:07;22.056;18.500;71.292
12:23:09;22.055;18.500;71.294
12:23:10;22.059;18.500;71.273
12:23:12;22.058;18.499;71.270
12:23:14;22.056;18.500;71.287
12:23:16;22.059;18.501;71.278
12:23:18;22.060;18.501;71.271
12:23:19;22.060;18.502;71.279
12:23:21;22.059;18.501;71.281
12:23:23;22.060;18.507;71.316
12:23:25;22.060;18.502;71.280
12:23:27;22.060;18.501;71.274
12:23:28;22.060;18.503;71.284
12:23:30;22.060;18.510;71.336
12:23:32;22.060;18.509;71.331
12:23:34;22.060;18.509;71.331
12:23:36;22.060;18.510;71.339
12:23:37;22.060;18.512;71.358
12:23:39;22.060;18.511;71.346
12:23:41;22.060;18.513;71.366
12:23:43;22.060;18.513;71.366
12:23:45;22.060;18.515;71.381
12:23:46;22.060;18.514;71.368
12:23:48;22.060;18.515;71.381
12:23:50;22.060;18.515;71.381
12:23:52;22.060;18.515;71.381
12:23:54;22.060;18.515;71.381
12:23:55;22.060;18.515;71.381
12:23:57;22.061;18.515;71.374
12:23:59;22.063;18.515;71.357
12:24:01;22.063;18.515;71.355
12:24:03;22.062;18.515;71.363
12:24:04;22.063;18.515;71.354
12:24:06;22.062;18.515;71.367
12:24:08;22.067;18.515;71.333
12:24:10;22.067;18.515;71.327
12:24:12;22.069;18.515;71.313
12:24:13;22.069;18.515;71.315
12:24:15;22.068;18.515;71.323
12:24:17;22.072;18.515;71.293
12:24:19;22.073;18.515;71.288
12:24:21;22.075;18.515;71.277
12:24:22;22.073;18.515;71.288
12:24:24;22.075;18.515;71.274
12:24:26;22.076;18.516;71.277
12:24:28;22.075;18.518;71.296
12:24:29;22.076;18.517;71.277
12:24:31;22.076;18.519;71.294
12:24:33;22.076;18.518;71.291
12:24:35;22.076;18.516;71.277
12:24:37;22.075;18.519;71.306
12:24:38;22.076;18.520;71.303
12:24:40;22.076;18.521;71.310
12:24:42;22.076;18.524;71.334
12:24:44;22.076;18.523;71.329
12:24:46;22.076;18.524;71.333
12:24:47;22.076;18.526;71.346
12:24:49;22.076;18.531;71.384
12:24:51;22.076;18.527;71.356
12:24:53;22.076;18.527;71.354
12:24:55;22.076;18.532;71.391
12:24:56;22.076;18.530;71.376
12:24:58;22.076;18.528;71.363
12:25:00;22.076;18.525;71.341
12:25:02;22.076;18.527;71.356
12:25:04;22.076;18.530;71.379
12:25:05;22.076;18.532;71.392
12:25:07;22.076;18.532;71.392
12:25:09;22.076;18.531;71.384
12:25:11;22.076;18.531;71.384
12:25:13;22.077;18.530;71.368
12:25:14;22.077;18.532;71.385
12:25:16;22.077;18.531;71.377
12:25:18;22.080;18.531;71.358
12:25:20;22.077;18.532;71.386
12:25:23;22.080;18.532;71.364
12:25:24;22.084;18.532;71.333
12:25:26;22.085;18.532;71.326
12:25:28;22.082;18.532;71.347
12:25:30;22.085;18.532;71.326
12:25:32;22.092;18.532;71.280
12:25:33;22.092;18.532;71.280
12:25:35;22.091;18.532;71.287
12:25:37;22.090;18.532;71.294
12:25:39;22.091;18.532;71.287
12:25:41;22.092;18.532;71.280
12:25:42;22.092;18.533;71.288
12:25:44;22.091;18.532;71.287
12:25:46;22.092;18.532;71.280
12:25:48;22.092;18.532;71.280
12:25:50;22.092;18.534;71.295
12:25:51;22.092;18.533;71.287
12:25:53;22.092;18.533;71.288
12:25:55;22.092;18.533;71.288
12:25:57;22.092;18.533;71.288
12:25:59;22.092;18.535;71.302
12:26:00;22.092;18.534;71.295
12:26:02;22.092;18.532;71.280
12:26:04;22.092;18.534;71.295
12:26:06;22.092;18.535;71.307
12:26:08;22.092;18.536;71.314
12:26:09;22.092;18.539;71.332
12:26:11;22.092;18.538;71.329
12:26:13;22.092;18.540;71.344
12:26:15;22.092;18.543;71.368
12:26:17;22.093;18.539;71.330
12:26:18;22.092;18.543;71.365
12:26:20;22.092;18.542;71.360
12:26:22;22.095;18.542;71.336
12:26:24;22.095;18.548;71.385
12:26:26;22.097;18.544;71.337
12:26:27;22.101;18.544;71.310
12:26:29;22.098;18.546;71.351
12:26:31;22.096;18.547;71.367
12:26:33;22.101;18.548;71.337
12:26:35;22.098;18.546;71.349
12:26:36;22.104;18.546;71.306
12:26:38;22.105;18.548;71.311
12:26:40;22.108;18.548;71.291
12:26:42;22.106;18.548;71.303
12:26:44;22.107;18.548;71.298
12:26:46;22.108;18.548;71.291
12:26:47;22.106;18.548;71.305
12:26:49;22.106;18.548;71.305
12:26:51;22.108;18.548;71.291
12:26:53;22.108;18.548;71.291
12:26:55;22.108;18.548;71.291
12:26:57;22.108;18.548;71.291
12:26:59;22.108;18.548;71.291
12:27:01;22.108;18.548;71.291
12:27:02;22.108;18.548;71.291
12:27:04;22.108;18.548;71.291
12:27:06;22.108;18.549;71.299
12:27:08;22.108;18.549;71.299
12:27:10;22.108;18.549;71.302
12:27:11;22.108;18.549;71.299
12:27:13;22.108;18.550;71.303
12:27:15;22.108;18.551;71.311
12:27:17;22.109;18.552;71.317
12:27:19;22.108;18.550;71.306
12:27:21;22.108;18.553;71.326
12:27:23;22.110;18.555;71.330
12:27:25;22.108;18.558;71.367
12:27:27;22.109;18.557;71.353
12:27:29;22.112;18.558;71.345
12:27:31;22.109;18.559;71.368
12:27:33;22.112;18.559;71.347
12:27:34;22.112;18.555;71.322
12:27:36;22.113;18.564;71.381
12:27:38;22.113;18.560;71.350
12:27:40;22.115;18.558;71.321
12:27:42;22.113;18.562;71.367
12:27:43;22.113;18.558;71.332
12:27:45;22.115;18.559;71.332
12:27:47;22.115;18.564;71.369
12:27:49;22.115;18.561;71.348
12:27:51;22.116;18.564;71.357
12:27:52;22.115;18.564;71.369
12:27:54;22.118;18.564;71.348
12:27:56;22.119;18.564;71.341
12:27:58;22.117;18.561;71.332
12:28:00;22.120;18.563;71.326
12:28:03;22.121;18.564;71.327
12:28:04;22.121;18.561;71.301
12:28:06;22.120;18.564;71.329
12:28:08;22.122;18.562;71.303
12:28:10;22.124;18.564;71.307
12:28:12;22.121;18.563;71.319
12:28:14;22.122;18.564;71.320
12:28:15;22.122;18.564;71.320
12:28:17;22.124;18.564;71.301
12:28:19;22.123;18.564;71.308
12:28:21;22.122;18.564;71.315
12:28:23;22.124;18.564;71.301
12:28:25;22.124;18.564;71.302
12:28:27;22.124;18.564;71.302
12:28:28;22.124;18.564;71.302
12:28:30;22.124;18.564;71.301
12:28:32;22.124;18.564;71.301
12:28:34;22.124;18.564;71.301
12:28:36;22.124;18.564;71.301
12:28:37;22.124;18.564;71.301
12:28:39;22.124;18.564;71.301
12:28:41;22.124;18.564;71.301
12:28:43;22.124;18.564;71.301
12:28:45;22.124;18.564;71.301
12:28:46;22.124;18.564;71.301
12:28:48;22.124;18.564;71.301
12:28:50;22.124;18.564;71.301
12:28:52;22.124;18.564;71.301
12:28:54;22.124;18.564;71.301
12:28:55;22.124;18.564;71.301
12:28:57;22.124;18.564;71.301
12:28:59;22.124;18.564;71.301
12:29:01;22.124;18.564;71.301
12:29:03;22.126;18.564;71.287
12:29:04;22.124;18.564;71.301
12:29:06;22.124;18.565;71.309
12:29:08;22.124;18.564;71.301
12:29:10;22.128;18.564;71.277
12:29:12;22.127;18.565;71.290
12:29:13;22.130;18.569;71.296
12:29:15;22.130;18.567;71.283
12:29:17;22.129;18.568;71.301
12:29:19;22.130;18.569;71.298
12:29:21;22.129;18.570;71.312
12:29:22;22.133;18.569;71.280
12:29:24;22.132;18.570;71.288
12:29:26;22.136;18.574;71.294
12:29:28;22.134;18.571;71.283
12:29:30;22.137;18.576;71.306
12:29:32;22.135;18.575;71.310
12:29:35;22.138;18.578;71.317
12:29:36;22.137;18.574;71.287
12:29:38;22.137;18.578;71.322
12:29:40;22.138;18.575;71.291
12:29:42;22.138;18.575;71.288
12:29:44;22.141;18.579;71.305
12:29:45;22.141;18.579;71.305
12:29:48;22.140;18.580;71.319
12:29:49;22.141;18.580;71.312
12:29:51;22.141;18.580;71.312
12:29:53;22.139;18.580;71.324
12:29:55;22.141;18.580;71.312
12:29:57;22.141;18.580;71.312
12:29:59;22.141;18.580;71.312
12:30:01;22.141;18.580;71.312
12:30:03;22.141;18.580;71.312
12:30:04;22.141;18.580;71.312
12:30:06;22.141;18.580;71.312
12:30:08;22.141;18.580;71.312
12:30:10;22.141;18.580;71.312
12:30:12;22.141;18.580;71.312
12:30:13;22.141;18.580;71.312
12:30:15;22.141;18.580;71.312
12:30:17;22.141;18.580;71.312
12:30:19;22.141;18.580;71.312
12:30:21;22.141;18.580;71.312
12:30:22;22.141;18.580;71.312
12:30:24;22.142;18.580;71.305
12:30:26;22.141;18.580;71.312
12:30:28;22.141;18.580;71.312
12:30:30;22.141;18.580;71.312
12:30:31;22.141;18.580;71.312
12:30:33;22.141;18.580;71.312
12:30:35;22.141;18.580;71.312
12:30:37;22.141;18.580;71.312
12:30:38;22.141;18.580;71.312
12:30:40;22.141;18.580;71.312
12:30:42;22.143;18.580;71.298
12:30:44;22.145;18.581;71.293
12:30:46;22.145;18.580;71.284
12:30:48;22.144;18.581;71.296
12:30:50;22.147;18.580;71.268
12:30:51;22.145;18.583;71.301
12:30:53;22.147;18.582;71.280
12:30:55;22.146;18.581;71.280
12:30:57;22.149;18.583;71.272
12:30:59;22.149;18.582;71.268
12:31:01;22.154;18.583;71.245
12:31:03;22.152;18.585;71.269
12:31:04;22.154;18.586;71.263
12:31:06;22.150;18.587;71.299
12:31:08;22.155;18.590;71.287
12:31:10;22.156;18.587;71.257
12:31:12;22.155;18.587;71.267
12:31:13;22.155;18.588;71.267
12:31:15;22.155;18.592;71.306
12:31:17;22.154;18.591;71.304
12:31:19;22.157;18.593;71.295
12:31:21;22.157;18.593;71.295
12:31:22;22.157;18.592;71.288
12:31:25;22.157;18.593;71.293
12:31:27;22.156;18.594;71.314
12:31:28;22.156;18.592;71.299
12:31:30;22.157;18.595;71.309
12:31:32;22.157;18.594;71.308
12:31:34;22.157;18.594;71.308
12:31:36;22.157;18.596;71.323
12:31:37;22.157;18.596;71.323
12:31:39;22.157;18.594;71.308
12:31:41;22.157;18.595;71.315
12:31:43;22.157;18.596;71.323
12:31:44;22.157;18.595;71.315
12:31:46;22.157;18.596;71.323
12:31:48;22.157;18.596;71.323
12:31:50;22.157;18.595;71.315
12:31:52;22.157;18.596;71.323
12:31:53;22.157;18.596;71.323
12:31:55;22.157;18.596;71.323
12:31:57;22.157;18.596;71.323
12:31:59;22.157;18.596;71.323
12:32:01;22.157;18.596;71.323
12:32:02;22.157;18.596;71.323
12:32:04;22.157;18.596;71.323
12:32:06;22.157;18.596;71.323
12:32:08;22.157;18.596;71.323
12:32:10;22.157;18.596;71.323
12:32:11;22.157;18.596;71.323
12:32:13;22.157;18.596;71.323
12:32:15;22.157;18.596;71.323
12:32:17;22.157;18.596;71.323
12:32:19;22.157;18.596;71.323
12:32:21;22.157;18.596;71.323
12:32:23;22.158;18.596;71.316
12:32:25;22.158;18.596;71.317
12:32:27;22.157;18.596;71.323
12:32:29;22.157;18.596;71.323
12:32:31;22.160;18.596;71.302
12:32:32;22.161;18.596;71.297
12:32:34;22.160;18.598;71.316
12:32:36;22.161;18.597;71.299
12:32:38;22.160;18.597;71.310
12:32:40;22.161;18.602;71.339
12:32:41;22.162;18.599;71.309
12:32:43;22.170;18.602;71.275
12:32:45;22.160;18.603;71.351
12:32:47;22.166;18.604;71.315
12:32:49;22.164;18.606;71.341
12:32:50;22.161;18.607;71.372
12:32:52;22.168;18.602;71.291
12:32:54;22.165;18.604;71.324
12:32:56;22.171;18.604;71.282
12:32:58;22.169;18.608;71.325
12:32:59;22.171;18.606;71.299
12:33:01;22.168;18.609;71.338
12:33:03;22.170;18.610;71.329
12:33:05;22.172;18.608;71.306
12:33:07;22.172;18.608;71.305
12:33:09;22.173;18.613;71.334
12:33:11;22.172;18.611;71.325
12:33:12;22.173;18.611;71.321
12:33:14;22.172;18.613;71.341
12:33:16;22.172;18.612;71.333
12:33:18;22.173;18.611;71.321
12:33:20;22.173;18.611;71.319
12:33:21;22.173;18.611;71.321
12:33:23;22.173;18.611;71.321
12:33:25;22.173;18.613;71.334
12:33:27;22.173;18.613;71.334
12:33:29;22.173;18.611;71.321
12:33:30;22.173;18.613;71.334
12:33:32;22.173;18.613;71.334
12:33:34;22.173;18.613;71.334
12:33:36;22.173;18.613;71.334
12:33:38;22.173;18.613;71.334
12:33:39;22.173;18.613;71.334
12:33:41;22.173;18.613;71.334
12:33:43;22.173;18.613;71.334
12:33:45;22.173;18.613;71.334
12:33:47;22.173;18.613;71.334
12:33:49;22.173;18.613;71.334
12:33:51;22.173;18.613;71.334
12:33:53;22.173;18.613;71.334
12:33:54;22.173;18.613;71.334
12:33:56;22.173;18.613;71.334
12:33:58;22.174;18.613;71.327
12:34:00;22.173;18.613;71.334
12:34:02;22.173;18.613;71.334
12:34:03;22.173;18.613;71.334
12:34:05;22.173;18.613;71.334
12:34:08;22.174;18.613;71.327
12:34:09;22.175;18.613;71.322
12:34:11;22.174;18.613;71.327
12:34:13;22.176;18.613;71.313
12:34:15;22.175;18.613;71.321
12:34:17;22.177;18.613;71.304
12:34:18;22.181;18.613;71.280
12:34:20;22.179;18.613;71.295
12:34:22;22.181;18.614;71.287
12:34:24;22.185;18.613;71.255
12:34:26;22.183;18.614;71.269
12:34:27;22.188;18.614;71.237
12:34:29;22.183;18.613;71.268
12:34:31;22.184;18.615;71.276
12:34:33;22.185;18.615;71.269
12:34:35;22.185;18.615;71.275
12:34:36;22.182;18.619;71.326
12:34:38;22.188;18.620;71.281
12:34:40;22.187;18.617;71.267
12:34:42;22.189;18.618;71.266
12:34:44;22.188;18.621;71.295
12:34:45;22.189;18.620;71.279
12:34:47;22.187;18.619;71.285
12:34:49;22.189;18.625;71.316
12:34:51;22.189;18.622;71.295
12:34:53;22.189;18.625;71.317
12:34:55;22.189;18.625;71.317
12:34:57;22.189;18.624;71.309
12:34:58;22.189;18.624;71.309
12:35:00;22.189;18.626;71.325
12:35:02;22.189;18.627;71.330
12:35:04;22.189;18.627;71.330
12:35:05;22.189;18.625;71.312
12:35:07;22.189;18.626;71.325
12:35:09;22.189;18.627;71.328
12:35:11;22.189;18.626;71.325
12:35:13;22.189;18.629;71.345
12:35:15;22.189;18.629;71.345
12:35:17;22.189;18.629;71.345
12:35:19;22.189;18.629;71.345
12:35:21;22.189;18.628;71.337
12:35:23;22.189;18.628;71.337
12:35:25;22.190;18.629;71.338
12:35:27;22.189;18.629;71.345
12:35:28;22.189;18.629;71.345
12:35:30;22.189;18.629;71.345
12:35:32;22.189;18.629;71.345
12:35:34;22.189;18.629;71.345
12:35:36;22.189;18.629;71.345
12:35:37;22.189;18.629;71.345
12:35:39;22.189;18.629;71.345
12:35:41;22.191;18.629;71.331
12:35:43;22.189;18.629;71.345
12:35:45;22.189;18.629;71.345
12:35:46;22.190;18.629;71.338
12:35:48;22.191;18.629;71.334
12:35:50;22.189;18.629;71.345
12:35:52;22.192;18.629;71.327
12:35:54;22.191;18.629;71.332
12:35:55;22.194;18.629;71.315
12:35:57;22.192;18.629;71.328
12:35:59;22.198;18.629;71.287
12:36:01;22.198;18.629;71.284
12:36:03;22.193;18.629;71.320
12:36:05;22.195;18.629;71.304
12:36:07;22.197;18.630;71.301
12:36:08;22.195;18.629;71.303
12:36:10;22.198;18.629;71.286
12:36:12;22.197;18.629;71.294
12:36:14;22.197;18.629;71.294
12:36:16;22.201;18.632;71.288
12:36:17;22.202;18.629;71.254
12:36:19;22.201;18.635;71.313
12:36:21;22.202;18.633;71.285
12:36:23;22.204;18.633;71.269
12:36:25;22.202;18.632;71.277
12:36:26;22.205;18.638;71.306
12:36:28;22.204;18.634;71.283
12:36:30;22.203;18.635;71.297
12:36:32;22.202;18.636;71.308
12:36:34;22.204;18.640;71.327
12:36:35;22.203;18.639;71.331
12:36:38;22.205;18.639;71.308
12:36:39;22.205;18.643;71.340
12:36:41;22.205;18.638;71.306
12:36:43;22.204;18.641;71.337
12:36:45;22.205;18.641;71.328
12:36:47;22.205;18.641;71.328
12:36:48;22.205;18.644;71.348
12:36:50;22.205;18.642;71.329
12:36:52;22.204;18.644;71.355
12:36:54;22.205;18.643;71.341
12:36:56;22.205;18.642;71.335
12:36:57;22.205;18.643;71.341
12:36:59;22.205;18.645;71.356
12:37:01;22.205;18.644;71.348
12:37:03;22.204;18.644;71.360
12:37:05;22.205;18.644;71.348
12:37:07;22.205;18.645;71.356
12:37:09;22.205;18.645;71.356
12:37:10;22.205;18.644;71.348
12:37:12;22.205;18.644;71.348
12:37:14;22.205;18.645;71.356
12:37:16;22.205;18.645;71.356
12:37:18;22.205;18.645;71.356
12:37:19;22.205;18.645;71.356
12:37:21;22.205;18.645;71.356
12:37:23;22.205;18.645;71.356
12:37:25;22.205;18.645;71.356
12:37:27;22.205;18.645;71.356
12:37:28;22.205;18.645;71.356
12:37:30;22.205;18.645;71.356
12:37:32;22.205;18.645;71.356
12:37:34;22.205;18.645;71.356
12:37:36;22.205;18.645;71.356
12:37:37;22.205;18.645;71.356
12:37:39;22.205;18.645;71.356
12:37:41;22.207;18.645;71.342
12:37:43;22.207;18.645;71.342
12:37:45;22.207;18.645;71.346
12:37:47;22.206;18.645;71.349
12:37:49;22.210;18.645;71.328
12:37:51;22.210;18.645;71.324
12:37:53;22.212;18.645;71.311
12:37:54;22.214;18.645;71.300
12:37:56;22.211;18.645;71.319
12:37:58;22.212;18.646;71.318
12:38:00;22.213;18.645;71.306
12:38:02;22.211;18.645;71.319
12:38:03;22.215;18.645;71.291
12:38:05;22.210;18.646;71.329
12:38:07;22.213;18.645;71.304
12:38:09;22.213;18.645;71.304
12:38:11;22.215;18.649;71.319
12:38:12;22.215;18.648;71.307
12:38:14;22.217;18.648;71.298
12:38:16;22.220;18.649;71.288
12:38:18;22.220;18.649;71.286
12:38:20;22.220;18.648;71.279
12:38:21;22.222;18.651;71.288
12:38:23;22.221;18.653;71.309
12:38:25;22.222;18.653;71.302
12:38:27;22.220;18.651;71.299
12:38:29;22.217;18.652;71.326
12:38:30;22.218;18.653;71.328
12:38:32;22.222;18.652;71.300
12:38:34;22.222;18.656;71.324
12:38:36;22.220;18.655;71.328
12:38:38;22.220;18.653;71.316
12:38:39;22.222;18.652;71.298
12:38:41;22.222;18.652;71.294
12:38:43;22.221;18.655;71.324
12:38:45;22.220;18.652;71.308
12:38:47;22.221;18.654;71.316
12:38:48;22.222;18.652;71.300
12:38:50;22.221;18.656;71.331
12:38:52;22.222;18.659;71.352
12:38:54;22.220;18.657;71.346
12:38:56;22.220;18.658;71.353
12:38:57;22.222;18.657;71.332
12:38:59;22.222;18.659;71.352
12:39:01;22.222;18.661;71.367
12:39:03;22.222;18.661;71.367
12:39:05;22.222;18.659;71.347
12:39:06;22.222;18.658;71.339
12:39:08;22.222;18.660;71.355
12:39:10;22.222;18.660;71.360
12:39:12;22.222;18.661;71.367
12:39:14;22.222;18.660;71.360
12:39:15;22.222;18.661;71.367
12:39:17;22.222;18.661;71.367
12:39:19;22.222;18.660;71.360
12:39:21;22.222;18.660;71.360
12:39:23;22.222;18.661;71.367
12:39:24;22.222;18.661;71.367
12:39:26;22.222;18.661;71.368
12:39:28;22.222;18.661;71.368
12:39:30;22.222;18.660;71.360
12:39:32;22.222;18.661;71.368
12:39:34;22.222;18.660;71.360
12:39:36;22.222;18.661;71.368
12:39:37;22.224;18.661;71.354
12:39:39;22.223;18.661;71.361
12:39:41;22.222;18.661;71.368
12:39:43;22.222;18.661;71.368
12:39:45;22.222;18.661;71.368
12:39:47;22.222;18.661;71.368
12:39:49;22.223;18.661;71.361
12:39:50;22.222;18.661;71.363
12:39:53;22.224;18.661;71.350
12:39:55;22.224;18.661;71.354
12:39:56;22.224;18.661;71.354
12:39:58;22.225;18.661;71.341
12:40:00;22.225;18.661;71.347
12:40:02;22.226;18.661;71.340
12:40:04;22.223;18.661;71.362
12:40:05;22.222;18.662;71.375
12:40:07;22.227;18.661;71.334
12:40:09;22.228;18.661;71.327
12:40:11;22.225;18.662;71.355
12:40:13;22.227;18.661;71.333
12:40:15;22.228;18.661;71.322
12:40:17;22.227;18.661;71.330
12:40:18;22.226;18.661;71.337
12:40:20;22.226;18.661;71.340
12:40:22;22.228;18.661;71.322
12:40:24;22.223;18.661;71.357
12:40:26;22.226;18.661;71.336
12:40:28;22.226;18.661;71.340
12:40:29;22.228;18.661;71.326
12:40:31;22.226;18.661;71.337
12:40:33;22.228;18.662;71.328
12:40:35;22.231;18.661;71.302
12:40:37;22.236;18.661;71.271
12:40:38;22.232;18.661;71.296
12:40:40;22.236;18.661;71.271
12:40:42;22.234;18.662;71.288
12:40:44;22.234;18.661;71.285
12:40:46;22.234;18.662;71.290
12:40:47;22.236;18.664;71.292
12:40:49;22.236;18.662;71.276
12:40:51;22.238;18.666;71.290
12:40:53;22.237;18.663;71.278
12:40:55;22.238;18.668;71.305
12:40:56;22.238;18.665;71.287
12:40:58;22.236;18.665;71.301
12:41:01;22.236;18.664;71.290
12:41:02;22.237;18.668;71.312
12:41:04;22.238;18.668;71.306
12:41:06;22.238;18.666;71.290
12:41:08;22.238;18.670;71.321
12:41:10;22.238;18.667;71.299
12:41:11;22.238;18.666;71.291
12:41:13;22.238;18.670;71.320
12:41:15;22.238;18.669;71.314
12:41:17;22.238;18.668;71.309
12:41:18;22.238;18.670;71.320
12:41:20;22.238;18.671;71.328
12:41:22;22.238;18.674;71.356
12:41:24;22.238;18.672;71.335
12:41:26;22.238;18.671;71.331
12:41:27;22.238;18.670;71.321
12:41:29;22.238;18.672;71.338
12:41:31;22.238;18.672;71.335
12:41:33;22.238;18.674;71.356
12:41:35;22.238;18.673;71.343
12:41:36;22.238;18.671;71.328
12:41:38;22.238;18.674;71.352
12:41:40;22.238;18.674;71.356
12:41:42;22.238;18.676;71.371
12:41:44;22.238;18.677;71.378
12:41:45;22.238;18.673;71.348
12:41:47;22.238;18.677;71.378
12:41:49;22.238;18.677;71.378
12:41:51;22.238;18.677;71.374
12:41:53;22.239;18.677;71.372
12:41:54;22.238;18.677;71.378
12:41:56;22.238;18.677;71.378
12:41:58;22.238;18.677;71.378
12:42:00;22.238;18.677;71.378
12:42:02;22.238;18.677;71.378
12:42:03;22.239;18.676;71.364
12:42:05;22.239;18.677;71.372
12:42:07;22.239;18.677;71.372
12:42:09;22.238;18.677;71.378
12:42:11;22.239;18.677;71.372
12:42:13;22.239;18.677;71.372
12:42:15;22.240;18.677;71.365
12:42:17;22.239;18.677;71.372
12:42:18;22.242;18.677;71.351
12:42:20;22.244;18.677;71.338
12:42:22;22.240;18.677;71.365
12:42:24;22.241;18.677;71.359
12:42:26;22.243;18.677;71.340
12:42:27;22.242;18.677;71.351
12:42:29;22.244;18.677;71.339
12:42:31;22.249;18.677;71.302
12:42:33;22.243;18.677;71.346
12:42:35;22.246;18.677;71.325
12:42:37;22.245;18.677;71.328
12:42:39;22.242;18.677;71.351
12:42:41;22.242;18.677;71.352
12:42:43;22.246;18.677;71.321
12:42:44;22.244;18.677;71.334
12:42:46;22.246;18.677;71.325
12:42:48;22.252;18.677;71.282
12:42:50;22.247;18.677;71.313
12:42:52;22.249;18.677;71.302
12:42:54;22.245;18.677;71.332
12:42:56;22.246;18.677;71.321
12:42:57;22.247;18.677;71.314
12:42:59;22.246;18.677;71.323
12:43:02;22.249;18.677;71.300
12:43:03;22.251;18.677;71.288
12:43:05;22.251;18.677;71.288
12:43:07;22.252;18.677;71.279
12:43:09;22.250;18.677;71.294
12:43:11;22.251;18.677;71.286
12:43:12;22.252;18.677;71.282
12:43:14;22.252;18.677;71.279
12:43:16;22.253;18.677;71.275
12:43:18;22.250;18.677;71.293
12:43:20;22.254;18.677;71.268
12:43:21;22.252;18.677;71.279
12:43:23;22.253;18.678;71.282
12:43:25;22.253;18.678;71.282
12:43:27;22.254;18.678;71.272
12:43:29;22.251;18.677;71.286
12:43:31;22.254;18.681;71.297
12:43:32;22.254;18.680;71.290
12:43:34;22.253;18.679;71.286
12:43:36;22.254;18.680;71.287
12:43:39;22.254;18.681;71.295
12:43:41;22.254;18.681;71.297
12:43:42;22.254;18.681;71.295
12:43:45;22.254;18.685;71.321
12:43:47;22.254;18.682;71.301
12:43:48;22.254;18.680;71.290
12:43:50;22.254;18.682;71.304
12:43:52;22.254;18.684;71.320
12:43:54;22.254;18.684;71.319
12:43:56;22.254;18.683;71.308
12:43:57;22.254;18.680;71.287
12:43:59;22.254;18.681;71.294
12:44:01;22.254;18.682;71.305
12:44:03;22.254;18.680;71.287
12:44:05;22.254;18.687;71.340
12:44:06;22.254;18.687;71.339
12:44:08;22.254;18.688;71.346
12:44:10;22.254;18.691;71.367
12:44:12;22.254;18.691;71.368
12:44:14;22.254;18.689;71.354
12:44:15;22.254;18.691;71.367
12:44:17;22.254;18.691;71.367
12:44:19;22.254;18.690;71.362
12:44:21;22.254;18.691;71.369
12:44:23;22.254;18.693;71.385
12:44:24;22.254;18.694;71.390
12:44:26;22.254;18.694;71.390
12:44:28;22.254;18.694;71.390
12:44:30;22.254;18.692;71.374
12:44:32;22.254;18.692;71.377
12:44:33;22.254;18.694;71.390
12:44:35;22.254;18.694;71.390
12:44:37;22.254;18.693;71.382
12:44:39;22.254;18.694;71.390
12:44:41;22.254;18.691;71.369
12:44:43;22.254;18.692;71.375
12:44:45;22.254;18.688;71.348
12:44:46;22.254;18.690;71.362
12:44:48;22.254;18.693;71.382
12:44:50;22.254;18.688;71.348
12:44:52;22.254;18.692;71.374
12:44:54;22.254;18.694;71.390
12:44:56;22.254;18.691;71.369
12:44:58;22.254;18.694;71.390
12:45:00;22.254;18.694;71.390
12:45:01;22.254;18.694;71.390
12:45:03;22.254;18.694;71.390
12:45:05;22.254;18.693;71.382
12:45:07;22.254;18.693;71.382
12:45:09;22.255;18.694;71.383
12:45:10;22.256;18.692;71.365
12:45:12;22.254;18.694;71.390
12:45:14;22.254;18.693;71.385
12:45:16;22.254;18.690;71.362
12:45:18;22.255;18.693;71.375
12:45:19;22.254;18.694;71.390
12:45:21;22.256;18.694;71.377
12:45:23;22.254;18.694;71.390
12:45:25;22.254;18.693;71.382
12:45:27;22.256;18.692;71.364
12:45:29;22.254;18.693;71.382
12:45:31;22.255;18.693;71.376
12:45:32;22.258;18.694;71.362
12:45:34;22.256;18.692;71.366
12:45:36;22.256;18.692;71.361
12:45:38;22.255;18.694;71.383
12:45:40;22.257;18.691;71.349
12:45:41;22.255;18.693;71.375
12:45:43;22.255;18.692;71.367
12:45:45;22.257;18.694;71.369
12:45:47;22.256;18.694;71.376
12:45:49;22.259;18.694;71.356
12:45:50;22.256;18.694;71.376
12:45:52;22.257;18.693;71.362
12:45:54;22.258;18.693;71.354
12:45:56;22.257;18.694;71.369
12:45:58;22.258;18.694;71.365
12:45:59;22.258;18.693;71.356
12:46:01;22.259;18.694;71.359
12:46:03;22.259;18.694;71.355
12:46:05;22.258;18.694;71.366
12:46:07;22.264;18.694;71.324
12:46:08;22.265;18.694;71.318
12:46:10;22.258;18.694;71.362
12:46:12;22.261;18.694;71.345
12:46:14;22.263;18.694;71.327
12:46:16;22.262;18.694;71.333
12:46:17;22.260;18.694;71.348
12:46:19;22.258;18.694;71.363
12:46:21;22.261;18.694;71.342
12:46:23;22.264;18.694;71.325
12:46:25;22.265;18.694;71.313
12:46:26;22.267;18.694;71.304
12:46:28;22.265;18.694;71.316
12:46:30;22.265;18.694;71.313
12:46:32;22.268;18.694;71.293
12:46:34;22.269;18.694;71.286
12:46:36;22.270;18.694;71.279
12:46:38;22.269;18.694;71.286
12:46:40;22.269;18.694;71.290
12:46:42;22.269;18.694;71.286
12:46:44;22.269;18.694;71.286
12:46:45;22.268;18.694;71.293
12:46:47;22.266;18.694;71.306
12:46:49;22.270;18.694;71.279
12:46:52;22.267;18.694;71.303
12:46:54;22.270;18.694;71.279
12:46:55;22.270;18.694;71.279
12:46:57;22.270;18.694;71.279
12:46:59;22.270;18.694;71.279
12:47:01;22.270;18.694;71.279
12:47:03;22.270;18.695;71.286
12:47:04;22.270;18.694;71.279
12:47:06;22.270;18.694;71.279
12:47:08;22.270;18.694;71.279
12:47:10;22.270;18.694;71.279
12:47:11;22.270;18.694;71.279
12:47:13;22.270;18.697;71.301
12:47:16;22.270;18.697;71.301
12:47:17;22.270;18.695;71.286
12:47:19;22.270;18.695;71.291
12:47:21;22.270;18.697;71.305
12:47:23;22.270;18.697;71.301
12:47:25;22.270;18.698;71.314
12:47:26;22.270;18.700;71.324
12:47:28;22.270;18.701;71.331
12:47:30;22.270;18.704;71.358
12:47:32;22.270;18.700;71.328
12:47:35;22.270;18.702;71.340
12:47:36;22.270;18.702;71.343
12:47:38;22.271;18.704;71.348
12:47:40;22.270;18.700;71.328
12:47:42;22.271;18.701;71.326
12:47:44;22.271;18.702;71.336
12:47:46;22.271;18.708;71.381
12:47:48;22.271;18.709;71.389
12:47:50;22.272;18.705;71.353
12:47:51;22.271;18.708;71.381
12:47:53;22.270;18.708;71.386
12:47:55;22.273;18.709;71.373
12:47:57;22.275;18.709;71.361
12:47:59;22.271;18.707;71.371
12:48:00;22.271;18.707;71.373
12:48:02;22.270;18.708;71.386
12:48:04;22.273;18.710;71.380
12:48:06;22.271;18.706;71.367
12:48:08;22.272;18.709;71.379
12:48:09;22.274;18.706;71.349
12:48:11;22.273;18.709;71.376
12:48:13;22.275;18.707;71.349
12:48:15;22.272;18.708;71.374
12:48:17;22.276;18.709;71.354
12:48:18;22.277;18.710;71.354
12:48:20;22.276;18.708;71.347
12:48:22;22.275;18.710;71.366
12:48:24;22.279;18.710;71.339
12:48:26;22.279;18.710;71.341
12:48:27;22.276;18.710;71.360
12:48:30;22.276;18.710;71.363
12:48:32;22.276;18.710;71.360
12:48:33;22.276;18.710;71.359
12:48:35;22.278;18.710;71.347
12:48:37;22.276;18.710;71.363
12:48:39;22.279;18.710;71.338
12:48:41;22.281;18.710;71.329
12:48:42;22.280;18.710;71.331
12:48:44;22.287;18.710;71.290
12:48:46;22.280;18.710;71.335
12:48:48;22.282;18.710;71.322
12:48:50;22.281;18.710;71.329
12:48:52;22.280;18.710;71.338
12:48:54;22.281;18.710;71.326
12:48:55;22.286;18.710;71.297
12:48:57;22.284;18.710;71.308
12:48:59;22.285;18.710;71.301
12:49:01;22.286;18.710;71.296
12:49:03;22.282;18.710;71.322
12:49:05;22.285;18.710;71.304
12:49:07;22.287;18.710;71.290
12:49:09;22.284;18.711;71.315
12:49:11;22.285;18.710;71.304
12:49:13;22.283;18.710;71.320
12:49:14;22.285;18.710;71.308
12:49:16;22.287;18.711;71.297
12:49:18;22.287;18.712;71.302
12:49:20;22.287;18.711;71.301
12:49:22;22.286;18.710;71.301
12:49:23;22.287;18.711;71.297
12:49:25;22.284;18.712;71.323
12:49:28;22.287;18.712;71.304
12:49:30;22.287;18.713;71.310
12:49:32;22.287;18.711;71.297
12:49:34;22.287;18.712;71.305
12:49:36;22.287;18.711;71.297
12:49:37;22.287;18.715;71.326
12:49:39;22.287;18.711;71.296
12:49:41;22.287;18.716;71.333
12:49:43;22.287;18.711;71.302
12:49:45;22.287;18.718;71.353
12:49:47;22.287;18.714;71.317
12:49:49;22.287;18.718;71.354
12:49:51;22.287;18.717;71.341
12:49:53;22.287;18.720;71.369
12:49:54;22.287;18.722;71.381
12:49:56;22.287;18.717;71.345
12:49:58;22.287;18.718;71.350
12:50:00;22.287;18.717;71.346
12:50:02;22.287;18.719;71.361
12:50:03;22.287;18.721;71.374
12:50:06;22.287;18.719;71.361
12:50:08;22.287;18.723;71.391
12:50:10;22.287;18.720;71.369
12:50:11;22.287;18.723;71.388
12:50:14;22.287;18.724;71.398
12:50:15;22.287;18.721;71.376
12:50:17;22.287;18.721;71.376
12:50:19;22.287;18.718;71.353
12:50:21;22.287;18.722;71.381
12:50:23;22.287;18.719;71.356
12:50:24;22.287;18.721;71.376
12:50:27;22.287;18.717;71.342
12:50:28;22.287;18.718;71.353
12:50:30;22.287;18.720;71.364
12:50:32;22.287;18.721;71.371
12:50:34;22.287;18.723;71.388
12:50:36;22.289;18.721;71.359
12:50:38;22.287;18.718;71.349
12:50:40;22.288;18.719;71.348
12:50:41;22.289;18.722;71.369
12:50:44;22.290;18.726;71.388
12:50:46;22.288;18.719;71.350
12:50:48;22.290;18.724;71.376
12:50:50;22.289;18.723;71.371
12:50:51;22.294;18.723;71.336
12:50:53;22.287;18.724;71.396
12:50:55;22.290;18.725;71.379
12:50:57;22.291;18.724;71.372
12:50:59;22.293;18.725;71.357
12:51:00;22.293;18.726;71.368
12:51:02;22.294;18.724;71.342
12:51:04;22.296;18.726;71.345
12:51:06;22.297;18.726;71.341
12:51:08;22.297;18.726;71.339
12:51:10;22.296;18.726;71.346
12:51:12;22.294;18.726;71.359
12:51:14;22.297;18.726;71.339
12:51:16;22.298;18.726;71.335
12:51:18;22.297;18.726;71.342
12:51:20;22.298;18.726;71.335
12:51:22;22.298;18.726;71.330
12:51:23;22.299;18.726;71.324
12:51:25;22.297;18.726;71.337
12:51:27;22.298;18.725;71.325
12:51:29;22.296;18.726;71.349
12:51:31;22.294;18.726;71.363
12:51:32;22.299;18.726;71.326
12:51:34;22.300;18.726;71.321
12:51:36;22.298;18.726;71.332
12:51:38;22.301;18.726;71.312
12:51:40;22.302;18.726;71.304
12:51:42;22.302;18.726;71.307
12:51:44;22.302;18.726;71.307
12:51:45;22.302;18.726;71.306
12:51:47;22.303;18.726;71.300
12:51:49;22.303;18.726;71.300
12:51:51;22.302;18.726;71.307
12:51:53;22.302;18.726;71.307
12:51:54;22.303;18.726;71.300
12:51:56;22.298;18.726;71.332
12:51:58;22.302;18.726;71.307
12:52:00;22.303;18.726;71.300
12:52:02;22.303;18.726;71.300
12:52:03;22.303;18.726;71.300
12:52:05;22.303;18.726;71.300
12:52:07;22.303;18.726;71.300
12:52:09;22.302;18.726;71.307
12:52:11;22.303;18.726;71.300
12:52:12;22.303;18.726;71.300
12:52:14;22.303;18.726;71.300
12:52:16;22.303;18.726;71.300
12:52:18;22.303;18.726;71.300
12:52:20;22.303;18.726;71.300
12:52:21;22.303;18.726;71.300
12:52:24;22.303;18.726;71.300
12:52:25;22.303;18.726;71.300
12:52:28;22.303;18.726;71.300
12:52:30;22.303;18.726;71.300
12:52:31;22.303;18.726;71.300
12:52:33;22.303;18.726;71.300
12:52:35;22.303;18.726;71.300
12:52:37;22.303;18.726;71.300
12:52:39;22.303;18.726;71.300
12:52:41;22.303;18.726;71.300
12:52:43;22.303;18.726;71.300
12:52:44;22.303;18.726;71.300
12:52:46;22.303;18.727;71.305
12:52:48;22.303;18.726;71.300
12:52:50;22.303;18.726;71.300
12:52:52;22.303;18.727;71.306
12:52:53;22.303;18.726;71.300
12:52:55;22.303;18.726;71.300
12:52:57;22.303;18.727;71.306
12:52:59;22.303;18.727;71.308
12:53:01;22.303;18.727;71.308
12:53:03;22.303;18.726;71.300
12:53:05;22.303;18.726;71.300
12:53:06;22.303;18.726;71.300
12:53:08;22.303;18.726;71.300
12:53:10;22.303;18.726;71.300
12:53:12;22.303;18.727;71.308
12:53:14;22.303;18.726;71.300
12:53:15;22.303;18.727;71.306
12:53:17;22.303;18.726;71.300
12:53:19;22.303;18.726;71.300
12:53:21;22.303;18.726;71.300
12:53:23;22.303;18.726;71.300
12:53:25;22.303;18.727;71.308
12:53:26;22.303;18.727;71.308
12:53:28;22.303;18.727;71.305
12:53:30;22.303;18.728;71.315
12:53:32;22.303;18.728;71.315
12:53:34;22.303;18.726;71.300
12:53:36;22.303;18.727;71.308
12:53:38;22.303;18.726;71.300
12:53:39;22.303;18.727;71.308
12:53:41;22.303;18.727;71.308
12:53:43;22.303;18.728;71.315
12:53:45;22.304;18.729;71.317
12:53:47;22.303;18.730;71.329
12:53:49;22.303;18.726;71.300
12:53:51;22.303;18.728;71.314
12:53:52;22.303;18.728;71.315
12:53:55;22.303;18.730;71.327
12:53:57;22.303;18.727;71.305
12:53:58;22.303;18.729;71.323
12:54:01;22.303;18.730;71.327
12:54:02;22.303;18.726;71.300
12:54:04;22.303;18.728;71.315
12:54:06;22.303;18.728;71.315
12:54:08;22.303;18.729;71.320
12:54:10;22.303;18.728;71.315
12:54:11;22.303;18.728;71.315
12:54:14;22.303;18.728;71.315
12:54:15;22.304;18.729;71.315
12:54:17;22.304;18.728;71.304
12:54:19;22.303;18.727;71.307
12:54:21;22.303;18.728;71.314
12:54:23;22.304;18.728;71.311
12:54:24;22.303;18.731;71.338
12:54:26;22.303;18.729;71.323
12:54:28;22.303;18.733;71.350
12:54:30;22.303;18.733;71.348
12:54:32;22.303;18.731;71.334
12:54:33;22.303;18.730;71.327
12:54:35;22.303;18.731;71.338
12:54:37;22.303;18.731;71.333
12:54:39;22.304;18.730;71.324
12:54:41;22.304;18.730;71.319
12:54:42;22.303;18.728;71.314
12:54:44;22.303;18.730;71.329
12:54:46;22.303;18.730;71.327
12:54:48;22.304;18.731;71.327
12:54:50;22.305;18.731;71.317
12:54:51;22.304;18.734;71.350
12:54:53;22.307;18.732;71.318
12:54:55;22.308;18.730;71.294
12:54:57;22.308;18.732;71.302
12:54:59;22.306;18.729;71.302
12:55:00;22.305;18.735;71.351
12:55:02;22.303;18.734;71.355
12:55:04;22.305;18.733;71.340
12:55:06;22.307;18.736;71.342
12:55:08;22.306;18.737;71.359
12:55:09;22.305;18.734;71.344
12:55:11;22.307;18.735;71.339
12:55:13;22.305;18.737;71.365
12:55:15;22.306;18.731;71.316
12:55:17;22.307;18.736;71.343
12:55:19;22.306;18.736;71.351
12:55:21;22.304;18.737;71.373
12:55:23;22.305;18.734;71.341
12:55:25;22.309;18.736;71.329
12:55:26;22.306;18.738;71.371
12:55:28;22.310;18.738;71.342
12:55:30;22.308;18.734;71.325
12:55:32;22.306;18.735;71.341
12:55:34;22.311;18.731;71.276
12:55:35;22.308;18.737;71.348
12:55:37;22.308;18.734;71.322
12:55:40;22.311;18.737;71.325
12:55:41;22.309;18.734;71.318
12:55:44;22.310;18.732;71.294
12:55:45;22.313;18.733;71.279
12:55:47;22.310;18.734;71.306
12:55:49;22.309;18.735;71.327
12:55:51;22.309;18.735;71.320
12:55:53;22.308;18.732;71.311
12:55:54;22.310;18.734;71.310
12:55:56;22.311;18.736;71.313
12:55:58;22.317;18.739;71.297
12:56:00;22.315;18.739;71.311
12:56:02;22.316;18.742;71.332
12:56:03;22.314;18.739;71.322
12:56:05;22.312;18.739;71.334
12:56:07;22.311;18.737;71.327
12:56:09;22.316;18.741;71.319
12:56:11;22.315;18.740;71.323
12:56:12;22.314;18.737;71.300
12:56:14;22.317;18.737;71.282
12:56:16;22.312;18.737;71.316
12:56:18;22.316;18.741;71.322
12:56:20;22.315;18.738;71.301
12:56:22;22.317;18.739;71.302
12:56:24;22.318;18.741;71.310
12:56:26;22.318;18.740;71.303
12:56:27;22.314;18.740;71.325
12:56:29;22.313;18.741;71.343
12:56:31;22.316;18.742;71.331
12:56:33;22.315;18.742;71.336
12:56:35;22.316;18.742;71.331
12:56:36;22.316;18.741;71.324
12:56:38;22.317;18.741;71.312
12:56:40;22.316;18.740;71.317
12:56:42;22.317;18.742;71.327
12:56:44;22.318;18.741;71.310
12:56:46;22.317;18.742;71.325
12:56:48;22.315;18.741;71.329
12:56:50;22.315;18.742;71.336
12:56:52;22.319;18.742;71.311
12:56:54;22.318;18.742;71.318
12:56:55;22.318;18.742;71.318
12:56:57;22.317;18.742;71.325
12:56:59;22.318;18.742;71.318
12:57:01;22.319;18.742;71.311
12:57:03;22.318;18.742;71.318
12:57:04;22.318;18.742;71.318
12:57:06;22.319;18.742;71.311
12:57:08;22.319;18.742;71.311
12:57:10;22.319;18.742;71.311
12:57:11;22.318;18.742;71.318
12:57:13;22.319;18.742;71.311
12:57:15;22.319;18.742;71.311
12:57:17;22.319;18.742;71.311
12:57:19;22.319;18.742;71.311
12:57:20;22.319;18.742;71.311
12:57:22;22.319;18.742;71.311
12:57:24;22.319;18.742;71.311
12:57:26;22.319;18.742;71.311
12:57:28;22.319;18.742;71.311
12:57:29;22.319;18.742;71.311
12:57:31;22.319;18.742;71.311
12:57:33;22.319;18.742;71.311
12:57:35;22.319;18.742;71.311
12:57:37;22.319;18.742;71.311
12:57:38;22.319;18.742;71.311
12:57:41;22.319;18.742;71.311
12:57:43;22.319;18.742;71.311
12:57:44;22.319;18.742;71.311
12:57:47;22.319;18.742;71.311
12:57:49;22.319;18.742;71.311
12:57:50;22.319;18.742;71.311
12:57:52;22.319;18.742;71.311
12:57:54;22.319;18.742;71.311
12:57:56;22.319;18.742;71.311
12:57:57;22.319;18.742;71.311
12:57:59;22.319;18.742;71.311
12:58:01;22.319;18.742;71.311
12:58:03;22.319;18.742;71.311
12:58:05;22.319;18.743;71.318
12:58:06;22.319;18.742;71.311
12:58:08;22.319;18.742;71.311
12:58:10;22.319;18.742;71.311
12:58:12;22.319;18.743;71.317
12:58:14;22.319;18.743;71.318
12:58:16;22.319;18.742;71.311
12:58:18;22.319;18.743;71.318
12:58:20;22.319;18.742;71.311
12:58:21;22.319;18.742;71.311
12:58:23;22.319;18.742;71.311
12:58:25;22.319;18.742;71.311
12:58:27;22.319;18.742;71.311
12:58:29;22.320;18.742;71.304
12:58:30;22.319;18.742;71.311
12:58:32;22.319;18.743;71.318
12:58:34;22.319;18.744;71.326
12:58:36;22.319;18.743;71.317
12:58:38;22.319;18.744;71.323
12:58:39;22.319;18.744;71.326
12:58:41;22.319;18.745;71.332
12:58:43;22.319;18.743;71.317
12:58:45;22.319;18.744;71.325
12:58:47;22.320;18.744;71.320
12:58:49;22.321;18.744;71.313
12:58:51;22.319;18.744;71.325
12:58:52;22.319;18.748;71.356
12:58:54;22.319;18.745;71.330
12:58:56;22.319;18.744;71.325
12:58:58;22.319;18.749;71.359
12:59:00;22.320;18.749;71.354
12:59:01;22.319;18.745;71.333
12:59:03;22.319;18.745;71.334
12:59:05;22.320;18.747;71.339
12:59:07;22.319;18.745;71.329
12:59:09;22.319;18.746;71.340
12:59:11;22.322;18.746;71.320
12:59:13;22.320;18.747;71.337
12:59:14;22.323;18.749;71.332
12:59:16;22.321;18.748;71.340
12:59:18;22.322;18.747;71.326
12:59:20;22.321;18.752;71.373
12:59:22;22.321;18.750;71.360
12:59:23;22.323;18.750;71.342
12:59:25;22.322;18.750;71.347
12:59:27;22.323;18.752;71.357
12:59:29;22.323;18.755;71.380
12:59:31;22.327;18.750;71.314
12:59:32;22.324;18.755;71.368
12:59:34;22.325;18.754;71.358
12:59:36;22.325;18.750;71.329
12:59:38;22.324;18.753;71.352
12:59:40;22.324;18.752;71.350
12:59:41;22.322;18.753;71.369
12:59:43;22.325;18.753;71.356
12:59:45;22.321;18.749;71.346
12:59:47;22.326;18.751;71.335
12:59:49;22.325;18.752;71.341
12:59:50;22.324;18.751;71.340
12:59:52;22.326;18.753;71.341
12:59:54;22.327;18.752;71.327
12:59:56;22.328;18.755;71.346
12:59:58;22.329;18.752;71.311
12:59:59;22.325;18.753;71.345
13:00:01;22.331;18.753;71.306
13:00:03;22.327;18.754;71.348
13:00:05;22.328;18.757;71.360
13:00:07;22.329;18.756;71.341
13:00:08;22.328;18.755;71.340
13:00:10;22.328;18.757;71.364
13:00:12;22.332;18.756;71.324
13:00:14;22.330;18.758;71.354
13:00:16;22.332;18.755;71.320
13:00:17;22.330;18.756;71.340
13:00:19;22.334;18.754;71.294
13:00:21;22.334;18.756;71.308
13:00:23;22.332;18.757;71.333
13:00:25;22.334;18.756;71.308
13:00:26;22.330;18.756;71.339
13:00:29;22.335;18.757;71.314
13:00:30;22.335;18.758;71.322
13:00:32;22.333;18.756;71.316
13:00:35;22.333;18.758;71.335
13:00:36;22.334;18.758;71.328
13:00:38;22.334;18.758;71.329
13:00:40;22.334;18.758;71.329
13:00:42;22.334;18.758;71.329
13:00:44;22.334;18.758;71.329
13:00:45;22.335;18.758;71.322
13:00:47;22.335;18.758;71.322
13:00:49;22.335;18.758;71.322
13:00:51;22.335;18.758;71.322
13:00:53;22.335;18.758;71.322
13:00:55;22.335;18.758;71.322
13:00:57;22.335;18.758;71.322
13:00:58;22.335;18.758;71.322
13:01:00;22.335;18.758;71.322
13:01:02;22.335;18.758;71.322
13:01:04;22.335;18.758;71.322
13:01:06;22.335;18.758;71.322
13:01:07;22.335;18.758;71.322
13:01:09;22.335;18.758;71.322
13:01:11;22.335;18.758;71.322
13:01:13;22.335;18.758;71.322
13:01:15;22.335;18.758;71.322
13:01:16;22.335;18.758;71.322
13:01:18;22.335;18.758;71.322
13:01:20;22.335;18.758;71.322
13:01:22;22.335;18.758;71.322
13:01:24;22.335;18.758;71.322
13:01:25;22.335;18.758;71.322
13:01:27;22.335;18.758;71.322
13:01:29;22.335;18.758;71.322
13:01:31;22.335;18.758;71.322
13:01:33;22.335;18.758;71.322
13:01:34;22.335;18.758;71.322
13:01:37;22.335;18.758;71.322
13:01:38;22.335;18.759;71.329
13:01:40;22.335;18.759;71.329
13:01:42;22.335;18.758;71.322
13:01:44;22.335;18.761;71.341
13:01:46;22.336;18.758;71.315
13:01:47;22.335;18.759;71.329
13:01:49;22.335;18.759;71.328
13:01:51;22.335;18.760;71.336
13:01:53;22.335;18.761;71.344
13:01:55;22.336;18.763;71.353
13:01:56;22.335;18.763;71.352
13:01:58;22.335;18.760;71.334
13:02:00;22.335;18.763;71.358
13:02:02;22.336;18.760;71.330
13:02:04;22.336;18.760;71.329
13:02:05;22.337;18.763;71.346
13:02:07;22.336;18.763;71.350
13:02:09;22.337;18.763;71.344
13:02:11;22.339;18.762;71.323
13:02:13;22.338;18.764;71.342
13:02:14;22.341;18.766;71.338
13:02:16;22.340;18.764;71.334
13:02:18;22.341;18.765;71.329
13:02:20;22.341;18.769;71.359
13:02:22;22.341;18.764;71.327
13:02:23;22.342;18.765;71.322
13:02:25;22.340;18.765;71.335
13:02:27;22.342;18.768;71.343
13:02:29;22.342;18.770;71.363
13:02:31;22.345;18.768;71.328
13:02:33;22.342;18.767;71.341
13:02:35;22.344;18.767;71.327
13:02:37;22.346;18.771;71.336
13:02:39;22.345;18.769;71.336
13:02:41;22.347;18.766;71.298
13:02:43;22.349;18.769;71.309
13:02:45;22.346;18.770;71.332
13:02:46;22.345;18.770;71.343
13:02:48;22.347;18.770;71.328
13:02:50;22.346;18.775;71.372
13:02:52;22.348;18.774;71.345
13:02:54;22.348;18.775;71.353
13:02:55;22.351;18.775;71.332
13:02:57;22.350;18.775;71.339
13:02:59;22.351;18.775;71.332
13:03:01;22.349;18.773;71.331
13:03:03;22.350;18.775;71.339
13:03:04;22.350;18.775;71.339
13:03:06;22.351;18.775;71.332
13:03:08;22.351;18.774;71.325
13:03:10;22.350;18.775;71.339
13:03:12;22.351;18.775;71.332
13:03:14;22.351;18.775;71.332
13:03:16;22.351;18.775;71.332
13:03:18;22.351;18.775;71.332
13:03:20;22.351;18.775;71.332
13:03:22;22.351;18.775;71.332
13:03:23;22.351;18.775;71.332
13:03:25;22.351;18.775;71.332
13:03:27;22.351;18.775;71.332
13:03:29;22.351;18.775;71.332
13:03:31;22.351;18.775;71.332
13:03:33;22.351;18.775;71.332
13:03:35;22.351;18.775;71.332
13:03:36;22.351;18.775;71.332
13:03:38;22.351;18.775;71.332
13:03:40;22.351;18.775;71.332
13:03:42;22.351;18.775;71.332
13:03:44;22.351;18.775;71.332
13:03:45;22.351;18.775;71.332
13:03:48;22.351;18.775;71.332
13:03:49;22.351;18.775;71.332
13:03:51;22.351;18.775;71.332
13:03:53;22.351;18.775;71.332
13:03:55;22.351;18.775;71.332
13:03:57;22.351;18.775;71.332
13:03:59;22.351;18.777;71.346
13:04:01;22.351;18.776;71.340
13:04:02;22.351;18.775;71.332
13:04:05;22.351;18.777;71.347
13:04:06;22.351;18.776;71.340
13:04:08;22.351;18.776;71.339
13:04:10;22.351;18.776;71.340
13:04:12;22.351;18.778;71.355
13:04:14;22.351;18.776;71.344
13:04:15;22.351;18.775;71.332
13:04:17;22.351;18.777;71.347
13:04:19;22.351;18.778;71.355
13:04:21;22.351;18.778;71.355
13:04:23;22.351;18.776;71.344
13:04:25;22.351;18.776;71.340
13:04:27;22.351;18.778;71.354
13:04:28;22.351;18.778;71.360
13:04:30;22.351;18.775;71.332
13:04:32;22.351;18.780;71.370
13:04:34;22.351;18.780;71.370
13:04:36;22.351;18.781;71.382
13:04:37;22.351;18.778;71.359
13:04:39;22.352;18.781;71.375
13:04:41;22.351;18.779;71.366
13:04:43;22.351;18.779;71.366
13:04:45;22.351;18.781;71.381
13:04:46;22.351;18.780;71.375
13:04:48;22.351;18.784;71.399
13:04:50;22.351;18.783;71.396
13:04:52;22.352;18.782;71.382
13:04:54;22.352;18.781;71.370
13:04:55;22.352;18.783;71.387
13:04:57;22.353;18.783;71.382
13:04:59;22.351;18.787;71.424
13:05:01;22.354;18.783;71.375
13:05:03;22.355;18.783;71.369
13:05:04;22.353;18.784;71.390
13:05:06;22.355;18.785;71.384
13:05:08;22.354;18.786;71.398
13:05:10;22.353;18.786;71.402
13:05:12;22.354;18.788;71.413
13:05:13;22.360;18.790;71.388
13:05:15;22.355;18.787;71.402
13:05:17;22.353;18.787;71.414
13:05:19;22.355;18.791;71.428
13:05:21;22.354;18.790;71.426
13:05:22;22.354;18.789;71.418
13:05:24;22.355;18.787;71.402
13:05:26;22.353;18.791;71.440
13:05:28;22.354;18.787;71.406
13:05:30;22.356;18.786;71.388
13:05:31;22.358;18.790;71.398
13:05:33;22.357;18.789;71.404
13:05:35;22.355;18.789;71.418
13:05:37;22.353;18.791;71.443
13:05:39;22.355;18.790;71.421
13:05:40;22.356;18.790;71.413
13:05:42;22.357;18.790;71.407
13:05:44;22.357;18.790;71.406
13:05:46;22.357;18.788;71.394
13:05:48;22.358;18.791;71.411
13:05:49;22.358;18.790;71.402
13:05:51;22.362;18.790;71.374
13:05:53;22.357;18.791;71.413
13:05:55;22.362;18.791;71.383
13:05:56;22.361;18.791;71.389
13:05:58;22.360;18.791;71.398
13:06:01;22.360;18.791;71.395
13:06:02;22.366;18.789;71.340
13:06:04;22.361;18.788;71.368
13:06:06;22.363;18.790;71.368
13:06:08;22.362;18.791;71.382
13:06:10;22.363;18.791;71.376
13:06:11;22.364;18.791;71.368
13:06:13;22.364;18.791;71.370
13:06:15;22.364;18.791;71.367
13:06:17;22.364;18.791;71.368
13:06:19;22.364;18.789;71.356
13:06:20;22.367;18.791;71.350
13:06:22;22.365;18.791;71.361
13:06:24;22.365;18.791;71.361
13:06:26;22.368;18.791;71.343
13:06:28;22.367;18.791;71.350
13:06:30;22.366;18.791;71.356
13:06:32;22.367;18.791;71.350
13:06:34;22.368;18.791;71.343
13:06:36;22.366;18.791;71.357
13:06:37;22.367;18.791;71.350
13:06:39;22.367;18.791;71.350
13:06:41;22.368;18.791;71.343
13:06:43;22.365;18.791;71.361
13:06:45;22.368;18.791;71.343
13:06:47;22.368;18.791;71.343
13:06:49;22.368;18.791;71.343
13:06:50;22.368;18.791;71.343
13:06:52;22.368;18.791;71.343
13:06:54;22.368;18.791;71.343
13:06:56;22.368;18.791;71.343
13:06:58;22.368;18.791;71.343
13:06:59;22.368;18.791;71.343
13:07:01;22.368;18.792;71.349
13:07:03;22.368;18.791;71.343
13:07:05;22.368;18.791;71.343
13:07:07;22.368;18.791;71.343
13:07:09;22.368;18.791;71.343
13:07:10;22.368;18.791;71.343
13:07:12;22.368;18.791;71.343
13:07:14;22.368;18.791;71.343
13:07:16;22.368;18.791;71.343
13:07:18;22.368;18.791;71.343
13:07:19;22.368;18.791;71.343
13:07:21;22.368;18.791;71.343
13:07:24;22.368;18.791;71.343
13:07:25;22.368;18.791;71.343
13:07:28;22.368;18.791;71.343
13:07:30;22.368;18.791;71.343
13:07:31;22.368;18.791;71.343
13:07:33;22.368;18.791;71.343
13:07:35;22.368;18.791;71.343
13:07:37;22.368;18.791;71.343
13:07:39;22.368;18.791;71.343
13:07:40;22.368;18.791;71.343
13:07:42;22.368;18.791;71.343
13:07:44;22.368;18.791;71.343
13:07:46;22.368;18.791;71.343
13:07:48;22.368;18.792;71.350
13:07:49;22.368;18.792;71.351
13:07:51;22.368;18.791;71.343
13:07:53;22.368;18.791;71.343
13:07:55;22.368;18.791;71.343
13:07:57;22.368;18.793;71.358
13:07:58;22.368;18.794;71.363
13:08:00;22.368;18.792;71.351
13:08:02;22.368;18.791;71.343
13:08:04;22.368;18.791;71.343
13:08:05;22.368;18.792;71.344
13:08:07;22.368;18.791;71.343
13:08:09;22.368;18.791;71.343
13:08:11;22.368;18.794;71.364
13:08:13;22.368;18.792;71.345
13:08:14;22.368;18.791;71.343
13:08:16;22.368;18.793;71.358
13:08:18;22.369;18.792;71.343
13:08:20;22.368;18.792;71.351
13:08:22;22.368;18.792;71.350
13:08:23;22.368;18.791;71.343
13:08:26;22.368;18.791;71.348
13:08:27;22.368;18.791;71.343
13:08:29;22.368;18.794;71.364
13:08:32;22.368;18.792;71.351
13:08:33;22.368;18.791;71.343
13:08:35;22.368;18.791;71.343
13:08:37;22.368;18.794;71.365
13:08:39;22.368;18.791;71.343
13:08:40;22.368;18.792;71.351
13:08:42;22.368;18.791;71.343
13:08:44;22.368;18.791;71.343
13:08:46;22.368;18.792;71.351
13:08:48;22.368;18.792;71.350
13:08:49;22.368;18.791;71.343
13:08:51;22.368;18.791;71.337
13:08:53;22.369;18.791;71.336
13:08:55;22.369;18.792;71.344
13:08:57;22.368;18.791;71.343
13:08:58;22.368;18.791;71.343
13:09:00;22.368;18.791;71.343
13:09:02;22.369;18.793;71.351
13:09:04;22.368;18.792;71.350
13:09:06;22.369;18.792;71.343
13:09:08;22.368;18.792;71.350
13:09:10;22.368;18.791;71.343
13:09:12;22.368;18.792;71.355
13:09:13;22.368;18.793;71.358
13:09:15;22.368;18.791;71.343
13:09:17;22.369;18.791;71.336
13:09:19;22.368;18.791;71.343
13:09:21;22.368;18.791;71.343
13:09:23;22.370;18.792;71.337
13:09:25;22.369;18.791;71.336
13:09:26;22.371;18.794;71.343
13:09:28;22.372;18.791;71.312
13:09:30;22.369;18.791;71.330
13:09:32;22.373;18.791;71.303
13:09:34;22.376;18.791;71.285
13:09:35;22.370;18.792;71.337
13:09:37;22.370;18.794;71.352
13:09:39;22.372;18.796;71.351
13:09:41;22.368;18.794;71.363
13:09:43;22.370;18.793;71.339
13:09:45;22.370;18.794;71.355
13:09:47;22.369;18.794;71.353
13:09:48;22.368;18.794;71.366
13:09:50;22.369;18.794;71.352
13:09:52;22.370;18.795;71.358
13:09:54;22.369;18.792;71.349
13:09:55;22.371;18.795;71.348
13:09:57;22.369;18.793;71.355
13:09:59;22.368;18.794;71.365
13:10:01;22.371;18.796;71.355
13:10:03;22.370;18.793;71.349
13:10:05;22.373;18.802;71.384
13:10:07;22.373;18.797;71.347
13:10:09;22.372;18.796;71.353
13:10:11;22.373;18.798;71.367
13:10:12;22.374;18.800;71.373
13:10:14;22.374;18.798;71.356
13:10:16;22.375;18.796;71.333
13:10:18;22.382;18.800;71.318
13:10:20;22.376;18.796;71.320
13:10:21;22.374;18.798;71.353
13:10:24;22.376;18.798;71.338
13:10:26;22.380;18.801;71.336
13:10:27;22.379;18.800;71.334
13:10:29;22.379;18.802;71.351
13:10:31;22.382;18.801;71.325
13:10:33;22.377;18.801;71.358
13:10:35;22.377;18.798;71.333
13:10:36;22.382;18.804;71.345
13:10:38;22.381;18.800;71.324
13:10:40;22.379;18.804;71.363
13:10:42;22.378;18.800;71.337
13:10:44;22.379;18.802;71.354
13:10:45;22.383;18.798;71.294
13:10:47;22.383;18.802;71.321
13:10:49;22.383;18.804;71.334
13:10:51;22.382;18.805;71.352
13:10:53;22.384;18.804;71.334
13:10:54;22.378;18.801;71.351
13:10:56;22.380;18.803;71.350
13:10:58;22.384;18.802;71.314
13:11:00;22.379;18.805;71.371
13:11:02;22.382;18.804;71.343
13:11:03;22.384;18.805;71.339
13:11:05;22.381;18.805;71.357
13:11:07;22.384;18.806;71.346
13:11:09;22.382;18.806;71.360
13:11:11;22.384;18.802;71.315
13:11:13;22.377;18.806;71.391
13:11:15;22.384;18.805;71.339
13:11:16;22.382;18.805;71.354
13:11:18;22.382;18.803;71.340
13:11:20;22.384;18.804;71.334
13:11:22;22.384;18.804;71.334
13:11:24;22.381;18.803;71.342
13:11:25;22.383;18.804;71.338
13:11:27;22.384;18.805;71.339
13:11:29;22.383;18.803;71.331
13:11:31;22.384;18.805;71.339
13:11:33;22.384;18.806;71.346
13:11:34;22.381;18.803;71.344
13:11:36;22.384;18.803;71.320
13:11:38;22.384;18.807;71.354
13:11:40;22.384;18.807;71.354
13:11:41;22.384;18.806;71.346
13:11:43;22.384;18.807;71.354
13:11:46;22.384;18.807;71.354
13:11:47;22.384;18.807;71.354
13:11:49;22.384;18.807;71.354
13:11:51;22.384;18.807;71.354
13:11:53;22.384;18.807;71.354
13:11:56;22.384;18.807;71.354
13:11:57;22.384;18.807;71.354
13:11:59;22.384;18.807;71.354
13:12:01;22.382;18.807;71.365
13:12:04;22.384;18.807;71.354
13:12:06;22.384;18.807;71.354
13:12:08;22.384;18.807;71.354
13:12:10;22.384;18.807;71.354
13:12:12;22.384;18.807;71.354
13:12:13;22.384;18.807;71.354
13:12:15;22.384;18.807;71.354
13:12:17;22.384;18.807;71.354
13:12:19;22.384;18.808;71.361
13:12:21;22.384;18.808;71.360
13:12:22;22.384;18.807;71.354
13:12:24;22.384;18.807;71.354
13:12:26;22.384;18.808;71.361
13:12:28;22.384;18.807;71.354
13:12:30;22.384;18.808;71.358
13:12:31;22.384;18.807;71.354
13:12:33;22.384;18.807;71.354
13:12:35;22.384;18.807;71.354
13:12:37;22.384;18.808;71.361
13:12:38;22.384;18.810;71.375
13:12:40;22.384;18.809;71.367
13:12:42;22.384;18.808;71.362
13:12:44;22.384;18.809;71.366
13:12:46;22.384;18.808;71.361
13:12:47;22.384;18.808;71.360
13:12:49;22.384;18.812;71.391
13:12:51;22.384;18.810;71.375
13:12:53;22.384;18.809;71.369
13:12:55;22.384;18.813;71.396
13:12:56;22.384;18.809;71.368
13:12:58;22.384;18.812;71.389
13:13:00;22.386;18.811;71.370
13:13:02;22.384;18.808;71.359
13:13:04;22.384;18.808;71.362
13:13:05;22.384;18.812;71.392
13:13:07;22.384;18.808;71.362
13:13:09;22.384;18.808;71.362
13:13:11;22.384;18.808;71.361
13:13:13;22.384;18.810;71.377
13:13:14;22.384;18.808;71.362
13:13:17;22.384;18.814;71.403
13:13:19;22.384;18.811;71.383
13:13:20;22.384;18.811;71.384
13:13:22;22.384;18.811;71.383
13:13:24;22.384;18.812;71.388
13:13:26;22.384;18.811;71.382
13:13:28;22.384;18.813;71.395
13:13:29;22.384;18.809;71.365
13:13:32;22.384;18.814;71.406
13:13:34;22.386;18.812;71.377
13:13:35;22.386;18.811;71.367
13:13:37;22.384;18.812;71.388
13:13:39;22.386;18.811;71.368
13:13:41;22.384;18.809;71.365
13:13:42;22.385;18.814;71.400
13:13:44;22.387;18.814;71.385
13:13:46;22.385;18.813;71.392
13:13:48;22.384;18.820;71.449
13:13:50;22.384;18.814;71.407
13:13:51;22.384;18.813;71.402
13:13:53;22.386;18.818;71.424
13:13:55;22.387;18.810;71.356
13:13:57;22.386;18.815;71.401
13:13:59;22.385;18.816;71.412
13:14:01;22.385;18.818;71.426
13:14:03;22.384;18.817;71.430
13:14:05;22.386;18.819;71.431
13:14:06;22.387;18.821;71.436
13:14:08;22.386;18.822;71.456
13:14:10;22.384;18.821;71.460
13:14:12;22.387;18.822;71.450
13:14:14;22.386;18.819;71.427
13:14:15;22.386;18.821;71.442
13:14:17;22.384;18.822;71.468
13:14:19;22.385;18.819;71.436
13:14:21;22.385;18.822;71.461
13:14:23;22.384;18.817;71.425
13:14:25;22.386;18.814;71.390
13:14:27;22.386;18.819;71.427
13:14:29;22.388;18.815;71.386
13:14:31;22.387;18.818;71.408
13:14:32;22.391;18.818;71.382
13:14:34;22.386;18.816;71.405
13:14:36;22.388;18.818;71.403
13:14:38;22.389;18.816;71.384
13:14:40;22.391;18.818;71.390
13:14:41;22.389;18.819;71.409
13:14:43;22.391;18.817;71.375
13:14:45;22.392;18.820;71.389
13:14:47;22.393;18.817;71.370
13:14:49;22.393;18.820;71.383
13:14:50;22.392;18.818;71.379
13:14:52;22.399;18.818;71.329
13:14:54;22.395;18.822;71.395
13:14:56;22.394;18.823;71.404
13:14:58;22.391;18.819;71.390
13:14:59;22.394;18.822;71.396
13:15:01;22.395;18.821;71.378
13:15:03;22.394;18.819;71.372
13:15:05;22.395;18.822;71.392
13:15:07;22.396;18.821;71.377
13:15:08;22.393;18.818;71.368
13:15:10;22.394;18.820;71.381
13:15:12;22.393;18.821;71.390
13:15:14;22.394;18.821;71.389
13:15:16;22.393;18.822;71.398
13:15:18;22.396;18.821;71.378
13:15:20;22.398;18.820;71.356
13:15:22;22.393;18.823;71.411
13:15:23;22.393;18.819;71.378
13:15:25;22.394;18.819;71.373
13:15:27;22.393;18.822;71.406
13:15:29;22.394;18.821;71.389
13:15:31;22.394;18.818;71.370
13:15:32;22.395;18.818;71.360
13:15:34;22.397;18.817;71.333
13:15:37;22.396;18.816;71.332
13:15:38;22.398;18.814;71.303
13:15:40;22.396;18.821;71.373
13:15:42;22.396;18.820;71.368
13:15:44;22.397;18.818;71.348
13:15:46;22.399;18.822;71.360
13:15:47;22.396;18.819;71.356
13:15:49;22.398;18.820;71.351
13:15:51;22.398;18.818;71.342
13:15:53;22.400;18.821;71.345
13:15:55;22.400;18.819;71.330
13:15:57;22.398;18.822;71.366
13:15:59;22.399;18.821;71.353
13:16:00;22.400;18.822;71.358
13:16:02;22.400;18.822;71.358
13:16:04;22.398;18.823;71.377
13:16:06;22.400;18.823;71.365
13:16:08;22.400;18.823;71.365
13:16:09;22.400;18.821;71.350
13:16:11;22.400;18.823;71.365
13:16:13;22.400;18.821;71.350
13:16:15;22.397;18.823;71.383
13:16:17;22.400;18.822;71.352
13:16:18;22.400;18.822;71.357
13:16:20;22.400;18.823;71.365
13:16:22;22.400;18.823;71.365
13:16:24;22.400;18.823;71.365
13:16:26;22.400;18.823;71.365
13:16:28;22.400;18.822;71.357
13:16:30;22.400;18.823;71.365
13:16:32;22.400;18.823;71.365
13:16:34;22.400;18.823;71.365
13:16:36;22.400;18.823;71.365
13:16:38;22.400;18.823;71.365
13:16:40;22.400;18.823;71.365
13:16:41;22.400;18.823;71.365
13:16:43;22.400;18.823;71.365
13:16:45;22.400;18.823;71.365
13:16:47;22.400;18.823;71.365
13:16:49;22.400;18.823;71.365
13:16:50;22.400;18.823;71.365
13:16:52;22.400;18.822;71.358
13:16:54;22.400;18.823;71.365
13:16:56;22.400;18.823;71.365
13:16:58;22.400;18.823;71.365
13:17:00;22.400;18.823;71.365
13:17:02;22.400;18.823;71.365
13:17:04;22.400;18.823;71.365
13:17:06;22.399;18.822;71.364
13:17:08;22.400;18.823;71.365
13:17:09;22.400;18.822;71.357
13:17:11;22.400;18.822;71.357
13:17:13;22.400;18.823;71.365
13:17:15;22.400;18.822;71.352
13:17:17;22.400;18.823;71.365
13:17:19;22.400;18.823;71.365
13:17:21;22.400;18.822;71.357
13:17:22;22.400;18.823;71.365
13:17:24;22.400;18.823;71.365
13:17:26;22.400;18.823;71.365
13:17:28;22.400;18.823;71.365
13:17:30;22.400;18.823;71.365
13:17:31;22.400;18.823;71.365
13:17:33;22.400;18.822;71.357
13:17:35;22.400;18.823;71.365
13:17:37;22.400;18.823;71.365
13:17:39;22.400;18.823;71.365
13:17:40;22.400;18.823;71.365
13:17:42;22.400;18.823;71.365
13:17:44;22.400;18.823;71.365
13:17:46;22.400;18.823;71.365
13:17:48;22.400;18.823;71.365
13:17:49;22.400;18.823;71.365
13:17:51;22.400;18.822;71.357
13:17:53;22.400;18.823;71.365
13:17:55;22.400;18.823;71.365
13:17:57;22.400;18.823;71.365
13:17:59;22.400;18.823;71.365
13:18:01;22.400;18.822;71.352
13:18:03;22.400;18.823;71.365
13:18:04;22.400;18.823;71.365
13:18:06;22.400;18.823;71.365
13:18:08;22.400;18.823;71.365
13:18:10;22.400;18.822;71.352
13:18:12;22.400;18.823;71.365
13:18:13;22.400;18.823;71.365
13:18:15;22.400;18.823;71.365
13:18:17;22.400;18.823;71.365
13:18:19;22.400;18.823;71.365
13:18:20;22.400;18.823;71.365
13:18:22;22.400;18.823;71.365
13:18:24;22.400;18.823;71.365
13:18:26;22.400;18.823;71.365
13:18:28;22.400;18.822;71.352
13:18:29;22.400;18.823;71.365
13:18:31;22.400;18.823;71.365
13:18:33;22.400;18.823;71.365
13:18:35;22.400;18.823;71.365
13:18:37;22.400;18.823;71.365
13:18:39;22.400;18.823;71.365
13:18:41;22.400;18.823;71.365
13:18:43;22.400;18.823;71.365
13:18:44;22.400;18.823;71.365
13:18:46;22.400;18.823;71.365
13:18:48;22.400;18.823;71.365
13:18:50;22.400;18.823;71.365
13:18:52;22.400;18.823;71.365
13:18:53;22.400;18.823;71.365
13:18:55;22.400;18.823;71.365
13:18:57;22.400;18.823;71.365
13:18:59;22.400;18.823;71.365
13:19:01;22.400;18.823;71.365
13:19:02;22.400;18.823;71.365
13:19:04;22.400;18.823;71.365
13:19:06;22.400;18.823;71.365
13:19:08;22.400;18.823;71.365
13:19:10;22.400;18.823;71.365
13:19:12;22.400;18.823;71.365
13:19:13;22.400;18.823;71.365
13:19:15;22.400;18.823;71.365
13:19:17;22.400;18.823;71.365
13:19:19;22.400;18.823;71.365
13:19:21;22.400;18.823;71.365
13:19:22;22.400;18.823;71.365
13:19:24;22.400;18.823;71.365
13:19:26;22.400;18.823;71.365
13:19:28;22.400;18.823;71.365
13:19:30;22.401;18.823;71.361
13:19:31;22.400;18.823;71.365
13:19:33;22.400;18.823;71.365
13:19:35;22.400;18.823;71.365
13:19:37;22.400;18.823;71.365
13:19:39;22.400;18.823;71.365
13:19:40;22.400;18.823;71.365
13:19:42;22.400;18.823;71.365
13:19:44;22.400;18.823;71.365
13:19:46;22.400;18.823;71.365
13:19:48;22.400;18.823;71.365
13:19:49;22.400;18.823;71.365
13:19:51;22.400;18.823;71.365
13:19:53;22.400;18.823;71.365
13:19:55;22.400;18.823;71.365
13:19:57;22.401;18.823;71.358
13:19:59;22.401;18.823;71.358
13:20:01;22.400;18.823;71.365
13:20:02;22.400;18.823;71.365
13:20:04;22.400;18.823;71.365
13:20:06;22.400;18.823;71.365
13:20:08;22.400;18.823;71.365
13:20:10;22.400;18.823;71.365
13:20:11;22.400;18.823;71.365
13:20:13;22.400;18.823;71.365
13:20:15;22.400;18.823;71.365
13:20:17;22.400;18.823;71.365
13:20:19;22.400;18.823;71.365
13:20:20;22.400;18.823;71.365
13:20:22;22.400;18.823;71.365
13:20:24;22.400;18.823;71.365
13:20:26;22.400;18.823;71.365
13:20:28;22.400;18.823;71.365
13:20:29;22.400;18.823;71.365
13:20:31;22.400;18.823;71.365
13:20:33;22.400;18.823;71.365
13:20:35;22.400;18.823;71.365
13:20:37;22.400;18.823;71.365
13:20:39;22.400;18.823;71.365
13:20:41;22.400;18.823;71.365
13:20:42;22.400;18.823;71.365
13:20:44;22.400;18.823;71.365
13:20:46;22.400;18.823;71.365
13:20:48;22.400;18.823;71.365
13:20:50;22.402;18.823;71.355
13:20:51;22.401;18.823;71.359
13:20:53;22.400;18.823;71.365
13:20:55;22.400;18.823;71.365
13:20:57;22.400;18.823;71.365
13:20:59;22.401;18.823;71.358
13:21:00;22.400;18.823;71.365
13:21:02;22.400;18.823;71.365
13:21:04;22.400;18.823;71.365
13:21:06;22.400;18.823;71.365
13:21:08;22.400;18.823;71.365
13:21:10;22.400;18.823;71.365
13:21:12;22.400;18.823;71.365
13:21:13;22.400;18.823;71.365
13:21:15;22.401;18.823;71.358
13:21:17;22.401;18.824;71.369
13:21:19;22.401;18.823;71.358
13:21:21;22.401;18.823;71.361
13:21:22;22.400;18.823;71.365
13:21:24;22.400;18.823;71.365
13:21:26;22.401;18.823;71.361
13:21:28;22.400;18.823;71.365
13:21:30;22.400;18.823;71.365
13:21:32;22.401;18.823;71.361
13:21:34;22.400;18.823;71.365
13:21:36;22.402;18.823;71.355
13:21:37;22.400;18.823;71.365
13:21:39;22.400;18.823;71.365
13:21:41;22.400;18.823;71.365
13:21:43;22.401;18.823;71.358
13:21:45;22.401;18.823;71.359
13:21:46;22.402;18.823;71.352
13:21:48;22.400;18.823;71.365
13:21:50;22.401;18.823;71.361
13:21:52;22.400;18.823;71.365
13:21:55;22.401;18.823;71.358
13:21:56;22.400;18.823;71.365
13:21:58;22.400;18.823;71.365
13:22:00;22.402;18.823;71.352
13:22:03;22.400;18.823;71.365
13:22:05;22.400;18.823;71.365
13:22:06;22.400;18.823;71.365
13:22:08;22.400;18.823;71.365
13:22:10;22.400;18.823;71.365
13:22:12;22.401;18.823;71.358
13:22:14;22.402;18.823;71.354
13:22:16;22.400;18.823;71.365
13:22:18;22.401;18.823;71.358
13:22:20;22.400;18.823;71.365
13:22:22;22.401;18.823;71.361
13:22:24;22.405;18.823;71.331
13:22:26;22.401;18.823;71.359
13:22:27;22.403;18.823;71.345
13:22:29;22.404;18.823;71.341
13:22:31;22.406;18.823;71.327
13:22:33;22.407;18.823;71.317
13:22:35;22.407;18.823;71.315
13:22:36;22.406;18.823;71.327
13:22:38;22.406;18.824;71.333
13:22:40;22.405;18.823;71.334
13:22:42;22.412;18.823;71.287
13:22:44;22.411;18.823;71.294
13:22:45;22.407;18.823;71.315
13:22:47;22.406;18.824;71.330
13:22:49;22.404;18.823;71.338
13:22:51;22.406;18.824;71.333
13:22:53;22.403;18.824;71.352
13:22:54;22.406;18.823;71.327
13:22:56;22.405;18.823;71.332
13:22:58;22.408;18.823;71.308
13:23:00;22.406;18.824;71.333
13:23:02;22.408;18.823;71.313
13:23:03;22.405;18.824;71.339
13:23:05;22.406;18.824;71.332
13:23:07;22.407;18.824;71.326
13:23:09;22.406;18.823;71.328
13:23:11;22.410;18.823;71.300
13:23:12;22.409;18.823;71.306
13:23:15;22.410;18.823;71.295
13:23:16;22.410;18.824;71.304
13:23:18;22.412;18.824;71.288
13:23:20;22.411;18.824;71.298
13:23:22;22.415;18.824;71.269
13:23:24;22.410;18.823;71.298
13:23:26;22.410;18.824;71.308
13:23:28;22.411;18.824;71.297
13:23:29;22.411;18.823;71.293
13:23:31;22.413;18.823;71.275
13:23:33;22.410;18.825;71.312
13:23:35;22.412;18.824;71.290
13:23:37;22.414;18.825;71.280
13:23:39;22.413;18.824;71.287
13:23:41;22.413;18.825;71.295
13:23:43;22.416;18.828;71.289
13:23:45;22.411;18.824;71.301
13:23:46;22.412;18.824;71.287
13:23:48;22.414;18.825;71.288
13:23:50;22.413;18.827;71.310
13:23:52;22.411;18.825;71.309
13:23:54;22.411;18.824;71.300
13:23:55;22.412;18.825;71.298
13:23:57;22.412;18.829;71.325
13:23:59;22.413;18.824;71.281
13:24:01;22.412;18.829;71.323
13:24:03;22.413;18.831;71.335
13:24:04;22.414;18.827;71.299
13:24:06;22.413;18.829;71.324
13:24:08;22.414;18.836;71.365
13:24:10;22.412;18.832;71.350
13:24:12;22.414;18.833;71.343
13:24:13;22.413;18.830;71.333
13:24:15;22.414;18.831;71.330
13:24:17;22.416;18.835;71.339
13:24:19;22.414;18.836;71.366
13:24:21;22.416;18.831;71.314
13:24:22;22.413;18.831;71.331
13:24:24;22.414;18.829;71.309
13:24:26;22.415;18.835;71.347
13:24:28;22.415;18.834;71.340
13:24:30;22.413;18.833;71.356
13:24:32;22.415;18.834;71.340
13:24:33;22.416;18.834;71.333
13:24:36;22.416;18.832;71.316
13:24:38;22.416;18.833;71.324
13:24:39;22.416;18.835;71.339
13:24:41;22.416;18.832;71.318
13:24:43;22.415;18.837;71.362
13:24:45;22.416;18.834;71.333
13:24:47;22.416;18.836;71.348
13:24:49;22.416;18.837;71.354
13:24:51;22.416;18.835;71.340
13:24:52;22.416;18.834;71.333
13:24:54;22.415;18.834;71.341
13:24:56;22.416;18.836;71.353
13:24:58;22.415;18.830;71.310
13:25:00;22.416;18.833;71.331
13:25:01;22.416;18.833;71.326
13:25:03;22.415;18.833;71.332
13:25:05;22.416;18.835;71.340
13:25:07;22.416;18.834;71.338
13:25:09;22.416;18.835;71.340
13:25:11;22.416;18.833;71.325
13:25:13;22.416;18.836;71.353
13:25:15;22.416;18.835;71.346
13:25:16;22.415;18.834;71.345
13:25:19;22.416;18.838;71.361
13:25:20;22.416;18.836;71.348
13:25:22;22.415;18.833;71.337
13:25:25;22.416;18.833;71.330
13:25:26;22.416;18.831;71.309
13:25:28;22.416;18.831;71.311
13:25:30;22.416;18.836;71.348
13:25:32;22.416;18.831;71.310
13:25:34;22.416;18.837;71.361
13:25:35;22.415;18.833;71.333
13:25:37;22.415;18.830;71.314
13:25:39;22.415;18.829;71.304
13:25:41;22.415;18.830;71.312
13:25:42;22.416;18.828;71.293
13:25:44;22.414;18.827;71.300
13:25:46;22.415;18.828;71.299
13:25:48;22.414;18.826;71.291
13:25:50;22.413;18.829;71.325
13:25:52;22.414;18.827;71.298
13:25:54;22.414;18.827;71.299
13:25:56;22.415;18.828;71.298
13:25:58;22.416;18.827;71.282
13:26:00;22.415;18.825;71.276
13:26:01;22.413;18.826;71.300
13:26:03;22.414;18.827;71.301
13:26:05;22.416;18.827;71.282
13:26:07;22.415;18.831;71.320
13:26:09;22.416;18.829;71.298
13:26:10;22.415;18.828;71.295
13:26:12;22.415;18.834;71.345
13:26:15;22.416;18.830;71.306
13:26:16;22.416;18.830;71.306
13:26:18;22.416;18.835;71.340
13:26:20;22.416;18.828;71.289
13:26:22;22.415;18.835;71.347
13:26:24;22.415;18.839;71.380
13:26:26;22.416;18.831;71.312
13:26:28;22.416;18.836;71.353
13:26:30;22.416;18.837;71.361
13:26:32;22.415;18.835;71.347
13:26:34;22.416;18.834;71.339
13:26:36;22.415;18.837;71.361
13:26:37;22.416;18.836;71.346
13:26:39;22.415;18.834;71.340
13:26:41;22.416;18.831;71.315
13:26:43;22.416;18.835;71.341
13:26:45;22.416;18.832;71.319
13:26:46;22.416;18.834;71.334
13:26:48;22.416;18.833;71.326
13:26:50;22.416;18.837;71.361
13:26:52;22.416;18.838;71.368
13:26:54;22.416;18.838;71.368
13:26:56;22.416;18.837;71.356
13:26:58;22.416;18.837;71.356
13:27:00;22.416;18.838;71.362
13:27:02;22.416;18.838;71.368
13:27:04;22.416;18.837;71.356
13:27:05;22.416;18.836;71.353
13:27:07;22.416;18.839;71.376
13:27:09;22.416;18.837;71.361
13:27:11;22.416;18.838;71.369
13:27:13;22.416;18.839;71.376
13:27:14;22.416;18.839;71.370
13:27:16;22.416;18.838;71.369
13:27:18;22.416;18.839;71.376
13:27:20;22.416;18.838;71.369
13:27:22;22.416;18.838;71.369
13:27:23;22.416;18.838;71.368
13:27:25;22.416;18.838;71.368
13:27:27;22.416;18.839;71.376
13:27:29;22.416;18.838;71.368
13:27:31;22.416;18.838;71.363
13:27:32;22.416;18.838;71.368
13:27:34;22.416;18.839;71.376
13:27:36;22.416;18.839;71.376
13:27:38;22.416;18.839;71.376
13:27:40;22.416;18.839;71.376
13:27:41;22.416;18.839;71.376
13:27:43;22.416;18.839;71.376
13:27:45;22.416;18.839;71.376
13:27:47;22.416;18.838;71.368
13:27:49;22.416;18.839;71.376
13:27:50;22.416;18.838;71.368
13:27:52;22.416;18.839;71.376
13:27:54;22.416;18.839;71.376
13:27:56;22.416;18.839;71.376
13:27:58;22.416;18.839;71.376
13:28:00;22.416;18.839;71.376
13:28:02;22.416;18.838;71.363
13:28:03;22.416;18.839;71.376
13:28:05;22.416;18.839;71.376
13:28:07;22.417;18.839;71.369
13:28:09;22.416;18.839;71.376
13:28:11;22.416;18.839;71.376
13:28:13;22.416;18.839;71.376
13:28:15;22.416;18.839;71.376
13:28:17;22.416;18.839;71.376
13:28:18;22.416;18.839;71.376
13:28:20;22.416;18.839;71.376
13:28:22;22.416;18.838;71.363
13:28:24;22.416;18.839;71.376
13:28:26;22.416;18.839;71.376
13:28:27;22.416;18.839;71.376
13:28:30;22.416;18.839;71.376
13:28:31;22.416;18.839;71.376
13:28:33;22.416;18.839;71.376
13:28:35;22.416;18.839;71.376
13:28:37;22.416;18.839;71.376
13:28:39;22.416;18.838;71.369
13:28:41;22.416;18.839;71.376
13:28:43;22.417;18.839;71.369
13:28:44;22.416;18.839;71.376
13:28:46;22.416;18.839;71.376
13:28:48;22.416;18.839;71.376
13:28:50;22.416;18.838;71.364
13:28:52;22.416;18.839;71.376
13:28:54;22.416;18.839;71.376
13:28:56;22.416;18.839;71.376
13:28:57;22.416;18.838;71.364
13:29:00;22.416;18.839;71.376
13:29:02;22.416;18.839;71.376
13:29:04;22.416;18.839;71.376
13:29:05;22.417;18.839;71.369
13:29:07;22.416;18.839;71.376
13:29:09;22.417;18.839;71.370
13:29:11;22.418;18.839;71.362
13:29:13;22.416;18.839;71.376
13:29:15;22.417;18.839;71.370
13:29:17;22.416;18.839;71.376
13:29:18;22.420;18.839;71.349
13:29:20;22.418;18.839;71.363
13:29:22;22.417;18.839;71.369
13:29:24;22.417;18.839;71.369
13:29:26;22.419;18.839;71.356
13:29:28;22.417;18.839;71.370
13:29:30;22.416;18.839;71.376
13:29:32;22.417;18.839;71.370
13:29:34;22.418;18.839;71.363
13:29:36;22.421;18.839;71.345
13:29:38;22.420;18.839;71.350
13:29:39;22.417;18.839;71.370
13:29:41;22.419;18.839;71.359
13:29:43;22.420;18.839;71.353
13:29:45;22.424;18.839;71.326
13:29:47;22.422;18.839;71.336
13:29:48;22.419;18.839;71.356
13:29:50;22.419;18.839;71.360
13:29:52;22.422;18.839;71.336
13:29:54;22.423;18.839;71.332
13:29:56;22.423;18.839;71.332
13:29:58;22.427;18.839;71.305
13:30:00;22.422;18.839;71.338
13:30:02;22.425;18.839;71.319
13:30:03;22.425;18.839;71.319
13:30:05;22.422;18.839;71.335
13:30:07;22.426;18.839;71.308
13:30:09;22.424;18.839;71.325
13:30:11;22.427;18.839;71.305
13:30:12;22.425;18.839;71.316
13:30:14;22.426;18.839;71.312
13:30:16;22.427;18.839;71.302
13:30:18;22.427;18.839;71.305
13:30:20;22.428;18.839;71.298
13:30:21;22.425;18.839;71.318
13:30:23;22.422;18.839;71.340
13:30:25;22.422;18.839;71.335
13:30:27;22.428;18.839;71.298
13:30:29;22.423;18.839;71.329
13:30:30;22.424;18.839;71.323
13:30:32;22.426;18.839;71.312
13:30:34;22.428;18.840;71.303
13:30:36;22.426;18.839;71.311
13:30:38;22.424;18.840;71.333
13:30:39;22.429;18.839;71.287
13:30:41;22.429;18.839;71.293
13:30:44;22.427;18.839;71.303
13:30:45;22.432;18.839;71.266
13:30:47;22.432;18.840;71.273
13:30:49;22.429;18.839;71.287
13:30:51;22.431;18.840;71.285
13:30:52;22.429;18.839;71.287
13:30:54;22.430;18.839;71.280
13:30:57;22.431;18.839;71.273
13:30:58;22.431;18.840;71.279
13:31:00;22.429;18.841;71.301
13:31:02;22.431;18.840;71.285
13:31:04;22.428;18.839;71.294
13:31:06;22.431;18.840;71.280
13:31:08;22.432;18.840;71.273
13:31:10;22.430;18.841;71.300
13:31:11;22.431;18.840;71.283
13:31:13;22.432;18.839;71.266
13:31:15;22.431;18.842;71.293
13:31:17;22.431;18.842;71.291
13:31:19;22.431;18.843;71.300
13:31:20;22.430;18.841;71.295
13:31:22;22.429;18.840;71.294
13:31:24;22.431;18.841;71.293
13:31:26;22.430;18.841;71.295
13:31:28;22.432;18.842;71.288
13:31:30;22.432;18.841;71.282
13:31:32;22.432;18.841;71.281
13:31:34;22.430;18.846;71.334
13:31:36;22.432;18.842;71.289
13:31:37;22.432;18.842;71.286
13:31:39;22.432;18.844;71.302
13:31:42;22.432;18.845;71.310
13:31:43;22.432;18.845;71.308
13:31:45;22.432;18.842;71.288
13:31:47;22.432;18.843;71.296
13:31:49;22.432;18.845;71.307
13:31:51;22.432;18.847;71.319
13:31:53;22.432;18.844;71.300
13:31:55;22.432;18.846;71.315
13:31:56;22.432;18.846;71.314
13:31:58;22.432;18.846;71.311
13:32:00;22.432;18.845;71.305
13:32:02;22.432;18.849;71.340
13:32:04;22.432;18.844;71.301
13:32:06;22.432;18.847;71.325
13:32:08;22.432;18.851;71.352
13:32:10;22.432;18.851;71.350
13:32:12;22.432;18.852;71.357
13:32:13;22.432;18.847;71.320
13:32:15;22.432;18.852;71.361
13:32:17;22.432;18.846;71.311
13:32:19;22.431;18.853;71.372
13:32:21;22.432;18.847;71.322
13:32:22;22.432;18.848;71.330
13:32:24;22.432;18.849;71.340
13:32:26;22.432;18.850;71.344
13:32:28;22.432;18.849;71.340
13:32:30;22.431;18.847;71.329
13:32:32;22.432;18.847;71.322
13:32:34;22.432;18.847;71.322
13:32:36;22.432;18.852;71.358
13:32:37;22.432;18.847;71.321
13:32:39;22.432;18.850;71.344
13:32:41;22.432;18.846;71.315
13:32:43;22.432;18.846;71.316
13:32:46;22.432;18.848;71.326
13:32:48;22.432;18.849;71.335
13:32:50;22.432;18.845;71.310
13:32:51;22.432;18.846;71.318
13:32:53;22.432;18.847;71.322
13:32:55;22.432;18.847;71.322
13:32:57;22.432;18.843;71.293
13:32:59;22.432;18.846;71.316
13:33:00;22.432;18.845;71.308
13:33:03;22.432;18.848;71.331
13:33:04;22.432;18.844;71.303
13:33:06;22.432;18.843;71.293
13:33:08;22.432;18.846;71.314
13:33:10;22.432;18.847;71.319
13:33:12;22.432;18.846;71.315
13:33:13;22.432;18.847;71.322
13:33:15;22.432;18.847;71.322
13:33:17;22.432;18.847;71.323
13:33:19;22.432;18.849;71.340
13:33:21;22.432;18.848;71.329
13:33:22;22.432;18.848;71.330
13:33:24;22.432;18.846;71.318
13:33:26;22.432;18.848;71.327
13:33:28;22.432;18.850;71.342
13:33:30;22.432;18.846;71.315
13:33:31;22.432;18.849;71.338
13:33:33;22.432;18.848;71.332
13:33:35;22.431;18.851;71.357
13:33:37;22.432;18.850;71.344
13:33:39;22.432;18.851;71.352
13:33:40;22.432;18.852;71.359
13:33:42;22.432;18.850;71.344
13:33:44;22.432;18.849;71.334
13:33:46;22.432;18.851;71.349
13:33:48;22.432;18.851;71.352
13:33:50;22.432;18.854;71.376
13:33:52;22.432;18.850;71.344
13:33:53;22.432;18.852;71.356
13:33:55;22.432;18.850;71.344
13:33:57;22.432;18.853;71.365
13:33:59;22.432;18.849;71.336
13:34:01;22.432;18.852;71.356
13:34:02;22.432;18.851;71.350
13:34:04;22.432;18.853;71.367
13:34:06;22.432;18.856;71.386
13:34:08;22.432;18.856;71.386
13:34:10;22.432;18.855;71.379
13:34:11;22.432;18.855;71.379
13:34:13;22.432;18.855;71.379
13:34:15;22.432;18.854;71.371
13:34:17;22.432;18.856;71.386
13:34:19;22.432;18.853;71.364
13:34:21;22.432;18.853;71.367
13:34:22;22.432;18.855;71.379
13:34:24;22.432;18.852;71.359
13:34:26;22.432;18.855;71.380
13:34:28;22.432;18.853;71.364
13:34:30;22.432;18.855;71.382
13:34:32;22.432;18.854;71.374
13:34:34;22.432;18.854;71.374
13:34:35;22.432;18.855;71.379
13:34:37;22.432;18.854;71.371
13:34:39;22.432;18.856;71.387
13:34:41;22.432;18.856;71.387
13:34:43;22.432;18.856;71.387
13:34:45;22.432;18.855;71.379
13:34:47;22.432;18.856;71.387
13:34:48;22.432;18.856;71.387
13:34:50;22.432;18.856;71.387
13:34:52;22.432;18.856;71.387
13:34:54;22.432;18.856;71.387
13:34:56;22.432;18.856;71.387
13:34:57;22.432;18.856;71.387
13:34:59;22.432;18.855;71.379
13:35:01;22.432;18.856;71.387
13:35:03;22.432;18.856;71.387
13:35:05;22.432;18.856;71.387
13:35:06;22.433;18.856;71.380
13:35:08;22.432;18.856;71.387
13:35:10;22.434;18.856;71.374
13:35:12;22.432;18.856;71.387
13:35:14;22.432;18.856;71.387
13:35:15;22.433;18.856;71.380
13:35:17;22.432;18.856;71.387
13:35:19;22.434;18.856;71.373
13:35:21;22.434;18.856;71.373
13:35:23;22.436;18.856;71.362
13:35:24;22.433;18.856;71.381
13:35:26;22.434;18.856;71.373
13:35:28;22.438;18.856;71.352
13:35:30;22.438;18.856;71.348
13:35:32;22.436;18.856;71.361
13:35:33;22.438;18.856;71.347
13:35:35;22.441;18.856;71.328
13:35:37;22.437;18.856;71.354
13:35:39;22.434;18.856;71.375
13:35:41;22.438;18.856;71.349
13:35:42;22.435;18.856;71.369
13:35:44;22.435;18.856;71.366
13:35:46;22.437;18.856;71.353
13:35:48;22.438;18.856;71.348
13:35:50;22.436;18.856;71.361
13:35:51;22.436;18.856;71.360
13:35:53;22.437;18.856;71.353
13:35:55;22.440;18.856;71.336
13:35:57;22.434;18.856;71.373
13:35:59;22.438;18.856;71.348
13:36:00;22.439;18.856;71.340
13:36:02;22.439;18.856;71.339
13:36:04;22.439;18.856;71.345
13:36:06;22.441;18.856;71.328
13:36:07;22.441;18.856;71.328
13:36:10;22.436;18.856;71.359
13:36:12;22.439;18.856;71.340
13:36:14;22.440;18.856;71.335
13:36:16;22.443;18.856;71.317
13:36:17;22.445;18.856;71.301
13:36:20;22.441;18.856;71.331
13:36:22;22.446;18.856;71.294
13:36:23;22.442;18.856;71.322
13:36:25;22.438;18.856;71.350
13:36:27;22.439;18.856;71.339
13:36:29;22.440;18.856;71.335
13:36:31;22.440;18.856;71.336
13:36:32;22.444;18.856;71.307
13:36:34;22.446;18.856;71.294
13:36:36;22.444;18.856;71.308
13:36:38;22.445;18.857;71.306
13:36:39;22.446;18.856;71.295
13:36:41;22.445;18.856;71.301
13:36:43;22.447;18.857;71.297
13:36:45;22.444;18.856;71.308
13:36:47;22.446;18.856;71.297
13:36:48;22.444;18.856;71.310
13:36:50;22.447;18.856;71.287
13:36:52;22.449;18.857;71.283
13:36:54;22.447;18.856;71.287
13:36:56;22.449;18.858;71.291
13:36:57;22.449;18.860;71.305
13:36:59;22.449;18.857;71.283
13:37:01;22.449;18.857;71.283
13:37:03;22.449;18.857;71.283
13:37:05;22.449;18.858;71.291
13:37:06;22.448;18.857;71.290
13:37:08;22.447;18.860;71.319
13:37:10;22.448;18.857;71.290
13:37:12;22.449;18.859;71.299
13:37:14;22.449;18.860;71.309
13:37:15;22.449;18.858;71.290
13:37:17;22.449;18.859;71.303
13:37:20;22.449;18.862;71.324
13:37:21;22.449;18.861;71.318
13:37:24;22.449;18.863;71.332
13:37:25;22.449;18.861;71.312
13:37:27;22.447;18.859;71.310
13:37:29;22.449;18.860;71.309
13:37:31;22.449;18.864;71.339
13:37:32;22.449;18.862;71.321
13:37:34;22.449;18.866;71.352
13:37:36;22.449;18.861;71.313
13:37:38;22.449;18.866;71.355
13:37:40;22.448;18.863;71.339
13:37:41;22.449;18.864;71.340
13:37:43;22.449;18.865;71.348
13:37:45;22.449;18.866;71.354
13:37:47;22.449;18.868;71.367
13:37:49;22.449;18.868;71.370
13:37:50;22.449;18.868;71.367
13:37:52;22.449;18.868;71.369
13:37:54;22.449;18.867;71.362
13:37:56;22.449;18.872;71.397
13:37:58;22.449;18.868;71.367
13:37:59;22.449;18.868;71.369
13:38:01;22.449;18.872;71.397
13:38:03;22.449;18.871;71.389
13:38:05;22.449;18.872;71.397
13:38:07;22.449;18.871;71.389
13:38:08;22.449;18.871;71.389
13:38:10;22.449;18.872;71.397
13:38:12;22.449;18.872;71.397
13:38:14;22.449;18.872;71.397
13:38:16;22.449;18.871;71.389
13:38:17;22.449;18.872;71.397
13:38:19;22.449;18.872;71.397
13:38:21;22.449;18.870;71.384
13:38:23;22.449;18.872;71.397
13:38:25;22.449;18.872;71.397
13:38:26;22.449;18.871;71.390
13:38:28;22.449;18.872;71.397
13:38:30;22.449;18.872;71.397
13:38:32;22.449;18.872;71.397
13:38:34;22.449;18.872;71.397
13:38:35;22.449;18.872;71.397
13:38:37;22.449;18.872;71.397
13:38:40;22.449;18.872;71.397
13:38:41;22.449;18.872;71.397
13:38:43;22.449;18.872;71.397
13:38:45;22.449;18.872;71.397
13:38:47;22.449;18.871;71.389
13:38:49;22.449;18.872;71.397
13:38:51;22.449;18.871;71.389
13:38:52;22.449;18.872;71.397
13:38:54;22.449;18.872;71.397
13:38:56;22.449;18.872;71.397
13:38:58;22.449;18.872;71.397
13:39:00;22.449;18.872;71.397
13:39:02;22.449;18.872;71.397
13:39:04;22.450;18.872;71.391
13:39:05;22.449;18.872;71.397
13:39:07;22.449;18.872;71.397
13:39:09;22.449;18.872;71.393
13:39:11;22.450;18.872;71.390
13:39:13;22.451;18.872;71.383
13:39:14;22.451;18.872;71.384
13:39:16;22.452;18.872;71.373
13:39:18;22.451;18.872;71.379
13:39:20;22.453;18.872;71.370
13:39:22;22.450;18.872;71.391
13:39:24;22.451;18.872;71.379
13:39:26;22.452;18.872;71.376
13:39:27;22.452;18.872;71.372
13:39:30;22.455;18.872;71.352
13:39:31;22.457;18.872;71.338
13:39:33;22.457;18.872;71.339
13:39:35;22.455;18.872;71.352
13:39:37;22.462;18.872;71.307
13:39:39;22.456;18.872;71.345
13:39:40;22.460;18.872;71.321
13:39:42;22.457;18.872;71.339
13:39:44;22.460;18.872;71.318
13:39:46;22.458;18.872;71.336
13:39:48;22.462;18.872;71.306
13:39:50;22.461;18.872;71.314
13:39:52;22.465;18.872;71.287
13:39:53;22.462;18.872;71.305
13:39:55;22.464;18.872;71.293
13:39:57;22.461;18.872;71.316
13:39:59;22.464;18.872;71.293
13:40:01;22.464;18.872;71.293
13:40:02;22.463;18.872;71.298
13:40:04;22.465;18.872;71.287
13:40:07;22.465;18.872;71.287
13:40:08;22.465;18.873;71.294
13:40:10;22.465;18.875;71.309
13:40:12;22.465;18.874;71.300
13:40:14;22.465;18.875;71.309
13:40:16;22.465;18.878;71.331
13:40:17;22.462;18.876;71.336
13:40:19;22.465;18.876;71.320
13:40:21;22.465;18.883;71.370
13:40:23;22.465;18.879;71.342
13:40:25;22.465;18.879;71.338
13:40:26;22.464;18.884;71.386
13:40:28;22.464;18.881;71.363
13:40:30;22.465;18.882;71.360
13:40:32;22.465;18.886;71.392
13:40:34;22.465;18.883;71.373
13:40:36;22.465;18.887;71.400
13:40:37;22.465;18.884;71.380
13:40:39;22.465;18.883;71.370
13:40:41;22.465;18.887;71.400
13:40:43;22.465;18.886;71.395
13:40:45;22.465;18.886;71.392
13:40:46;22.465;18.885;71.381
13:40:48;22.465;18.886;71.392
13:40:50;22.465;18.886;71.392
13:40:52;22.465;18.888;71.407
13:40:54;22.464;18.887;71.407
13:40:55;22.465;18.886;71.393
13:40:57;22.465;18.886;71.395
13:40:59;22.465;18.887;71.400
13:41:01;22.465;18.887;71.403
13:41:03;22.465;18.887;71.403
13:41:04;22.465;18.887;71.400
13:41:06;22.465;18.888;71.407
13:41:08;22.465;18.888;71.407
13:41:10;22.465;18.888;71.407
13:41:12;22.465;18.886;71.395
13:41:14;22.465;18.888;71.407
13:41:16;22.465;18.888;71.407
13:41:18;22.465;18.888;71.407
13:41:19;22.465;18.888;71.407
13:41:21;22.465;18.888;71.407
13:41:23;22.465;18.888;71.407
13:41:25;22.465;18.888;71.407
13:41:27;22.465;18.888;71.407
13:41:28;22.465;18.888;71.407
13:41:30;22.465;18.888;71.407
13:41:32;22.465;18.888;71.407
13:41:34;22.465;18.888;71.407
13:41:36;22.465;18.888;71.407
13:41:38;22.465;18.888;71.407
13:41:40;22.465;18.888;71.407
13:41:41;22.465;18.888;71.407
13:41:43;22.465;18.888;71.407
13:41:45;22.465;18.888;71.407
13:41:47;22.465;18.888;71.407
13:41:49;22.465;18.888;71.407
13:41:51;22.465;18.888;71.407
13:41:53;22.465;18.888;71.407
13:41:54;22.465;18.888;71.407
13:41:56;22.465;18.888;71.407
13:41:58;22.467;18.888;71.395
13:42:00;22.465;18.888;71.407
13:42:01;22.465;18.888;71.407
13:42:03;22.465;18.888;71.407
13:42:05;22.465;18.888;71.407
13:42:07;22.465;18.888;71.407
13:42:09;22.466;18.888;71.400
13:42:10;22.465;18.888;71.407
13:42:12;22.465;18.888;71.407
13:42:14;22.465;18.888;71.407
13:42:16;22.465;18.888;71.407
13:42:18;22.466;18.888;71.401
13:42:19;22.466;18.888;71.401
13:42:21;22.465;18.888;71.407
13:42:23;22.465;18.888;71.407
13:42:25;22.465;18.888;71.407
13:42:27;22.465;18.888;71.407
13:42:28;22.466;18.888;71.401
13:42:30;22.470;18.888;71.374
13:42:32;22.466;18.888;71.402
13:42:34;22.466;18.888;71.401
13:42:36;22.466;18.888;71.401
13:42:38;22.465;18.888;71.407
13:42:40;22.471;18.888;71.368
13:42:41;22.467;18.888;71.394
13:42:43;22.466;18.888;71.401
13:42:45;22.470;18.888;71.375
13:42:47;22.467;18.888;71.395
13:42:49;22.470;18.890;71.389
13:42:50;22.470;18.888;71.371
13:42:52;22.471;18.888;71.363
13:42:54;22.470;18.888;71.374
13:42:56;22.467;18.888;71.391
13:42:58;22.469;18.888;71.383
13:42:59;22.472;18.888;71.356
13:43:01;22.469;18.888;71.382
13:43:03;22.472;18.888;71.361
13:43:05;22.473;18.888;71.354
13:43:07;22.470;18.888;71.373
13:43:09;22.475;18.888;71.338
13:43:11;22.478;18.888;71.317
13:43:13;22.477;18.888;71.328
13:43:15;22.475;18.888;71.340
13:43:17;22.476;18.888;71.332
13:43:18;22.479;18.889;71.322
13:43:20;22.477;18.889;71.330
13:43:22;22.479;18.888;71.311
13:43:24;22.479;18.889;71.318
13:43:26;22.479;18.890;71.330
13:43:28;22.479;18.890;71.326
13:43:30;22.480;18.893;71.341
13:43:32;22.480;18.891;71.324
13:43:33;22.480;18.894;71.348
13:43:35;22.478;18.891;71.337
13:43:37;22.480;18.891;71.322
13:43:39;22.481;18.891;71.320
13:43:41;22.481;18.895;71.345
13:43:42;22.481;18.890;71.309
13:43:44;22.479;18.892;71.334
13:43:46;22.480;18.893;71.339
13:43:48;22.481;18.893;71.331
13:43:50;22.481;18.890;71.312
13:43:52;22.480;18.890;71.319
13:43:54;22.481;18.892;71.326
13:43:56;22.481;18.890;71.312
13:43:57;22.481;18.889;71.305
13:43:59;22.481;18.890;71.312
13:44:01;22.481;18.890;71.312
13:44:03;22.481;18.891;71.317
13:44:05;22.481;18.892;71.326
13:44:06;22.481;18.895;71.347
13:44:08;22.481;18.892;71.327
13:44:10;22.481;18.898;71.374
13:44:12;22.481;18.895;71.345
13:44:14;22.481;18.896;71.354
13:44:15;22.481;18.893;71.334
13:44:17;22.481;18.893;71.334
13:44:19;22.481;18.892;71.326
13:44:21;22.481;18.894;71.341
13:44:23;22.481;18.899;71.376
13:44:26;22.479;18.895;71.357
13:44:27;22.481;18.892;71.330
13:44:29;22.481;18.896;71.354
13:44:31;22.481;18.890;71.312
13:44:33;22.481;18.891;71.319
13:44:35;22.481;18.892;71.327
13:44:36;22.481;18.892;71.326
13:44:38;22.481;18.893;71.333
13:44:40;22.481;18.894;71.338
13:44:42;22.481;18.891;71.318
13:44:44;22.481;18.895;71.346
13:44:46;22.481;18.892;71.327
13:44:48;22.481;18.891;71.318
13:44:50;22.481;18.894;71.339
13:44:51;22.481;18.894;71.342
13:44:53;22.481;18.897;71.361
13:44:55;22.481;18.894;71.338
13:44:57;22.481;18.896;71.357
13:44:59;22.481;18.895;71.350
13:45:00;22.481;18.896;71.353
13:45:02;22.481;18.899;71.375
13:45:04;22.481;18.898;71.368
13:45:06;22.481;18.897;71.364
13:45:08;22.481;18.896;71.359
13:45:09;22.481;18.893;71.335
13:45:11;22.481;18.900;71.384
13:45:13;22.481;18.895;71.345
13:45:15;22.481;18.898;71.368
13:45:17;22.481;18.895;71.346
13:45:18;22.481;18.897;71.365
13:45:20;22.481;18.896;71.353
13:45:22;22.481;18.895;71.347
13:45:24;22.481;18.897;71.362
13:45:26;22.481;18.895;71.345
13:45:27;22.481;18.899;71.381
13:45:29;22.481;18.899;71.378
13:45:31;22.481;18.900;71.388
13:45:33;22.481;18.899;71.375
13:45:35;22.481;18.900;71.384
13:45:36;22.481;18.899;71.375
13:45:38;22.482;18.899;71.372
13:45:40;22.481;18.902;71.403
13:45:42;22.481;18.901;71.390
13:45:44;22.481;18.902;71.403
13:45:45;22.482;18.903;71.404
13:45:47;22.481;18.901;71.393
13:45:49;22.481;18.903;71.406
13:45:51;22.481;18.902;71.403
13:45:53;22.481;18.901;71.396
13:45:55;22.481;18.900;71.383
13:45:57;22.481;18.902;71.403
13:45:58;22.481;18.904;71.418
13:46:00;22.481;18.902;71.403
13:46:03;22.481;18.904;71.418
13:46:04;22.482;18.903;71.404
13:46:06;22.481;18.904;71.418
13:46:08;22.486;18.903;71.373
13:46:10;22.483;18.904;71.404
13:46:12;22.485;18.904;71.392
13:46:14;22.484;18.904;71.399
13:46:16;22.485;18.904;71.392
13:46:17;22.485;18.904;71.392
13:46:19;22.486;18.904;71.384
13:46:21;22.489;18.904;71.368
13:46:23;22.487;18.904;71.381
13:46:25;22.488;18.904;71.374
13:46:27;22.487;18.904;71.377
13:46:29;22.489;18.904;71.366
13:46:30;22.490;18.904;71.361
13:46:32;22.489;18.904;71.367
13:46:34;22.490;18.904;71.355
13:46:36;22.490;18.904;71.361
13:46:38;22.493;18.904;71.338
13:46:39;22.489;18.904;71.365
13:46:41;22.493;18.904;71.340
13:46:43;22.491;18.904;71.349
13:46:45;22.492;18.904;71.345
13:46:47;22.493;18.904;71.340
13:46:48;22.496;18.904;71.320
13:46:50;22.494;18.904;71.329
13:46:52;22.493;18.904;71.336
13:46:54;22.497;18.904;71.308
13:46:56;22.497;18.904;71.308
13:46:57;22.495;18.904;71.322
13:46:59;22.496;18.904;71.320
13:47:01;22.497;18.904;71.308
13:47:03;22.497;18.905;71.316
13:47:05;22.497;18.904;71.308
13:47:06;22.497;18.905;71.313
13:47:08;22.497;18.904;71.308
13:47:10;22.497;18.906;71.319
13:47:12;22.497;18.904;71.308
13:47:14;22.496;18.904;71.315
13:47:15;22.497;18.904;71.308
13:47:17;22.497;18.904;71.308
13:47:19;22.497;18.905;71.320
13:47:21;22.497;18.905;71.315
13:47:23;22.496;18.906;71.330
13:47:24;22.497;18.905;71.316
13:47:26;22.497;18.906;71.322
13:47:28;22.497;18.905;71.316
13:47:30;22.497;18.907;71.327
13:47:32;22.497;18.906;71.322
13:47:34;22.497;18.909;71.342
13:47:36;22.497;18.911;71.361
13:47:38;22.497;18.907;71.328
13:47:39;22.497;18.913;71.374
13:47:41;22.497;18.912;71.368
13:47:43;22.497;18.910;71.349
13:47:45;22.497;18.912;71.364
13:47:47;22.497;18.914;71.382
13:47:48;22.497;18.910;71.353
13:47:50;22.497;18.914;71.382
13:47:52;22.497;18.917;71.402
13:47:54;22.497;18.917;71.406
13:47:56;22.497;18.920;71.429
13:47:57;22.497;18.918;71.414
13:47:59;22.497;18.918;71.409
13:48:01;22.497;18.916;71.399
13:48:03;22.497;18.919;71.422
13:48:05;22.497;18.920;71.429
13:48:06;22.497;18.919;71.422
13:48:08;22.497;18.920;71.429
13:48:10;22.497;18.918;71.409
13:48:12;22.497;18.918;71.414
13:48:13;22.497;18.920;71.429
13:48:16;22.497;18.920;71.429
13:48:18;22.497;18.919;71.417
13:48:19;22.497;18.920;71.429
13:48:21;22.497;18.920;71.429
13:48:23;22.497;18.920;71.429
13:48:25;22.498;18.920;71.425
13:48:27;22.497;18.920;71.429
13:48:28;22.497;18.920;71.429
13:48:30;22.497;18.920;71.429
13:48:32;22.497;18.920;71.429
13:48:34;22.497;18.920;71.429
13:48:36;22.497;18.920;71.429
13:48:37;22.497;18.920;71.429
13:48:39;22.498;18.920;71.422
13:48:41;22.499;18.920;71.416
13:48:43;22.497;18.920;71.429
13:48:45;22.497;18.920;71.429
13:48:46;22.497;18.920;71.429
13:48:48;22.499;18.920;71.416
13:48:50;22.497;18.920;71.429
13:48:52;22.497;18.920;71.429
13:48:54;22.499;18.920;71.417
13:48:55;22.498;18.920;71.422
13:48:57;22.498;18.920;71.423
13:48:59;22.500;18.920;71.409
13:49:01;22.497;18.920;71.429
13:49:03;22.499;18.920;71.418
13:49:04;22.497;18.920;71.429
13:49:06;22.498;18.920;71.422
13:49:08;22.501;18.920;71.405
13:49:10;22.500;18.920;71.409
13:49:12;22.498;18.920;71.423
13:49:14;22.504;18.920;71.383
13:49:15;22.507;18.920;71.364
13:49:17;22.505;18.920;71.380
13:49:19;22.503;18.920;71.392
13:49:21;22.508;18.920;71.358
13:49:23;22.505;18.920;71.377
13:49:24;22.508;18.920;71.357
13:49:26;22.508;18.920;71.353
13:49:28;22.508;18.920;71.357
13:49:30;22.507;18.921;71.371
13:49:32;22.507;18.920;71.360
13:49:33;22.507;18.921;71.372
13:49:35;22.509;18.920;71.348
13:49:37;22.509;18.920;71.351
13:49:39;22.507;18.920;71.364
13:49:41;22.507;18.920;71.365
13:49:42;22.509;18.920;71.350
13:49:44;22.512;18.921;71.340
13:49:46;22.511;18.920;71.340
13:49:48;22.513;18.920;71.326
13:49:50;22.511;18.922;71.355
13:49:51;22.511;18.920;71.340
13:49:53;22.511;18.920;71.340
13:49:55;22.512;18.920;71.330
13:49:57;22.511;18.920;71.337
13:49:59;22.509;18.920;71.351
13:50:00;22.507;18.920;71.360
13:50:02;22.511;18.920;71.337
13:50:04;22.511;18.921;71.345
13:50:06;22.514;18.921;71.326
13:50:08;22.512;18.922;71.346
13:50:10;22.512;18.920;71.333
13:50:12;22.513;18.920;71.326
13:50:13;22.513;18.920;71.326
13:50:15;22.510;18.922;71.359
13:50:17;22.514;18.923;71.341
13:50:19;22.513;18.920;71.326
13:50:21;22.512;18.921;71.338
13:50:22;22.511;18.920;71.340
13:50:24;22.514;18.920;71.319
13:50:26;22.513;18.921;71.330
13:50:28;22.512;18.921;71.337
13:50:30;22.510;18.920;71.344
13:50:31;22.514;18.922;71.332
13:50:33;22.509;18.921;71.354
13:50:35;22.512;18.923;71.352
13:50:37;22.513;18.920;71.326
13:50:39;22.513;18.921;71.331
13:50:41;22.510;18.921;71.352
13:50:43;22.513;18.922;71.341
13:50:44;22.512;18.920;71.333
13:50:46;22.512;18.921;71.338
13:50:48;22.512;18.921;71.339
13:50:50;22.513;18.922;71.341
13:50:52;22.511;18.921;71.344
13:50:54;22.514;18.922;71.331
13:50:56;22.512;18.920;71.331
13:50:57;22.514;18.921;71.327
13:50:59;22.514;18.921;71.326
13:51:01;22.513;18.925;71.356
13:51:03;22.514;18.922;71.334
13:51:05;22.514;18.925;71.352
13:51:06;22.512;18.924;71.362
13:51:08;22.511;18.926;71.380
13:51:10;22.513;18.922;71.341
13:51:12;22.513;18.928;71.383
13:51:14;22.514;18.928;71.376
13:51:15;22.514;18.927;71.368
13:51:17;22.514;18.927;71.368
13:51:19;22.514;18.925;71.351
13:51:21;22.514;18.930;71.393
13:51:23;22.514;18.926;71.361
13:51:24;22.513;18.929;71.389
13:51:26;22.514;18.930;71.389
13:51:28;22.514;18.926;71.361
13:51:30;22.514;18.925;71.355
13:51:31;22.514;18.927;71.371
13:51:33;22.514;18.924;71.346
13:51:36;22.514;18.926;71.360
13:51:37;22.514;18.925;71.349
13:51:39;22.514;18.925;71.354
13:51:41;22.514;18.927;71.367
13:51:43;22.514;18.924;71.342
13:51:45;22.514;18.925;71.354
13:51:46;22.514;18.923;71.337
13:51:48;22.514;18.920;71.319
13:51:50;22.514;18.923;71.342
13:51:52;22.514;18.921;71.324
13:51:54;22.514;18.927;71.366
13:51:55;22.514;18.926;71.363
13:51:57;22.514;18.927;71.371
13:51:59;22.514;18.925;71.353
13:52:01;22.514;18.930;71.389
13:52:03;22.514;18.925;71.353
13:52:04;22.514;18.932;71.404
13:52:06;22.514;18.931;71.397
13:52:08;22.514;18.927;71.368
13:52:10;22.514;18.926;71.360
13:52:12;22.514;18.928;71.378
13:52:13;22.514;18.930;71.390
13:52:15;22.514;18.934;71.417
13:52:17;22.514;18.932;71.404
13:52:19;22.514;18.929;71.382
13:52:21;22.514;18.929;71.382
13:52:22;22.514;18.933;71.412
13:52:24;22.514;18.930;71.390
13:52:26;22.514;18.934;71.420
13:52:28;22.514;18.936;71.432
13:52:30;22.514;18.935;71.425
13:52:31;22.514;18.933;71.411
13:52:33;22.514;18.936;71.432
13:52:35;22.514;18.935;71.425
13:52:37;22.514;18.934;71.421
13:52:39;22.514;18.935;71.425
13:52:41;22.514;18.936;71.426
13:52:43;22.515;18.935;71.414
13:52:44;22.514;18.934;71.417
13:52:46;22.514;18.935;71.427
13:52:48;22.514;18.936;71.432
13:52:50;22.514;18.934;71.420
13:52:52;22.514;18.937;71.440
13:52:53;22.514;18.935;71.425
13:52:55;22.514;18.935;71.425
13:52:57;22.514;18.935;71.427
13:52:59;22.515;18.935;71.418
13:53:01;22.514;18.937;71.436
13:53:03;22.514;18.937;71.440
13:53:05;22.514;18.934;71.420
13:53:07;22.515;18.935;71.418
13:53:08;22.514;18.935;71.427
13:53:10;22.516;18.936;71.419
13:53:12;22.515;18.937;71.433
13:53:14;22.515;18.937;71.433
13:53:16;22.514;18.937;71.440
13:53:17;22.516;18.937;71.422
13:53:19;22.514;18.937;71.440
13:53:21;22.514;18.937;71.440
13:53:23;22.515;18.937;71.433
13:53:25;22.517;18.937;71.419
13:53:26;22.515;18.937;71.433
13:53:29;22.514;18.937;71.440
13:53:30;22.514;18.937;71.440
13:53:32;22.515;18.937;71.433
13:53:34;22.514;18.937;71.440
13:53:36;22.517;18.937;71.419
13:53:38;22.515;18.937;71.433
13:53:40;22.514;18.937;71.440
13:53:42;22.515;18.937;71.430
13:53:43;22.514;18.937;71.440
13:53:45;22.519;18.937;71.405
13:53:47;22.516;18.937;71.426
13:53:49;22.517;18.936;71.412
13:53:51;22.516;18.937;71.426
13:53:53;22.515;18.937;71.433
13:53:55;22.515;18.937;71.433
13:53:57;22.517;18.935;71.407
13:53:59;22.515;18.937;71.429
13:54:00;22.518;18.937;71.408
13:54:02;22.518;18.937;71.410
13:54:04;22.520;18.937;71.394
13:54:06;22.518;18.937;71.406
13:54:08;22.519;18.937;71.401
13:54:09;22.515;18.937;71.427
13:54:11;22.521;18.937;71.388
13:54:13;22.517;18.937;71.414
13:54:15;22.520;18.937;71.393
13:54:17;22.520;18.937;71.396
13:54:19;22.523;18.937;71.378
13:54:21;22.520;18.937;71.394
13:54:22;22.522;18.937;71.381
13:54:24;22.525;18.937;71.361
13:54:26;22.521;18.937;71.389
13:54:28;22.523;18.937;71.375
13:54:30;22.525;18.937;71.364
13:54:31;22.522;18.937;71.384
13:54:33;22.522;18.937;71.381
13:54:35;22.526;18.937;71.354
13:54:37;22.523;18.937;71.375
13:54:39;22.524;18.937;71.368
13:54:40;22.526;18.938;71.362
13:54:42;22.530;18.937;71.329
13:54:44;22.524;18.937;71.368
13:54:46;22.527;18.937;71.348
13:54:48;22.527;18.937;71.350
13:54:50;22.524;18.937;71.371
13:54:52;22.524;18.937;71.369
13:54:54;22.528;18.937;71.343
13:54:56;22.528;18.937;71.343
13:54:58;22.524;18.937;71.371
13:54:59;22.529;18.937;71.337
13:55:01;22.525;18.937;71.362
13:55:03;22.524;18.937;71.368
13:55:05;22.528;18.937;71.343
13:55:07;22.526;18.937;71.354
13:55:08;22.529;18.937;71.336
13:55:10;22.530;18.937;71.330
13:55:12;22.529;18.937;71.335
13:55:14;22.530;18.937;71.330
13:55:16;22.530;18.937;71.329
13:55:18;22.530;18.937;71.329
13:55:20;22.530;18.937;71.329
13:55:22;22.530;18.937;71.329
13:55:24;22.530;18.937;71.329
13:55:26;22.530;18.937;71.330
13:55:28;22.530;18.938;71.337
13:55:30;22.530;18.937;71.330
13:55:31;22.528;18.939;71.356
13:55:33;22.530;18.940;71.352
13:55:35;22.530;18.939;71.345
13:55:37;22.530;18.937;71.329
13:55:39;22.530;18.940;71.355
13:55:40;22.530;18.937;71.329
13:55:42;22.530;18.938;71.341
13:55:44;22.530;18.938;71.336
13:55:46;22.530;18.939;71.349
13:55:48;22.530;18.940;71.355
13:55:49;22.530;18.941;71.359
13:55:51;22.530;18.940;71.355
13:55:53;22.530;18.945;71.389
13:55:55;22.530;18.946;71.401
13:55:57;22.530;18.942;71.370
13:55:59;22.530;18.943;71.379
13:56:01;22.530;18.944;71.387
13:56:03;22.530;18.945;71.388
13:56:04;22.530;18.943;71.373
13:56:06;22.530;18.947;71.405
13:56:08;22.530;18.944;71.386
13:56:10;22.530;18.946;71.397
13:56:12;22.530;18.948;71.414
13:56:14;22.530;18.946;71.398
13:56:16;22.530;18.945;71.388
13:56:18;22.530;18.948;71.415
13:56:19;22.530;18.948;71.416
13:56:21;22.530;18.946;71.396
13:56:23;22.530;18.945;71.388
13:56:25;22.530;18.945;71.393
13:56:27;22.530;18.945;71.392
13:56:28;22.530;18.950;71.426
13:56:30;22.531;18.948;71.408
13:56:32;22.530;18.950;71.430
13:56:34;22.530;18.952;71.443
13:56:36;22.530;18.951;71.435
13:56:38;22.530;18.949;71.423
13:56:40;22.530;18.950;71.430
13:56:41;22.530;18.949;71.420
13:56:44;22.530;18.950;71.430
13:56:45;22.530;18.951;71.435
13:56:47;22.530;18.953;71.450
13:56:49;22.530;18.953;71.450
13:56:51;22.530;18.953;71.451
13:56:53;22.530;18.953;71.451
13:56:54;22.530;18.952;71.443
13:56:56;22.530;18.952;71.443
13:56:58;22.530;18.953;71.451
13:57:00;22.530;18.951;71.438
13:57:02;22.530;18.951;71.438
13:57:03;22.530;18.952;71.443
13:57:05;22.530;18.953;71.446
13:57:07;22.531;18.952;71.436
13:57:09;22.530;18.953;71.451
13:57:11;22.530;18.953;71.450
13:57:12;22.530;18.952;71.443
13:57:15;22.530;18.953;71.450
13:57:17;22.533;18.952;71.424
13:57:18;22.530;18.953;71.450
13:57:20;22.530;18.953;71.446
13:57:22;22.532;18.953;71.433
13:57:24;22.533;18.953;71.431
13:57:26;22.532;18.953;71.437
13:57:27;22.533;18.953;71.431
13:57:29;22.535;18.953;71.416
13:57:31;22.534;18.953;71.424
13:57:33;22.534;18.953;71.423
13:57:35;22.534;18.953;71.419
13:57:36;22.535;18.953;71.413
13:57:38;22.535;18.953;71.416
13:57:40;22.535;18.953;71.412
13:57:42;22.535;18.953;71.412
13:57:44;22.534;18.953;71.419
13:57:45;22.537;18.953;71.399
13:57:47;22.534;18.953;71.420
13:57:49;22.539;18.953;71.387
13:57:51;22.540;18.953;71.379
13:57:53;22.542;18.953;71.366
13:57:54;22.544;18.953;71.352
13:57:56;22.545;18.953;71.347
13:57:58;22.543;18.953;71.361
13:58:00;22.544;18.953;71.351
13:58:01;22.543;18.953;71.361
13:58:03;22.545;18.953;71.347
13:58:05;22.541;18.953;71.372
13:58:07;22.543;18.953;71.360
13:58:09;22.544;18.953;71.354
13:58:10;22.546;18.953;71.340
13:58:12;22.546;18.953;71.340
13:58:14;22.546;18.954;71.348
13:58:16;22.545;18.953;71.347
13:58:18;22.544;18.953;71.352
13:58:20;22.546;18.953;71.340
13:58:22;22.544;18.953;71.352
13:58:23;22.546;18.953;71.340
13:58:25;22.546;18.954;71.348
13:58:27;22.546;18.953;71.345
13:58:29;22.546;18.954;71.347
13:58:31;22.546;18.955;71.354
13:58:32;22.546;18.955;71.355
13:58:35;22.546;18.955;71.356
13:58:37;22.546;18.957;71.374
13:58:38;22.546;18.954;71.353
13:58:40;22.546;18.957;71.369
13:58:42;22.546;18.955;71.355
13:58:44;22.546;18.958;71.375
13:58:46;22.546;18.956;71.362
13:58:48;22.546;18.958;71.375
13:58:50;22.546;18.954;71.352
13:58:51;22.546;18.954;71.348
13:58:53;22.546;18.956;71.362
13:58:55;22.546;18.957;71.374
13:58:57;22.546;18.957;71.374
13:58:59;22.546;18.956;71.360
13:59:00;22.546;18.960;71.393
13:59:02;22.546;18.956;71.363
13:59:04;22.546;18.959;71.388
13:59:06;22.546;18.954;71.347
13:59:09;22.546;18.959;71.386
13:59:11;22.546;18.958;71.377
13:59:13;22.546;18.958;71.381
13:59:14;22.547;18.960;71.389
13:59:16;22.546;18.959;71.382
13:59:18;22.546;18.961;71.403
13:59:20;22.546;18.962;71.406
13:59:22;22.546;18.959;71.390
13:59:23;22.546;18.964;71.426
13:59:25;22.547;18.960;71.389
13:59:27;22.546;18.960;71.396
13:59:29;22.546;18.965;71.431
13:59:31;22.546;18.960;71.391
13:59:33;22.546;18.960;71.390
13:59:35;22.546;18.959;71.388
13:59:36;22.546;18.962;71.411
13:59:38;22.546;18.960;71.392
13:59:40;22.546;18.959;71.390
13:59:42;22.547;18.960;71.385
13:59:44;22.546;18.963;71.413
13:59:45;22.546;18.964;71.426
13:59:47;22.546;18.961;71.404
13:59:49;22.547;18.968;71.447
13:59:51;22.546;18.965;71.427
13:59:53;22.547;18.962;71.405
13:59:55;22.548;18.966;71.430
13:59:57;22.547;18.963;71.411
13:59:58;22.546;18.967;71.446
14:00:00;22.549;18.967;71.428
14:00:02;22.547;18.969;71.454
14:00:04;22.550;18.968;71.426
14:00:06;22.552;18.968;71.412
14:00:07;22.552;18.969;71.417
14:00:09;22.549;18.969;71.438
14:00:11;22.551;18.969;71.430
14:00:13;22.552;18.969;71.421
14:00:15;22.552;18.969;71.417
14:00:16;22.549;18.969;71.443
14:00:18;22.552;18.969;71.422
14:00:20;22.552;18.969;71.421
14:00:22;22.556;18.969;71.396
14:00:24;22.555;18.969;71.401
14:00:26;22.555;18.969;71.403
14:00:28;22.554;18.969;71.407
14:00:29;22.557;18.969;71.385
14:00:31;22.559;18.969;71.371
14:00:33;22.557;18.969;71.390
14:00:35;22.556;18.969;71.394
14:00:37;22.555;18.969;71.397
14:00:38;22.560;18.969;71.365
14:00:40;22.557;18.969;71.383
14:00:43;22.555;18.969;71.399
14:00:45;22.561;18.969;71.358
14:00:47;22.556;18.969;71.392
14:00:48;22.560;18.969;71.369
14:00:50;22.559;18.969;71.371
14:00:52;22.558;18.969;71.381
14:00:54;22.562;18.969;71.351
14:00:56;22.561;18.969;71.362
14:00:57;22.557;18.969;71.383
14:00:59;22.561;18.969;71.358
14:01:01;22.561;18.969;71.362
14:01:03;22.562;18.969;71.351
14:01:05;22.560;18.969;71.363
14:01:06;22.560;18.969;71.364
14:01:08;22.561;18.969;71.362
14:01:10;22.561;18.969;71.357
14:01:12;22.562;18.969;71.351
14:01:13;22.561;18.969;71.362
14:01:15;22.562;18.969;71.351
14:01:17;22.562;18.969;71.351
14:01:19;22.562;18.969;71.351
14:01:21;22.562;18.969;71.351
14:01:23;22.562;18.970;71.357
14:01:25;22.562;18.970;71.357
14:01:27;22.562;18.972;71.373
14:01:28;22.562;18.971;71.363
14:01:31;22.562;18.969;71.351
14:01:32;22.562;18.969;71.351
14:01:35;22.562;18.975;71.393
14:01:36;22.562;18.969;71.351
14:01:38;22.562;18.970;71.358
14:01:40;22.562;18.973;71.381
14:01:42;22.562;18.973;71.381
14:01:44;22.562;18.976;71.400
14:01:45;22.562;18.976;71.403
14:01:48;22.562;18.977;71.407
14:01:49;22.562;18.979;71.421
14:01:51;22.562;18.975;71.391
14:01:53;22.562;18.978;71.419
14:01:55;22.562;18.978;71.417
14:01:57;22.562;18.977;71.406
14:01:59;22.562;18.982;71.449
14:02:01;22.562;18.980;71.429
14:02:02;22.562;18.981;71.437
14:02:05;22.562;18.982;71.449
14:02:06;22.562;18.981;71.441
14:02:09;22.562;18.983;71.457
14:02:10;22.562;18.982;71.449
14:02:12;22.562;18.982;71.449
14:02:14;22.562;18.984;71.464
14:02:16;22.562;18.982;71.444
14:02:18;22.562;18.983;71.458
14:02:20;22.562;18.981;71.439
14:02:22;22.562;18.983;71.451
14:02:23;22.562;18.980;71.430
14:02:25;22.562;18.980;71.432
14:02:27;22.562;18.979;71.423
14:02:29;22.562;18.981;71.443
14:02:31;22.562;18.974;71.391
14:02:32;22.562;18.981;71.439
14:02:35;22.562;18.983;71.451
14:02:37;22.562;18.983;71.451
14:02:38;22.562;18.984;71.464
14:02:40;22.562;18.985;71.472
14:02:42;22.562;18.985;71.472
14:02:44;22.562;18.985;71.472
14:02:46;22.562;18.984;71.464
14:02:47;22.562;18.984;71.459
14:02:49;22.562;18.985;71.472
14:02:51;22.562;18.985;71.472
14:02:53;22.562;18.985;71.472
14:02:55;22.562;18.985;71.472
14:02:57;22.563;18.985;71.465
14:02:59;22.564;18.985;71.458
14:03:00;22.563;18.985;71.465
14:03:02;22.563;18.985;71.466
14:03:04;22.564;18.985;71.458
14:03:06;22.564;18.985;71.459
14:03:08;22.565;18.985;71.451
14:03:10;22.565;18.984;71.444
14:03:12;22.563;18.985;71.465
14:03:14;22.565;18.985;71.454
14:03:16;22.562;18.985;71.472
14:03:17;22.565;18.985;71.455
14:03:19;22.566;18.985;71.445
14:03:22;22.572;18.985;71.407
14:03:23;22.569;18.985;71.427
14:03:25;22.568;18.985;71.432
14:03:27;22.568;18.985;71.430
14:03:29;22.565;18.985;71.454
14:03:31;22.570;18.985;71.419
14:03:32;22.567;18.985;71.442
14:03:34;22.570;18.985;71.420
14:03:36;22.569;18.985;71.428
14:03:38;22.568;18.985;71.434
14:03:40;22.571;18.985;71.413
14:03:41;22.569;18.985;71.428
14:03:43;22.570;18.985;71.419
14:03:45;22.571;18.985;71.412
14:03:47;22.574;18.985;71.394
14:03:49;22.572;18.985;71.407
14:03:50;22.574;18.985;71.391
14:03:52;22.573;18.985;71.401
14:03:54;22.572;18.985;71.408
14:03:56;22.573;18.984;71.393
14:03:58;22.573;18.985;71.400
14:03:59;22.572;18.985;71.404
14:04:01;22.575;18.985;71.387
14:04:03;22.576;18.985;71.376
14:04:05;22.575;18.985;71.388
14:04:07;22.576;18.985;71.376
14:04:09;22.573;18.985;71.401
14:04:11;22.577;18.984;71.362
14:04:13;22.574;18.985;71.393
14:04:15;22.572;18.985;71.406
14:04:17;22.576;18.985;71.376
14:04:19;22.576;18.984;71.368
14:04:22;22.577;18.985;71.373
14:04:24;22.576;18.985;71.376
14:04:26;22.576;18.985;71.378
14:04:28;22.576;18.985;71.376
14:04:30;22.578;18.985;71.362
14:04:32;22.577;18.985;71.369
14:04:33;22.578;18.985;71.362
14:04:35;22.577;18.985;71.369
14:04:37;22.578;18.985;71.362
14:04:39;22.578;18.985;71.362
14:04:41;22.578;18.985;71.362
14:04:42;22.578;18.985;71.362
14:04:44;22.578;18.985;71.362
14:04:46;22.578;18.985;71.363
14:04:48;22.578;18.985;71.363
14:04:50;22.578;18.985;71.363
14:04:52;22.578;18.985;71.363
14:04:54;22.578;18.985;71.363
14:04:55;22.578;18.985;71.363
14:04:57;22.578;18.985;71.363
14:04:59;22.578;18.985;71.363
14:05:01;22.578;18.985;71.363
14:05:03;22.578;18.987;71.374
14:05:05;22.578;18.985;71.363
14:05:07;22.578;18.985;71.363
14:05:08;22.578;18.985;71.363
14:05:10;22.578;18.987;71.375
14:05:12;22.578;18.986;71.370
14:05:14;22.578;18.987;71.378
14:05:16;22.578;18.986;71.370
14:05:18;22.578;18.986;71.370
14:05:20;22.578;18.986;71.370
14:05:22;22.578;18.987;71.378
14:05:24;22.578;18.987;71.375
14:05:25;22.578;18.986;71.370
14:05:27;22.578;18.986;71.370
14:05:29;22.578;18.985;71.363
14:05:31;22.578;18.985;71.363
14:05:33;22.578;18.987;71.377
14:05:34;22.578;18.985;71.363
14:05:36;22.578;18.987;71.376
14:05:38;22.578;18.988;71.385
14:05:40;22.578;18.985;71.363
14:05:42;22.578;18.985;71.363
14:05:43;22.578;18.986;71.370
14:05:45;22.578;18.988;71.385
14:05:47;22.578;18.985;71.363
14:05:49;22.578;18.986;71.370
14:05:51;22.578;18.989;71.388
14:05:52;22.578;18.988;71.382
14:05:55;22.578;18.996;71.439
14:05:57;22.579;18.995;71.428
14:05:58;22.578;18.991;71.404
14:06:00;22.578;18.995;71.434
14:06:02;22.578;18.993;71.422
14:06:04;22.578;18.994;71.431
14:06:06;22.578;18.992;71.412
14:06:07;22.578;18.992;71.412
14:06:09;22.578;18.996;71.439
14:06:11;22.579;18.993;71.414
14:06:13;22.579;18.995;71.426
14:06:15;22.578;18.995;71.438
14:06:16;22.579;18.998;71.452
14:06:18;22.578;18.997;71.448
14:06:20;22.580;18.995;71.422
14:06:22;22.580;18.994;71.416
14:06:24;22.578;18.998;71.460
14:06:25;22.579;18.998;71.450
14:06:27;22.582;19.000;71.446
14:06:29;22.578;19.000;71.475
14:06:31;22.579;19.001;71.477
14:06:33;22.583;19.000;71.441
14:06:34;22.580;19.000;71.457
14:06:36;22.579;19.001;71.479
14:06:38;22.581;19.001;71.463
14:06:40;22.583;19.001;71.450
14:06:42;22.583;19.001;71.452
14:06:43;22.582;19.001;71.458
14:06:45;22.581;19.001;71.462
14:06:47;22.581;19.001;71.463
14:06:49;22.587;19.001;71.426
14:06:51;22.586;19.000;71.421
14:06:52;22.591;19.000;71.388
14:06:54;22.590;19.001;71.404
14:06:56;22.593;19.001;71.387
14:06:58;22.593;19.001;71.387
14:07:00;22.592;19.001;71.394
14:07:02;22.590;19.001;71.405
14:07:04;22.593;19.001;71.387
14:07:05;22.592;19.001;71.391
14:07:07;22.594;19.001;71.379
14:07:09;22.593;19.001;71.387
14:07:11;22.591;19.001;71.398
14:07:13;22.595;19.001;71.373
14:07:15;22.595;19.001;71.373
14:07:17;22.594;19.001;71.380
14:07:19;22.595;19.001;71.373
14:07:20;22.593;19.001;71.384
14:07:22;22.593;19.001;71.384
14:07:24;22.595;19.001;71.373
14:07:26;22.595;19.001;71.373
14:07:28;22.593;19.001;71.386
14:07:30;22.593;19.001;71.384
14:07:32;22.595;19.001;71.373
14:07:34;22.594;19.001;71.379
14:07:36;22.592;19.001;71.391
14:07:37;22.595;19.001;71.373
14:07:39;22.594;19.001;71.380
14:07:41;22.595;19.001;71.373
14:07:43;22.595;19.001;71.373
14:07:45;22.595;19.001;71.373
14:07:46;22.595;19.001;71.373
14:07:48;22.595;19.001;71.373
14:07:50;22.595;19.001;71.373
14:07:52;22.595;19.002;71.380
14:07:54;22.595;19.001;71.373
14:07:56;22.595;19.001;71.373
14:07:58;22.595;19.001;71.373
14:08:00;22.595;19.001;71.373
14:08:02;22.595;19.001;71.373
14:08:04;22.595;19.001;71.373
14:08:06;22.595;19.001;71.373
14:08:08;22.595;19.001;71.373
14:08:10;22.595;19.001;71.373
14:08:11;22.595;19.001;71.373
14:08:13;22.595;19.001;71.373
14:08:15;22.595;19.001;71.372
14:08:17;22.595;19.001;71.372
14:08:19;22.595;19.001;71.372
14:08:20;22.595;19.001;71.372
14:08:22;22.595;19.002;71.379
14:08:24;22.595;19.001;71.372
14:08:26;22.595;19.001;71.372
14:08:28;22.595;19.001;71.372
14:08:30;22.595;19.001;71.372
14:08:32;22.595;19.002;71.380
14:08:33;22.595;19.001;71.372
14:08:35;22.595;19.001;71.372
14:08:37;22.595;19.001;71.372
14:08:39;22.595;19.001;71.372
14:08:41;22.595;19.001;71.373
14:08:43;22.595;19.001;71.372
14:08:45;22.595;19.001;71.372
14:08:47;22.595;19.002;71.380
14:08:49;22.595;19.001;71.372
14:08:51;22.595;19.001;71.372
14:08:52;22.595;19.004;71.395
14:08:54;22.595;19.001;71.372
14:08:56;22.595;19.001;71.372
14:08:58;22.595;19.003;71.387
14:09:00;22.595;19.003;71.384
14:09:02;22.595;19.002;71.380
14:09:04;22.595;19.003;71.383
14:09:06;22.595;19.002;71.380
14:09:08;22.595;19.002;71.380
14:09:10;22.595;19.003;71.387
14:09:12;22.595;19.006;71.403
14:09:13;22.595;19.002;71.380
14:09:15;22.595;19.003;71.387
14:09:17;22.595;19.008;71.420
14:09:19;22.595;19.006;71.406
14:09:20;22.595;19.010;71.434
14:09:22;22.595;19.005;71.402
14:09:24;22.595;19.008;71.421
14:09:26;22.595;19.009;71.427
14:09:28;22.596;19.007;71.410
14:09:29;22.595;19.008;71.421
14:09:31;22.595;19.010;71.435
14:09:33;22.595;19.006;71.406
14:09:35;22.595;19.006;71.410
14:09:37;22.595;19.008;71.423
14:09:38;22.595;19.011;71.443
14:09:40;22.595;19.011;71.446
14:09:42;22.595;19.006;71.404
14:09:44;22.595;19.014;71.463
14:09:46;22.595;19.013;71.458
14:09:47;22.595;19.010;71.437
14:09:49;22.595;19.011;71.443
14:09:51;22.595;19.013;71.458
14:09:53;22.595;19.011;71.442
14:09:56;22.595;19.014;71.463
14:09:58;22.595;19.016;71.480
14:10:00;22.595;19.012;71.450
14:10:02;22.595;19.017;71.485
14:10:04;22.596;19.014;71.451
14:10:05;22.595;19.014;71.460
14:10:07;22.596;19.013;71.449
14:10:10;22.599;19.015;71.446
14:10:11;22.598;19.016;71.458
14:10:13;22.595;19.017;71.481
14:10:15;22.601;19.017;71.441
14:10:17;22.597;19.016;71.465
14:10:19;22.600;19.018;71.454
14:10:20;22.601;19.016;71.434
14:10:23;22.600;19.017;71.448
14:10:24;22.598;19.015;71.452
14:10:26;22.601;19.018;71.453
14:10:28;22.600;19.017;71.448
14:10:30;22.598;19.018;71.468
14:10:32;22.599;19.014;71.435
14:10:33;22.600;19.012;71.413
14:10:36;22.598;19.013;71.438
14:10:38;22.598;19.013;71.433
14:10:39;22.598;19.013;71.434
14:10:41;22.598;19.012;71.428
14:10:43;22.598;19.014;71.441
14:10:45;22.601;19.012;71.409
14:10:47;22.600;19.016;71.439
14:10:49;22.600;19.010;71.403
14:10:51;22.599;19.014;71.436
14:10:52;22.601;19.012;71.409
14:10:54;22.598;19.016;71.454
14:10:56;22.601;19.011;71.400
14:10:58;22.599;19.013;71.427
14:11:00;22.598;19.017;71.466
14:11:01;22.599;19.016;71.454
14:11:03;22.603;19.012;71.395
14:11:05;22.600;19.015;71.434
14:11:07;22.603;19.015;71.415
14:11:09;22.602;19.013;71.407
14:11:10;22.607;19.016;71.395
14:11:12;22.601;19.017;71.442
14:11:14;22.603;19.018;71.435
14:11:16;22.601;19.017;71.442
14:11:18;22.601;19.016;71.434
14:11:19;22.600;19.017;71.451
14:11:21;22.602;19.016;71.429
14:11:23;22.603;19.016;71.420
14:11:25;22.602;19.014;71.415
14:11:27;22.601;19.017;71.442
14:11:29;22.604;19.017;71.421
14:11:31;22.606;19.015;71.394
14:11:32;22.607;19.015;71.386
14:11:34;22.607;19.018;71.412
14:11:36;22.608;19.018;71.404
14:11:38;22.605;19.016;71.413
14:11:40;22.606;19.017;71.407
14:11:41;22.608;19.018;71.404
14:11:43;22.605;19.018;71.421
14:11:45;22.608;19.018;71.401
14:11:47;22.607;19.017;71.401
14:11:49;22.611;19.018;71.383
14:11:50;22.611;19.018;71.383
14:11:52;22.608;19.018;71.403
14:11:54;22.606;19.018;71.417
14:11:56;22.609;19.018;71.397
14:11:58;22.610;19.018;71.390
14:11:59;22.607;19.018;71.408
14:12:01;22.611;19.018;71.383
14:12:03;22.609;19.018;71.396
14:12:05;22.609;19.018;71.394
14:12:07;22.610;19.018;71.390
14:12:08;22.610;19.018;71.390
14:12:10;22.611;19.018;71.383
14:12:12;22.610;19.018;71.390
14:12:14;22.611;19.018;71.383
14:12:15;22.611;19.018;71.383
14:12:17;22.611;19.018;71.383
14:12:19;22.611;19.018;71.383
14:12:21;22.611;19.018;71.383
14:12:23;22.611;19.018;71.383
14:12:25;22.611;19.018;71.383
14:12:27;22.611;19.018;71.383
14:12:28;22.611;19.018;71.383
14:12:30;22.611;19.018;71.383
14:12:32;22.611;19.018;71.383
14:12:34;22.611;19.018;71.383
14:12:36;22.611;19.018;71.383
14:12:37;22.611;19.018;71.383
14:12:39;22.611;19.018;71.383
14:12:41;22.611;19.018;71.383
14:12:43;22.611;19.018;71.383
14:12:45;22.611;19.018;71.383
14:12:47;22.611;19.018;71.383
14:12:49;22.611;19.018;71.383
14:12:51;22.611;19.018;71.383
14:12:52;22.611;19.018;71.383
14:12:54;22.611;19.018;71.383
14:12:56;22.611;19.018;71.383
14:12:58;22.611;19.018;71.383
14:12:59;22.611;19.019;71.390
14:13:01;22.611;19.019;71.389
14:13:03;22.611;19.019;71.390
14:13:05;22.611;19.018;71.383
14:13:07;22.611;19.018;71.383
14:13:08;22.611;19.018;71.383
14:13:11;22.611;19.018;71.383
14:13:13;22.611;19.018;71.383
14:13:15;22.611;19.018;71.383
14:13:17;22.611;19.018;71.383
14:13:19;22.611;19.018;71.383
14:13:21;22.611;19.018;71.383
14:13:23;22.611;19.018;71.383
14:13:25;22.611;19.018;71.383
14:13:28;22.611;19.018;71.383
14:13:29;22.611;19.018;71.383
14:13:32;22.611;19.018;71.383
14:13:33;22.610;19.018;71.390
14:13:35;22.611;19.018;71.383
14:13:37;22.611;19.018;71.383
14:13:39;22.611;19.018;71.383
14:13:41;22.611;19.018;71.383
14:13:42;22.611;19.019;71.390
14:13:44;22.611;19.018;71.383
14:13:46;22.611;19.018;71.383
14:13:48;22.610;19.018;71.390
14:13:50;22.611;19.018;71.383
14:13:51;22.611;19.019;71.390
14:13:53;22.611;19.018;71.383
14:13:55;22.611;19.018;71.383
14:13:57;22.611;19.019;71.390
14:13:59;22.611;19.018;71.383
14:14:01;22.611;19.018;71.383
14:14:03;22.611;19.019;71.390
14:14:05;22.611;19.018;71.383
14:14:06;22.611;19.018;71.383
14:14:08;22.611;19.018;71.383
14:14:10;22.611;19.018;71.383
14:14:12;22.611;19.018;71.383
14:14:14;22.611;19.019;71.390
14:14:15;22.611;19.018;71.383
14:14:17;22.611;19.019;71.390
14:14:19;22.611;19.020;71.398
14:14:21;22.611;19.018;71.383
14:14:23;22.611;19.018;71.387
14:14:25;22.611;19.018;71.383
14:14:27;22.611;19.020;71.397
14:14:29;22.611;19.020;71.398
14:14:31;22.611;19.018;71.383
14:14:33;22.611;19.019;71.390
14:14:35;22.611;19.019;71.390
14:14:37;22.611;19.019;71.390
14:14:38;22.611;19.019;71.390
14:14:40;22.611;19.019;71.390
14:14:42;22.611;19.019;71.390
14:14:44;22.611;19.019;71.390
14:14:46;22.611;19.018;71.383
14:14:47;22.611;19.018;71.383
14:14:49;22.611;19.018;71.383
14:14:51;22.611;19.020;71.397
14:14:53;22.611;19.019;71.390
14:14:55;22.611;19.018;71.383
14:14:56;22.611;19.018;71.383
14:14:58;22.611;19.019;71.390
14:15:00;22.611;19.019;71.389
14:15:02;22.611;19.021;71.404
14:15:04;22.611;19.019;71.390
14:15:05;22.611;19.018;71.383
14:15:07;22.611;19.018;71.383
14:15:09;22.611;19.018;71.387
14:15:11;22.611;19.019;71.390
14:15:12;22.611;19.019;71.390
14:15:14;22.611;19.020;71.398
14:15:16;22.611;19.019;71.390
14:15:18;22.611;19.018;71.383
14:15:20;22.611;19.019;71.394
14:15:22;22.611;19.019;71.395
14:15:24;22.611;19.020;71.398
14:15:25;22.611;19.019;71.390
14:15:27;22.611;19.022;71.413
14:15:29;22.611;19.023;71.425
14:15:31;22.611;19.020;71.397
14:15:34;22.612;19.025;71.429
14:15:35;22.611;19.021;71.405
14:15:37;22.611;19.019;71.390
14:15:39;22.611;19.022;71.412
14:15:41;22.611;19.019;71.390
14:15:43;22.612;19.023;71.413
14:15:44;22.612;19.024;71.421
14:15:46;22.611;19.021;71.405
14:15:48;22.611;19.018;71.383
14:15:50;22.611;19.023;71.419
14:15:52;22.611;19.023;71.419
14:15:53;22.611;19.025;71.435
14:15:55;22.611;19.024;71.427
14:15:57;22.611;19.025;71.434
14:15:59;22.611;19.027;71.455
14:16:01;22.611;19.026;71.445
14:16:03;22.612;19.026;71.435
14:16:04;22.611;19.022;71.412
14:16:06;22.611;19.021;71.410
14:16:08;22.611;19.024;71.432
14:16:10;22.611;19.022;71.413
14:16:12;22.611;19.024;71.431
14:16:13;22.611;19.021;71.405
14:16:15;22.611;19.022;71.412
14:16:17;22.612;19.020;71.390
14:16:19;22.614;19.021;71.391
14:16:21;22.611;19.021;71.410
14:16:22;22.612;19.023;71.416
14:16:24;22.611;19.021;71.411
14:16:26;22.612;19.025;71.432
14:16:28;22.612;19.026;71.439
14:16:30;22.611;19.023;71.419
14:16:32;22.611;19.026;71.447
14:16:34;22.612;19.022;71.410
14:16:35;22.611;19.024;71.431
14:16:37;22.611;19.026;71.446
14:16:39;22.611;19.023;71.420
14:16:41;22.612;19.026;71.438
14:16:43;22.612;19.025;71.431
14:16:45;22.611;19.023;71.425
14:16:47;22.611;19.022;71.417
14:16:48;22.612;19.020;71.391
14:16:50;22.611;19.022;71.419
14:16:52;22.611;19.023;71.423
14:16:54;22.611;19.026;71.446
14:16:56;22.611;19.021;71.404
14:16:58;22.612;19.025;71.428
14:17:00;22.611;19.018;71.383
14:17:01;22.611;19.020;71.398
14:17:04;22.612;19.022;71.410
14:17:06;22.612;19.018;71.376
14:17:07;22.612;19.019;71.384
14:17:09;22.613;19.022;71.398
14:17:11;22.612;19.023;71.416
14:17:13;22.611;19.018;71.383
14:17:14;22.612;19.018;71.376
14:17:16;22.614;19.019;71.370
14:17:18;22.612;19.018;71.376
14:17:20;22.612;19.020;71.391
14:17:22;22.612;19.020;71.391
14:17:23;22.612;19.019;71.384
14:17:26;22.612;19.020;71.390
14:17:27;22.611;19.023;71.419
14:17:29;22.613;19.020;71.383
14:17:31;22.611;19.020;71.398
14:17:33;22.611;19.024;71.428
14:17:35;22.613;19.024;71.417
14:17:36;22.611;19.020;71.402
14:17:39;22.611;19.024;71.427
14:17:41;22.611;19.026;71.443
14:17:43;22.612;19.020;71.395
14:17:45;22.611;19.024;71.431
14:17:46;22.611;19.022;71.415
14:17:48;22.611;19.019;71.390
14:17:50;22.612;19.020;71.395
14:17:52;22.611;19.023;71.419
14:17:54;22.611;19.021;71.410
14:17:55;22.611;19.020;71.397
14:17:57;22.611;19.023;71.424
14:17:59;22.611;19.019;71.396
14:18:01;22.611;19.020;71.402
14:18:03;22.612;19.018;71.376
14:18:04;22.612;19.021;71.398
14:18:06;22.611;19.019;71.390
14:18:08;22.612;19.018;71.376
14:18:10;22.611;19.021;71.401
14:18:12;22.612;19.019;71.384
14:18:13;22.612;19.021;71.399
14:18:15;22.611;19.019;71.390
14:18:17;22.611;19.024;71.429
14:18:19;22.613;19.022;71.404
14:18:20;22.612;19.024;71.424
14:18:22;22.612;19.021;71.403
14:18:24;22.613;19.019;71.382
14:18:26;22.611;19.025;71.435
14:18:28;22.611;19.025;71.439
14:18:30;22.611;19.023;71.424
14:18:32;22.611;19.019;71.390
14:18:34;22.613;19.021;71.393
14:18:36;22.611;19.021;71.408
14:18:38;22.611;19.022;71.417
14:18:39;22.612;19.019;71.383
14:18:41;22.612;19.022;71.405
14:18:43;22.613;19.024;71.421
14:18:45;22.613;19.021;71.390
14:18:47;22.617;19.021;71.366
14:18:48;22.613;19.021;71.390
14:18:50;22.615;19.023;71.397
14:18:52;22.617;19.025;71.394
14:18:54;22.615;19.025;71.412
14:18:56;22.615;19.024;71.401
14:18:57;22.621;19.025;71.372
14:18:59;22.613;19.028;71.446
14:19:01;22.614;19.029;71.446
14:19:03;22.613;19.032;71.472
14:19:05;22.614;19.029;71.442
14:19:06;22.615;19.031;71.456
14:19:09;22.614;19.033;71.471
14:19:10;22.618;19.028;71.410
14:19:12;22.616;19.029;71.434
14:19:14;22.615;19.032;71.462
14:19:16;22.614;19.031;71.457
14:19:18;22.614;19.033;71.475
14:19:20;22.613;19.032;71.473
14:19:22;22.614;19.034;71.480
14:19:24;22.614;19.034;71.483
14:19:26;22.612;19.034;71.492
14:19:27;22.617;19.034;71.463
14:19:29;22.614;19.034;71.479
14:19:31;22.615;19.034;71.476
14:19:33;22.616;19.034;71.469
14:19:35;22.617;19.034;71.464
14:19:36;22.614;19.034;71.484
14:19:38;22.613;19.034;71.488
14:19:40;22.614;19.034;71.483
14:19:42;22.614;19.034;71.483
14:19:44;22.616;19.034;71.469
14:19:46;22.618;19.034;71.458
14:19:48;22.613;19.034;71.489
14:19:50;22.613;19.034;71.485
14:19:52;22.619;19.034;71.451
14:19:53;22.616;19.034;71.466
14:19:55;22.618;19.034;71.458
14:19:57;22.617;19.034;71.462
14:19:59;22.612;19.034;71.492
14:20:01;22.615;19.034;71.473
14:20:02;22.615;19.034;71.472
14:20:05;22.619;19.034;71.450
14:20:06;22.615;19.034;71.473
14:20:08;22.614;19.034;71.483
14:20:10;22.617;19.034;71.465
14:20:12;22.620;19.034;71.438
14:20:14;22.615;19.034;71.479
14:20:15;22.614;19.034;71.483
14:20:17;22.615;19.034;71.472
14:20:19;22.617;19.034;71.462
14:20:21;22.613;19.034;71.490
14:20:23;22.613;19.033;71.482
14:20:25;22.613;19.034;71.485
14:20:27;22.614;19.034;71.484
14:20:28;22.613;19.034;71.491
14:20:30;22.612;19.033;71.489
14:20:32;22.612;19.032;71.481
14:20:34;22.612;19.031;71.477
14:20:36;22.612;19.034;71.497
14:20:38;22.615;19.034;71.477
14:20:40;22.613;19.034;71.486
14:20:42;22.614;19.033;71.477
14:20:43;22.612;19.032;71.484
14:20:45;22.616;19.033;71.463
14:20:47;22.615;19.031;71.455
14:20:49;22.614;19.033;71.472
14:20:51;22.613;19.031;71.467
14:20:52;22.616;19.034;71.470
14:20:54;22.615;19.034;71.476
14:20:56;22.613;19.033;71.482
14:20:58;22.613;19.032;71.477
14:21:00;22.616;19.034;71.472
14:21:01;22.614;19.033;71.472
14:21:03;22.615;19.033;71.469
14:21:05;22.618;19.034;71.453
14:21:07;22.618;19.033;71.449
14:21:09;22.615;19.034;71.474
14:21:10;22.617;19.034;71.464
14:21:12;22.616;19.033;71.458
14:21:14;22.617;19.034;71.460
14:21:16;22.619;19.034;71.451
14:21:18;22.616;19.034;71.467
14:21:20;22.617;19.034;71.463
14:21:22;22.614;19.034;71.480
14:21:23;22.611;19.033;71.496
14:21:25;22.615;19.033;71.470
14:21:27;22.613;19.032;71.478
14:21:29;22.614;19.034;71.479
14:21:31;22.614;19.032;71.468
14:21:32;22.615;19.032;71.457
14:21:35;22.611;19.030;71.476
14:21:36;22.613;19.034;71.486
14:21:39;22.612;19.028;71.454
14:21:40;22.614;19.033;71.472
14:21:42;22.615;19.031;71.456
14:21:44;22.613;19.030;71.464
14:21:46;22.613;19.029;71.452
14:21:48;22.612;19.029;71.462
14:21:49;22.616;19.023;71.391
14:21:51;22.615;19.026;71.417
14:21:53;22.616;19.024;71.398
14:21:55;22.612;19.024;71.425
14:21:57;22.615;19.024;71.406
14:21:58;22.612;19.023;71.417
14:22:00;22.613;19.021;71.389
14:22:02;22.616;19.027;71.420
14:22:04;22.617;19.023;71.379
14:22:06;22.617;19.021;71.371
14:22:08;22.613;19.024;71.413
14:22:10;22.617;19.026;71.404
14:22:11;22.614;19.027;71.435
14:22:13;22.619;19.025;71.380
14:22:15;22.615;19.025;71.414
14:22:17;22.614;19.029;71.445
14:22:19;22.617;19.022;71.369
14:22:20;22.619;19.025;71.378
14:22:22;22.614;19.023;71.400
14:22:24;22.616;19.023;71.392
14:22:26;22.613;19.026;71.429
14:22:28;22.619;19.025;71.377
14:22:29;22.621;19.029;71.399
14:22:31;22.619;19.027;71.396
14:22:33;22.617;19.030;71.432
14:22:35;22.617;19.029;71.426
14:22:37;22.621;19.029;71.397
14:22:38;22.621;19.029;71.395
14:22:40;22.623;19.031;71.401
14:22:42;22.622;19.032;71.416
14:22:44;22.621;19.031;71.414
14:22:46;22.624;19.033;71.407
14:22:47;22.621;19.032;71.419
14:22:50;22.624;19.033;71.405
14:22:51;22.621;19.032;71.419
14:22:53;22.624;19.033;71.407
14:22:55;22.624;19.034;71.412
14:22:57;22.623;19.033;71.411
14:22:59;22.620;19.034;71.441
14:23:01;22.622;19.032;71.415
14:23:03;22.620;19.033;71.432
14:23:04;22.621;19.034;71.435
14:23:06;22.619;19.034;71.445
14:23:08;22.620;19.034;71.444
14:23:10;22.619;19.033;71.441
14:23:12;22.625;19.034;71.405
14:23:13;22.621;19.032;71.420
14:23:15;22.624;19.031;71.394
14:23:17;22.618;19.034;71.453
14:23:19;22.620;19.034;71.439
14:23:21;22.624;19.034;71.414
14:23:23;22.623;19.034;71.425
14:23:25;22.625;19.034;71.405
14:23:26;22.619;19.030;71.419
14:23:28;22.624;19.034;71.413
14:23:30;22.623;19.033;71.413
14:23:32;22.624;19.034;71.412
14:23:34;22.626;19.034;71.401
14:23:36;22.624;19.030;71.387
14:23:38;22.623;19.033;71.411
14:23:39;22.626;19.032;71.388
14:23:41;22.621;19.033;71.427
14:23:43;22.624;19.034;71.412
14:23:45;22.623;19.033;71.412
14:23:47;22.625;19.032;71.395
14:23:49;22.626;19.032;71.387
14:23:51;22.624;19.034;71.414
14:23:52;22.622;19.034;71.430
14:23:55;22.625;19.034;71.408
14:23:56;22.621;19.033;71.426
14:23:58;22.622;19.033;71.420
14:24:00;22.621;19.032;71.420
14:24:02;22.621;19.034;71.438
14:24:04;22.621;19.034;71.433
14:24:05;22.623;19.033;71.414
14:24:07;22.618;19.031;71.431
14:24:09;22.622;19.034;71.428
14:24:11;22.619;19.031;71.424
14:24:13;22.623;19.034;71.421
14:24:15;22.619;19.034;71.446
14:24:17;22.621;19.033;71.425
14:24:19;22.622;19.032;71.411
14:24:21;22.624;19.033;71.404
14:24:23;22.626;19.033;71.393
14:24:25;22.626;19.032;71.386
14:24:26;22.624;19.032;71.400
14:24:28;22.625;19.033;71.400
14:24:30;22.625;19.031;71.388
14:24:32;22.624;19.033;71.405
14:24:34;22.625;19.031;71.385
14:24:36;22.624;19.034;71.414
14:24:38;22.624;19.033;71.405
14:24:40;22.626;19.033;71.393
14:24:41;22.627;19.034;71.394
14:24:43;22.625;19.034;71.408
14:24:45;22.626;19.034;71.401
14:24:47;22.625;19.034;71.405
14:24:49;22.627;19.033;71.386
14:24:51;22.625;19.034;71.407
14:24:53;22.626;19.034;71.401
14:24:54;22.627;19.034;71.394
14:24:56;22.627;19.034;71.394
14:24:58;22.626;19.034;71.401
14:25:00;22.627;19.034;71.394
14:25:02;22.627;19.034;71.394
14:25:03;22.627;19.034;71.394
14:25:06;22.627;19.034;71.394
14:25:07;22.627;19.034;71.394
14:25:09;22.627;19.034;71.394
14:25:11;22.627;19.034;71.394
14:25:13;22.625;19.034;71.408
14:25:15;22.627;19.034;71.394
14:25:17;22.627;19.034;71.394
14:25:19;22.627;19.034;71.394
14:25:21;22.626;19.034;71.401
14:25:23;22.626;19.034;71.401
14:25:24;22.626;19.034;71.401
14:25:26;22.626;19.034;71.401
14:25:28;22.627;19.034;71.394
14:25:30;22.627;19.034;71.394
14:25:32;22.627;19.034;71.394
14:25:33;22.627;19.034;71.394
14:25:35;22.625;19.034;71.405
14:25:37;22.627;19.034;71.394
14:25:39;22.627;19.034;71.394
14:25:41;22.627;19.034;71.394
14:25:43;22.627;19.034;71.394
14:25:45;22.627;19.034;71.394
14:25:47;22.626;19.034;71.401
14:25:48;22.627;19.034;71.394
14:25:50;22.627;19.034;71.394
14:25:52;22.626;19.034;71.401
14:25:54;22.627;19.034;71.394
14:25:56;22.627;19.034;71.394
14:25:57;22.626;19.034;71.401
14:26:00;22.627;19.034;71.394
14:26:01;22.627;19.034;71.394
14:26:03;22.625;19.034;71.405
14:26:05;22.627;19.034;71.394
14:26:07;22.626;19.034;71.401
14:26:09;22.627;19.034;71.394
14:26:10;22.626;19.034;71.401
14:26:12;22.627;19.034;71.394
14:26:14;22.627;19.034;71.394
14:26:16;22.627;19.034;71.394
14:26:18;22.627;19.034;71.394
14:26:19;22.627;19.034;71.394
14:26:21;22.627;19.034;71.394
14:26:23;22.627;19.034;71.394
14:26:25;22.627;19.034;71.394
14:26:27;22.627;19.034;71.394
14:26:29;22.627;19.034;71.394
14:26:30;22.626;19.034;71.401
14:26:32;22.627;19.034;71.394
14:26:34;22.627;19.034;71.394
14:26:36;22.627;19.034;71.394
14:26:38;22.627;19.034;71.394
14:26:40;22.627;19.034;71.394
14:26:42;22.626;19.034;71.401
14:26:44;22.627;19.034;71.394
14:26:45;22.627;19.034;71.394
14:26:47;22.627;19.034;71.394
14:26:49;22.627;19.034;71.394
14:26:51;22.627;19.034;71.394
14:26:53;22.625;19.034;71.405
14:26:54;22.627;19.034;71.394
14:26:56;22.627;19.034;71.394
14:26:58;22.627;19.034;71.394
14:27:00;22.627;19.034;71.394
14:27:02;22.626;19.034;71.401
14:27:04;22.627;19.034;71.394
14:27:06;22.627;19.034;71.394
14:27:07;22.627;19.034;71.394
14:27:09;22.624;19.034;71.412
14:27:11;22.626;19.034;71.401
14:27:13;22.627;19.034;71.394
14:27:15;22.627;19.034;71.394
14:27:16;22.625;19.034;71.408
14:27:18;22.627;19.034;71.394
14:27:20;22.625;19.034;71.405
14:27:22;22.626;19.034;71.401
14:27:24;22.625;19.034;71.408
14:27:25;22.627;19.034;71.394
14:27:27;22.624;19.034;71.415
14:27:29;22.624;19.034;71.412
14:27:31;22.624;19.034;71.412
14:27:33;22.626;19.034;71.401
14:27:34;22.625;19.034;71.405
14:27:36;22.624;19.034;71.412
14:27:38;22.626;19.034;71.401
14:27:40;22.625;19.034;71.408
14:27:42;22.624;19.034;71.415
14:27:43;22.624;19.034;71.415
14:27:45;22.625;19.034;71.405
14:27:47;22.625;19.034;71.408
14:27:49;22.624;19.034;71.412
14:27:51;22.626;19.034;71.401
14:27:53;22.620;19.034;71.442
14:27:55;22.625;19.034;71.408
14:27:57;22.624;19.034;71.416
14:27:59;22.626;19.032;71.388
14:28:01;22.624;19.034;71.415
14:28:03;22.624;19.034;71.416
14:28:05;22.625;19.033;71.401
14:28:07;22.622;19.034;71.426
14:28:09;22.625;19.033;71.398
14:28:11;22.620;19.034;71.439
14:28:13;22.624;19.034;71.414
14:28:14;22.623;19.034;71.419
14:28:16;22.620;19.034;71.444
14:28:18;22.620;19.034;71.440
14:28:20;22.621;19.034;71.438
14:28:22;22.623;19.034;71.421
14:28:24;22.624;19.033;71.407
14:28:26;22.623;19.034;71.421
14:28:27;22.619;19.031;71.430
14:28:29;22.621;19.034;71.438
14:28:31;22.622;19.034;71.426
14:28:33;22.623;19.034;71.425
14:28:35;22.625;19.034;71.407
14:28:36;22.622;19.032;71.416
14:28:38;22.626;19.034;71.401
14:28:40;22.625;19.034;71.405
14:28:42;22.626;19.031;71.382
14:28:44;22.622;19.031;71.407
14:28:45;22.622;19.031;71.406
14:28:47;22.624;19.034;71.412
14:28:49;22.627;19.033;71.387
14:28:51;22.625;19.032;71.393
14:28:53;22.623;19.031;71.403
14:28:55;22.625;19.031;71.385
14:28:57;22.623;19.033;71.418
14:28:58;22.626;19.032;71.386
14:29:00;22.627;19.034;71.394
14:29:02;22.626;19.032;71.386
14:29:04;22.626;19.030;71.373
14:29:06;22.624;19.034;71.413
14:29:07;22.625;19.033;71.400
14:29:09;22.626;19.030;71.373
14:29:11;22.626;19.034;71.401
14:29:13;22.626;19.032;71.388
14:29:15;22.624;19.034;71.412
14:29:16;22.627;19.034;71.394
14:29:18;22.625;19.032;71.395
14:29:20;22.625;19.034;71.405
14:29:22;22.626;19.034;71.401
14:29:24;22.626;19.034;71.401
14:29:25;22.627;19.034;71.394
14:29:27;22.624;19.034;71.415
14:29:29;22.626;19.033;71.393
14:29:31;22.627;19.032;71.379
14:29:33;22.625;19.034;71.408
14:29:34;22.626;19.034;71.401
14:29:36;22.626;19.034;71.401
14:29:38;22.625;19.034;71.405
14:29:40;22.624;19.034;71.412
14:29:42;22.624;19.034;71.412
14:29:44;22.625;19.034;71.405
14:29:46;22.626;19.034;71.401
14:29:48;22.627;19.034;71.394
14:29:49;22.627;19.034;71.394
14:29:51;22.627;19.034;71.394
14:29:53;22.627;19.034;71.394
14:29:56;22.626;19.034;71.401
14:29:57;22.624;19.034;71.415
14:29:59;22.626;19.034;71.401
14:30:01;22.626;19.033;71.393
14:30:03;22.623;19.034;71.423
14:30:05;22.626;19.034;71.401
14:30:06;22.624;19.034;71.412
14:30:09;22.626;19.034;71.401
14:30:10;22.624;19.034;71.415
14:30:12;22.626;19.033;71.393
14:30:14;22.623;19.034;71.422
14:30:16;22.622;19.034;71.426
14:30:18;22.626;19.034;71.401
14:30:20;22.622;19.033;71.424
14:30:22;22.626;19.033;71.393
14:30:24;22.626;19.032;71.386
14:30:26;22.621;19.033;71.425
14:30:28;22.620;19.033;71.434
14:30:30;22.623;19.033;71.412
14:30:31;22.622;19.032;71.413
14:30:33;22.623;19.031;71.399
14:30:35;22.623;19.034;71.425
14:30:37;22.625;19.034;71.408
14:30:39;22.624;19.033;71.405
14:30:41;22.625;19.033;71.398
14:30:43;22.625;19.031;71.389
14:30:44;22.622;19.034;71.430
14:30:46;22.624;19.033;71.407
14:30:48;22.620;19.031;71.422
14:30:50;22.626;19.033;71.393
14:30:52;22.624;19.031;71.392
14:30:53;22.625;19.031;71.388
14:30:55;22.625;19.034;71.406
14:30:57;22.625;19.034;71.406
14:30:59;22.625;19.030;71.378
14:31:01;22.627;19.033;71.387
14:31:02;22.626;19.030;71.371
14:31:05;22.627;19.032;71.382
14:31:06;22.627;19.027;71.340
14:31:09;22.627;19.034;71.394
14:31:10;22.627;19.034;71.394
14:31:12;22.626;19.033;71.393
14:31:15;22.625;19.032;71.393
14:31:16;22.627;19.032;71.379
14:31:18;22.625;19.033;71.398
14:31:20;22.625;19.033;71.401
14:31:22;22.626;19.031;71.381
14:31:24;22.623;19.033;71.414
14:31:25;22.625;19.034;71.408
14:31:27;22.623;19.034;71.419
14:31:29;22.627;19.034;71.394
14:31:31;22.624;19.034;71.413
14:31:33;22.625;19.033;71.400
14:31:34;22.627;19.034;71.394
14:31:36;22.625;19.034;71.408
14:31:38;22.627;19.034;71.394
14:31:40;22.627;19.034;71.394
14:31:41;22.627;19.034;71.394
14:31:43;22.625;19.034;71.406
14:31:45;22.627;19.034;71.394
14:31:47;22.627;19.034;71.394
14:31:49;22.627;19.034;71.394
14:31:51;22.626;19.034;71.401
14:31:53;22.627;19.034;71.394
14:31:54;22.627;19.034;71.394
14:31:56;22.627;19.034;71.394
14:31:58;22.625;19.034;71.408
14:32:00;22.624;19.034;71.413
14:32:02;22.625;19.034;71.408
14:32:04;22.627;19.034;71.394
14:32:06;22.624;19.034;71.415
14:32:07;22.626;19.034;71.401
14:32:09;22.626;19.034;71.401
14:32:11;22.624;19.034;71.412
14:32:13;22.627;19.034;71.394
14:32:15;22.627;19.034;71.394
14:32:16;22.626;19.033;71.394
14:32:18;22.624;19.034;71.413
14:32:21;22.626;19.034;71.401
14:32:22;22.627;19.034;71.394
14:32:24;22.625;19.034;71.406
14:32:26;22.627;19.034;71.394
14:32:28;22.627;19.034;71.394
14:32:30;22.626;19.034;71.401
14:32:32;22.626;19.034;71.401
14:32:34;22.627;19.034;71.394
14:32:36;22.625;19.034;71.406
14:32:38;22.626;19.034;71.401
14:32:39;22.627;19.034;71.394
14:32:41;22.626;19.034;71.401
14:32:43;22.626;19.034;71.401
14:32:45;22.627;19.034;71.394
14:32:47;22.627;19.034;71.394
14:32:49;22.627;19.034;71.394
14:32:51;22.627;19.034;71.394
14:32:52;22.627;19.034;71.394
14:32:54;22.627;19.034;71.394
14:32:56;22.627;19.034;71.394
14:32:58;22.627;19.034;71.394
14:33:00;22.627;19.034;71.395
14:33:01;22.626;19.034;71.401
14:33:03;22.627;19.034;71.395
14:33:05;22.627;19.034;71.395
14:33:07;22.627;19.034;71.395
14:33:09;22.627;19.034;71.395
14:33:10;22.626;19.034;71.401
14:33:12;22.627;19.034;71.394
14:33:14;22.627;19.034;71.394
14:33:16;22.627;19.034;71.394
14:33:18;22.627;19.034;71.394
14:33:20;22.627;19.034;71.394
14:33:22;22.627;19.034;71.394
14:33:23;22.627;19.034;71.394
14:33:25;22.627;19.034;71.394
14:33:27;22.627;19.034;71.394
14:33:29;22.627;19.034;71.394
14:33:31;22.627;19.034;71.394
14:33:32;22.627;19.034;71.394
14:33:34;22.627;19.034;71.394
14:33:36;22.627;19.034;71.394
14:33:38;22.627;19.034;71.394
14:33:40;22.627;19.034;71.394
14:33:42;22.627;19.034;71.394
14:33:44;22.626;19.032;71.389
14:33:45;22.627;19.034;71.394
14:33:48;22.627;19.034;71.394
14:33:49;22.627;19.034;71.394
14:33:51;22.627;19.034;71.394
14:33:53;22.627;19.034;71.394
14:33:55;22.627;19.034;71.394
14:33:57;22.627;19.034;71.394
14:33:58;22.627;19.034;71.394
14:34:01;22.627;19.034;71.394
14:34:03;22.627;19.034;71.394
14:34:04;22.627;19.034;71.394
14:34:06;22.627;19.034;71.394
14:34:08;22.627;19.034;71.394
14:34:10;22.625;19.034;71.406
14:34:12;22.627;19.034;71.394
14:34:14;22.627;19.034;71.394
14:34:16;22.627;19.034;71.394
14:34:18;22.627;19.034;71.394
14:34:19;22.627;19.034;71.394
14:34:21;22.627;19.034;71.394
14:34:23;22.627;19.034;71.394
14:34:25;22.627;19.034;71.394
14:34:27;22.627;19.034;71.394
14:34:28;22.627;19.034;71.394
14:34:30;22.627;19.034;71.394
14:34:32;22.627;19.034;71.394
14:34:34;22.627;19.034;71.394
14:34:36;22.627;19.034;71.394
14:34:38;22.627;19.034;71.394
14:34:40;22.627;19.034;71.394
14:34:41;22.627;19.033;71.387
14:34:43;22.627;19.034;71.394
14:34:45;22.627;19.034;71.394
14:34:47;22.627;19.034;71.394
14:34:48;22.627;19.034;71.394
14:34:50;22.627;19.034;71.394
14:34:52;22.627;19.034;71.394
14:34:54;22.627;19.034;71.394
14:34:56;22.627;19.034;71.394
14:34:57;22.627;19.034;71.394
14:34:59;22.627;19.034;71.394
14:35:01;22.627;19.034;71.394
14:35:03;22.627;19.034;71.394
14:35:05;22.627;19.034;71.394
14:35:06;22.627;19.034;71.394
14:35:08;22.627;19.034;71.394
14:35:10;22.627;19.034;71.394
14:35:12;22.627;19.034;71.394
14:35:14;22.627;19.034;71.394
14:35:15;22.627;19.034;71.394
14:35:17;22.627;19.034;71.394
14:35:19;22.627;19.034;71.394
14:35:21;22.627;19.034;71.394
14:35:23;22.627;19.034;71.394
14:35:25;22.627;19.034;71.394
14:35:27;22.627;19.034;71.394
14:35:29;22.627;19.034;71.394
14:35:30;22.627;19.034;71.394
14:35:32;22.627;19.034;71.394
14:35:34;22.627;19.034;71.394
14:35:36;22.627;19.034;71.394
14:35:38;22.627;19.034;71.394
14:35:40;22.627;19.034;71.394
14:35:42;22.627;19.034;71.394
14:35:43;22.627;19.034;71.394
14:35:45;22.627;19.034;71.394
14:35:47;22.627;19.034;71.394
14:35:49;22.627;19.034;71.394
14:35:51;22.627;19.034;71.394
14:35:52;22.627;19.034;71.394
14:35:54;22.627;19.034;71.394
14:35:56;22.627;19.034;71.394
14:35:58;22.627;19.034;71.394
14:36:00;22.627;19.034;71.394
14:36:01;22.627;19.034;71.394
14:36:03;22.627;19.034;71.394
14:36:05;22.627;19.034;71.394
14:36:07;22.627;19.034;71.394
14:36:09;22.627;19.034;71.394
14:36:10;22.627;19.034;71.394
14:36:13;22.627;19.034;71.394
14:36:14;22.627;19.034;71.394
14:36:16;22.627;19.034;71.394
14:36:18;22.627;19.034;71.394
14:36:20;22.627;19.034;71.394
14:36:22;22.627;19.034;71.394
14:36:24;22.627;19.034;71.394
14:36:26;22.627;19.034;71.394
14:36:28;22.627;19.034;71.394
14:36:30;22.627;19.034;71.394
14:36:31;22.627;19.034;71.394
14:36:33;22.627;19.034;71.394
14:36:35;22.627;19.034;71.394
14:36:37;22.627;19.035;71.401
14:36:39;22.627;19.034;71.394
14:36:40;22.627;19.034;71.394
14:36:42;22.627;19.036;71.414
14:36:44;22.629;19.034;71.381
14:36:46;22.627;19.034;71.394
14:36:48;22.628;19.034;71.387
14:36:49;22.628;19.034;71.387
14:36:52;22.627;19.034;71.394
14:36:54;22.628;19.035;71.398
14:36:56;22.628;19.035;71.395
14:36:58;22.629;19.036;71.398
14:36:59;22.628;19.034;71.395
14:37:01;22.627;19.036;71.413
14:37:03;22.629;19.038;71.410
14:37:05;22.628;19.039;71.424
14:37:06;22.628;19.036;71.402
14:37:09;22.628;19.040;71.432
14:37:10;22.628;19.038;71.415
14:37:13;22.627;19.040;71.443
14:37:15;22.629;19.039;71.415
14:37:17;22.627;19.041;71.445
14:37:19;22.627;19.038;71.424
14:37:21;22.628;19.038;71.415
14:37:23;22.629;19.037;71.403
14:37:24;22.628;19.038;71.417
14:37:26;22.628;19.036;71.403
14:37:28;22.627;19.035;71.406
14:37:30;22.627;19.036;71.409
14:37:32;22.627;19.035;71.402
14:37:33;22.627;19.034;71.399
14:37:35;22.627;19.037;71.416
14:37:37;22.628;19.035;71.399
14:37:39;22.627;19.035;71.402
14:37:41;22.627;19.037;71.417
14:37:42;22.628;19.037;71.414
14:37:44;22.627;19.037;71.417
14:37:46;22.627;19.040;71.439
14:37:48;22.629;19.038;71.412
14:37:50;22.628;19.037;71.414
14:37:51;22.627;19.035;71.401
14:37:53;22.628;19.038;71.418
14:37:55;22.628;19.042;71.447
14:37:57;22.627;19.037;71.414
14:37:59;22.627;19.036;71.409
14:38:01;22.627;19.034;71.394
14:38:03;22.627;19.034;71.394
14:38:05;22.627;19.034;71.394
14:38:06;22.627;19.034;71.394
14:38:09;22.627;19.036;71.409
14:38:11;22.627;19.036;71.409
14:38:13;22.628;19.034;71.387
14:38:15;22.627;19.034;71.394
14:38:17;22.628;19.034;71.387
14:38:19;22.627;19.034;71.394
14:38:21;22.627;19.036;71.408
14:38:22;22.627;19.036;71.409
14:38:24;22.628;19.035;71.395
14:38:26;22.627;19.036;71.409
14:38:28;22.629;19.034;71.383
14:38:29;22.627;19.037;71.415
14:38:31;22.629;19.034;71.381
14:38:33;22.629;19.036;71.397
14:38:35;22.628;19.034;71.387
14:38:38;22.627;19.034;71.394
14:38:39;22.628;19.034;71.390
14:38:42;22.628;19.034;71.388
14:38:44;22.629;19.034;71.381
14:38:45;22.627;19.035;71.402
14:38:47;22.627;19.034;71.394
14:38:49;22.628;19.035;71.400
14:38:51;22.628;19.037;71.411
14:38:52;22.628;19.034;71.387
14:38:54;22.628;19.034;71.387
14:38:56;22.628;19.034;71.390
14:38:58;22.628;19.034;71.387
14:39:00;22.627;19.034;71.394
14:39:01;22.628;19.035;71.397
14:39:03;22.631;19.034;71.370
14:39:05;22.627;19.035;71.401
14:39:07;22.627;19.035;71.402
14:39:09;22.630;19.034;71.374
14:39:11;22.627;19.034;71.394
14:39:13;22.628;19.036;71.405
14:39:14;22.627;19.034;71.394
14:39:16;22.628;19.034;71.390
14:39:18;22.627;19.035;71.401
14:39:20;22.627;19.039;71.435
14:39:22;22.627;19.034;71.394
14:39:24;22.627;19.035;71.401
14:39:26;22.627;19.035;71.401
14:39:27;22.628;19.034;71.388
14:39:29;22.627;19.034;71.394
14:39:31;22.628;19.034;71.388
14:39:33;22.630;19.035;71.382
14:39:35;22.628;19.034;71.387
14:39:36;22.628;19.034;71.388
14:39:38;22.627;19.034;71.394
14:39:40;22.629;19.034;71.380
14:39:42;22.629;19.034;71.382
14:39:44;22.630;19.034;71.374
14:39:46;22.631;19.034;71.369
14:39:48;22.628;19.034;71.387
14:39:50;22.628;19.034;71.390
14:39:51;22.632;19.034;71.363
14:39:53;22.629;19.035;71.390
14:39:55;22.628;19.035;71.395
14:39:57;22.631;19.034;71.367
14:39:58;22.631;19.034;71.367
14:40:00;22.631;19.034;71.367
14:40:02;22.630;19.036;71.391
14:40:04;22.628;19.034;71.390
14:40:06;22.631;19.034;71.369
14:40:07;22.628;19.034;71.387
14:40:09;22.632;19.034;71.362
14:40:11;22.630;19.034;71.376
14:40:13;22.630;19.034;71.376
14:40:15;22.633;19.036;71.368
14:40:16;22.631;19.034;71.368
14:40:18;22.631;19.034;71.368
14:40:20;22.629;19.034;71.381
14:40:22;22.631;19.034;71.368
14:40:24;22.630;19.034;71.373
14:40:25;22.631;19.034;71.368
14:40:27;22.632;19.034;71.361
14:40:29;22.633;19.035;71.363
14:40:31;22.635;19.034;71.343
14:40:33;22.633;19.034;71.357
14:40:34;22.636;19.034;71.332
14:40:36;22.631;19.034;71.367
14:40:38;22.632;19.034;71.361
14:40:40;22.632;19.034;71.362
14:40:42;22.632;19.035;71.368
14:40:44;22.631;19.034;71.364
14:40:46;22.629;19.034;71.383
14:40:47;22.631;19.034;71.368
14:40:49;22.631;19.034;71.367
14:40:51;22.632;19.035;71.371
14:40:53;22.629;19.035;71.388
14:40:55;22.627;19.035;71.402
14:40:56;22.632;19.035;71.368
14:40:58;22.630;19.034;71.374
14:41:00;22.633;19.034;71.356
14:41:02;22.634;19.034;71.349
14:41:04;22.635;19.035;71.350
14:41:05;22.632;19.034;71.362
14:41:07;22.633;19.035;71.363
14:41:09;22.634;19.035;71.357
14:41:11;22.630;19.035;71.384
14:41:13;22.630;19.034;71.373
14:41:14;22.636;19.034;71.336
14:41:16;22.635;19.034;71.342
14:41:18;22.635;19.034;71.342
14:41:20;22.634;19.035;71.360
14:41:22;22.636;19.034;71.336
14:41:23;22.633;19.034;71.354
14:41:25;22.635;19.034;71.343
14:41:27;22.634;19.036;71.364
14:41:29;22.638;19.036;71.335
14:41:30;22.632;19.035;71.367
14:41:32;22.636;19.035;71.344
14:41:34;22.632;19.037;71.380
14:41:36;22.632;19.035;71.374
14:41:38;22.632;19.035;71.368
14:41:40;22.634;19.034;71.349
14:41:42;22.631;19.036;71.382
14:41:44;22.635;19.035;71.351
14:41:46;22.633;19.036;71.375
14:41:48;22.633;19.038;71.383
14:41:49;22.632;19.035;71.373
14:41:51;22.635;19.035;71.348
14:41:53;22.637;19.037;71.345
14:41:55;22.635;19.036;71.354
14:41:57;22.636;19.036;71.346
14:41:58;22.637;19.034;71.325
14:42:00;22.637;19.037;71.356
14:42:02;22.640;19.038;71.339
14:42:04;22.637;19.039;71.366
14:42:06;22.639;19.039;71.353
14:42:07;22.641;19.038;71.332
14:42:10;22.641;19.039;71.339
14:42:11;22.640;19.040;71.346
14:42:13;22.637;19.040;71.371
14:42:15;22.642;19.039;71.328
14:42:17;22.639;19.040;71.364
14:42:19;22.639;19.036;71.329
14:42:20;22.643;19.038;71.313
14:42:22;22.642;19.043;71.360
14:42:24;22.642;19.046;71.382
14:42:26;22.639;19.041;71.372
14:42:28;22.641;19.042;71.361
14:42:30;22.639;19.039;71.350
14:42:32;22.640;19.040;71.354
14:42:33;22.641;19.040;71.346
14:42:35;22.642;19.042;71.350
14:42:37;22.640;19.047;71.403
14:42:39;22.642;19.046;71.379
14:42:41;22.642;19.045;71.378
14:42:42;22.641;19.042;71.355
14:42:44;22.643;19.046;71.377
14:42:46;22.642;19.046;71.384
14:42:48;22.640;19.045;71.391
14:42:50;22.642;19.041;71.346
14:42:51;22.641;19.042;71.356
14:42:53;22.642;19.043;71.361
14:42:55;22.642;19.042;71.359
14:42:57;22.641;19.044;71.376
14:42:59;22.643;19.047;71.384
14:43:00;22.643;19.046;71.377
14:43:02;22.640;19.044;71.383
14:43:04;22.643;19.044;71.362
14:43:06;22.641;19.047;71.400
14:43:08;22.642;19.047;71.390
14:43:10;22.643;19.045;71.369
14:43:12;22.643;19.048;71.389
14:43:14;22.643;19.048;71.392
14:43:15;22.643;19.048;71.389
14:43:17;22.643;19.046;71.377
14:43:19;22.643;19.047;71.380
14:43:21;22.643;19.048;71.386
14:43:23;22.643;19.047;71.382
14:43:24;22.642;19.048;71.401
14:43:27;22.642;19.048;71.396
14:43:28;22.643;19.046;71.377
14:43:30;22.643;19.047;71.382
14:43:32;22.643;19.048;71.389
14:43:34;22.643;19.048;71.389
14:43:35;22.643;19.047;71.382
14:43:37;22.643;19.047;71.385
14:43:39;22.643;19.047;71.378
14:43:41;22.643;19.047;71.382
14:43:43;22.643;19.048;71.386
14:43:44;22.643;19.048;71.389
14:43:46;22.643;19.044;71.362
14:43:48;22.643;19.048;71.389
14:43:50;22.643;19.050;71.404
14:43:52;22.643;19.047;71.383
14:43:54;22.642;19.046;71.384
14:43:56;22.643;19.048;71.389
14:43:58;22.643;19.048;71.389
14:44:00;22.643;19.047;71.384
14:44:02;22.643;19.047;71.382
14:44:03;22.643;19.047;71.382
14:44:05;22.643;19.045;71.370
14:44:07;22.643;19.046;71.374
14:44:09;22.643;19.048;71.389
14:44:11;22.643;19.046;71.377
14:44:13;22.643;19.045;71.367
14:44:15;22.643;19.048;71.390
14:44:16;22.643;19.047;71.384
14:44:18;22.643;19.047;71.382
14:44:20;22.643;19.047;71.384
14:44:22;22.643;19.047;71.382
14:44:24;22.643;19.050;71.404
14:44:25;22.643;19.049;71.397
14:44:27;22.643;19.047;71.382
14:44:29;22.643;19.050;71.404
14:44:31;22.643;19.050;71.404
14:44:33;22.643;19.049;71.397
14:44:34;22.643;19.046;71.377
14:44:36;22.643;19.047;71.382
14:44:38;22.643;19.049;71.397
14:44:40;22.643;19.050;71.404
14:44:42;22.643;19.049;71.397
14:44:43;22.643;19.050;71.404
14:44:45;22.643;19.049;71.397
14:44:47;22.642;19.049;71.403
14:44:49;22.643;19.049;71.397
14:44:51;22.643;19.050;71.404
14:44:52;22.643;19.048;71.392
14:44:54;22.643;19.048;71.392
14:44:56;22.643;19.050;71.404
14:44:58;22.643;19.050;71.404
14:45:00;22.643;19.048;71.392
14:45:01;22.643;19.047;71.384
14:45:03;22.643;19.050;71.404
14:45:05;22.643;19.050;71.404
14:45:07;22.643;19.050;71.404
14:45:09;22.643;19.050;71.404
14:45:10;22.643;19.050;71.404
14:45:13;22.643;19.050;71.404
14:45:15;22.643;19.050;71.404
14:45:16;22.643;19.050;71.404
14:45:18;22.643;19.050;71.404
14:45:20;22.643;19.050;71.404
14:45:22;22.643;19.050;71.404
14:45:24;22.643;19.050;71.404
14:45:25;22.643;19.050;71.404
14:45:27;22.643;19.050;71.404
14:45:29;22.643;19.050;71.404
14:45:31;22.643;19.048;71.389
14:45:32;22.643;19.050;71.404
14:45:34;22.643;19.050;71.404
14:45:36;22.643;19.050;71.404
14:45:38;22.643;19.050;71.404
14:45:40;22.643;19.050;71.404
14:45:41;22.643;19.050;71.404
14:45:44;22.643;19.050;71.404
14:45:46;22.643;19.050;71.404
14:45:47;22.643;19.050;71.404
14:45:50;22.643;19.050;71.404
14:45:51;22.643;19.050;71.404
14:45:53;22.643;19.050;71.404
14:45:55;22.643;19.050;71.404
14:45:57;22.643;19.050;71.404
14:45:59;22.643;19.050;71.404
14:46:01;22.643;19.050;71.404
14:46:03;22.643;19.050;71.404
14:46:05;22.643;19.050;71.404
14:46:07;22.643;19.050;71.404
14:46:08;22.643;19.050;71.404
14:46:10;22.643;19.050;71.404
14:46:12;22.643;19.050;71.404
14:46:14;22.643;19.050;71.404
14:46:16;22.643;19.050;71.404
14:46:18;22.643;19.050;71.404
14:46:20;22.643;19.050;71.404
14:46:22;22.643;19.050;71.404
14:46:24;22.643;19.050;71.404
14:46:25;22.643;19.050;71.404
14:46:27;22.643;19.050;71.404
14:46:29;22.643;19.050;71.404
14:46:31;22.643;19.050;71.404
14:46:33;22.643;19.050;71.404
14:46:34;22.643;19.050;71.404
14:46:36;22.643;19.050;71.404
14:46:38;22.643;19.050;71.404
14:46:40;22.643;19.050;71.404
14:46:42;22.643;19.050;71.404
14:46:44;22.643;19.050;71.404
14:46:46;22.643;19.050;71.404
14:46:47;22.644;19.050;71.397
14:46:50;22.643;19.050;71.404
14:46:52;22.643;19.050;71.404
14:46:54;22.643;19.050;71.404
14:46:55;22.644;19.050;71.398
14:46:57;22.645;19.050;71.392
14:46:59;22.643;19.050;71.404
14:47:01;22.643;19.050;71.404
14:47:03;22.643;19.050;71.404
14:47:04;22.643;19.050;71.404
14:47:06;22.643;19.050;71.404
14:47:08;22.644;19.050;71.400
14:47:10;22.643;19.050;71.404
14:47:12;22.643;19.050;71.404
14:47:13;22.643;19.050;71.404
14:47:15;22.643;19.050;71.404
14:47:17;22.643;19.050;71.404
14:47:19;22.643;19.050;71.404
14:47:21;22.643;19.050;71.404
14:47:22;22.644;19.050;71.398
14:47:24;22.643;19.050;71.404
14:47:26;22.643;19.050;71.404
14:47:28;22.644;19.050;71.398
14:47:30;22.644;19.050;71.398
14:47:31;22.643;19.050;71.404
14:47:33;22.643;19.050;71.404
14:47:35;22.644;19.050;71.398
14:47:37;22.643;19.050;71.404
14:47:39;22.643;19.050;71.404
14:47:40;22.644;19.050;71.398
14:47:42;22.643;19.050;71.404
14:47:44;22.643;19.050;71.404
14:47:46;22.643;19.050;71.404
14:47:48;22.644;19.050;71.397
14:47:49;22.643;19.050;71.404
14:47:51;22.643;19.050;71.404
14:47:53;22.644;19.050;71.397
14:47:55;22.643;19.050;71.404
14:47:57;22.643;19.050;71.404
14:47:59;22.643;19.050;71.404
14:48:01;22.644;19.050;71.398
14:48:02;22.643;19.050;71.404
14:48:04;22.645;19.050;71.393
14:48:06;22.644;19.050;71.397
14:48:08;22.645;19.050;71.391
14:48:10;22.643;19.050;71.404
14:48:11;22.644;19.050;71.397
14:48:13;22.644;19.050;71.398
14:48:15;22.643;19.050;71.404
14:48:17;22.643;19.050;71.404
14:48:19;22.643;19.050;71.404
14:48:20;22.646;19.050;71.384
14:48:22;22.643;19.050;71.404
14:48:24;22.643;19.050;71.404
14:48:26;22.644;19.050;71.398
14:48:28;22.644;19.050;71.400
14:48:29;22.644;19.050;71.397
14:48:32;22.643;19.050;71.404
14:48:33;22.645;19.050;71.391
14:48:35;22.645;19.050;71.391
14:48:37;22.646;19.050;71.386
14:48:39;22.643;19.050;71.404
14:48:40;22.646;19.050;71.386
14:48:42;22.644;19.050;71.397
14:48:44;22.647;19.050;71.380
14:48:46;22.644;19.050;71.397
14:48:48;22.646;19.050;71.384
14:48:49;22.644;19.050;71.397
14:48:51;22.644;19.050;71.397
14:48:53;22.645;19.050;71.393
14:48:55;22.645;19.050;71.393
14:48:57;22.645;19.050;71.394
14:48:58;22.643;19.050;71.404
14:49:00;22.648;19.050;71.371
14:49:02;22.648;19.050;71.371
14:49:04;22.644;19.050;71.398
14:49:06;22.649;19.050;71.368
14:49:07;22.646;19.050;71.386
14:49:10;22.648;19.050;71.370
14:49:12;22.648;19.050;71.373
14:49:13;22.650;19.050;71.361
14:49:15;22.647;19.050;71.380
14:49:17;22.646;19.050;71.384
14:49:19;22.649;19.050;71.367
14:49:21;22.647;19.050;71.380
14:49:22;22.645;19.050;71.391
14:49:24;22.648;19.050;71.372
14:49:26;22.647;19.050;71.377
14:49:28;22.647;19.050;71.380
14:49:30;22.651;19.050;71.354
14:49:31;22.645;19.051;71.398
14:49:33;22.646;19.050;71.384
14:49:35;22.650;19.050;71.360
14:49:37;22.645;19.050;71.392
14:49:39;22.647;19.050;71.380
14:49:40;22.651;19.050;71.353
14:49:42;22.649;19.050;71.364
14:49:44;22.649;19.050;71.367
14:49:46;22.647;19.051;71.388
14:49:48;22.649;19.050;71.367
14:49:50;22.645;19.050;71.391
14:49:52;22.647;19.050;71.380
14:49:53;22.649;19.050;71.365
14:49:55;22.647;19.050;71.378
14:49:57;22.648;19.051;71.379
14:49:59;22.649;19.050;71.366
14:50:01;22.647;19.050;71.381
14:50:03;22.652;19.050;71.347
14:50:05;22.655;19.050;71.328
14:50:07;22.648;19.050;71.373
14:50:08;22.647;19.050;71.379
14:50:10;22.651;19.050;71.354
14:50:12;22.655;19.050;71.328
14:50:14;22.651;19.050;71.353
14:50:16;22.652;19.050;71.345
14:50:18;22.653;19.050;71.342
14:50:20;22.652;19.050;71.343
14:50:21;22.651;19.050;71.354
14:50:23;22.650;19.050;71.357
14:50:25;22.654;19.050;71.330
14:50:27;22.652;19.050;71.343
14:50:29;22.651;19.050;71.351
14:50:30;22.655;19.050;71.322
14:50:32;22.654;19.050;71.334
14:50:34;22.653;19.050;71.338
14:50:36;22.656;19.050;71.319
14:50:38;22.655;19.051;71.330
14:50:39;22.657;19.050;71.313
14:50:41;22.657;19.050;71.313
14:50:43;22.656;19.051;71.327
14:50:45;22.658;19.050;71.302
14:50:47;22.657;19.050;71.315
14:50:48;22.656;19.051;71.323
14:50:50;22.660;19.050;71.295
14:50:52;22.657;19.050;71.309
14:50:54;22.657;19.050;71.313
14:50:56;22.660;19.050;71.295
14:50:58;22.660;19.052;71.307
14:51:00;22.660;19.052;71.310
14:51:01;22.660;19.051;71.300
14:51:03;22.658;19.050;71.302
14:51:05;22.655;19.051;71.329
14:51:07;22.657;19.050;71.309
14:51:09;22.659;19.055;71.336
14:51:10;22.658;19.051;71.309
14:51:12;22.658;19.054;71.331
14:51:14;22.660;19.052;71.309
14:51:16;22.658;19.052;71.320
14:51:18;22.658;19.052;71.313
14:51:19;22.660;19.055;71.331
14:51:21;22.660;19.053;71.315
14:51:23;22.658;19.053;71.328
14:51:25;22.658;19.053;71.323
14:51:27;22.660;19.053;71.316
14:51:28;22.659;19.052;71.315
14:51:30;22.658;19.055;71.342
14:51:32;22.658;19.054;71.328
14:51:34;22.660;19.055;71.328
14:51:36;22.658;19.057;71.360
14:51:38;22.657;19.058;71.365
14:51:40;22.660;19.055;71.333
14:51:41;22.660;19.056;71.338
14:51:44;22.657;19.056;71.356
14:51:46;22.658;19.051;71.310
14:51:47;22.656;19.054;71.345
14:51:50;22.657;19.053;71.330
14:51:51;22.658;19.055;71.340
14:51:53;22.658;19.054;71.339
14:51:55;22.657;19.053;71.332
14:51:57;22.658;19.055;71.339
14:51:59;22.658;19.057;71.355
14:52:00;22.657;19.053;71.329
14:52:02;22.655;19.053;71.353
14:52:04;22.655;19.054;71.353
14:52:06;22.657;19.056;71.358
14:52:08;22.658;19.054;71.334
14:52:10;22.655;19.055;71.361
14:52:12;22.658;19.054;71.332
14:52:13;22.657;19.055;71.348
14:52:16;22.657;19.054;71.339
14:52:18;22.658;19.058;71.361
14:52:20;22.657;19.055;71.343
14:52:21;22.655;19.055;71.362
14:52:23;22.658;19.057;71.354
14:52:25;22.658;19.058;71.359
14:52:27;22.657;19.057;71.366
14:52:29;22.657;19.055;71.345
14:52:30;22.660;19.058;71.357
14:52:32;22.657;19.061;71.387
14:52:34;22.660;19.059;71.362
14:52:36;22.660;19.060;71.369
14:52:38;22.660;19.060;71.366
14:52:39;22.658;19.059;71.369
14:52:41;22.660;19.058;71.354
14:52:43;22.658;19.058;71.363
14:52:45;22.660;19.057;71.344
14:52:47;22.658;19.055;71.341
14:52:48;22.660;19.060;71.366
14:52:50;22.660;19.056;71.336
14:52:52;22.658;19.057;71.351
14:52:54;22.660;19.060;71.372
14:52:56;22.660;19.059;71.362
14:52:57;22.660;19.060;71.368
14:52:59;22.658;19.059;71.365
14:53:01;22.660;19.058;71.352
14:53:03;22.658;19.058;71.358
14:53:05;22.660;19.062;71.388
14:53:06;22.660;19.065;71.408
14:53:08;22.660;19.062;71.381
14:53:10;22.660;19.064;71.402
14:53:12;22.660;19.063;71.393
14:53:14;22.660;19.063;71.388
14:53:15;22.660;19.066;71.416
14:53:17;22.660;19.065;71.408
14:53:19;22.660;19.066;71.416
14:53:21;22.660;19.065;71.408
14:53:23;22.660;19.064;71.396
14:53:24;22.660;19.066;71.416
14:53:26;22.660;19.065;71.403
14:53:28;22.660;19.065;71.408
14:53:30;22.660;19.064;71.401
14:53:32;22.660;19.066;71.416
14:53:33;22.660;19.066;71.416
14:53:35;22.660;19.066;71.416
14:53:37;22.660;19.066;71.416
14:53:39;22.660;19.066;71.416
14:53:41;22.660;19.066;71.416
14:53:43;22.660;19.066;71.416
14:53:45;22.660;19.065;71.408
14:53:46;22.660;19.066;71.416
14:53:48;22.660;19.064;71.401
14:53:50;22.660;19.065;71.403
14:53:52;22.660;19.066;71.416
14:53:54;22.660;19.066;71.416
14:53:55;22.660;19.066;71.416
14:53:57;22.660;19.066;71.416
14:53:59;22.660;19.066;71.416
14:54:01;22.660;19.066;71.416
14:54:03;22.660;19.065;71.403
14:54:04;22.660;19.066;71.416
14:54:06;22.660;19.066;71.416
14:54:08;22.660;19.066;71.416
14:54:10;22.660;19.066;71.416
14:54:12;22.660;19.066;71.416
14:54:13;22.660;19.066;71.416
14:54:16;22.660;19.066;71.416
14:54:17;22.660;19.066;71.416
14:54:19;22.660;19.066;71.416
14:54:21;22.660;19.066;71.416
14:54:23;22.660;19.066;71.416
14:54:25;22.660;19.066;71.416
14:54:26;22.660;19.066;71.416
14:54:29;22.660;19.066;71.416
14:54:31;22.660;19.065;71.403
14:54:32;22.660;19.066;71.416
14:54:34;22.660;19.066;71.416
14:54:36;22.660;19.066;71.416
14:54:38;22.660;19.066;71.416
14:54:40;22.660;19.066;71.412
14:54:42;22.660;19.066;71.416
14:54:44;22.660;19.066;71.416
14:54:45;22.660;19.066;71.416
14:54:48;22.660;19.066;71.416
14:54:50;22.660;19.066;71.416
14:54:52;22.660;19.066;71.416
14:54:54;22.660;19.066;71.416
14:54:55;22.660;19.066;71.416
14:54:57;22.660;19.066;71.416
14:54:59;22.660;19.066;71.416
14:55:01;22.660;19.065;71.409
14:55:03;22.660;19.066;71.416
14:55:04;22.660;19.066;71.416
14:55:06;22.660;19.066;71.416
14:55:08;22.660;19.066;71.416
14:55:10;22.660;19.066;71.416
14:55:12;22.660;19.066;71.416
14:55:13;22.660;19.066;71.416
14:55:15;22.660;19.066;71.416
14:55:17;22.660;19.066;71.416
14:55:19;22.660;19.066;71.416
14:55:21;22.660;19.066;71.416
14:55:22;22.660;19.066;71.416
14:55:25;22.660;19.066;71.416
14:55:26;22.660;19.066;71.416
14:55:28;22.661;19.066;71.409
14:55:30;22.661;19.066;71.409
14:55:32;22.661;19.066;71.409
14:55:34;22.660;19.066;71.416
14:55:36;22.660;19.066;71.416
14:55:38;22.660;19.066;71.416
14:55:40;22.660;19.066;71.416
14:55:42;22.660;19.066;71.416
14:55:44;22.660;19.066;71.416
14:55:45;22.660;19.066;71.416
14:55:47;22.660;19.066;71.416
14:55:49;22.660;19.066;71.416
14:55:51;22.660;19.066;71.416
14:55:53;22.660;19.066;71.416
14:55:54;22.660;19.066;71.416
14:55:56;22.660;19.066;71.416
14:55:58;22.660;19.066;71.416
14:56:00;22.660;19.066;71.416
14:56:02;22.660;19.066;71.416
14:56:04;22.660;19.066;71.416
14:56:06;22.660;19.066;71.416
14:56:07;22.660;19.066;71.416
14:56:09;22.660;19.065;71.409
14:56:11;22.660;19.066;71.416
14:56:13;22.660;19.066;71.416
14:56:15;22.660;19.066;71.416
14:56:16;22.660;19.066;71.416
14:56:18;22.660;19.066;71.416
14:56:20;22.660;19.066;71.416
14:56:22;22.661;19.066;71.409
14:56:24;22.661;19.066;71.409
14:56:26;22.660;19.066;71.416
14:56:28;22.662;19.066;71.396
14:56:29;22.660;19.066;71.416
14:56:32;22.660;19.066;71.416
14:56:34;22.660;19.066;71.416
14:56:35;22.660;19.065;71.409
14:56:37;22.660;19.066;71.410
14:56:39;22.661;19.066;71.409
14:56:41;22.660;19.066;71.416
14:56:43;22.660;19.065;71.409
14:56:45;22.661;19.066;71.409
14:56:47;22.660;19.066;71.416
14:56:49;22.660;19.066;71.416
14:56:51;22.660;19.066;71.416
14:56:52;22.660;19.066;71.416
14:56:54;22.661;19.066;71.409
14:56:56;22.660;19.066;71.410
14:56:58;22.661;19.066;71.404
14:57:00;22.661;19.066;71.409
14:57:02;22.661;19.066;71.409
14:57:04;22.660;19.066;71.416
14:57:05;22.660;19.066;71.416
14:57:07;22.660;19.066;71.416
14:57:09;22.661;19.066;71.409
14:57:11;22.660;19.066;71.412
14:57:13;22.662;19.065;71.390
14:57:14;22.663;19.066;71.396
14:57:16;22.663;19.066;71.389
14:57:18;22.660;19.066;71.412
14:57:20;22.663;19.066;71.389
14:57:22;22.663;19.066;71.389
14:57:24;22.660;19.066;71.412
14:57:26;22.663;19.066;71.389
14:57:28;22.662;19.066;71.402
14:57:29;22.660;19.066;71.410
14:57:31;22.661;19.065;71.397
14:57:33;22.660;19.066;71.410
14:57:35;22.664;19.066;71.385
14:57:37;22.660;19.066;71.410
14:57:38;22.661;19.066;71.409
14:57:40;22.662;19.066;71.400
14:57:42;22.662;19.066;71.402
14:57:44;22.660;19.066;71.412
14:57:46;22.665;19.066;71.379
14:57:47;22.662;19.066;71.396
14:57:49;22.662;19.066;71.399
14:57:51;22.660;19.065;71.404
14:57:53;22.662;19.065;71.395
14:57:55;22.660;19.065;71.403
14:57:56;22.664;19.066;71.385
14:57:59;22.663;19.066;71.396
14:58:00;22.662;19.066;71.398
14:58:02;22.664;19.065;71.380
14:58:04;22.664;19.066;71.385
14:58:06;22.667;19.066;71.369
14:58:08;22.665;19.066;71.382
14:58:09;22.666;19.066;71.372
14:58:11;22.661;19.066;71.405
14:58:13;22.661;19.066;71.406
14:58:15;22.666;19.066;71.372
14:58:17;22.663;19.066;71.392
14:58:18;22.667;19.066;71.363
14:58:20;22.667;19.066;71.363
14:58:22;22.664;19.066;71.382
14:58:24;22.667;19.066;71.366
14:58:26;22.667;19.066;71.364
14:58:27;22.665;19.066;71.380
14:58:29;22.664;19.066;71.382
14:58:31;22.664;19.066;71.385
14:58:33;22.663;19.066;71.389
14:58:35;22.667;19.066;71.366
14:58:36;22.664;19.066;71.386
14:58:38;22.666;19.066;71.372
14:58:40;22.670;19.066;71.345
14:58:42;22.669;19.066;71.352
14:58:44;22.669;19.066;71.349
14:58:45;22.672;19.066;71.333
14:58:47;22.670;19.066;71.344
14:58:49;22.668;19.066;71.359
14:58:51;22.671;19.066;71.338
14:58:53;22.670;19.066;71.347
14:58:54;22.670;19.066;71.345
14:58:56;22.665;19.066;71.378
14:58:58;22.669;19.066;71.351
14:59:00;22.663;19.066;71.394
14:59:02;22.665;19.066;71.377
14:59:04;22.666;19.066;71.372
14:59:06;22.664;19.066;71.386
14:59:08;22.670;19.066;71.345
14:59:09;22.667;19.066;71.366
14:59:11;22.668;19.066;71.359
14:59:13;22.668;19.066;71.356
14:59:15;22.665;19.066;71.379
14:59:17;22.669;19.066;71.349
14:59:18;22.668;19.066;71.356
14:59:20;22.664;19.066;71.383
14:59:22;22.668;19.066;71.362
14:59:24;22.666;19.067;71.380
14:59:26;22.666;19.066;71.375
14:59:27;22.666;19.066;71.372
14:59:29;22.669;19.066;71.352
14:59:31;22.671;19.066;71.341
14:59:33;22.670;19.066;71.344
14:59:35;22.670;19.066;71.345
14:59:36;22.673;19.066;71.325
14:59:38;22.672;19.066;71.334
14:59:40;22.673;19.066;71.327
14:59:42;22.671;19.066;71.339
14:59:44;22.669;19.066;71.350
14:59:45;22.670;19.066;71.345
14:59:47;22.669;19.066;71.352
14:59:49;22.673;19.066;71.327
14:59:51;22.672;19.066;71.334
14:59:53;22.668;19.066;71.356
14:59:54;22.669;19.066;71.354
14:59:56;22.668;19.066;71.359
14:59:58;22.672;19.066;71.334
15:00:00;22.671;19.066;71.341
15:00:02;22.675;19.066;71.314
15:00:04;22.674;19.066;71.320
15:00:06;22.675;19.066;71.314
15:00:07;22.675;19.066;71.314
15:00:09;22.676;19.066;71.307
15:00:11;22.675;19.066;71.313
15:00:13;22.673;19.066;71.325
15:00:15;22.676;19.066;71.307
15:00:16;22.676;19.066;71.307
15:00:18;22.676;19.066;71.307
15:00:20;22.676;19.066;71.307
15:00:22;22.674;19.066;71.320
15:00:24;22.676;19.066;71.307
15:00:25;22.676;19.066;71.307
15:00:27;22.676;19.066;71.307
15:00:29;22.676;19.066;71.307
15:00:31;22.676;19.066;71.307
15:00:33;22.675;19.067;71.321
15:00:34;22.675;19.066;71.314
15:00:36;22.676;19.066;71.307
15:00:38;22.676;19.066;71.307
15:00:40;22.676;19.066;71.307
15:00:42;22.676;19.068;71.322
15:00:43;22.676;19.067;71.314
15:00:45;22.676;19.066;71.307
15:00:47;22.675;19.066;71.314
15:00:49;22.676;19.067;71.313
15:00:51;22.676;19.067;71.314
15:00:53;22.676;19.066;71.307
15:00:55;22.676;19.066;71.307
15:00:57;22.676;19.067;71.313
15:00:58;22.676;19.067;71.314
15:01:00;22.676;19.067;71.314
15:01:02;22.676;19.066;71.307
15:01:04;22.676;19.068;71.320
15:01:06;22.676;19.066;71.307
15:01:07;22.676;19.066;71.307
15:01:09;22.676;19.067;71.314
15:01:11;22.676;19.068;71.321
15:01:13;22.676;19.069;71.326
15:01:14;22.676;19.067;71.314
15:01:16;22.676;19.067;71.314
15:01:19;22.676;19.068;71.321
15:01:20;22.676;19.070;71.334
15:01:22;22.676;19.071;71.341
15:01:24;22.676;19.067;71.314
15:01:26;22.676;19.068;71.319
15:01:28;22.676;19.068;71.321
15:01:29;22.676;19.070;71.336
15:01:31;22.676;19.070;71.336
15:01:33;22.676;19.069;71.326
15:01:35;22.676;19.074;71.361
15:01:37;22.676;19.067;71.314
15:01:39;22.676;19.071;71.343
15:01:41;22.676;19.071;71.340
15:01:43;22.676;19.072;71.347
15:01:44;22.676;19.072;71.351
15:01:46;22.676;19.070;71.336
15:01:48;22.676;19.069;71.328
15:01:50;22.676;19.070;71.334
15:01:52;22.676;19.071;71.341
15:01:54;22.676;19.073;71.355
15:01:56;22.676;19.071;71.341
15:01:57;22.676;19.071;71.339
15:01:59;22.676;19.077;71.384
15:02:01;22.676;19.074;71.363
15:02:03;22.676;19.076;71.377
15:02:05;22.676;19.077;71.387
15:02:06;22.676;19.075;71.372
15:02:08;22.676;19.078;71.392
15:02:10;22.676;19.079;71.402
15:02:12;22.676;19.077;71.385
15:02:14;22.676;19.076;71.382
15:02:15;22.676;19.076;71.378
15:02:17;22.676;19.079;71.399
15:02:19;22.676;19.078;71.395
15:02:21;22.676;19.080;71.412
15:02:23;22.676;19.077;71.384
15:02:25;22.676;19.077;71.384
15:02:26;22.676;19.075;71.370
15:02:29;22.676;19.077;71.384
15:02:31;22.676;19.073;71.357
15:02:32;22.676;19.072;71.352
15:02:34;22.676;19.077;71.387
15:02:36;22.676;19.082;71.427
15:02:38;22.676;19.073;71.356
15:02:40;22.676;19.078;71.392
15:02:42;22.676;19.076;71.378
15:02:43;22.676;19.077;71.389
15:02:45;22.676;19.077;71.384
15:02:47;22.676;19.079;71.404
15:02:49;22.676;19.077;71.389
15:02:51;22.676;19.078;71.392
15:02:52;22.676;19.075;71.370
15:02:54;22.676;19.079;71.399
15:02:57;22.676;19.077;71.390
15:02:59;22.676;19.074;71.362
15:03:01;22.676;19.078;71.392
15:03:02;22.676;19.077;71.389
15:03:04;22.676;19.072;71.347
15:03:06;22.676;19.079;71.404
15:03:08;22.676;19.075;71.369
15:03:10;22.676;19.076;71.377
15:03:12;22.676;19.076;71.378
15:03:13;22.676;19.076;71.380
15:03:15;22.676;19.079;71.400
15:03:17;22.676;19.076;71.377
15:03:19;22.676;19.078;71.392
15:03:21;22.676;19.077;71.385
15:03:22;22.676;19.077;71.384
15:03:24;22.676;19.080;71.412
15:03:26;22.676;19.078;71.392
15:03:28;22.677;19.081;71.413
15:03:30;22.676;19.079;71.400
15:03:31;22.676;19.081;71.419
15:03:33;22.676;19.079;71.404
15:03:35;22.677;19.081;71.413
15:03:37;22.676;19.081;71.415
15:03:39;22.676;19.081;71.412
15:03:40;22.676;19.080;71.412
15:03:42;22.676;19.082;71.427
15:03:44;22.676;19.082;71.423
15:03:46;22.676;19.081;71.419
15:03:48;22.676;19.081;71.419
15:03:49;22.676;19.080;71.410
15:03:51;22.676;19.082;71.427
15:03:53;22.676;19.082;71.423
15:03:55;22.676;19.082;71.427
15:03:57;22.676;19.082;71.427
15:03:58;22.676;19.081;71.419
15:04:00;22.676;19.081;71.419
15:04:03;22.676;19.082;71.427
15:04:05;22.676;19.082;71.427
15:04:07;22.676;19.082;71.427
15:04:08;22.676;19.082;71.427
15:04:10;22.677;19.082;71.420
15:04:12;22.676;19.082;71.427
15:04:14;22.676;19.082;71.427
15:04:16;22.676;19.082;71.427
15:04:17;22.677;19.082;71.420
15:04:19;22.677;19.081;71.413
15:04:21;22.679;19.082;71.406
15:04:23;22.676;19.082;71.427
15:04:25;22.676;19.082;71.427
15:04:26;22.677;19.082;71.420
15:04:28;22.677;19.082;71.420
15:04:30;22.676;19.082;71.427
15:04:33;22.678;19.082;71.409
15:04:34;22.678;19.082;71.413
15:04:36;22.678;19.082;71.414
15:04:38;22.678;19.082;71.410
15:04:40;22.681;19.082;71.389
15:04:42;22.680;19.082;71.397
15:04:44;22.684;19.082;71.368
15:04:46;22.680;19.081;71.392
15:04:48;22.682;19.082;71.386
15:04:50;22.685;19.082;71.365
15:04:52;22.679;19.082;71.406
15:04:53;22.682;19.082;71.387
15:04:55;22.685;19.082;71.364
15:04:57;22.681;19.082;71.394
15:04:59;22.683;19.082;71.380
15:05:01;22.679;19.082;71.407
15:05:02;22.686;19.082;71.356
15:05:04;22.681;19.082;71.390
15:05:06;22.683;19.082;71.375
15:05:08;22.681;19.082;71.394
15:05:10;22.683;19.082;71.376
15:05:11;22.683;19.081;71.371
15:05:13;22.682;19.082;71.383
15:05:15;22.683;19.082;71.381
15:05:17;22.680;19.082;71.397
15:05:19;22.682;19.082;71.387
15:05:20;22.683;19.082;71.379
15:05:22;22.685;19.082;71.364
15:05:24;22.686;19.082;71.356
15:05:26;22.690;19.082;71.331
15:05:28;22.689;19.082;71.335
15:05:29;22.688;19.082;71.343
15:05:31;22.687;19.082;71.351
15:05:33;22.688;19.082;71.345
15:05:35;22.688;19.082;71.345
15:05:37;22.689;19.082;71.340
15:05:39;22.690;19.082;71.331
15:05:41;22.689;19.082;71.338
15:05:43;22.691;19.082;71.321
15:05:44;22.688;19.082;71.343
15:05:46;22.690;19.082;71.331
15:05:48;22.690;19.082;71.329
15:05:50;22.687;19.082;71.349
15:05:52;22.690;19.082;71.329
15:05:53;22.690;19.082;71.330
15:05:55;22.689;19.082;71.340
15:05:57;22.685;19.082;71.362
15:05:59;22.687;19.082;71.350
15:06:00;22.688;19.082;71.342
15:06:02;22.690;19.082;71.331
15:06:04;22.689;19.082;71.335
15:06:06;22.690;19.082;71.330
15:06:08;22.691;19.082;71.324
15:06:09;22.690;19.082;71.331
15:06:11;22.692;19.082;71.317
15:06:13;22.688;19.082;71.342
15:06:15;22.691;19.082;71.324
15:06:17;22.689;19.082;71.334
15:06:18;22.691;19.082;71.324
15:06:21;22.691;19.083;71.331
15:06:23;22.692;19.082;71.317
15:06:24;22.692;19.082;71.317
15:06:26;22.691;19.082;71.324
15:06:28;22.692;19.084;71.332
15:06:30;22.692;19.083;71.323
15:06:32;22.692;19.082;71.317
15:06:34;22.692;19.082;71.317
15:06:35;22.692;19.082;71.317
15:06:37;22.691;19.082;71.324
15:06:39;22.690;19.082;71.328
15:06:41;22.692;19.082;71.317
15:06:43;22.692;19.082;71.317
15:06:44;22.691;19.082;71.324
15:06:46;22.692;19.082;71.317
15:06:48;22.692;19.082;71.317
15:06:50;22.692;19.082;71.317
15:06:52;22.692;19.083;71.321
15:06:53;22.692;19.082;71.317
15:06:55;22.692;19.082;71.317
15:06:57;22.692;19.082;71.317
15:06:59;22.691;19.082;71.324
15:07:01;22.692;19.082;71.317
15:07:02;22.692;19.083;71.324
15:07:04;22.691;19.083;71.331
15:07:06;22.691;19.083;71.331
15:07:08;22.692;19.084;71.331
15:07:10;22.692;19.082;71.317
15:07:11;22.692;19.083;71.324
15:07:13;22.690;19.082;71.328
15:07:15;22.692;19.086;71.339
15:07:17;22.691;19.082;71.324
15:07:19;22.692;19.082;71.317
15:07:21;22.692;19.082;71.317
15:07:23;22.692;19.083;71.324
15:07:25;22.691;19.084;71.338
15:07:26;22.692;19.085;71.336
15:07:28;22.691;19.084;71.335
15:07:30;22.692;19.083;71.324
15:07:32;22.692;19.082;71.317
15:07:34;22.692;19.082;71.317
15:07:36;22.692;19.083;71.321
15:07:38;22.691;19.083;71.331
15:07:39;22.692;19.083;71.323
15:07:41;22.692;19.083;71.324
15:07:43;22.692;19.084;71.331
15:07:45;22.690;19.083;71.333
15:07:47;22.692;19.085;71.332
15:07:48;22.692;19.084;71.328
15:07:50;22.692;19.085;71.337
15:07:52;22.692;19.085;71.338
15:07:54;22.691;19.082;71.324
15:07:56;22.691;19.083;71.331
15:07:58;22.692;19.084;71.332
15:08:00;22.692;19.083;71.324
15:08:01;22.692;19.082;71.317
15:08:03;22.690;19.083;71.338
15:08:05;22.692;19.082;71.317
15:08:07;22.692;19.082;71.317
15:08:09;22.690;19.082;71.328
15:08:10;22.692;19.082;71.317
15:08:13;22.692;19.082;71.317
15:08:15;22.692;19.082;71.317
15:08:16;22.691;19.082;71.323
15:08:18;22.691;19.082;71.324
15:08:20;22.692;19.082;71.317
15:08:22;22.691;19.082;71.323
15:08:23;22.690;19.082;71.328
15:08:25;22.690;19.082;71.328
15:08:27;22.692;19.082;71.317
15:08:29;22.691;19.082;71.323
15:08:31;22.692;19.083;71.324
15:08:32;22.689;19.083;71.342
15:08:34;22.692;19.082;71.317
15:08:36;22.692;19.082;71.317
15:08:38;22.692;19.083;71.324
15:08:40;22.692;19.082;71.317
15:08:41;22.689;19.082;71.335
15:08:44;22.689;19.082;71.335
15:08:46;22.692;19.082;71.316
15:08:47;22.692;19.082;71.316
15:08:49;22.692;19.082;71.316
15:08:51;22.690;19.083;71.335
15:08:53;22.692;19.082;71.316
15:08:55;22.691;19.082;71.323
15:08:56;22.692;19.082;71.316
15:08:58;22.692;19.082;71.316
15:09:00;22.692;19.082;71.316
15:09:02;22.692;19.082;71.316
15:09:04;22.692;19.082;71.316
15:09:05;22.692;19.082;71.316
15:09:07;22.692;19.082;71.316
15:09:09;22.692;19.082;71.316
15:09:11;22.692;19.083;71.323
15:09:13;22.692;19.082;71.316
15:09:15;22.692;19.082;71.316
15:09:17;22.692;19.083;71.321
15:09:19;22.692;19.082;71.316
15:09:20;22.692;19.082;71.316
15:09:22;22.692;19.082;71.316
15:09:24;22.692;19.083;71.324
15:09:26;22.692;19.082;71.316
15:09:27;22.691;19.083;71.330
15:09:29;22.692;19.082;71.316
15:09:31;22.692;19.082;71.316
15:09:33;22.692;19.082;71.316
15:09:35;22.692;19.082;71.316
15:09:36;22.691;19.082;71.323
15:09:38;22.691;19.082;71.323
15:09:40;22.692;19.082;71.316
15:09:42;22.692;19.084;71.330
15:09:44;22.692;19.082;71.316
15:09:45;22.692;19.082;71.316
15:09:47;22.690;19.083;71.332
15:09:49;22.692;19.082;71.316
15:09:51;22.692;19.083;71.324
15:09:53;22.692;19.082;71.316
15:09:54;22.692;19.082;71.316
15:09:56;22.692;19.082;71.316
15:09:58;22.692;19.082;71.316
15:10:00;22.692;19.082;71.316
15:10:02;22.692;19.082;71.316
15:10:03;22.692;19.082;71.316
15:10:05;22.692;19.082;71.316
15:10:07;22.692;19.083;71.321
15:10:09;22.692;19.082;71.316
15:10:11;22.692;19.082;71.316
15:10:13;22.691;19.082;71.323
15:10:15;22.692;19.082;71.316
15:10:16;22.692;19.082;71.316
15:10:18;22.692;19.082;71.316
15:10:20;22.692;19.082;71.316
15:10:22;22.692;19.082;71.316
15:10:24;22.692;19.082;71.316
15:10:25;22.692;19.082;71.316
15:10:27;22.692;19.082;71.316
15:10:29;22.692;19.082;71.316
15:10:31;22.692;19.082;71.316
15:10:33;22.692;19.082;71.316
15:10:35;22.692;19.082;71.316
15:10:37;22.692;19.082;71.316
15:10:38;22.692;19.082;71.316
15:10:41;22.692;19.082;71.316
15:10:42;22.692;19.083;71.323
15:10:44;22.692;19.082;71.316
15:10:46;22.692;19.082;71.316
15:10:48;22.692;19.082;71.316
15:10:50;22.692;19.082;71.316
15:10:51;22.692;19.082;71.316
15:10:54;22.692;19.084;71.331
15:10:55;22.692;19.082;71.316
15:10:58;22.692;19.082;71.316
15:10:59;22.692;19.082;71.316
15:11:01;22.692;19.083;71.324
15:11:03;22.692;19.082;71.316
15:11:05;22.692;19.084;71.331
15:11:07;22.692;19.084;71.331
15:11:08;22.692;19.084;71.327
15:11:10;22.692;19.082;71.316
15:11:12;22.692;19.084;71.328
15:11:14;22.692;19.082;71.316
15:11:16;22.692;19.083;71.324
15:11:17;22.692;19.083;71.321
15:11:19;22.692;19.082;71.316
15:11:21;22.692;19.084;71.330
15:11:23;22.692;19.083;71.324
15:11:25;22.692;19.082;71.316
15:11:27;22.692;19.083;71.324
15:11:29;22.692;19.082;71.316
15:11:30;22.692;19.083;71.323
15:11:32;22.692;19.082;71.316
15:11:34;22.692;19.083;71.323
15:11:36;22.692;19.082;71.316
15:11:38;22.692;19.082;71.316
15:11:39;22.692;19.083;71.324
15:11:41;22.692;19.083;71.324
15:11:43;22.692;19.082;71.317
15:11:45;22.692;19.082;71.317
15:11:47;22.692;19.082;71.317
15:11:48;22.692;19.082;71.317
15:11:50;22.692;19.083;71.324
15:11:52;22.692;19.084;71.330
15:11:54;22.692;19.084;71.330
15:11:56;22.692;19.086;71.339
15:11:57;22.692;19.083;71.324
15:11:59;22.692;19.087;71.350
15:12:01;22.692;19.087;71.346
15:12:03;22.692;19.086;71.342
15:12:05;22.692;19.083;71.323
15:12:06;22.693;19.082;71.310
15:12:08;22.693;19.083;71.316
15:12:10;22.692;19.085;71.337
15:12:12;22.693;19.083;71.317
15:12:14;22.692;19.085;71.337
15:12:15;22.692;19.084;71.328
15:12:17;22.693;19.082;71.310
15:12:19;22.693;19.084;71.324
15:12:21;22.692;19.084;71.331
15:12:23;22.692;19.083;71.321
15:12:24;22.695;19.082;71.297
15:12:26;22.693;19.082;71.311
15:12:28;22.693;19.087;71.348
15:12:30;22.692;19.083;71.324
15:12:32;22.693;19.085;71.334
15:12:33;22.694;19.085;71.325
15:12:35;22.692;19.085;71.336
15:12:37;22.693;19.087;71.344
15:12:39;22.693;19.086;71.338
15:12:41;22.693;19.092;71.378
15:12:43;22.692;19.088;71.358
15:12:45;22.694;19.088;71.345
15:12:47;22.693;19.091;71.373
15:12:49;22.693;19.090;71.365
15:12:50;22.693;19.090;71.368
15:12:53;22.692;19.093;71.393
15:12:54;22.696;19.092;71.361
15:12:56;22.694;19.089;71.348
15:12:58;22.695;19.090;71.353
15:13:00;22.695;19.090;71.353
15:13:02;22.697;19.089;71.336
15:13:04;22.697;19.094;71.369
15:13:06;22.695;19.096;71.396
15:13:07;22.698;19.093;71.350
15:13:09;22.696;19.094;71.372
15:13:11;22.699;19.095;71.359
15:13:13;22.699;19.098;71.380
15:13:15;22.698;19.096;71.379
15:13:16;22.698;19.098;71.388
15:13:18;22.700;19.097;71.369
15:13:20;22.699;19.099;71.390
15:13:22;22.696;19.094;71.380
15:13:24;22.696;19.093;71.369
15:13:25;22.698;19.096;71.376
15:13:27;22.698;19.095;71.367
15:13:29;22.697;19.096;71.384
15:13:31;22.696;19.096;71.390
15:13:33;22.698;19.098;71.389
15:13:35;22.701;19.094;71.341
15:13:37;22.694;19.098;71.415
15:13:38;22.700;19.096;71.363
15:13:40;22.693;19.096;71.407
15:13:42;22.694;19.094;71.389
15:13:44;22.697;19.093;71.358
15:13:46;22.698;19.094;71.361
15:13:48;22.697;19.094;71.368
15:13:50;22.701;19.097;71.360
15:13:52;22.699;19.098;71.379
15:13:54;22.698;19.099;71.393
15:13:55;22.699;19.097;71.378
15:13:58;22.695;19.096;71.394
15:14:00;22.700;19.097;71.367
15:14:01;22.697;19.097;71.392
15:14:03;22.698;19.099;71.398
15:14:05;22.703;19.096;71.343
15:14:07;22.702;19.096;71.346
15:14:09;22.700;19.094;71.350
15:14:10;22.703;19.094;71.325
15:14:12;22.704;19.094;71.318
15:14:14;22.703;19.099;71.359
15:14:16;22.703;19.093;71.323
15:14:18;22.706;19.098;71.333
15:14:19;22.703;19.094;71.325
15:14:21;22.701;19.098;71.365
15:14:23;22.702;19.097;71.360
15:14:25;22.706;19.095;71.314
15:14:27;22.702;19.096;71.350
15:14:28;22.700;19.098;71.373
15:14:30;22.701;19.098;71.368
15:14:32;22.702;19.097;71.357
15:14:34;22.700;19.097;71.367
15:14:36;22.701;19.098;71.366
15:14:38;22.702;19.099;71.365
15:14:40;22.701;19.099;71.375
15:14:41;22.702;19.098;71.361
15:14:43;22.702;19.099;71.365
15:14:45;22.701;19.099;71.372
15:14:47;22.702;19.097;71.353
15:14:49;22.702;19.099;71.366
15:14:51;22.702;19.098;71.358
15:14:53;22.703;19.099;71.359
15:14:54;22.704;19.099;71.352
15:14:56;22.706;19.099;71.340
15:14:58;22.704;19.097;71.342
15:15:00;22.707;19.098;71.326
15:15:02;22.706;19.099;71.341
15:15:03;22.707;19.099;71.334
15:15:05;22.706;19.099;71.341
15:15:07;22.705;19.099;71.345
15:15:09;22.708;19.099;71.327
15:15:11;22.704;19.098;71.344
15:15:13;22.707;19.099;71.334
15:15:14;22.705;19.099;71.345
15:15:16;22.708;19.098;71.319
15:15:18;22.704;19.099;71.354
15:15:20;22.706;19.097;71.328
15:15:22;22.708;19.099;71.327
15:15:23;22.708;19.099;71.331
15:15:26;22.706;19.099;71.341
15:15:27;22.708;19.099;71.327
15:15:30;22.707;19.099;71.334
15:15:31;22.707;19.098;71.326
15:15:33;22.705;19.099;71.345
15:15:35;22.706;19.099;71.338
15:15:37;22.707;19.099;71.334
15:15:39;22.708;19.099;71.327
15:15:41;22.706;19.099;71.338
15:15:43;22.707;19.099;71.334
15:15:45;22.707;19.099;71.334
15:15:47;22.708;19.099;71.327
15:15:49;22.707;19.099;71.333
15:15:50;22.705;19.099;71.345
15:15:52;22.707;19.098;71.330
15:15:54;22.706;19.099;71.340
15:15:56;22.706;19.099;71.341
15:15:58;22.705;19.099;71.347
15:16:00;22.706;19.099;71.340
15:16:02;22.705;19.099;71.345
15:16:03;22.706;19.099;71.340
15:16:05;22.707;19.099;71.334
15:16:07;22.707;19.099;71.334
15:16:09;22.708;19.099;71.327
15:16:11;22.708;19.099;71.327
15:16:13;22.706;19.099;71.344
15:16:15;22.707;19.099;71.334
15:16:16;22.708;19.099;71.327
15:16:18;22.708;19.099;71.327
15:16:20;22.705;19.099;71.345
15:16:22;22.708;19.099;71.327
15:16:24;22.708;19.099;71.327
15:16:25;22.708;19.099;71.327
15:16:27;22.708;19.099;71.327
15:16:29;22.707;19.099;71.334
15:16:31;22.707;19.099;71.334
15:16:33;22.705;19.099;71.351
15:16:34;22.708;19.099;71.327
15:16:37;22.704;19.099;71.352
15:16:38;22.707;19.099;71.334
15:16:40;22.707;19.099;71.334
15:16:42;22.708;19.099;71.327
15:16:44;22.707;19.099;71.334
15:16:46;22.708;19.099;71.327
15:16:48;22.706;19.099;71.340
15:16:50;22.707;19.099;71.333
15:16:51;22.707;19.099;71.333
15:16:53;22.706;19.099;71.340
15:16:55;22.705;19.099;71.345
15:16:57;22.708;19.099;71.327
15:16:59;22.708;19.097;71.314
15:17:00;22.707;19.099;71.333
15:17:02;22.704;19.099;71.352
15:17:04;22.706;19.097;71.325
15:17:06;22.705;19.097;71.337
15:17:08;22.706;19.098;71.333
15:17:10;22.705;19.097;71.330
15:17:12;22.703;19.098;71.351
15:17:13;22.707;19.096;71.311
15:17:15;22.706;19.096;71.320
15:17:17;22.708;19.098;71.319
15:17:19;22.707;19.095;71.307
15:17:21;22.706;19.099;71.340
15:17:22;22.707;19.099;71.333
15:17:24;22.708;19.096;71.304
15:17:26;22.705;19.096;71.324
15:17:28;22.708;19.098;71.319
15:17:29;22.708;19.099;71.326
15:17:31;22.706;19.097;71.323
15:17:33;22.708;19.097;71.314
15:17:35;22.708;19.099;71.326
15:17:37;22.708;19.099;71.326
15:17:38;22.708;19.097;71.314
15:17:40;22.708;19.097;71.311
15:17:42;22.708;19.096;71.306
15:17:44;22.708;19.099;71.326
15:17:46;22.708;19.097;71.311
15:17:48;22.708;19.097;71.311
15:17:50;22.708;19.097;71.311
15:17:51;22.707;19.099;71.333
15:17:53;22.706;19.096;71.320
15:17:55;22.708;19.097;71.311
15:17:57;22.708;19.099;71.326
15:17:59;22.708;19.098;71.319
15:18:00;22.707;19.099;71.333
15:18:02;22.708;19.099;71.326
15:18:04;22.706;19.099;71.338
15:18:06;22.708;19.099;71.327
15:18:08;22.708;19.099;71.327
15:18:10;22.707;19.097;71.321
15:18:12;22.708;19.099;71.327
15:18:13;22.707;19.098;71.326
15:18:15;22.707;19.099;71.333
15:18:18;22.708;19.099;71.327
15:18:19;22.708;19.099;71.327
15:18:21;22.706;19.098;71.333
15:18:23;22.708;19.096;71.307
15:18:25;22.708;19.099;71.326
15:18:27;22.708;19.099;71.326
15:18:28;22.708;19.099;71.326
15:18:30;22.707;19.099;71.333
15:18:32;22.708;19.099;71.326
15:18:34;22.707;19.099;71.333
15:18:36;22.708;19.099;71.326
15:18:38;22.707;19.099;71.333
15:18:40;22.708;19.099;71.326
15:18:42;22.708;19.097;71.314
15:18:44;22.706;19.099;71.340
15:18:45;22.708;19.099;71.326
15:18:47;22.708;19.098;71.319
15:18:49;22.708;19.099;71.326
15:18:51;22.706;19.098;71.330
15:18:53;22.708;19.099;71.326
15:18:54;22.707;19.099;71.333
15:18:56;22.707;19.099;71.333
15:18:59;22.708;19.098;71.319
15:19:01;22.708;19.099;71.326
15:19:03;22.708;19.099;71.326
15:19:05;22.708;19.099;71.326
15:19:07;22.706;19.099;71.338
15:19:08;22.708;19.099;71.326
15:19:11;22.705;19.099;71.344
15:19:12;22.707;19.097;71.321
15:19:14;22.707;19.099;71.332
15:19:17;22.705;19.098;71.339
15:19:19;22.706;19.099;71.340
15:19:20;22.705;19.098;71.338
15:19:22;22.707;19.099;71.333
15:19:24;22.708;19.097;71.314
15:19:26;22.708;19.099;71.326
15:19:28;22.708;19.099;71.326
15:19:29;22.708;19.099;71.326
15:19:31;22.708;19.099;71.326
15:19:33;22.706;19.099;71.340
15:19:35;22.707;19.097;71.318
15:19:37;22.706;19.099;71.338
15:19:38;22.706;19.097;71.327
15:19:40;22.707;19.098;71.326
15:19:42;22.707;19.097;71.318
15:19:44;22.708;19.099;71.326
15:19:46;22.706;19.099;71.340
15:19:47;22.708;19.098;71.319
15:19:49;22.707;19.099;71.333
15:19:51;22.708;19.099;71.326
15:19:53;22.707;19.099;71.333
15:19:55;22.708;19.096;71.309
15:19:56;22.708;19.099;71.326
15:19:58;22.708;19.097;71.314
15:20:00;22.708;19.098;71.319
15:20:02;22.707;19.097;71.321
15:20:04;22.708;19.098;71.319
15:20:05;22.707;19.097;71.321
15:20:07;22.707;19.097;71.321
15:20:09;22.708;19.098;71.319
15:20:11;22.708;19.099;71.326
15:20:13;22.708;19.099;71.326
15:20:14;22.707;19.098;71.326
15:20:16;22.706;19.096;71.318
15:20:18;22.705;19.099;71.345
15:20:20;22.707;19.099;71.333
15:20:22;22.708;19.099;71.326
15:20:23;22.706;19.099;71.338
15:20:25;22.708;19.099;71.326
15:20:27;22.708;19.099;71.326
15:20:29;22.707;19.099;71.333
15:20:31;22.704;19.099;71.351
15:20:33;22.706;19.097;71.325
15:20:35;22.706;19.098;71.332
15:20:36;22.706;19.099;71.338
15:20:38;22.706;19.098;71.332
15:20:40;22.704;19.098;71.344
15:20:42;22.707;19.099;71.333
15:20:44;22.703;19.098;71.350
15:20:45;22.706;19.096;71.320
15:20:47;22.707;19.095;71.305
15:20:49;22.707;19.099;71.333
15:20:51;22.708;19.099;71.326
15:20:53;22.708;19.098;71.319
15:20:54;22.707;19.098;71.326
15:20:56;22.708;19.098;71.319
15:20:58;22.708;19.098;71.319
15:21:00;22.707;19.097;71.318
15:21:01;22.707;19.097;71.321
15:21:03;22.708;19.099;71.326
15:21:05;22.708;19.099;71.326
15:21:07;22.707;19.099;71.333
15:21:09;22.708;19.099;71.326
15:21:10;22.708;19.097;71.314
15:21:12;22.708;19.099;71.326
15:21:14;22.707;19.099;71.333
15:21:16;22.708;19.098;71.319
15:21:18;22.707;19.099;71.333
15:21:20;22.706;19.096;71.320
15:21:22;22.708;19.097;71.314
15:21:23;22.708;19.098;71.319
15:21:25;22.707;19.099;71.333
15:21:27;22.707;19.098;71.326
15:21:29;22.708;19.099;71.326
15:21:31;22.706;19.098;71.332
15:21:32;22.708;19.099;71.326
15:21:34;22.707;19.096;71.312
15:21:36;22.707;19.097;71.321
15:21:38;22.706;19.096;71.316
15:21:40;22.704;19.096;71.329
15:21:41;22.707;19.094;71.299
15:21:43;22.708;19.095;71.301
15:21:45;22.707;19.097;71.318
15:21:47;22.707;19.095;71.306
15:21:49;22.708;19.094;71.289
15:21:51;22.708;19.096;71.305
15:21:53;22.707;19.098;71.327
15:21:54;22.707;19.096;71.313
15:21:56;22.708;19.099;71.326
15:21:58;22.707;19.097;71.321
15:22:00;22.705;19.097;71.329
15:22:02;22.708;19.097;71.311
15:22:03;22.708;19.097;71.314
15:22:05;22.708;19.097;71.314
15:22:07;22.706;19.094;71.305
15:22:09;22.706;19.099;71.340
15:22:11;22.708;19.099;71.326
15:22:13;22.708;19.096;71.307
15:22:15;22.708;19.097;71.313
15:22:17;22.708;19.099;71.326
15:22:18;22.706;19.099;71.337
15:22:20;22.707;19.098;71.325
15:22:22;22.708;19.098;71.319
15:22:24;22.708;19.099;71.326
15:22:26;22.708;19.098;71.319
15:22:27;22.707;19.098;71.325
15:22:29;22.708;19.095;71.299
15:22:31;22.708;19.097;71.314
15:22:33;22.708;19.099;71.326
15:22:35;22.708;19.097;71.312
15:22:36;22.706;19.098;71.330
15:22:39;22.708;19.099;71.326
15:22:40;22.707;19.098;71.325
15:22:42;22.707;19.097;71.318
15:22:44;22.708;19.098;71.318
15:22:46;22.706;19.096;71.320
15:22:48;22.707;19.093;71.290
15:22:50;22.707;19.099;71.333
15:22:52;22.706;19.094;71.305
15:22:54;22.707;19.096;71.310
15:22:55;22.708;19.095;71.298
15:22:57;22.708;19.097;71.311
15:22:59;22.707;19.097;71.320
15:23:01;22.708;19.098;71.319
15:23:03;22.707;19.096;71.310
15:23:04;22.706;19.097;71.327
15:23:06;22.706;19.097;71.325
15:23:08;22.702;19.092;71.314
15:23:10;22.706;19.099;71.344
15:23:12;22.703;19.096;71.340
15:23:14;22.705;19.097;71.332
15:23:16;22.704;19.097;71.338
15:23:18;22.705;19.098;71.337
15:23:20;22.702;19.099;71.365
15:23:22;22.705;19.094;71.311
15:23:24;22.704;19.096;71.333
15:23:25;22.706;19.098;71.332
15:23:28;22.705;19.093;71.302
15:23:30;22.708;19.098;71.323
15:23:31;22.705;19.094;71.309
15:23:33;22.707;19.096;71.311
15:23:35;22.708;19.096;71.303
15:23:37;22.704;19.097;71.338
15:23:39;22.703;19.095;71.334
15:23:40;22.702;19.097;71.351
15:23:42;22.704;19.097;71.340
15:23:44;22.704;19.096;71.329
15:23:46;22.705;19.096;71.326
15:23:48;22.703;19.098;71.354
15:23:49;22.702;19.097;71.352
15:23:51;22.704;19.099;71.352
15:23:53;22.705;19.095;71.317
15:23:55;22.701;19.098;71.365
15:23:57;22.703;19.095;71.330
15:23:59;22.708;19.097;71.311
15:24:01;22.703;19.096;71.337
15:24:03;22.701;19.092;71.323
15:24:05;22.704;19.092;71.304
15:24:06;22.701;19.097;71.357
15:24:09;22.705;19.094;71.312
15:24:10;22.704;19.092;71.309
15:24:12;22.705;19.096;71.327
15:24:14;22.703;19.089;71.292
15:24:16;22.707;19.091;71.277
15:24:18;22.706;19.095;71.308
15:24:19;22.707;19.094;71.298
15:24:21;22.705;19.094;71.309
15:24:23;22.704;19.097;71.336
15:24:25;22.706;19.098;71.330
15:24:27;22.708;19.097;71.311
15:24:29;22.706;19.095;71.310
15:24:31;22.705;19.094;71.309
15:24:32;22.707;19.096;71.313
15:24:34;22.708;19.099;71.326
15:24:36;22.708;19.097;71.314
15:24:38;22.707;19.099;71.333
15:24:40;22.708;19.098;71.319
15:24:41;22.707;19.096;71.313
15:24:43;22.706;19.094;71.306
15:24:45;22.708;19.096;71.306
15:24:47;22.708;19.096;71.304
15:24:49;22.708;19.096;71.306
15:24:51;22.708;19.099;71.326
15:24:53;22.708;19.097;71.314
15:24:54;22.708;19.098;71.318
15:24:56;22.708;19.096;71.306
15:24:58;22.708;19.096;71.304
15:25:00;22.708;19.094;71.291
15:25:02;22.708;19.099;71.326
15:25:03;22.708;19.096;71.304
15:25:05;22.708;19.099;71.326
15:25:07;22.708;19.099;71.326
15:25:09;22.707;19.097;71.318
15:25:11;22.708;19.099;71.326
15:25:13;22.706;19.097;71.323
15:25:15;22.708;19.099;71.326
15:25:16;22.708;19.099;71.326
15:25:18;22.708;19.097;71.314
15:25:20;22.708;19.099;71.326
15:25:22;22.708;19.099;71.326
15:25:24;22.708;19.098;71.319
15:25:26;22.708;19.099;71.326
15:25:28;22.708;19.098;71.319
15:25:29;22.707;19.099;71.333
15:25:31;22.708;19.099;71.326
15:25:33;22.708;19.099;71.326
15:25:35;22.708;19.099;71.326
15:25:37;22.708;19.098;71.319
15:25:38;22.708;19.099;71.326
15:25:41;22.708;19.099;71.326
15:25:43;22.708;19.099;71.326
15:25:44;22.708;19.099;71.326
15:25:46;22.708;19.099;71.326
15:25:48;22.708;19.097;71.313
15:25:50;22.708;19.099;71.326
15:25:52;22.708;19.098;71.319
15:25:53;22.708;19.099;71.326
15:25:55;22.708;19.098;71.319
15:25:57;22.708;19.098;71.319
15:25:59;22.708;19.099;71.326
15:26:01;22.708;19.099;71.326
15:26:03;22.708;19.099;71.326
15:26:04;22.708;19.099;71.326
15:26:06;22.708;19.099;71.326
15:26:08;22.708;19.099;71.326
15:26:10;22.708;19.099;71.326
15:26:12;22.708;19.099;71.326
15:26:13;22.708;19.099;71.326
15:26:15;22.708;19.099;71.326
15:26:18;22.708;19.099;71.326
15:26:19;22.708;19.099;71.326
15:26:21;22.708;19.099;71.326
15:26:23;22.708;19.099;71.326
15:26:25;22.708;19.099;71.326
15:26:27;22.708;19.099;71.326
15:26:28;22.708;19.099;71.326
15:26:30;22.708;19.099;71.326
15:26:32;22.708;19.099;71.326
15:26:34;22.708;19.099;71.326
15:26:36;22.708;19.097;71.314
15:26:37;22.708;19.099;71.326
15:26:39;22.708;19.099;71.326
15:26:41;22.708;19.099;71.326
15:26:43;22.708;19.099;71.326
15:26:45;22.708;19.099;71.326
15:26:46;22.708;19.099;71.326
15:26:48;22.708;19.099;71.326
15:26:50;22.708;19.099;71.326
15:26:52;22.708;19.099;71.326
15:26:54;22.708;19.099;71.326
15:26:55;22.708;19.099;71.326
15:26:57;22.708;19.099;71.326
15:26:59;22.708;19.099;71.326
15:27:01;22.708;19.099;71.326
15:27:03;22.708;19.099;71.326
15:27:04;22.708;19.099;71.326
15:27:06;22.708;19.099;71.326
15:27:08;22.708;19.099;71.326
15:27:10;22.708;19.099;71.326
15:27:12;22.708;19.099;71.326
15:27:14;22.708;19.098;71.319
15:27:16;22.708;19.099;71.326
15:27:17;22.708;19.099;71.326
15:27:19;22.708;19.097;71.314
15:27:21;22.708;19.099;71.326
15:27:23;22.708;19.098;71.319
15:27:26;22.708;19.099;71.326
15:27:27;22.708;19.099;71.326
15:27:29;22.708;19.098;71.319
15:27:31;22.708;19.098;71.319
15:27:33;22.708;19.099;71.326
15:27:35;22.708;19.099;71.326
15:27:36;22.708;19.099;71.326
15:27:38;22.708;19.099;71.326
15:27:40;22.708;19.099;71.326
15:27:42;22.708;19.099;71.326
15:27:44;22.708;19.099;71.326
15:27:45;22.708;19.099;71.326
15:27:47;22.708;19.099;71.326
15:27:49;22.708;19.099;71.326
15:27:51;22.709;19.099;71.319
15:27:52;22.708;19.099;71.326
15:27:54;22.708;19.099;71.326
15:27:56;22.708;19.099;71.326
15:27:58;22.708;19.099;71.326
15:28:00;22.708;19.099;71.326
15:28:01;22.708;19.099;71.326
15:28:03;22.708;19.099;71.326
15:28:05;22.708;19.099;71.326
15:28:07;22.708;19.099;71.326
15:28:09;22.708;19.099;71.326
15:28:10;22.708;19.099;71.326
15:28:12;22.708;19.099;71.326
15:28:14;22.708;19.098;71.319
15:28:16;22.708;19.099;71.326
15:28:18;22.708;19.099;71.326
15:28:19;22.708;19.099;71.326
15:28:21;22.708;19.099;71.326
15:28:23;22.708;19.099;71.326
15:28:25;22.708;19.099;71.326
15:28:27;22.708;19.099;71.326
15:28:28;22.709;19.099;71.319
15:28:30;22.708;19.099;71.326
15:28:32;22.708;19.099;71.326
15:28:34;22.708;19.099;71.326
15:28:36;22.708;19.099;71.326
15:28:37;22.708;19.099;71.326
15:28:40;22.708;19.099;71.326
15:28:42;22.708;19.099;71.326
15:28:43;22.708;19.099;71.326
15:28:45;22.708;19.099;71.326
15:28:47;22.708;19.099;71.326
15:28:49;22.708;19.099;71.326
15:28:51;22.708;19.099;71.326
15:28:52;22.708;19.099;71.326
15:28:54;22.708;19.099;71.326
15:28:56;22.708;19.099;71.326
15:28:58;22.708;19.099;71.326
15:29:00;22.708;19.099;71.326
15:29:01;22.708;19.099;71.326
15:29:03;22.709;19.099;71.322
15:29:05;22.708;19.099;71.326
15:29:07;22.708;19.099;71.326
15:29:09;22.708;19.099;71.326
15:29:10;22.709;19.099;71.319
15:29:12;22.708;19.099;71.326
15:29:14;22.708;19.099;71.326
15:29:16;22.708;19.099;71.326
15:29:18;22.708;19.099;71.326
15:29:19;22.708;19.099;71.326
15:29:21;22.708;19.099;71.326
15:29:23;22.708;19.099;71.326
15:29:25;22.708;19.099;71.326
15:29:27;22.708;19.099;71.326
15:29:28;22.708;19.099;71.326
15:29:30;22.708;19.099;71.326
15:29:32;22.708;19.099;71.326
15:29:34;22.708;19.099;71.326
15:29:36;22.708;19.099;71.326
15:29:38;22.708;19.099;71.326
15:29:40;22.708;19.099;71.326
15:29:41;22.708;19.099;71.326
15:29:43;22.708;19.099;71.326
15:29:45;22.708;19.099;71.326
15:29:47;22.709;19.099;71.322
15:29:49;22.708;19.099;71.326
15:29:50;22.708;19.099;71.326
15:29:53;22.708;19.099;71.326
15:29:55;22.708;19.099;71.326
15:29:56;22.708;19.099;71.326
15:29:58;22.708;19.099;71.326
15:30:00;22.708;19.099;71.326
15:30:02;22.708;19.099;71.326
15:30:04;22.708;19.099;71.326
15:30:06;22.708;19.099;71.326
15:30:08;22.708;19.099;71.326
15:30:09;22.708;19.099;71.326
15:30:11;22.708;19.099;71.326
15:30:13;22.709;19.099;71.320
15:30:15;22.708;19.099;71.326
15:30:17;22.708;19.099;71.326
15:30:19;22.708;19.099;71.326
15:30:21;22.708;19.099;71.326
15:30:22;22.708;19.099;71.326
15:30:24;22.708;19.099;71.326
15:30:26;22.708;19.099;71.326
15:30:28;22.708;19.099;71.326
15:30:29;22.708;19.099;71.326
15:30:31;22.708;19.099;71.326
15:30:33;22.708;19.099;71.326
15:30:35;22.708;19.099;71.326
15:30:37;22.708;19.099;71.326
15:30:38;22.708;19.099;71.326
15:30:40;22.708;19.099;71.326
15:30:43;22.708;19.099;71.326
15:30:44;22.708;19.099;71.326
15:30:46;22.708;19.099;71.326
15:30:48;22.708;19.099;71.326
15:30:50;22.708;19.099;71.326
15:30:52;22.708;19.099;71.326
15:30:54;22.708;19.099;71.326
15:30:56;22.708;19.099;71.326
15:30:58;22.708;19.099;71.326
15:31:00;22.708;19.099;71.326
15:31:02;22.708;19.099;71.326
15:31:04;22.709;19.099;71.319
15:31:06;22.708;19.099;71.326
15:31:07;22.708;19.099;71.326
15:31:09;22.708;19.099;71.326
15:31:11;22.709;19.099;71.320
15:31:13;22.708;19.099;71.326
15:31:15;22.708;19.099;71.326
15:31:16;22.708;19.099;71.326
15:31:18;22.708;19.099;71.326
15:31:20;22.708;19.099;71.326
15:31:22;22.709;19.099;71.319
15:31:24;22.708;19.099;71.326
15:31:26;22.708;19.099;71.326
15:31:28;22.708;19.098;71.318
15:31:29;22.708;19.099;71.326
15:31:31;22.708;19.099;71.326
15:31:33;22.708;19.099;71.326
15:31:35;22.708;19.099;71.326
15:31:37;22.708;19.099;71.326
15:31:39;22.708;19.099;71.326
15:31:41;22.708;19.099;71.326
15:31:42;22.708;19.099;71.326
15:31:44;22.708;19.099;71.326
15:31:46;22.708;19.099;71.326
15:31:48;22.708;19.099;71.326
15:31:50;22.708;19.099;71.326
15:31:51;22.709;19.099;71.319
15:31:53;22.709;19.099;71.320
15:31:55;22.708;19.099;71.326
15:31:57;22.708;19.099;71.326
15:31:59;22.708;19.099;71.326
15:32:00;22.709;19.099;71.319
15:32:02;22.708;19.099;71.326
15:32:04;22.708;19.099;71.326
15:32:06;22.708;19.099;71.326
15:32:08;22.708;19.099;71.326
15:32:09;22.709;19.099;71.319
15:32:11;22.709;19.099;71.319
15:32:13;22.708;19.099;71.326
15:32:15;22.708;19.099;71.326
15:32:17;22.709;19.099;71.322
15:32:18;22.708;19.099;71.326
15:32:20;22.709;19.099;71.319
15:32:22;22.708;19.099;71.326
15:32:24;22.708;19.099;71.326
15:32:26;22.709;19.099;71.319
15:32:27;22.708;19.099;71.326
15:32:29;22.708;19.099;71.326
15:32:31;22.708;19.099;71.326
15:32:33;22.710;19.099;71.313
15:32:35;22.709;19.099;71.319
15:32:37;22.709;19.099;71.322
15:32:39;22.708;19.099;71.326
15:32:40;22.708;19.099;71.326
15:32:42;22.708;19.099;71.326
15:32:44;22.708;19.099;71.326
15:32:46;22.708;19.099;71.326
15:32:48;22.708;19.099;71.326
15:32:50;22.708;19.099;71.326
15:32:52;22.708;19.099;71.326
15:32:54;22.708;19.099;71.326
15:32:55;22.708;19.099;71.326
15:32:57;22.708;19.099;71.326
15:32:59;22.708;19.099;71.326
15:33:01;22.708;19.099;71.326
15:33:03;22.708;19.099;71.326
15:33:04;22.708;19.099;71.326
15:33:06;22.708;19.099;71.326
15:33:08;22.708;19.099;71.326
15:33:10;22.709;19.099;71.319
15:33:12;22.708;19.099;71.326
15:33:14;22.708;19.099;71.326
15:33:16;22.708;19.099;71.326
15:33:18;22.708;19.099;71.326
15:33:19;22.708;19.099;71.326
15:33:21;22.708;19.099;71.326
15:33:23;22.708;19.099;71.326
15:33:25;22.708;19.099;71.326
15:33:27;22.708;19.099;71.326
15:33:28;22.708;19.099;71.326
15:33:30;22.708;19.099;71.326
15:33:32;22.708;19.099;71.326
15:33:34;22.708;19.099;71.326
15:33:36;22.708;19.099;71.326
15:33:37;22.708;19.099;71.326
15:33:39;22.708;19.099;71.326
15:33:41;22.708;19.099;71.326
15:33:43;22.708;19.099;71.326
15:33:45;22.708;19.099;71.326
15:33:47;22.708;19.099;71.326
15:33:48;22.708;19.099;71.326
15:33:50;22.708;19.099;71.326
15:33:52;22.709;19.099;71.319
15:33:54;22.708;19.099;71.326
15:33:56;22.708;19.099;71.326
15:33:57;22.708;19.099;71.326
15:33:59;22.708;19.099;71.326
15:34:01;22.708;19.099;71.326
15:34:03;22.708;19.099;71.326
15:34:05;22.708;19.099;71.326
15:34:06;22.708;19.099;71.326
15:34:08;22.708;19.099;71.326
15:34:10;22.708;19.099;71.326
15:34:12;22.708;19.099;71.326
15:34:14;22.708;19.099;71.326
15:34:15;22.708;19.099;71.326
15:34:17;22.708;19.099;71.326
15:34:19;22.708;19.099;71.326
15:34:21;22.708;19.099;71.326
15:34:23;22.708;19.099;71.326
15:34:25;22.708;19.099;71.326
15:34:27;22.708;19.098;71.319
15:34:28;22.708;19.099;71.326
15:34:30;22.708;19.099;71.326
15:34:32;22.708;19.099;71.326
15:34:34;22.708;19.099;71.326
15:34:36;22.708;19.099;71.326
15:34:38;22.708;19.099;71.326
15:34:40;22.708;19.099;71.326
15:34:41;22.708;19.099;71.326
15:34:43;22.708;19.099;71.326
15:34:45;22.708;19.099;71.326
15:34:47;22.708;19.099;71.326
15:34:49;22.708;19.099;71.326
15:34:51;22.708;19.099;71.326
15:34:53;22.708;19.099;71.326
15:34:54;22.708;19.099;71.326
15:34:56;22.708;19.099;71.326
15:34:58;22.708;19.099;71.326
15:35:00;22.708;19.099;71.326
15:35:02;22.708;19.099;71.326
15:35:03;22.708;19.099;71.326
15:35:05;22.708;19.099;71.326
15:35:07;22.708;19.099;71.326
15:35:09;22.708;19.099;71.326
15:35:11;22.708;19.099;71.326
15:35:12;22.708;19.099;71.326
15:35:14;22.708;19.099;71.326
15:35:16;22.708;19.099;71.326
15:35:18;22.708;19.099;71.326
15:35:20;22.708;19.099;71.326
15:35:21;22.708;19.099;71.326
15:35:23;22.708;19.099;71.326
15:35:25;22.708;19.099;71.326
15:35:27;22.708;19.098;71.318
15:35:29;22.708;19.099;71.326
15:35:30;22.708;19.097;71.313
15:35:32;22.708;19.099;71.326
15:35:34;22.708;19.099;71.326
15:35:36;22.708;19.099;71.326
15:35:38;22.708;19.099;71.326
15:35:39;22.708;19.099;71.326
15:35:41;22.708;19.098;71.319
15:35:43;22.708;19.099;71.326
15:35:45;22.708;19.097;71.314
15:35:47;22.708;19.097;71.314
15:35:48;22.708;19.099;71.326
15:35:51;22.708;19.099;71.326
15:35:53;22.708;19.099;71.326
15:35:54;22.708;19.099;71.326
15:35:56;22.708;19.099;71.326
15:35:58;22.708;19.099;71.326
15:36:00;22.708;19.098;71.319
15:36:02;22.708;19.099;71.326
15:36:03;22.708;19.098;71.319
15:36:05;22.708;19.099;71.326
15:36:07;22.708;19.099;71.326
15:36:09;22.708;19.099;71.326
15:36:11;22.708;19.099;71.326
15:36:12;22.708;19.099;71.326
15:36:14;22.708;19.099;71.326
15:36:16;22.708;19.099;71.326
15:36:18;22.708;19.098;71.318
15:36:20;22.708;19.098;71.318
15:36:21;22.708;19.099;71.326
15:36:23;22.708;19.099;71.326
15:36:25;22.708;19.099;71.326
15:36:27;22.708;19.096;71.306
15:36:29;22.708;19.099;71.326
15:36:31;22.708;19.097;71.313
15:36:32;22.708;19.099;71.326
15:36:34;22.708;19.099;71.326
15:36:36;22.708;19.097;71.311
15:36:38;22.708;19.099;71.326
15:36:40;22.708;19.098;71.318
15:36:41;22.708;19.096;71.306
15:36:43;22.706;19.099;71.338
15:36:45;22.708;19.099;71.326
15:36:47;22.708;19.097;71.314
15:36:49;22.708;19.099;71.326
15:36:50;22.708;19.097;71.312
15:36:52;22.708;19.099;71.326
15:36:54;22.708;19.098;71.319
15:36:56;22.708;19.098;71.319
15:36:58;22.708;19.099;71.326
15:37:00;22.708;19.099;71.326
15:37:02;22.707;19.099;71.333
15:37:04;22.708;19.099;71.326
15:37:06;22.708;19.099;71.326
15:37:07;22.708;19.098;71.318
15:37:09;22.708;19.099;71.326
15:37:11;22.708;19.098;71.318
15:37:13;22.708;19.099;71.326
15:37:15;22.708;19.098;71.319
15:37:16;22.708;19.098;71.319
15:37:18;22.708;19.099;71.326
15:37:20;22.708;19.098;71.319
15:37:22;22.708;19.099;71.326
15:37:24;22.708;19.099;71.326
15:37:26;22.708;19.099;71.326
15:37:28;22.708;19.099;71.326
15:37:29;22.708;19.099;71.326
15:37:31;22.708;19.099;71.326
15:37:33;22.708;19.098;71.319
15:37:35;22.708;19.099;71.326
15:37:37;22.708;19.099;71.326
15:37:39;22.708;19.098;71.322
15:37:41;22.708;19.099;71.326
15:37:42;22.708;19.099;71.326
15:37:44;22.708;19.099;71.326
15:37:46;22.708;19.099;71.326
15:37:48;22.708;19.098;71.319
15:37:50;22.708;19.098;71.319
15:37:51;22.708;19.099;71.326
15:37:53;22.708;19.099;71.326
15:37:55;22.708;19.099;71.326
15:37:57;22.708;19.099;71.326
15:37:59;22.708;19.097;71.311
15:38:01;22.708;19.099;71.326
15:38:03;22.708;19.099;71.326
15:38:05;22.708;19.099;71.326
15:38:07;22.706;19.098;71.330
15:38:09;22.708;19.097;71.311
15:38:10;22.708;19.099;71.326
15:38:12;22.708;19.099;71.326
15:38:14;22.708;19.097;71.311
15:38:16;22.708;19.097;71.311
15:38:18;22.708;19.099;71.326
15:38:20;22.708;19.097;71.312
15:38:22;22.708;19.099;71.326
15:38:23;22.708;19.097;71.311
15:38:26;22.708;19.095;71.299
15:38:28;22.708;19.097;71.311
15:38:29;22.708;19.096;71.304
15:38:31;22.708;19.094;71.291
15:38:33;22.708;19.097;71.314
15:38:35;22.708;19.099;71.326
15:38:37;22.708;19.095;71.297
15:38:38;22.708;19.096;71.306
15:38:40;22.708;19.098;71.318
15:38:42;22.708;19.098;71.318
15:38:44;22.708;19.097;71.311
15:38:46;22.708;19.095;71.298
15:38:47;22.708;19.096;71.304
15:38:49;22.708;19.099;71.326
15:38:51;22.708;19.098;71.319
15:38:53;22.708;19.096;71.304
15:38:55;22.708;19.096;71.304
15:38:57;22.708;19.099;71.326
15:38:58;22.708;19.096;71.309
15:39:01;22.708;19.099;71.326
15:39:03;22.708;19.099;71.326
15:39:05;22.708;19.096;71.307
15:39:06;22.708;19.099;71.326
15:39:09;22.708;19.098;71.319
15:39:11;22.708;19.095;71.299
15:39:12;22.708;19.095;71.299
15:39:14;22.707;19.092;71.284
15:39:16;22.708;19.096;71.304
15:39:18;22.708;19.096;71.306
15:39:20;22.708;19.096;71.306
15:39:21;22.708;19.099;71.326
15:39:23;22.708;19.099;71.326
15:39:25;22.708;19.099;71.326
15:39:27;22.708;19.099;71.326
15:39:28;22.708;19.097;71.313
15:39:30;22.708;19.099;71.326
15:39:32;22.708;19.099;71.326
15:39:34;22.708;19.099;71.326
15:39:36;22.708;19.098;71.318
15:39:37;22.708;19.098;71.318
15:39:39;22.708;19.095;71.298
15:39:41;22.708;19.099;71.326
15:39:43;22.708;19.099;71.326
15:39:45;22.708;19.099;71.326
15:39:46;22.708;19.096;71.306
15:39:48;22.708;19.095;71.296
15:39:50;22.708;19.096;71.304
15:39:52;22.708;19.094;71.292
15:39:54;22.708;19.097;71.312
15:39:55;22.708;19.097;71.311
15:39:57;22.708;19.093;71.285
15:39:59;22.708;19.097;71.311
15:40:01;22.708;19.094;71.291
15:40:03;22.708;19.098;71.319
15:40:04;22.708;19.097;71.311
15:40:06;22.708;19.099;71.326
15:40:08;22.708;19.095;71.302
15:40:10;22.708;19.096;71.306
15:40:12;22.708;19.097;71.311
15:40:13;22.708;19.097;71.311
15:40:15;22.708;19.097;71.311
15:40:17;22.708;19.098;71.318
15:40:19;22.708;19.095;71.299
15:40:21;22.708;19.097;71.311
15:40:22;22.708;19.098;71.319
15:40:24;22.708;19.096;71.306
15:40:26;22.708;19.099;71.326
15:40:28;22.708;19.099;71.326
15:40:30;22.708;19.099;71.326
15:40:31;22.708;19.098;71.319
15:40:33;22.708;19.099;71.326
15:40:35;22.708;19.099;71.326
15:40:37;22.708;19.098;71.318
15:40:39;22.708;19.098;71.318
15:40:40;22.708;19.098;71.319
15:40:42;22.708;19.097;71.314
15:40:44;22.708;19.099;71.326
15:40:46;22.708;19.099;71.326
15:40:48;22.708;19.098;71.319
15:40:49;22.708;19.099;71.326
15:40:51;22.708;19.099;71.326
15:40:53;22.708;19.099;71.326
15:40:55;22.708;19.099;71.326
15:40:57;22.708;19.099;71.326
15:40:58;22.708;19.098;71.319
15:41:00;22.708;19.097;71.313
15:41:02;22.708;19.099;71.326
15:41:04;22.708;19.098;71.318
15:41:06;22.708;19.099;71.326
15:41:07;22.708;19.099;71.326
15:41:10;22.708;19.099;71.326
15:41:11;22.708;19.099;71.326
15:41:13;22.708;19.098;71.318
15:41:15;22.708;19.099;71.326
15:41:17;22.708;19.099;71.326
15:41:19;22.708;19.099;71.326
15:41:21;22.708;19.099;71.326
15:41:23;22.708;19.099;71.326
15:41:25;22.708;19.099;71.326
15:41:27;22.708;19.099;71.326
15:41:28;22.708;19.099;71.326
15:41:30;22.708;19.098;71.318
15:41:32;22.708;19.099;71.326
15:41:34;22.708;19.099;71.326
15:41:36;22.708;19.099;71.326
15:41:37;22.708;19.099;71.326
15:41:39;22.708;19.099;71.326
15:41:41;22.708;19.099;71.326
15:41:43;22.708;19.099;71.326
15:41:45;22.708;19.098;71.318
15:41:46;22.708;19.097;71.312
15:41:48;22.708;19.099;71.326
15:41:50;22.708;19.099;71.326
15:41:52;22.708;19.099;71.326
15:41:54;22.708;19.098;71.318
15:41:55;22.708;19.099;71.326
15:41:57;22.708;19.099;71.326
15:41:59;22.708;19.099;71.326
15:42:01;22.708;19.099;71.326
15:42:03;22.708;19.099;71.326
15:42:04;22.708;19.099;71.326
15:42:06;22.708;19.098;71.318
15:42:08;22.708;19.099;71.326
15:42:10;22.708;19.099;71.326
15:42:12;22.708;19.099;71.326
15:42:14;22.708;19.099;71.326
15:42:15;22.708;19.099;71.326
15:42:17;22.708;19.099;71.326
15:42:19;22.708;19.099;71.326
15:42:21;22.708;19.099;71.326
15:42:23;22.708;19.099;71.326
15:42:24;22.708;19.099;71.326
15:42:27;22.708;19.099;71.326
15:42:29;22.708;19.099;71.326
15:42:31;22.708;19.099;71.326
15:42:33;22.708;19.099;71.326
15:42:35;22.708;19.098;71.318
15:42:36;22.708;19.099;71.326
15:42:38;22.708;19.099;71.326
15:42:40;22.708;19.099;71.326
15:42:42;22.708;19.099;71.326
15:42:44;22.708;19.099;71.326
15:42:46;22.708;19.099;71.326
15:42:48;22.708;19.099;71.326
15:42:50;22.708;19.099;71.326
15:42:52;22.708;19.099;71.326
15:42:54;22.708;19.099;71.326
15:42:55;22.708;19.099;71.326
15:42:57;22.708;19.099;71.326
15:42:59;22.708;19.099;71.326
15:43:01;22.708;19.099;71.326
15:43:03;22.708;19.099;71.326
15:43:05;22.708;19.099;71.326
15:43:07;22.708;19.099;71.326
15:43:08;22.708;19.099;71.326
15:43:10;22.708;19.099;71.326
15:43:12;22.708;19.099;71.326
15:43:14;22.708;19.099;71.326
15:43:16;22.708;19.099;71.326
15:43:17;22.708;19.099;71.326
15:43:19;22.708;19.099;71.326
15:43:21;22.708;19.099;71.326
15:43:23;22.708;19.099;71.326
15:43:25;22.708;19.099;71.326
15:43:26;22.708;19.099;71.326
15:43:28;22.708;19.099;71.326
15:43:30;22.708;19.099;71.326
15:43:32;22.708;19.099;71.326
15:43:34;22.709;19.099;71.319
15:43:35;22.708;19.099;71.326
15:43:37;22.708;19.099;71.326
15:43:39;22.708;19.099;71.326
15:43:41;22.708;19.099;71.326
15:43:43;22.708;19.099;71.326
15:43:44;22.708;19.099;71.326
15:43:46;22.708;19.099;71.326
15:43:48;22.708;19.099;71.326
15:43:50;22.708;19.099;71.326
15:43:52;22.708;19.099;71.326
15:43:54;22.708;19.099;71.326
15:43:56;22.708;19.099;71.326
15:43:58;22.708;19.099;71.326
15:44:00;22.708;19.099;71.326
15:44:01;22.708;19.099;71.326
15:44:03;22.708;19.099;71.326
15:44:06;22.708;19.099;71.326
15:44:07;22.708;19.099;71.326
15:44:09;22.708;19.099;71.326
15:44:11;22.708;19.099;71.326
15:44:13;22.708;19.099;71.326
15:44:15;22.708;19.099;71.326
15:44:16;22.708;19.099;71.326
15:44:18;22.708;19.099;71.326
15:44:20;22.708;19.099;71.326
15:44:22;22.708;19.099;71.326
15:44:24;22.708;19.099;71.326
15:44:25;22.708;19.099;71.326
15:44:27;22.708;19.099;71.326
15:44:29;22.708;19.099;71.326
15:44:31;22.708;19.099;71.326
15:44:33;22.708;19.099;71.326
15:44:34;22.708;19.099;71.326
15:44:36;22.708;19.099;71.326
15:44:38;22.708;19.099;71.326
15:44:40;22.708;19.099;71.326
15:44:42;22.708;19.099;71.326
15:44:43;22.708;19.099;71.326
15:44:45;22.708;19.099;71.326
15:44:47;22.708;19.099;71.326
15:44:49;22.708;19.099;71.326
15:44:50;22.708;19.099;71.326
15:44:52;22.708;19.099;71.326
15:44:54;22.708;19.099;71.326
15:44:56;22.708;19.099;71.326
15:44:58;22.708;19.099;71.326
15:44:59;22.708;19.099;71.326
15:45:01;22.708;19.099;71.326
15:45:03;22.708;19.099;71.326
15:45:05;22.708;19.099;71.326
15:45:07;22.708;19.099;71.326
15:45:08;22.708;19.099;71.326
15:45:10;22.708;19.099;71.326
15:45:12;22.708;19.099;71.326
15:45:14;22.708;19.099;71.326
15:45:16;22.708;19.099;71.326
15:45:17;22.708;19.099;71.326
15:45:19;22.708;19.099;71.326
15:45:21;22.708;19.099;71.326
15:45:23;22.709;19.099;71.319
15:45:25;22.708;19.099;71.326
15:45:27;22.708;19.099;71.326
15:45:29;22.708;19.099;71.326
15:45:31;22.708;19.099;71.326
15:45:32;22.708;19.099;71.326
15:45:34;22.708;19.099;71.326
15:45:36;22.708;19.099;71.326
15:45:38;22.708;19.099;71.326
15:45:40;22.708;19.099;71.326
15:45:41;22.708;19.099;71.326
15:45:43;22.708;19.099;71.326
15:45:45;22.708;19.100;71.334
15:45:47;22.708;19.099;71.326
15:45:49;22.708;19.099;71.326
15:45:50;22.708;19.099;71.331
15:45:52;22.708;19.099;71.326
15:45:54;22.708;19.101;71.340
15:45:56;22.708;19.099;71.326
15:45:58;22.708;19.100;71.333
15:46:00;22.708;19.100;71.334
15:46:02;22.709;19.099;71.319
15:46:04;22.708;19.099;71.326
15:46:06;22.709;19.101;71.340
15:46:08;22.708;19.099;71.326
15:46:10;22.709;19.100;71.332
15:46:12;22.709;19.100;71.327
15:46:14;22.708;19.100;71.333
15:46:16;22.708;19.100;71.333
15:46:17;22.708;19.102;71.348
15:46:19;22.709;19.099;71.319
15:46:21;22.708;19.102;71.353
15:46:23;22.708;19.099;71.326
15:46:25;22.708;19.100;71.334
15:46:26;22.709;19.102;71.342
15:46:28;22.708;19.103;71.359
15:46:30;22.708;19.101;71.347
15:46:32;22.709;19.100;71.331
15:46:34;22.709;19.101;71.335
15:46:35;22.709;19.103;71.349
15:46:37;22.709;19.102;71.345
15:46:39;22.708;19.103;71.361
15:46:41;22.709;19.104;71.359
15:46:43;22.708;19.101;71.341
15:46:45;22.709;19.100;71.327
15:46:47;22.708;19.102;71.354
15:46:49;22.709;19.104;71.357
15:46:50;22.709;19.103;71.349
15:46:52;22.708;19.103;71.362
15:46:54;22.708;19.102;71.352
15:46:56;22.709;19.102;71.340
15:46:58;22.710;19.101;71.328
15:46:59;22.709;19.103;71.350
15:47:01;22.708;19.107;71.384
15:47:03;22.708;19.104;71.367
15:47:05;22.711;19.107;71.371
15:47:07;22.709;19.108;71.391
15:47:08;22.711;19.106;71.362
15:47:10;22.709;19.109;71.392
15:47:12;22.709;19.106;71.370
15:47:14;22.710;19.107;71.378
15:47:16;22.708;19.108;71.397
15:47:18;22.710;19.110;71.394
15:47:19;22.709;19.105;71.368
15:47:21;22.709;19.108;71.387
15:47:23;22.708;19.103;71.362
15:47:25;22.708;19.104;71.363
15:47:27;22.708;19.103;71.360
15:47:28;22.710;19.107;71.378
15:47:30;22.709;19.107;71.384
15:47:32;22.709;19.104;71.359
15:47:34;22.709;19.105;71.367
15:47:36;22.708;19.102;71.352
15:47:37;22.708;19.103;71.362
15:47:39;22.708;19.099;71.326
15:47:41;22.708;19.100;71.333
15:47:43;22.709;19.102;71.342
15:47:45;22.709;19.101;71.334
15:47:46;22.708;19.105;71.371
15:47:48;22.708;19.102;71.353
15:47:50;22.708;19.102;71.349
15:47:52;22.709;19.103;71.350
15:47:54;22.709;19.101;71.336
15:47:56;22.709;19.107;71.382
15:47:58;22.709;19.106;71.374
15:47:59;22.711;19.103;71.339
15:48:01;22.710;19.102;71.339
15:48:03;22.709;19.104;71.362
15:48:05;22.710;19.104;71.352
15:48:07;22.710;19.107;71.372
15:48:08;22.709;19.105;71.367
15:48:10;22.710;19.111;71.406
15:48:12;22.710;19.107;71.372
15:48:14;22.710;19.106;71.364
15:48:16;22.710;19.106;71.369
15:48:17;22.710;19.107;71.377
15:48:19;22.711;19.110;71.391
15:48:21;22.710;19.113;71.418
15:48:23;22.708;19.108;71.396
15:48:25;22.708;19.115;71.446
15:48:27;22.710;19.111;71.406
15:48:29;22.708;19.113;71.432
15:48:30;22.710;19.112;71.411
15:48:32;22.710;19.112;71.411
15:48:34;22.708;19.111;71.416
15:48:36;22.712;19.109;71.377
15:48:38;22.709;19.110;71.403
15:48:39;22.711;19.110;71.391
15:48:41;22.710;19.110;71.400
15:48:43;22.713;19.108;71.366
15:48:45;22.710;19.108;71.382
15:48:47;22.710;19.106;71.369
15:48:48;22.711;19.105;71.355
15:48:50;22.709;19.106;71.375
15:48:52;22.709;19.102;71.346
15:48:54;22.709;19.104;71.363
15:48:56;22.709;19.105;71.364
15:48:58;22.709;19.103;71.349
15:49:00;22.710;19.106;71.365
15:49:02;22.708;19.103;71.360
15:49:04;22.709;19.102;71.341
15:49:05;22.709;19.104;71.357
15:49:07;22.708;19.104;71.364
15:49:09;22.709;19.101;71.334
15:49:11;22.708;19.099;71.326
15:49:13;22.708;19.099;71.331
15:49:14;22.708;19.100;71.334
15:49:16;22.708;19.101;71.341
15:49:18;22.709;19.101;71.341
15:49:20;22.709;19.099;71.322
15:49:22;22.711;19.099;71.307
15:49:24;22.709;19.099;71.320
15:49:26;22.708;19.100;71.332
15:49:28;22.708;19.101;71.340
15:49:30;22.708;19.100;71.333
15:49:31;22.708;19.099;71.326
15:49:33;22.709;19.101;71.334
15:49:35;22.708;19.100;71.333
15:49:37;22.709;19.100;71.327
15:49:39;22.710;19.101;71.332
15:49:41;22.708;19.102;71.347
15:49:43;22.708;19.099;71.326
15:49:44;22.709;19.102;71.341
15:49:46;22.708;19.099;71.326
15:49:49;22.708;19.101;71.340
15:49:50;22.709;19.099;71.319
15:49:52;22.709;19.101;71.334
15:49:54;22.709;19.106;71.373
15:49:56;22.708;19.100;71.338
15:49:58;22.709;19.102;71.342
15:50:00;22.709;19.104;71.359
15:50:02;22.708;19.100;71.332
15:50:04;22.710;19.104;71.356
15:50:06;22.709;19.103;71.356
15:50:07;22.709;19.101;71.338
15:50:09;22.709;19.100;71.328
15:50:11;22.709;19.101;71.335
15:50:13;22.711;19.101;71.323
15:50:15;22.708;19.105;71.370
15:50:17;22.708;19.102;71.348
15:50:19;22.710;19.102;71.335
15:50:20;22.708;19.101;71.341
15:50:22;22.709;19.100;71.332
15:50:24;22.709;19.100;71.327
15:50:26;22.709;19.100;71.331
15:50:27;22.708;19.102;71.353
15:50:30;22.709;19.105;71.368
15:50:31;22.708;19.100;71.338
15:50:33;22.709;19.100;71.329
15:50:35;22.708;19.102;71.347
15:50:37;22.709;19.101;71.337
15:50:39;22.709;19.101;71.339
15:50:40;22.709;19.101;71.334
15:50:42;22.708;19.099;71.326
15:50:44;22.710;19.100;71.322
15:50:46;22.708;19.100;71.333
15:50:48;22.708;19.102;71.348
15:50:50;22.709;19.099;71.324
15:50:52;22.709;19.101;71.341
15:50:53;22.710;19.099;71.312
15:50:55;22.709;19.102;71.341
15:50:57;22.709;19.104;71.362
15:50:59;22.710;19.101;71.332
15:51:01;22.709;19.101;71.334
15:51:02;22.708;19.099;71.326
15:51:05;22.709;19.106;71.376
15:51:06;22.709;19.103;71.351
15:51:08;22.708;19.104;71.367
15:51:10;22.708;19.100;71.333
15:51:12;22.708;19.099;71.330
15:51:14;22.709;19.100;71.326
15:51:15;22.709;19.099;71.319
15:51:18;22.709;19.104;71.360
15:51:20;22.710;19.100;71.321
15:51:21;22.709;19.100;71.331
15:51:23;22.709;19.100;71.326
15:51:25;22.710;19.099;71.317
15:51:27;22.708;19.100;71.333
15:51:29;22.709;19.100;71.327
15:51:30;22.708;19.100;71.332
15:51:32;22.709;19.099;71.322
15:51:34;22.713;19.102;71.318
15:51:36;22.708;19.099;71.330
15:51:38;22.711;19.101;71.319
15:51:39;22.710;19.099;71.312
15:51:41;22.709;19.101;71.334
15:51:43;22.708;19.100;71.333
15:51:45;22.709;19.099;71.319
15:51:46;22.708;19.099;71.326
15:51:48;22.709;19.102;71.341
15:51:50;22.708;19.100;71.333
15:51:52;22.709;19.101;71.338
15:51:54;22.708;19.099;71.326
15:51:55;22.708;19.100;71.332
15:51:57;22.708;19.101;71.341
15:51:59;22.708;19.100;71.338
15:52:01;22.709;19.101;71.338
15:52:03;22.710;19.101;71.327
15:52:04;22.711;19.100;71.313
15:52:06;22.709;19.101;71.334
15:52:08;22.708;19.099;71.330
15:52:10;22.709;19.101;71.335
15:52:12;22.708;19.102;71.348
15:52:14;22.712;19.106;71.354
15:52:16;22.710;19.103;71.348
15:52:18;22.709;19.102;71.341
15:52:19;22.708;19.103;71.358
15:52:21;22.710;19.102;71.334
15:52:23;22.709;19.102;71.341
15:52:25;22.711;19.103;71.339
15:52:27;22.709;19.102;71.346
15:52:29;22.711;19.103;71.342
15:52:31;22.709;19.102;71.345
15:52:32;22.709;19.104;71.362
15:52:34;22.708;19.101;71.340
15:52:36;22.711;19.102;71.331
15:52:38;22.708;19.099;71.326
15:52:40;22.709;19.100;71.326
15:52:41;22.710;19.100;71.324
15:52:43;22.708;19.102;71.348
15:52:45;22.709;19.102;71.344
15:52:47;22.709;19.102;71.343
15:52:49;22.709;19.099;71.322
15:52:50;22.708;19.104;71.363
15:52:52;22.711;19.102;71.329
15:52:54;22.709;19.101;71.335
15:52:56;22.708;19.101;71.347
15:52:58;22.708;19.100;71.333
15:52:59;22.708;19.102;71.347
15:53:01;22.708;19.100;71.338
15:53:03;22.710;19.099;71.312
15:53:05;22.709;19.099;71.319
15:53:07;22.708;19.100;71.333
15:53:08;22.709;19.099;71.319
15:53:10;22.708;19.099;71.326
15:53:12;22.708;19.100;71.333
15:53:14;22.708;19.099;71.326
15:53:16;22.710;19.101;71.331
15:53:17;22.708;19.099;71.326
15:53:19;22.708;19.099;71.326
15:53:21;22.708;19.099;71.326
15:53:23;22.708;19.099;71.326
15:53:25;22.708;19.099;71.326
15:53:26;22.708;19.100;71.332
15:53:28;22.708;19.099;71.326
15:53:30;22.708;19.099;71.326
15:53:32;22.708;19.099;71.326
15:53:34;22.708;19.099;71.326
15:53:35;22.708;19.099;71.326
15:53:37;22.708;19.099;71.326
15:53:39;22.708;19.099;71.326
15:53:41;22.708;19.100;71.333
15:53:43;22.708;19.099;71.326
15:53:44;22.708;19.099;71.326
15:53:46;22.708;19.099;71.326
15:53:48;22.708;19.099;71.326
15:53:50;22.708;19.099;71.326
15:53:52;22.708;19.099;71.326
15:53:53;22.708;19.100;71.333
15:53:55;22.708;19.100;71.332
15:53:57;22.708;19.099;71.326
15:53:59;22.708;19.099;71.326
15:54:01;22.708;19.099;71.326
15:54:03;22.708;19.099;71.326
15:54:05;22.708;19.099;71.326
15:54:06;22.708;19.099;71.326
15:54:08;22.708;19.099;71.326
15:54:10;22.709;19.099;71.320
15:54:12;22.708;19.099;71.326
15:54:14;22.708;19.099;71.326
15:54:15;22.708;19.099;71.326
15:54:17;22.708;19.099;71.326
15:54:19;22.708;19.099;71.326
15:54:21;22.708;19.099;71.326
15:54:23;22.708;19.099;71.326
15:54:24;22.708;19.099;71.326
15:54:26;22.709;19.099;71.320
15:54:28;22.708;19.099;71.326
15:54:30;22.708;19.100;71.333
15:54:32;22.708;19.100;71.333
15:54:33;22.709;19.099;71.320
15:54:35;22.708;19.099;71.326
15:54:38;22.708;19.099;71.326
15:54:40;22.708;19.099;71.326
15:54:41;22.708;19.100;71.334
15:54:43;22.708;19.099;71.326
15:54:45;22.708;19.099;71.326
15:54:47;22.708;19.099;71.326
15:54:49;22.708;19.099;71.326
15:54:50;22.708;19.099;71.326
15:54:52;22.708;19.099;71.326
15:54:54;22.708;19.099;71.326
15:54:56;22.708;19.099;71.326
15:54:58;22.709;19.100;71.327
15:55:00;22.710;19.099;71.317
15:55:02;22.708;19.099;71.326
15:55:04;22.708;19.100;71.333
15:55:05;22.708;19.102;71.347
15:55:08;22.708;19.101;71.345
15:55:09;22.708;19.101;71.341
15:55:11;22.708;19.101;71.344
15:55:13;22.708;19.100;71.338
15:55:15;22.708;19.100;71.334
15:55:17;22.708;19.105;71.371
15:55:19;22.708;19.100;71.334
15:55:20;22.708;19.101;71.347
15:55:22;22.708;19.101;71.346
15:55:24;22.708;19.103;71.356
15:55:26;22.708;19.101;71.341
15:55:28;22.708;19.100;71.334
15:55:29;22.709;19.099;71.320
15:55:32;22.708;19.104;71.367
15:55:33;22.708;19.101;71.345
15:55:35;22.708;19.100;71.333
15:55:37;22.708;19.102;71.349
15:55:39;22.708;19.101;71.341
15:55:41;22.708;19.101;71.341
15:55:42;22.708;19.102;71.349
15:55:44;22.708;19.100;71.334
15:55:46;22.708;19.102;71.348
15:55:48;22.708;19.099;71.326
15:55:50;22.708;19.100;71.338
15:55:51;22.708;19.099;71.326
15:55:53;22.708;19.101;71.341
15:55:55;22.708;19.100;71.334
15:55:57;22.709;19.101;71.340
15:55:59;22.709;19.102;71.342
15:56:00;22.708;19.101;71.346
15:56:02;22.708;19.101;71.341
15:56:04;22.708;19.101;71.340
15:56:06;22.708;19.100;71.334
15:56:08;22.708;19.102;71.349
15:56:10;22.708;19.101;71.346
15:56:12;22.708;19.100;71.334
15:56:13;22.710;19.101;71.328
15:56:15;22.709;19.101;71.335
15:56:17;22.708;19.103;71.361
15:56:19;22.708;19.104;71.363
15:56:21;22.708;19.101;71.341
15:56:23;22.708;19.101;71.341
15:56:25;22.708;19.102;71.349
15:56:26;22.708;19.100;71.334
15:56:28;22.708;19.101;71.346
15:56:30;22.708;19.102;71.349
15:56:32;22.708;19.099;71.326
15:56:34;22.708;19.099;71.326
15:56:35;22.708;19.100;71.334
15:56:37;22.709;19.100;71.328
15:56:39;22.708;19.099;71.326
15:56:41;22.708;19.099;71.326
15:56:43;22.708;19.099;71.326
15:56:44;22.708;19.100;71.334
15:56:46;22.708;19.099;71.326
15:56:48;22.708;19.102;71.349
15:56:50;22.708;19.099;71.326
15:56:52;22.708;19.100;71.333
15:56:54;22.709;19.099;71.320
15:56:56;22.709;19.100;71.327
15:56:57;22.709;19.099;71.320
15:56:59;22.708;19.099;71.331
15:57:01;22.708;19.099;71.326
15:57:03;22.708;19.099;71.331
15:57:05;22.708;19.100;71.334
15:57:06;22.708;19.099;71.331
15:57:08;22.708;19.101;71.341
15:57:10;22.708;19.099;71.327
15:57:12;22.708;19.099;71.331
15:57:14;22.708;19.101;71.340
15:57:15;22.708;19.100;71.334
15:57:17;22.708;19.102;71.348
15:57:19;22.708;19.101;71.341
15:57:21;22.708;19.102;71.354
15:57:23;22.709;19.101;71.340
15:57:24;22.708;19.099;71.327
15:57:26;22.708;19.100;71.339
15:57:28;22.708;19.101;71.347
15:57:30;22.708;19.100;71.334
15:57:32;22.708;19.101;71.346
15:57:34;22.708;19.102;71.353
15:57:36;22.708;19.102;71.349
15:57:37;22.708;19.104;71.363
15:57:39;22.708;19.102;71.355
15:57:41;22.708;19.101;71.345
15:57:43;22.708;19.107;71.391
15:57:45;22.709;19.104;71.363
15:57:47;22.708;19.101;71.345
15:57:49;22.708;19.101;71.342
15:57:50;22.708;19.104;71.363
15:57:52;22.708;19.104;71.367
15:57:54;22.708;19.104;71.368
15:57:56;22.708;19.105;71.375
15:57:58;22.708;19.105;71.376
15:58:00;22.708;19.107;71.388
15:58:02;22.708;19.107;71.386
15:58:03;22.709;19.102;71.343
15:58:05;22.708;19.106;71.382
15:58:07;22.708;19.102;71.353
15:58:09;22.710;19.106;71.368
15:58:11;22.708;19.104;71.369
15:58:12;22.709;19.105;71.363
15:58:14;22.708;19.102;71.348
15:58:16;22.708;19.106;71.382
15:58:18;22.708;19.103;71.360
15:58:20;22.708;19.103;71.361
15:58:21;22.708;19.104;71.364
15:58:23;22.708;19.107;71.385
15:58:25;22.708;19.108;71.396
15:58:27;22.708;19.110;71.407
15:58:29;22.708;19.107;71.389
15:58:31;22.708;19.107;71.390
15:58:33;22.709;19.107;71.383
15:58:35;22.708;19.107;71.390
15:58:36;22.709;19.105;71.367
15:58:38;22.709;19.106;71.376
15:58:40;22.708;19.107;71.385
15:58:42;22.708;19.107;71.387
15:58:44;22.709;19.110;71.405
15:58:45;22.709;19.108;71.390
15:58:47;22.709;19.109;71.398
15:58:49;22.708;19.105;71.374
15:58:51;22.710;19.111;71.405
15:58:53;22.711;19.110;71.393
15:58:55;22.709;19.113;71.425
15:58:57;22.709;19.113;71.426
15:58:58;22.709;19.110;71.406
15:59:00;22.709;19.112;71.420
15:59:02;22.708;19.114;71.439
15:59:04;22.710;19.115;71.434
15:59:06;22.710;19.114;71.426
15:59:07;22.710;19.115;71.433
15:59:09;22.711;19.112;71.409
15:59:11;22.712;19.115;71.420
15:59:13;22.712;19.114;71.415
15:59:15;22.710;19.113;71.419
15:59:16;22.710;19.113;71.418
15:59:18;22.711;19.113;71.414
15:59:20;22.708;19.111;71.420
15:59:22;22.709;19.113;71.425
15:59:24;22.709;19.114;71.433
15:59:25;22.709;19.114;71.433
15:59:27;22.708;19.113;71.432
15:59:29;22.709;19.114;71.433
15:59:31;22.708;19.112;71.427
15:59:33;22.710;19.114;71.426
15:59:34;22.709;19.113;71.428
15:59:36;22.708;19.114;71.439
15:59:38;22.709;19.110;71.406
15:59:40;22.709;19.108;71.392
15:59:42;22.708;19.109;71.406
15:59:43;22.709;19.112;71.420
15:59:45;22.709;19.111;71.411
15:59:47;22.712;19.110;71.383
15:59:49;22.712;19.106;71.355
15:59:51;22.710;19.109;71.394
15:59:52;22.708;19.107;71.385
15:59:54;22.709;19.106;71.376
15:59:56;22.709;19.113;71.425
15:59:58;22.708;19.107;71.385
16:00:00;22.710;19.108;71.385
16:00:02;22.708;19.109;71.404
16:00:04;22.712;19.106;71.356
16:00:05;22.709;19.105;71.372
16:00:07;22.709;19.107;71.384
16:00:09;22.708;19.107;71.391
16:00:11;22.711;19.106;71.361
16:00:13;22.711;19.106;71.365
16:00:14;22.709;19.110;71.403
16:00:16;22.709;19.109;71.396
16:00:18;22.711;19.108;71.376
16:00:20;22.711;19.108;71.372
16:00:22;22.711;19.107;71.370
16:00:23;22.708;19.109;71.405
16:00:25;22.710;19.113;71.418
16:00:27;22.709;19.109;71.395
16:00:29;22.709;19.109;71.397
16:00:31;22.710;19.108;71.386
16:00:32;22.708;19.111;71.415
16:00:34;22.708;19.109;71.405
16:00:36;22.709;19.109;71.396
16:00:38;22.709;19.110;71.405
16:00:40;22.708;19.109;71.400
16:00:41;22.709;19.110;71.406
16:00:43;22.709;19.111;71.410
16:00:45;22.710;19.111;71.409
16:00:47;22.708;19.109;71.402
16:00:49;22.709;19.110;71.404
16:00:50;22.708;19.108;71.397
16:00:52;22.708;19.108;71.398
16:00:54;22.709;19.107;71.382
16:00:56;22.708;19.106;71.382
16:00:57;22.708;19.111;71.420
16:00:59;22.708;19.109;71.400
16:01:01;22.708;19.106;71.379
16:01:03;22.708;19.107;71.389
16:01:05;22.709;19.104;71.357
16:01:06;22.711;19.102;71.329
16:01:08;22.709;19.103;71.356
16:01:10;22.708;19.103;71.356
16:01:12;22.710;19.104;71.349
16:01:14;22.709;19.104;71.362
16:01:15;22.709;19.104;71.359
16:01:18;22.708;19.105;71.372
16:01:20;22.709;19.104;71.361
16:01:21;22.709;19.106;71.375
16:01:23;22.709;19.103;71.356
16:01:25;22.708;19.105;71.375
16:01:27;22.711;19.106;71.360
16:01:29;22.708;19.105;71.371
16:01:30;22.709;19.102;71.342
16:01:32;22.708;19.100;71.339
16:01:34;22.709;19.101;71.341
16:01:36;22.708;19.099;71.327
16:01:38;22.708;19.101;71.342
16:01:39;22.709;19.100;71.332
16:01:41;22.709;19.100;71.326
16:01:43;22.710;19.103;71.344
16:01:45;22.708;19.101;71.345
16:01:47;22.708;19.103;71.357
16:01:48;22.708;19.102;71.349
16:01:50;22.708;19.101;71.341
16:01:52;22.708;19.099;71.331
16:01:54;22.710;19.101;71.332
16:01:56;22.710;19.104;71.354
16:01:57;22.708;19.108;71.399
16:01:59;22.708;19.104;71.367
16:02:01;22.708;19.105;71.376
16:02:03;22.709;19.107;71.381
16:02:05;22.709;19.107;71.383
16:02:06;22.709;19.107;71.384
16:02:08;22.711;19.110;71.393
16:02:10;22.709;19.109;71.398
16:02:12;22.708;19.111;71.420
16:02:14;22.711;19.109;71.386
16:02:15;22.708;19.109;71.405
16:02:17;22.711;19.111;71.400
16:02:19;22.711;19.112;71.405
16:02:21;22.710;19.110;71.401
16:02:23;22.709;19.109;71.397
16:02:25;22.709;19.109;71.398
16:02:27;22.709;19.110;71.403
16:02:28;22.711;19.105;71.355
16:02:30;22.709;19.106;71.375
16:02:32;22.708;19.106;71.378
16:02:34;22.709;19.106;71.376
16:02:36;22.709;19.103;71.350
16:02:38;22.710;19.104;71.355
16:02:40;22.712;19.103;71.334
16:02:42;22.712;19.103;71.333
16:02:43;22.710;19.102;71.336
16:02:46;22.710;19.102;71.339
16:02:47;22.709;19.101;71.340
16:02:49;22.709;19.100;71.329
16:02:51;22.710;19.100;71.320
16:02:53;22.711;19.100;71.320
16:02:55;22.711;19.102;71.329
16:02:56;22.709;19.100;71.328
16:02:58;22.712;19.103;71.337
16:03:00;22.709;19.104;71.362
16:03:02;22.709;19.102;71.342
16:03:04;22.711;19.101;71.327
16:03:06;22.708;19.101;71.342
16:03:08;22.711;19.100;71.313
16:03:10;22.711;19.102;71.336
16:03:12;22.710;19.102;71.340
16:03:13;22.708;19.101;71.346
16:03:15;22.709;19.101;71.340
16:03:17;22.709;19.103;71.349
16:03:19;22.712;19.107;71.364
16:03:20;22.710;19.104;71.354
16:03:22;22.712;19.109;71.373
16:03:24;22.712;19.107;71.358
16:03:27;22.709;19.108;71.391
16:03:29;22.711;19.108;71.379
16:03:30;22.713;19.107;71.359
16:03:33;22.710;19.112;71.411
16:03:34;22.714;19.109;71.360
16:03:36;22.713;19.109;71.371
16:03:38;22.709;19.109;71.399
16:03:40;22.709;19.112;71.418
16:03:42;22.709;19.105;71.368
16:03:44;22.712;19.108;71.371
16:03:46;22.710;19.111;71.405
16:03:48;22.710;19.107;71.372
16:03:50;22.713;19.110;71.378
16:03:52;22.712;19.109;71.376
16:03:53;22.713;19.112;71.392
16:03:55;22.713;19.111;71.387
16:03:57;22.712;19.113;71.406
16:03:59;22.709;19.109;71.398
16:04:01;22.708;19.113;71.435
16:04:03;22.713;19.110;71.378
16:04:05;22.710;19.113;71.419
16:04:07;22.712;19.113;71.410
16:04:09;22.708;19.112;71.427
16:04:11;22.713;19.109;71.374
16:04:13;22.712;19.109;71.382
16:04:14;22.711;19.110;71.393
16:04:16;22.710;19.112;71.411
16:04:18;22.708;19.114;71.440
16:04:21;22.708;19.114;71.440
16:04:22;22.712;19.108;71.372
16:04:24;22.712;19.113;71.409
16:04:26;22.709;19.114;71.433
16:04:28;22.712;19.113;71.407
16:04:30;22.709;19.111;71.414
16:04:31;22.711;19.109;71.388
16:04:33;22.710;19.112;71.411
16:04:35;22.713;19.112;71.391
16:04:37;22.713;19.109;71.369
16:04:39;22.713;19.111;71.386
16:04:40;22.712;19.109;71.378
16:04:42;22.712;19.112;71.403
16:04:44;22.711;19.112;71.410
16:04:46;22.711;19.115;71.430
16:04:48;22.713;19.112;71.397
16:04:49;22.714;19.112;71.388
16:04:52;22.711;19.113;71.416
16:04:54;22.716;19.113;71.384
16:04:55;22.716;19.112;71.372
16:04:57;22.714;19.114;71.400
16:04:59;22.712;19.113;71.406
16:05:01;22.713;19.115;71.414
16:05:03;22.714;19.114;71.402
16:05:04;22.713;19.115;71.414
16:05:06;22.711;19.114;71.420
16:05:08;22.714;19.115;71.410
16:05:10;22.716;19.114;71.388
16:05:12;22.716;19.114;71.389
16:05:13;22.714;19.113;71.393
16:05:15;22.715;19.115;71.401
16:05:17;22.717;19.114;71.378
16:05:19;22.712;19.115;71.421
16:05:21;22.715;19.115;71.402
16:05:22;22.715;19.115;71.403
16:05:24;22.714;19.115;71.409
16:05:26;22.714;19.115;71.408
16:05:28;22.716;19.113;71.384
16:05:30;22.718;19.115;71.383
16:05:31;22.716;19.115;71.397
16:05:33;22.714;19.113;71.398
16:05:35;22.713;19.115;71.414
16:05:37;22.711;19.115;71.428
16:05:39;22.717;19.115;71.386
16:05:40;22.713;19.115;71.414
16:05:42;22.715;19.115;71.401
16:05:44;22.716;19.115;71.394
16:05:46;22.716;19.115;71.396
16:05:48;22.720;19.115;71.365
16:05:50;22.718;19.115;71.382
16:05:52;22.718;19.115;71.380
16:05:54;22.718;19.115;71.383
16:05:56;22.719;19.115;71.375
16:05:57;22.720;19.115;71.365
16:05:59;22.723;19.115;71.345
16:06:01;22.719;19.115;71.375
16:06:03;22.719;19.115;71.372
16:06:05;22.722;19.115;71.356
16:06:08;22.721;19.115;71.363
16:06:09;22.724;19.115;71.338
16:06:11;22.722;19.115;71.351
16:06:13;22.719;19.115;71.375
16:06:15;22.721;19.115;71.362
16:06:16;22.722;19.115;71.351
16:06:18;22.723;19.115;71.345
16:06:20;22.716;19.115;71.397
16:06:22;22.714;19.115;71.409
16:06:24;22.719;19.115;71.376
16:06:25;22.721;19.115;71.362
16:06:27;22.717;19.115;71.390
16:06:29;22.719;19.115;71.372
16:06:31;22.720;19.115;71.364
16:06:33;22.719;19.115;71.376
16:06:34;22.720;19.115;71.365
16:06:36;22.721;19.115;71.362
16:06:38;22.718;19.115;71.383
16:06:40;22.717;19.115;71.387
16:06:42;22.722;19.115;71.357
16:06:43;22.720;19.115;71.369
16:06:45;22.722;19.115;71.352
16:06:47;22.724;19.114;71.330
16:06:49;22.722;19.115;71.356
16:06:51;22.721;19.115;71.362
16:06:52;22.722;19.115;71.351
16:06:54;22.723;19.115;71.345
16:06:56;22.723;19.115;71.345
16:06:58;22.724;19.115;71.343
16:07:00;22.722;19.115;71.351
16:07:02;22.722;19.115;71.351
16:07:04;22.722;19.115;71.356
16:07:06;22.724;19.115;71.338
16:07:07;22.723;19.115;71.345
16:07:09;22.722;19.115;71.356
16:07:11;22.722;19.115;71.351
16:07:13;22.719;19.115;71.377
16:07:15;22.721;19.114;71.355
16:07:16;22.721;19.115;71.363
16:07:18;22.719;19.114;71.369
16:07:20;22.721;19.114;71.351
16:07:22;22.722;19.115;71.356
16:07:24;22.723;19.114;71.337
16:07:26;22.723;19.115;71.349
16:07:28;22.723;19.115;71.345
16:07:30;22.721;19.115;71.363
16:07:31;22.721;19.115;71.358
16:07:33;22.724;19.114;71.330
16:07:35;22.722;19.115;71.351
16:07:37;22.723;19.115;71.345
16:07:39;22.724;19.115;71.338
16:07:40;22.724;19.115;71.338
16:07:42;22.722;19.115;71.351
16:07:44;22.724;19.115;71.338
16:07:46;22.723;19.115;71.345
16:07:48;22.723;19.115;71.345
16:07:49;22.721;19.115;71.363
16:07:51;22.723;19.115;71.345
16:07:53;22.724;19.115;71.338
16:07:55;22.724;19.115;71.338
16:07:57;22.724;19.115;71.338
16:07:58;22.723;19.113;71.337
16:08:00;22.722;19.115;71.351
16:08:02;22.722;19.115;71.351
16:08:04;22.722;19.115;71.351
16:08:06;22.723;19.115;71.344
16:08:08;22.723;19.115;71.349
16:08:10;22.724;19.115;71.343
16:08:11;22.724;19.115;71.337
16:08:13;22.723;19.115;71.344
16:08:15;22.724;19.115;71.337
16:08:17;22.723;19.115;71.344
16:08:19;22.724;19.115;71.338
16:08:20;22.724;19.115;71.338
16:08:22;22.723;19.115;71.349
16:08:24;22.723;19.115;71.345
16:08:26;22.724;19.115;71.338
16:08:28;22.724;19.115;71.338
16:08:29;22.723;19.115;71.344
16:08:31;22.723;19.115;71.344
16:08:33;22.724;19.115;71.338
16:08:35;22.724;19.115;71.338
16:08:37;22.724;19.115;71.337
16:08:38;22.724;19.115;71.337
16:08:40;22.724;19.115;71.337
16:08:42;22.724;19.115;71.337
16:08:44;22.724;19.115;71.337
16:08:46;22.724;19.115;71.337
16:08:47;22.724;19.115;71.337
16:08:49;22.724;19.115;71.337
16:08:51;22.724;19.115;71.337
16:08:53;22.724;19.115;71.337
16:08:55;22.724;19.115;71.337
16:08:57;22.724;19.115;71.337
16:08:59;22.724;19.115;71.338
16:09:00;22.724;19.115;71.338
16:09:02;22.724;19.115;71.338
16:09:04;22.724;19.115;71.338
16:09:06;22.724;19.115;71.338
16:09:08;22.724;19.115;71.338
16:09:09;22.723;19.115;71.344
16:09:12;22.724;19.115;71.338
16:09:14;22.724;19.115;71.338
16:09:15;22.724;19.115;71.337
16:09:17;22.724;19.115;71.337
16:09:19;22.724;19.115;71.337
16:09:21;22.724;19.115;71.337
16:09:23;22.724;19.115;71.337
16:09:25;22.724;19.115;71.338
16:09:26;22.724;19.115;71.338
16:09:28;22.724;19.115;71.338
16:09:30;22.724;19.115;71.338
16:09:32;22.724;19.115;71.338
16:09:34;22.724;19.115;71.338
16:09:35;22.724;19.115;71.338
16:09:37;22.724;19.116;71.345
16:09:39;22.724;19.115;71.337
16:09:41;22.724;19.115;71.337
16:09:43;22.724;19.115;71.337
16:09:45;22.724;19.115;71.337
16:09:47;22.724;19.115;71.337
16:09:49;22.724;19.115;71.337
16:09:51;22.724;19.115;71.337
16:09:52;22.724;19.115;71.337
16:09:54;22.724;19.115;71.337
16:09:56;22.724;19.116;71.344
16:09:58;22.724;19.116;71.345
16:10:00;22.724;19.115;71.337
16:10:01;22.724;19.115;71.337
16:10:03;22.724;19.115;71.337
16:10:05;22.724;19.116;71.344
16:10:07;22.724;19.118;71.359
16:10:09;22.724;19.115;71.337
16:10:10;22.724;19.115;71.337
16:10:12;22.724;19.115;71.337
16:10:14;22.724;19.118;71.360
16:10:17;22.724;19.115;71.342
16:10:18;22.724;19.115;71.337
16:10:20;22.724;19.116;71.348
16:10:22;22.724;19.117;71.352
16:10:24;22.724;19.117;71.356
16:10:26;22.724;19.117;71.349
16:10:28;22.724;19.117;71.352
16:10:30;22.724;19.118;71.357
16:10:31;22.724;19.118;71.364
16:10:33;22.724;19.119;71.365
16:10:35;22.724;19.119;71.367
16:10:37;22.724;19.118;71.359
16:10:39;22.724;19.118;71.359
16:10:40;22.724;19.119;71.371
16:10:42;22.724;19.118;71.364
16:10:44;22.724;19.118;71.360
16:10:46;22.724;19.120;71.377
16:10:48;22.724;19.116;71.345
16:10:49;22.724;19.118;71.363
16:10:51;22.724;19.117;71.352
16:10:53;22.725;19.118;71.356
16:10:55;22.724;19.119;71.365
16:10:57;22.724;19.117;71.351
16:10:58;22.724;19.118;71.357
16:11:00;22.724;19.116;71.345
16:11:02;22.724;19.115;71.342
16:11:04;22.724;19.115;71.337
16:11:06;22.724;19.116;71.345
16:11:07;22.724;19.119;71.365
16:11:09;22.724;19.116;71.345
16:11:11;22.724;19.122;71.389
16:11:13;22.724;19.118;71.364
16:11:16;22.725;19.119;71.359
16:11:17;22.726;19.119;71.352
16:11:19;22.725;19.122;71.383
16:11:21;22.724;19.119;71.367
16:11:23;22.727;19.120;71.358
16:11:25;22.725;19.122;71.387
16:11:26;22.726;19.120;71.358
16:11:28;22.726;19.122;71.375
16:11:30;22.726;19.123;71.382
16:11:32;22.726;19.120;71.364
16:11:33;22.728;19.123;71.373
16:11:35;22.725;19.123;71.395
16:11:37;22.725;19.127;71.421
16:11:39;22.725;19.129;71.433
16:11:41;22.726;19.125;71.402
16:11:42;22.725;19.128;71.429
16:11:44;22.726;19.126;71.406
16:11:46;22.725;19.127;71.420
16:11:48;22.725;19.129;71.436
16:11:50;22.725;19.128;71.430
16:11:52;22.725;19.127;71.423
16:11:54;22.727;19.130;71.433
16:11:56;22.726;19.128;71.424
16:11:57;22.724;19.128;71.437
16:11:59;22.727;19.127;71.404
16:12:01;22.726;19.129;71.431
16:12:03;22.725;19.130;71.443
16:12:05;22.727;19.129;71.424
16:12:06;22.728;19.129;71.416
16:12:08;22.727;19.129;71.423
16:12:10;22.725;19.131;71.451
16:12:12;22.727;19.129;71.425
16:12:14;22.727;19.130;71.430
16:12:16;22.733;19.130;71.390
16:12:18;22.729;19.131;71.425
16:12:19;22.728;19.129;71.418
16:12:21;22.727;19.128;71.417
16:12:24;22.729;19.131;71.425
16:12:25;22.734;19.128;71.370
16:12:27;22.729;19.130;71.420
16:12:29;22.728;19.129;71.417
16:12:31;22.726;19.126;71.412
16:12:33;22.728;19.131;71.430
16:12:34;22.731;19.128;71.390
16:12:36;22.731;19.128;71.390
16:12:38;22.726;19.127;71.414
16:12:40;22.727;19.129;71.422
16:12:42;22.727;19.128;71.415
16:12:43;22.727;19.130;71.432
16:12:45;22.725;19.131;71.451
16:12:47;22.728;19.129;71.420
16:12:49;22.725;19.129;71.436
16:12:50;22.725;19.127;71.417
16:12:52;22.727;19.127;71.410
16:12:55;22.729;19.127;71.396
16:12:56;22.728;19.127;71.401
16:12:58;22.726;19.128;71.422
16:13:00;22.727;19.126;71.404
16:13:02;22.726;19.130;71.437
16:13:04;22.727;19.130;71.432
16:13:06;22.727;19.129;71.426
16:13:08;22.726;19.130;71.437
16:13:10;22.725;19.128;71.431
16:13:12;22.727;19.127;71.410
16:13:13;22.728;19.126;71.397
16:13:15;22.728;19.128;71.411
16:13:17;22.727;19.130;71.430
16:13:19;22.728;19.131;71.432
16:13:21;22.727;19.128;71.420
16:13:22;22.725;19.129;71.437
16:13:24;22.733;19.131;71.402
16:13:26;22.727;19.131;71.437
16:13:28;22.727;19.131;71.441
16:13:30;22.728;19.131;71.431
16:13:31;22.726;19.130;71.436
16:13:33;22.728;19.131;71.433
16:13:35;22.731;19.131;71.409
16:13:37;22.733;19.130;71.390
16:13:39;22.731;19.131;71.412
16:13:41;22.731;19.131;71.413
16:13:43;22.729;19.131;71.427
16:13:44;22.731;19.131;71.413
16:13:46;22.733;19.131;71.397
16:13:48;22.733;19.131;71.400
16:13:50;22.734;19.131;71.393
16:13:52;22.735;19.131;71.385
16:13:53;22.735;19.131;71.387
16:13:55;22.731;19.131;71.414
16:13:57;22.731;19.131;71.414
16:13:59;22.734;19.131;71.393
16:14:01;22.732;19.131;71.406
16:14:02;22.737;19.131;71.375
16:14:05;22.735;19.131;71.385
16:14:06;22.734;19.131;71.394
16:14:08;22.736;19.131;71.377
16:14:10;22.737;19.131;71.374
16:14:12;22.735;19.131;71.384
16:14:14;22.740;19.131;71.355
16:14:16;22.740;19.130;71.347
16:14:18;22.734;19.131;71.391
16:14:19;22.738;19.131;71.366
16:14:21;22.736;19.131;71.380
16:14:23;22.740;19.131;71.355
16:14:25;22.738;19.131;71.366
16:14:27;22.730;19.131;71.421
16:14:28;22.738;19.129;71.356
16:14:30;22.738;19.131;71.366
16:14:32;22.740;19.131;71.355
16:14:34;22.741;19.131;71.348
16:14:36;22.738;19.131;71.366
16:14:37;22.741;19.131;71.348
16:14:39;22.738;19.131;71.366
16:14:41;22.739;19.131;71.360
16:14:43;22.739;19.131;71.360
16:14:45;22.739;19.131;71.360
16:14:47;22.741;19.131;71.348
16:14:48;22.741;19.131;71.348
16:14:50;22.740;19.131;71.355
16:14:52;22.739;19.131;71.360
16:14:54;22.741;19.131;71.348
16:14:56;22.741;19.131;71.348
16:14:57;22.741;19.131;71.348
16:14:59;22.739;19.131;71.362
16:15:01;22.741;19.131;71.348
16:15:03;22.741;19.131;71.348
16:15:05;22.741;19.131;71.348
16:15:06;22.741;19.131;71.348
16:15:08;22.740;19.131;71.355
16:15:10;22.741;19.131;71.348
16:15:12;22.741;19.131;71.348
16:15:14;22.741;19.131;71.348
16:15:15;22.739;19.131;71.362
16:15:18;22.741;19.131;71.348
16:15:20;22.741;19.131;71.348
16:15:21;22.741;19.131;71.348
16:15:23;22.741;19.131;71.348
16:15:25;22.741;19.131;71.348
16:15:27;22.741;19.131;71.348
16:15:29;22.741;19.131;71.348
16:15:30;22.741;19.131;71.348
16:15:32;22.741;19.131;71.348
16:15:34;22.740;19.131;71.355
16:15:36;22.741;19.131;71.348
16:15:38;22.741;19.131;71.348
16:15:40;22.741;19.131;71.348
16:15:42;22.741;19.131;71.348
16:15:43;22.741;19.131;71.348
16:15:45;22.741;19.131;71.348
16:15:47;22.741;19.131;71.348
16:15:49;22.741;19.131;71.348
16:15:51;22.741;19.131;71.348
16:15:52;22.741;19.131;71.348
16:15:54;22.741;19.132;71.356
16:15:56;22.741;19.131;71.348
16:15:58;22.741;19.131;71.348
16:16:00;22.741;19.131;71.348
16:16:01;22.741;19.131;71.348
16:16:04;22.741;19.131;71.348
16:16:05;22.741;19.131;71.348
16:16:07;22.741;19.132;71.356
16:16:09;22.741;19.131;71.348
16:16:11;22.741;19.132;71.355
16:16:13;22.741;19.131;71.348
16:16:14;22.741;19.131;71.348
16:16:17;22.741;19.131;71.348
16:16:19;22.741;19.131;71.348
16:16:21;22.741;19.131;71.348
16:16:23;22.741;19.133;71.360
16:16:24;22.741;19.133;71.363
16:16:26;22.741;19.133;71.363
16:16:28;22.741;19.133;71.363
16:16:30;22.742;19.131;71.341
16:16:32;22.741;19.132;71.356
16:16:33;22.741;19.132;71.355
16:16:35;22.741;19.132;71.356
16:16:37;22.741;19.132;71.356
16:16:39;22.741;19.132;71.353
16:16:41;22.741;19.131;71.348
16:16:42;22.741;19.132;71.355
16:16:44;22.741;19.132;71.356
16:16:46;22.741;19.132;71.353
16:16:48;22.741;19.134;71.369
16:16:50;22.741;19.132;71.356
16:16:51;22.741;19.131;71.348
16:16:53;22.741;19.132;71.355
16:16:55;22.741;19.132;71.350
16:16:57;22.741;19.131;71.349
16:16:59;22.741;19.131;71.348
16:17:00;22.741;19.131;71.348
16:17:02;22.741;19.132;71.356
16:17:04;22.741;19.132;71.356
16:17:06;22.741;19.132;71.356
16:17:08;22.741;19.132;71.356
16:17:09;22.741;19.131;71.348
16:17:11;22.741;19.133;71.362
16:17:13;22.742;19.132;71.349
16:17:15;22.741;19.134;71.369
16:17:17;22.741;19.135;71.374
16:17:18;22.741;19.134;71.371
16:17:20;22.743;19.135;71.364
16:17:22;22.742;19.134;71.361
16:17:24;22.742;19.136;71.379
16:17:26;22.742;19.134;71.364
16:17:27;22.741;19.135;71.377
16:17:29;22.743;19.137;71.375
16:17:31;22.743;19.135;71.359
16:17:33;22.742;19.135;71.372
16:17:35;22.743;19.136;71.372
16:17:37;22.743;19.136;71.374
16:17:39;22.741;19.135;71.371
16:17:41;22.743;19.137;71.376
16:17:42;22.742;19.137;71.385
16:17:44;22.741;19.136;71.386
16:17:46;22.743;19.134;71.357
16:17:48;22.742;19.142;71.419
16:17:50;22.741;19.139;71.407
16:17:52;22.742;19.138;71.389
16:17:54;22.741;19.139;71.404
16:17:56;22.742;19.136;71.373
16:17:58;22.742;19.140;71.400
16:17:59;22.745;19.139;71.381
16:18:01;22.744;19.134;71.351
16:18:03;22.742;19.140;71.404
16:18:05;22.745;19.141;71.387
16:18:07;22.742;19.143;71.428
16:18:09;22.742;19.141;71.415
16:18:11;22.741;19.142;71.426
16:18:13;22.742;19.141;71.417
16:18:15;22.742;19.139;71.392
16:18:16;22.742;19.141;71.413
16:18:19;22.741;19.142;71.420
16:18:21;22.744;19.145;71.433
16:18:23;22.743;19.142;71.416
16:18:25;22.742;19.140;71.404
16:18:26;22.745;19.143;71.403
16:18:28;22.744;19.140;71.392
16:18:30;22.744;19.142;71.406
16:18:32;22.743;19.146;71.444
16:18:34;22.749;19.143;71.374
16:18:36;22.748;19.143;71.383
16:18:38;22.746;19.144;71.403
16:18:40;22.747;19.146;71.420
16:18:42;22.750;19.144;71.385
16:18:43;22.746;19.143;71.400
16:18:46;22.747;19.146;71.411
16:18:47;22.746;19.141;71.380
16:18:49;22.747;19.143;71.389
16:18:51;22.746;19.141;71.387
16:18:53;22.748;19.144;71.396
16:18:55;22.747;19.143;71.393
16:18:57;22.745;19.144;71.411
16:18:59;22.747;19.144;71.403
16:19:01;22.747;19.147;71.422
16:19:02;22.750;19.145;71.385
16:19:04;22.745;19.145;71.421
16:19:06;22.749;19.146;71.403
16:19:08;22.747;19.147;71.422
16:19:09;22.747;19.147;71.424
16:19:11;22.751;19.147;71.399
16:19:13;22.750;19.146;71.391
16:19:15;22.744;19.146;71.438
16:19:17;22.750;19.147;71.405
16:19:18;22.747;19.147;71.423
16:19:20;22.751;19.147;71.400
16:19:22;22.750;19.147;71.403
16:19:24;22.752;19.147;71.391
16:19:26;22.750;19.147;71.404
16:19:27;22.752;19.147;71.392
16:19:29;22.753;19.147;71.384
16:19:31;22.750;19.147;71.402
16:19:33;22.754;19.147;71.380
16:19:35;22.753;19.147;71.384
16:19:36;22.754;19.147;71.380
16:19:38;22.751;19.147;71.397
16:19:40;22.752;19.147;71.391
16:19:42;22.757;19.147;71.359
16:19:44;22.754;19.147;71.379
16:19:45;22.755;19.147;71.373
16:19:47;22.756;19.147;71.366
16:19:49;22.755;19.147;71.373
16:19:51;22.757;19.146;71.347
16:19:53;22.755;19.147;71.373
16:19:54;22.755;19.146;71.360
16:19:56;22.756;19.147;71.366
16:19:58;22.756;19.147;71.366
16:20:01;22.756;19.147;71.366
16:20:02;22.752;19.147;71.393
16:20:05;22.755;19.147;71.373
16:20:06;22.754;19.147;71.379
16:20:08;22.755;19.147;71.372
16:20:10;22.754;19.147;71.379
16:20:12;22.754;19.147;71.380
16:20:14;22.755;19.147;71.373
16:20:15;22.755;19.147;71.373
16:20:17;22.756;19.147;71.365
16:20:19;22.756;19.147;71.366
16:20:21;22.756;19.147;71.365
16:20:23;22.757;19.147;71.359
16:20:25;22.757;19.147;71.359
16:20:27;22.757;19.147;71.359
16:20:29;22.757;19.147;71.359
16:20:30;22.757;19.147;71.359
16:20:33;22.757;19.147;71.359
16:20:34;22.757;19.147;71.359
16:20:36;22.755;19.147;71.371
16:20:38;22.757;19.147;71.359
16:20:40;22.757;19.147;71.359
16:20:42;22.756;19.147;71.366
16:20:43;22.757;19.147;71.359
16:20:45;22.754;19.147;71.380
16:20:47;22.757;19.147;71.359
16:20:49;22.757;19.147;71.359
16:20:51;22.757;19.147;71.359
16:20:52;22.757;19.147;71.359
16:20:54;22.757;19.147;71.359
16:20:57;22.757;19.147;71.359
16:20:58;22.757;19.147;71.359
16:21:00;22.757;19.147;71.359
16:21:02;22.757;19.147;71.359
16:21:04;22.757;19.147;71.359
16:21:06;22.757;19.147;71.359
16:21:07;22.757;19.147;71.359
16:21:10;22.757;19.147;71.359
16:21:11;22.757;19.147;71.359
16:21:14;22.757;19.147;71.359
16:21:15;22.757;19.147;71.359
16:21:17;22.757;19.147;71.359
16:21:19;22.757;19.147;71.359
16:21:21;22.757;19.147;71.359
16:21:23;22.757;19.147;71.359
16:21:24;22.757;19.147;71.359
16:21:26;22.757;19.147;71.359
16:21:28;22.757;19.147;71.359
16:21:30;22.757;19.147;71.359
16:21:32;22.757;19.147;71.359
16:21:34;22.757;19.147;71.359
16:21:36;22.757;19.147;71.359
16:21:37;22.757;19.147;71.359
16:21:39;22.757;19.147;71.359
16:21:41;22.757;19.147;71.359
16:21:43;22.757;19.147;71.359
16:21:45;22.757;19.147;71.359
16:21:46;22.757;19.147;71.359
16:21:48;22.757;19.147;71.359
16:21:50;22.757;19.147;71.359
16:21:52;22.757;19.147;71.359
16:21:54;22.757;19.147;71.359
16:21:57;22.757;19.147;71.359
16:21:59;22.757;19.147;71.359
16:22:00;22.757;19.147;71.359
16:22:02;22.757;19.147;71.359
16:22:04;22.757;19.148;71.367
16:22:06;22.757;19.147;71.359
16:22:08;22.757;19.148;71.367
16:22:10;22.757;19.148;71.367
16:22:12;22.757;19.147;71.359
16:22:13;22.757;19.147;71.359
16:22:15;22.757;19.147;71.359
16:22:17;22.757;19.147;71.359
16:22:19;22.757;19.147;71.359
16:22:21;22.757;19.147;71.359
16:22:22;22.757;19.147;71.359
16:22:25;22.757;19.147;71.359
16:22:26;22.757;19.148;71.366
16:22:29;22.757;19.147;71.359
16:22:30;22.757;19.147;71.359
16:22:32;22.757;19.147;71.359
16:22:34;22.757;19.148;71.367
16:22:36;22.757;19.148;71.364
16:22:38;22.757;19.147;71.359
16:22:39;22.757;19.147;71.359
16:22:41;22.757;19.150;71.380
16:22:43;22.757;19.148;71.364
16:22:45;22.757;19.150;71.381
16:22:47;22.757;19.150;71.380
16:22:48;22.757;19.148;71.367
16:22:50;22.757;19.147;71.359
16:22:52;22.757;19.149;71.371
16:22:54;22.757;19.148;71.367
16:22:56;22.757;19.148;71.367
16:22:57;22.757;19.151;71.389
16:22:59;22.757;19.147;71.359
16:23:01;22.757;19.148;71.366
16:23:03;22.757;19.147;71.359
16:23:04;22.757;19.147;71.359
16:23:06;22.757;19.147;71.359
16:23:08;22.757;19.147;71.359
16:23:10;22.757;19.147;71.359
16:23:12;22.757;19.147;71.359
16:23:13;22.757;19.147;71.359
16:23:15;22.757;19.147;71.359
16:23:17;22.757;19.147;71.359
16:23:19;22.757;19.147;71.359
16:23:21;22.757;19.147;71.359
16:23:22;22.757;19.147;71.359
16:23:24;22.757;19.147;71.359
16:23:26;22.757;19.147;71.359
16:23:28;22.757;19.147;71.359
16:23:30;22.757;19.147;71.359
16:23:31;22.757;19.147;71.359
16:23:33;22.757;19.147;71.359
16:23:35;22.757;19.148;71.366
16:23:37;22.757;19.148;71.366
16:23:39;22.757;19.148;71.367
16:23:40;22.757;19.147;71.359
16:23:42;22.757;19.147;71.359
16:23:44;22.757;19.147;71.359
16:23:46;22.757;19.148;71.367
16:23:48;22.757;19.148;71.367
16:23:49;22.757;19.147;71.359
16:23:51;22.757;19.147;71.359
16:23:53;22.757;19.148;71.367
16:23:55;22.757;19.148;71.367
16:23:57;22.757;19.148;71.366
16:23:58;22.757;19.147;71.359
16:24:00;22.757;19.147;71.359
16:24:02;22.757;19.147;71.359
16:24:04;22.757;19.147;71.359
16:24:06;22.757;19.148;71.364
16:24:08;22.757;19.147;71.359
16:24:10;22.757;19.148;71.367
16:24:11;22.757;19.148;71.367
16:24:14;22.757;19.149;71.373
16:24:15;22.757;19.147;71.359
16:24:17;22.757;19.148;71.367
16:24:19;22.757;19.149;71.374
16:24:21;22.757;19.147;71.359
16:24:23;22.757;19.150;71.382
16:24:24;22.757;19.149;71.374
16:24:26;22.757;19.149;71.373
16:24:28;22.757;19.148;71.366
16:24:30;22.757;19.149;71.371
16:24:32;22.758;19.151;71.379
16:24:33;22.757;19.148;71.366
16:24:35;22.757;19.147;71.359
16:24:37;22.757;19.149;71.374
16:24:39;22.757;19.151;71.383
16:24:41;22.757;19.150;71.382
16:24:42;22.759;19.148;71.353
16:24:44;22.759;19.150;71.364
16:24:46;22.757;19.152;71.394
16:24:48;22.757;19.152;71.393
16:24:50;22.757;19.153;71.404
16:24:52;22.757;19.149;71.374
16:24:55;22.757;19.147;71.359
16:24:56;22.758;19.147;71.353
16:24:59;22.757;19.148;71.367
16:25:01;22.757;19.148;71.367
16:25:03;22.757;19.150;71.374
16:25:05;22.757;19.148;71.366
16:25:06;22.757;19.150;71.379
16:25:08;22.757;19.149;71.374
16:25:10;22.757;19.152;71.394
16:25:12;22.757;19.150;71.381
16:25:14;22.758;19.148;71.360
16:25:15;22.757;19.150;71.380
16:25:18;22.759;19.151;71.375
16:25:19;22.757;19.151;71.385
16:25:21;22.758;19.147;71.348
16:25:23;22.758;19.150;71.375
16:25:25;22.757;19.149;71.374
16:25:27;22.758;19.150;71.375
16:25:28;22.757;19.148;71.366
16:25:30;22.758;19.151;71.381
16:25:32;22.757;19.151;71.386
16:25:34;22.757;19.149;71.374
16:25:36;22.758;19.149;71.368
16:25:37;22.759;19.150;71.368
16:25:39;22.757;19.151;71.389
16:25:41;22.758;19.150;71.372
16:25:43;22.757;19.150;71.378
16:25:45;22.759;19.149;71.362
16:25:46;22.757;19.149;71.374
16:25:48;22.758;19.149;71.368
16:25:50;22.759;19.150;71.367
16:25:52;22.758;19.150;71.372
16:25:54;22.760;19.148;71.348
16:25:55;22.759;19.149;71.361
16:25:57;22.757;19.149;71.374
16:25:59;22.758;19.151;71.383
16:26:01;22.758;19.148;71.361
16:26:03;22.759;19.151;71.376
16:26:04;22.758;19.148;71.361
16:26:07;22.759;19.150;71.368
16:26:09;22.760;19.152;71.373
16:26:10;22.757;19.153;71.401
16:26:12;22.759;19.154;71.396
16:26:14;22.758;19.150;71.375
16:26:17;22.759;19.152;71.385
16:26:19;22.760;19.152;71.372
16:26:21;22.761;19.150;71.349
16:26:22;22.760;19.150;71.357
16:26:24;22.762;19.151;71.352
16:26:26;22.759;19.152;71.380
16:26:28;22.762;19.148;71.329
16:26:30;22.762;19.152;71.356
16:26:32;22.765;19.154;71.356
16:26:34;22.765;19.151;71.333
16:26:35;22.764;19.152;71.342
16:26:37;22.765;19.154;71.354
16:26:39;22.769;19.153;71.318
16:26:41;22.767;19.153;71.332
16:26:43;22.769;19.155;71.333
16:26:44;22.765;19.158;71.379
16:26:46;22.763;19.154;71.366
16:26:49;22.767;19.159;71.375
16:26:50;22.770;19.153;71.315
16:26:52;22.767;19.149;71.304
16:26:54;22.769;19.155;71.332
16:26:56;22.770;19.153;71.310
16:26:58;22.769;19.159;71.365
16:26:59;22.771;19.156;71.325
16:27:01;22.768;19.153;71.327
16:27:03;22.768;19.154;71.333
16:27:05;22.772;19.157;71.327
16:27:07;22.768;19.157;71.356
16:27:08;22.766;19.156;71.358
16:27:10;22.770;19.157;71.341
16:27:12;22.765;19.158;71.385
16:27:14;22.771;19.157;71.336
16:27:16;22.770;19.156;71.337
16:27:17;22.768;19.155;71.342
16:27:19;22.770;19.156;71.332
16:27:21;22.769;19.152;71.310
16:27:23;22.768;19.155;71.341
16:27:25;22.770;19.159;71.361
16:27:26;22.773;19.159;71.336
16:27:28;22.773;19.161;71.351
16:27:30;22.770;19.156;71.333
16:27:32;22.770;19.159;71.358
16:27:34;22.769;19.161;71.375
16:27:35;22.771;19.155;71.318
16:27:37;22.770;19.161;71.369
16:27:39;22.771;19.159;71.349
16:27:41;22.772;19.159;71.346
16:27:43;22.772;19.157;71.327
16:27:44;22.772;19.161;71.356
16:27:46;22.772;19.159;71.340
16:27:48;22.772;19.158;71.339
16:27:50;22.772;19.159;71.342
16:27:52;22.772;19.159;71.347
16:27:54;22.773;19.159;71.340
16:27:56;22.768;19.158;71.359
16:27:57;22.769;19.157;71.349
16:28:00;22.773;19.162;71.362
16:28:01;22.769;19.159;71.367
16:28:03;22.771;19.162;71.371
16:28:05;22.773;19.156;71.312
16:28:07;22.772;19.159;71.342
16:28:09;22.773;19.159;71.335
16:28:10;22.773;19.161;71.355
16:28:12;22.773;19.156;71.313
16:28:14;22.772;19.161;71.357
16:28:16;22.773;19.162;71.363
16:28:18;22.772;19.161;71.362
16:28:19;22.773;19.160;71.348
16:28:21;22.773;19.162;71.363
16:28:23;22.772;19.162;71.368
16:28:25;22.773;19.161;71.355
16:28:27;22.773;19.160;71.348
16:28:28;22.773;19.161;71.350
16:28:30;22.773;19.157;71.321
16:28:32;22.773;19.161;71.355
16:28:34;22.773;19.161;71.350
16:28:36;22.773;19.160;71.343
16:28:38;22.773;19.161;71.355
16:28:40;22.773;19.161;71.350
16:28:41;22.773;19.163;71.370
16:28:43;22.773;19.159;71.338
16:28:45;22.773;19.160;71.343
16:28:47;22.773;19.163;71.370
16:28:49;22.771;19.163;71.382
16:28:50;22.773;19.160;71.341
16:28:52;22.773;19.163;71.370
16:28:54;22.773;19.162;71.358
16:28:56;22.771;19.163;71.382
16:28:58;22.773;19.158;71.328
16:28:59;22.773;19.162;71.363
16:29:01;22.773;19.163;71.364
16:29:03;22.773;19.162;71.363
16:29:05;22.773;19.162;71.363
16:29:07;22.773;19.163;71.370
16:29:09;22.773;19.163;71.370
16:29:11;22.773;19.163;71.370
16:29:12;22.773;19.163;71.370
16:29:14;22.773;19.162;71.363
16:29:16;22.773;19.163;71.370
16:29:18;22.773;19.163;71.370
16:29:20;22.773;19.163;71.370
16:29:22;22.773;19.163;71.370
16:29:24;22.773;19.163;71.364
16:29:25;22.773;19.163;71.370
16:29:27;22.773;19.163;71.370
16:29:29;22.773;19.163;71.370
16:29:31;22.773;19.163;71.370
16:29:32;22.773;19.163;71.370
16:29:34;22.773;19.163;71.370
16:29:36;22.773;19.163;71.370
16:29:38;22.773;19.161;71.350
16:29:40;22.773;19.162;71.363
16:29:41;22.773;19.162;71.363
16:29:43;22.773;19.163;71.370
16:29:45;22.773;19.163;71.370
16:29:47;22.773;19.162;71.363
16:29:49;22.773;19.163;71.370
16:29:50;22.773;19.163;71.370
16:29:52;22.773;19.163;71.370
16:29:54;22.773;19.163;71.370
16:29:56;22.773;19.163;71.370
16:29:58;22.773;19.163;71.370
16:29:59;22.773;19.163;71.370
16:30:01;22.773;19.163;71.370
16:30:03;22.773;19.163;71.370
16:30:05;22.773;19.163;71.370
16:30:08;22.773;19.163;71.370
16:30:10;22.773;19.163;71.370
16:30:11;22.773;19.163;71.370
16:30:13;22.773;19.163;71.370
16:30:15;22.773;19.163;71.370
16:30:17;22.773;19.163;71.370
16:30:19;22.773;19.163;71.370
16:30:20;22.773;19.163;71.370
16:30:22;22.773;19.163;71.370
16:30:24;22.773;19.163;71.370
16:30:26;22.773;19.163;71.370
16:30:28;22.773;19.163;71.370
16:30:29;22.773;19.163;71.370
16:30:31;22.773;19.163;71.370
16:30:33;22.773;19.163;71.370
16:30:35;22.773;19.163;71.370
16:30:37;22.773;19.163;71.370
16:30:38;22.773;19.163;71.370
16:30:40;22.773;19.163;71.370
16:30:42;22.773;19.163;71.370
16:30:44;22.773;19.163;71.370
16:30:46;22.773;19.163;71.370
16:30:47;22.773;19.163;71.370
16:30:50;22.773;19.163;71.370
16:30:51;22.773;19.163;71.370
16:30:53;22.773;19.163;71.370
16:30:55;22.773;19.163;71.370
16:30:57;22.773;19.163;71.370
16:30:58;22.773;19.163;71.370
16:31:00;22.773;19.163;71.370
16:31:03;22.773;19.163;71.370
16:31:05;22.773;19.163;71.370
16:31:07;22.773;19.163;71.370
16:31:08;22.774;19.163;71.364
16:31:10;22.773;19.163;71.370
16:31:12;22.773;19.163;71.370
16:31:14;22.774;19.163;71.364
16:31:16;22.773;19.163;71.370
16:31:17;22.773;19.163;71.370
16:31:19;22.775;19.163;71.360
16:31:21;22.774;19.163;71.366
16:31:23;22.773;19.163;71.370
16:31:25;22.774;19.163;71.364
16:31:26;22.773;19.163;71.370
16:31:28;22.774;19.163;71.364
16:31:30;22.773;19.163;71.370
16:31:32;22.774;19.163;71.366
16:31:34;22.775;19.163;71.357
16:31:35;22.774;19.163;71.365
16:31:37;22.776;19.163;71.350
16:31:39;22.776;19.163;71.350
16:31:41;22.774;19.163;71.364
16:31:43;22.774;19.163;71.364
16:31:44;22.775;19.163;71.360
16:31:46;22.777;19.163;71.347
16:31:48;22.776;19.163;71.353
16:31:50;22.774;19.163;71.364
16:31:52;22.773;19.163;71.371
16:31:53;22.777;19.163;71.344
16:31:55;22.779;19.163;71.333
16:31:57;22.776;19.163;71.351
16:31:59;22.777;19.163;71.346
16:32:01;22.777;19.163;71.341
16:32:02;22.779;19.163;71.333
16:32:04;22.777;19.163;71.345
16:32:06;22.775;19.163;71.357
16:32:08;22.781;19.163;71.319
16:32:10;22.777;19.163;71.346
16:32:12;22.782;19.163;71.307
16:32:14;22.779;19.163;71.331
16:32:15;22.778;19.163;71.340
16:32:17;22.779;19.163;71.329
16:32:19;22.777;19.163;71.343
16:32:21;22.777;19.163;71.347
16:32:23;22.782;19.163;71.311
16:32:25;22.779;19.163;71.327
16:32:26;22.775;19.163;71.360
16:32:29;22.777;19.163;71.346
16:32:31;22.784;19.163;71.295
16:32:32;22.780;19.163;71.325
16:32:34;22.779;19.163;71.331
16:32:36;22.781;19.163;71.317
16:32:38;22.782;19.163;71.308
16:32:40;22.784;19.163;71.300
16:32:41;22.781;19.163;71.318
16:32:43;22.785;19.163;71.293
16:32:45;22.784;19.163;71.300
16:32:47;22.785;19.163;71.293
16:32:49;22.785;19.163;71.293
16:32:50;22.779;19.164;71.338
16:32:52;22.784;19.163;71.300
16:32:54;22.782;19.163;71.313
16:32:56;22.778;19.163;71.334
16:32:58;22.783;19.163;71.306
16:33:00;22.783;19.163;71.304
16:33:02;22.785;19.163;71.290
16:33:04;22.784;19.163;71.297
16:33:06;22.786;19.163;71.281
16:33:08;22.783;19.163;71.306
16:33:09;22.781;19.163;71.319
16:33:11;22.784;19.164;71.304
16:33:13;22.784;19.163;71.300
16:33:15;22.785;19.163;71.291
16:33:17;22.780;19.163;71.326
16:33:18;22.786;19.163;71.282
16:33:20;22.784;19.163;71.300
16:33:22;22.783;19.163;71.301
16:33:24;22.785;19.163;71.289
16:33:26;22.784;19.164;71.305
16:33:27;22.783;19.163;71.304
16:33:29;22.781;19.163;71.320
16:33:31;22.789;19.163;71.261
16:33:34;22.785;19.163;71.293
16:33:35;22.787;19.163;71.275
16:33:37;22.785;19.163;71.289
16:33:39;22.784;19.164;71.307
16:33:41;22.781;19.163;71.320
16:33:43;22.782;19.163;71.311
16:33:44;22.784;19.163;71.300
16:33:47;22.785;19.163;71.289
16:33:49;22.789;19.163;71.262
16:33:50;22.784;19.163;71.300
16:33:52;22.787;19.164;71.287
16:33:54;22.783;19.164;71.313
16:33:56;22.787;19.163;71.275
16:33:58;22.786;19.164;71.288
16:33:59;22.787;19.163;71.275
16:34:01;22.787;19.165;71.292
16:34:03;22.785;19.165;71.305
16:34:05;22.786;19.165;71.294
16:34:07;22.786;19.163;71.281
16:34:08;22.788;19.165;71.283
16:34:10;22.788;19.168;71.303
16:34:12;22.787;19.167;71.305
16:34:14;22.786;19.165;71.295
16:34:16;22.786;19.165;71.299
16:34:17;22.788;19.167;71.298
16:34:19;22.788;19.168;71.304
16:34:21;22.788;19.167;71.298
16:34:23;22.787;19.167;71.304
16:34:25;22.787;19.170;71.328
16:34:26;22.787;19.166;71.299
16:34:28;22.787;19.168;71.317
16:34:30;22.789;19.165;71.274
16:34:32;22.789;19.167;71.288
16:34:34;22.789;19.165;71.277
16:34:36;22.788;19.165;71.282
16:34:38;22.787;19.165;71.290
16:34:39;22.787;19.164;71.283
16:34:41;22.788;19.167;71.291
16:34:43;22.788;19.167;71.291
16:34:45;22.788;19.166;71.283
16:34:47;22.788;19.164;71.276
16:34:48;22.789;19.167;71.284
16:34:50;22.787;19.163;71.280
16:34:52;22.789;19.166;71.283
16:34:54;22.786;19.168;71.319
16:34:56;22.789;19.168;71.296
16:34:57;22.789;19.167;71.287
16:34:59;22.789;19.166;71.284
16:35:01;22.784;19.165;71.312
16:35:03;22.787;19.166;71.299
16:35:05;22.786;19.170;71.332
16:35:07;22.787;19.163;71.275
16:35:08;22.787;19.163;71.280
16:35:10;22.787;19.163;71.275
16:35:12;22.785;19.164;71.295
16:35:14;22.788;19.163;71.269
16:35:16;22.787;19.163;71.275
16:35:18;22.787;19.164;71.287
16:35:20;22.786;19.164;71.287
16:35:22;22.787;19.166;71.295
16:35:23;22.786;19.164;71.289
16:35:25;22.788;19.165;71.282
16:35:27;22.789;19.167;71.284
16:35:29;22.788;19.164;71.276
16:35:31;22.789;19.167;71.290
16:35:32;22.789;19.168;71.297
16:35:35;22.787;19.164;71.283
16:35:36;22.789;19.163;71.262
16:35:38;22.789;19.166;71.284
16:35:40;22.789;19.167;71.290
16:35:42;22.789;19.167;71.291
16:35:44;22.788;19.167;71.295
16:35:45;22.789;19.170;71.306
16:35:47;22.789;19.170;71.306
16:35:49;22.789;19.170;71.310
16:35:51;22.789;19.168;71.297
16:35:53;22.789;19.174;71.338
16:35:55;22.789;19.170;71.311
16:35:57;22.789;19.170;71.312
16:36:00;22.789;19.164;71.269
16:36:02;22.789;19.166;71.283
16:36:04;22.789;19.168;71.298
16:36:05;22.789;19.170;71.310
16:36:07;22.789;19.174;71.339
16:36:09;22.789;19.168;71.295
16:36:11;22.789;19.169;71.304
16:36:13;22.789;19.166;71.283
16:36:14;22.789;19.168;71.298
16:36:16;22.789;19.166;71.284
16:36:18;22.789;19.170;71.311
16:36:20;22.789;19.171;71.317
16:36:22;22.789;19.172;71.326
16:36:23;22.789;19.167;71.288
16:36:25;22.789;19.167;71.288
16:36:27;22.789;19.167;71.290
16:36:29;22.789;19.171;71.315
16:36:31;22.789;19.170;71.312
16:36:32;22.789;19.171;71.320
16:36:34;22.789;19.170;71.312
16:36:36;22.789;19.171;71.317
16:36:38;22.789;19.174;71.339
16:36:40;22.789;19.174;71.340
16:36:41;22.789;19.174;71.339
16:36:43;22.789;19.175;71.344
16:36:45;22.789;19.178;71.367
16:36:47;22.789;19.174;71.339
16:36:49;22.789;19.176;71.354
16:36:50;22.789;19.176;71.352
16:36:52;22.789;19.174;71.339
16:36:54;22.789;19.174;71.338
16:36:56;22.789;19.172;71.325
16:36:58;22.789;19.178;71.367
16:37:00;22.789;19.169;71.303
16:37:02;22.789;19.177;71.360
16:37:04;22.789;19.173;71.336
16:37:06;22.789;19.168;71.299
16:37:07;22.789;19.172;71.323
16:37:09;22.789;19.168;71.299
16:37:11;22.789;19.171;71.317
16:37:13;22.789;19.175;71.346
16:37:15;22.789;19.172;71.323
16:37:16;22.789;19.175;71.347
16:37:18;22.789;19.175;71.347
16:37:20;22.789;19.175;71.347
16:37:22;22.789;19.174;71.339
16:37:24;22.789;19.176;71.353
16:37:25;22.789;19.177;71.359
16:37:27;22.789;19.176;71.352
16:37:29;22.789;19.174;71.337
16:37:31;22.789;19.175;71.350
16:37:33;22.789;19.177;71.359
16:37:34;22.789;19.177;71.359
16:37:36;22.789;19.177;71.359
16:37:38;22.789;19.174;71.340
16:37:40;22.789;19.173;71.335
16:37:42;22.789;19.173;71.332
16:37:43;22.789;19.177;71.359
16:37:45;22.789;19.175;71.347
16:37:47;22.789;19.172;71.325
16:37:49;22.789;19.175;71.348
16:37:50;22.789;19.170;71.311
16:37:52;22.789;19.175;71.347
16:37:54;22.789;19.175;71.344
16:37:56;22.789;19.173;71.332
16:37:58;22.789;19.176;71.352
16:38:00;22.789;19.177;71.362
16:38:02;22.789;19.175;71.350
16:38:04;22.789;19.175;71.347
16:38:05;22.789;19.176;71.354
16:38:07;22.789;19.174;71.341
16:38:09;22.789;19.176;71.352
16:38:11;22.789;19.180;71.382
16:38:13;22.789;19.180;71.382
16:38:14;22.788;19.173;71.340
16:38:17;22.789;19.178;71.367
16:38:19;22.789;19.177;71.362
16:38:21;22.789;19.173;71.335
16:38:22;22.789;19.175;71.347
16:38:24;22.789;19.178;71.367
16:38:26;22.789;19.178;71.367
16:38:28;22.789;19.178;71.367
16:38:30;22.789;19.179;71.374
16:38:31;22.789;19.179;71.374
16:38:33;22.789;19.178;71.369
16:38:35;22.789;19.179;71.374
16:38:37;22.789;19.175;71.347
16:38:39;22.789;19.179;71.374
16:38:41;22.789;19.177;71.362
16:38:43;22.789;19.176;71.355
16:38:44;22.789;19.175;71.347
16:38:46;22.789;19.178;71.369
16:38:48;22.789;19.176;71.354
16:38:50;22.789;19.175;71.347
16:38:52;22.789;19.180;71.382
16:38:53;22.789;19.176;71.353
16:38:55;22.789;19.176;71.354
16:38:57;22.789;19.179;71.374
16:38:59;22.789;19.174;71.339
16:39:01;22.789;19.176;71.355
16:39:02;22.789;19.174;71.339
16:39:04;22.789;19.173;71.332
16:39:06;22.789;19.176;71.355
16:39:08;22.789;19.177;71.359
16:39:10;22.789;19.177;71.363
16:39:11;22.789;19.180;71.382
16:39:13;22.789;19.179;71.374
16:39:15;22.789;19.176;71.355
16:39:17;22.789;19.178;71.367
16:39:19;22.789;19.177;71.360
16:39:20;22.789;19.177;71.362
16:39:22;22.789;19.179;71.374
16:39:24;22.789;19.178;71.367
16:39:26;22.789;19.177;71.359
16:39:28;22.789;19.177;71.362
16:39:29;22.789;19.175;71.347
16:39:31;22.789;19.178;71.367
16:39:33;22.789;19.177;71.359
16:39:35;22.789;19.179;71.374
16:39:37;22.789;19.177;71.362
16:39:38;22.789;19.177;71.362
16:39:40;22.789;19.179;71.374
16:39:42;22.789;19.178;71.369
16:39:44;22.789;19.171;71.317
16:39:46;22.789;19.177;71.362
16:39:47;22.789;19.180;71.382
16:39:49;22.789;19.176;71.352
16:39:51;22.789;19.177;71.362
16:39:53;22.790;19.179;71.368
16:39:55;22.789;19.176;71.354
16:39:56;22.789;19.175;71.347
16:39:58;22.789;19.176;71.357
16:40:00;22.790;19.174;71.334
16:40:02;22.789;19.173;71.335
16:40:04;22.791;19.176;71.343
16:40:05;22.789;19.176;71.354
16:40:07;22.789;19.179;71.374
16:40:09;22.789;19.177;71.361
16:40:11;22.790;19.176;71.347
16:40:13;22.790;19.177;71.355
16:40:14;22.789;19.179;71.377
