10:50:04;1430 ; 22.06 ; 69.46 ; 21.89 ; 66.92
10:50:07;1433 ; 22.06 ; 69.48 ; 21.89 ; 66.93
10:50:10;1436 ; 22.06 ; 69.48 ; 21.89 ; 66.93
10:50:13;1439 ; 22.06 ; 69.52 ; 21.86 ; 66.97
10:50:16;1442 ; 22.06 ; 69.49 ; 21.87 ; 66.96
10:50:19;1445 ; 22.06 ; 69.55 ; 21.87 ; 66.95
10:50:22;1448 ; 22.07 ; 69.54 ; 21.88 ; 66.97
10:50:25;1451 ; 22.07 ; 69.55 ; 21.91 ; 66.97
10:50:28;1454 ; 22.07 ; 69.55 ; 21.86 ; 66.98
10:50:31;1457 ; 22.07 ; 69.56 ; 21.89 ; 66.99
10:50:34;1460 ; 22.07 ; 69.58 ; 21.90 ; 67.03
10:50:37;1463 ; 22.07 ; 69.58 ; 21.91 ; 67.01
10:50:40;1466 ; 22.07 ; 69.60 ; 21.90 ; 67.02
10:50:43;1469 ; 22.08 ; 69.61 ; 21.89 ; 67.02
10:50:46;1472 ; 22.07 ; 69.62 ; 21.90 ; 67.02
10:50:49;1475 ; 22.08 ; 69.63 ; 21.90 ; 67.04
10:50:52;1478 ; 22.08 ; 69.62 ; 21.91 ; 67.06
10:50:55;1481 ; 22.08 ; 69.65 ; 21.90 ; 67.05
10:50:58;1484 ; 22.09 ; 69.66 ; 21.89 ; 67.05
10:51:01;1487 ; 22.08 ; 69.66 ; 21.90 ; 67.08
10:51:04;1490 ; 22.09 ; 69.67 ; 21.92 ; 67.09
10:51:07;1493 ; 22.09 ; 69.68 ; 21.90 ; 67.11
10:51:10;1496 ; 22.09 ; 69.69 ; 21.92 ; 67.11
10:51:13;1499 ; 22.09 ; 69.70 ; 21.91 ; 67.11
10:51:16;1502 ; 22.09 ; 69.72 ; 21.90 ; 67.10
10:51:19;1505 ; 22.08 ; 69.72 ; 21.89 ; 67.14
10:51:22;1508 ; 22.07 ; 69.75 ; 21.87 ; 67.18
10:51:25;1511 ; 22.06 ; 69.78 ; 21.89 ; 67.20
10:51:28;1514 ; 22.05 ; 69.81 ; 21.84 ; 67.21
10:51:31;1517 ; 22.04 ; 69.85 ; 21.83 ; 67.26
10:51:34;1520 ; 22.03 ; 69.88 ; 21.80 ; 67.30
10:51:37;1523 ; 22.01 ; 69.93 ; 21.78 ; 67.37
10:51:40;1526 ; 21.99 ; 69.96 ; 21.78 ; 67.39
10:51:43;1529 ; 21.97 ; 70.00 ; 21.74 ; 67.46
10:51:46;1532 ; 21.96 ; 70.03 ; 21.72 ; 67.50
10:51:49;1535 ; 21.94 ; 70.07 ; 21.68 ; 67.54
10:51:52;1538 ; 21.92 ; 70.11 ; 21.67 ; 67.60
10:51:56;1541 ; 21.89 ; 70.15 ; 21.63 ; 67.65
10:51:59;1544 ; 21.87 ; 70.20 ; 21.60 ; 67.74
10:52:02;1547 ; 21.84 ; 70.27 ; 21.56 ; 67.77
10:52:05;1550 ; 21.83 ; 70.31 ; 21.55 ; 67.82
10:52:08;1553 ; 21.80 ; 70.37 ; 21.51 ; 67.92
10:52:11;1556 ; 21.77 ; 70.42 ; 21.48 ; 67.93
10:52:14;1559 ; 21.74 ; 70.45 ; 21.46 ; 68.00
10:52:17;1562 ; 21.71 ; 70.51 ; 21.41 ; 68.07
10:52:20;1565 ; 21.69 ; 70.55 ; 21.39 ; 68.13
10:52:23;1568 ; 21.67 ; 70.59 ; 21.36 ; 68.16
10:52:26;1571 ; 21.64 ; 70.62 ; 21.33 ; 68.24
10:52:29;1574 ; 21.61 ; 70.68 ; 21.32 ; 68.30
10:52:32;1577 ; 21.59 ; 70.72 ; 21.27 ; 68.35
10:52:35;1580 ; 21.57 ; 70.76 ; 21.26 ; 68.38
10:52:38;1583 ; 21.53 ; 70.83 ; 21.21 ; 68.47
10:52:41;1586 ; 21.51 ; 70.88 ; 21.19 ; 68.50
10:52:44;1589 ; 21.48 ; 70.94 ; 21.15 ; 68.54
10:52:47;1592 ; 21.46 ; 70.98 ; 21.12 ; 68.61
10:52:50;1595 ; 21.43 ; 71.01 ; 21.10 ; 68.67
10:52:53;1598 ; 21.41 ; 71.06 ; 21.06 ; 68.72
10:52:56;1601 ; 21.38 ; 71.10 ; 21.03 ; 68.75
10:52:59;1604 ; 21.35 ; 71.15 ; 21.00 ; 68.81
10:53:02;1607 ; 21.32 ; 71.23 ; 20.98 ; 68.85
10:53:05;1610 ; 21.29 ; 71.31 ; 20.95 ; 68.92
10:53:08;1613 ; 21.27 ; 71.36 ; 20.91 ; 68.98
10:53:11;1616 ; 21.24 ; 71.39 ; 20.89 ; 69.04
10:53:14;1619 ; 21.21 ; 71.44 ; 20.85 ; 69.05
10:53:17;1622 ; 21.19 ; 71.49 ; 20.84 ; 69.11
10:53:20;1625 ; 21.16 ; 71.54 ; 20.82 ; 69.18
10:53:23;1628 ; 21.13 ; 71.60 ; 20.78 ; 69.22
10:53:26;1631 ; 21.11 ; 71.65 ; 20.75 ; 69.26
10:53:29;1634 ; 21.08 ; 71.69 ; 20.71 ; 69.29
10:53:32;1637 ; 21.05 ; 71.73 ; 20.73 ; 69.38
10:53:35;1640 ; 21.03 ; 71.78 ; 20.68 ; 69.42
10:53:38;1643 ; 21.00 ; 71.85 ; 20.65 ; 69.46
10:53:41;1646 ; 20.98 ; 71.86 ; 20.62 ; 69.49
10:53:44;1649 ; 20.96 ; 71.91 ; 20.61 ; 69.52
10:53:47;1652 ; 20.94 ; 71.96 ; 20.59 ; 69.55
10:53:50;1655 ; 20.91 ; 71.98 ; 20.55 ; 69.57
10:53:53;1658 ; 20.89 ; 72.03 ; 20.52 ; 69.64
10:53:56;1661 ; 20.86 ; 72.06 ; 20.50 ; 69.67
10:53:59;1664 ; 20.83 ; 72.11 ; 20.46 ; 69.68
10:54:02;1667 ; 20.81 ; 72.14 ; 20.46 ; 69.75
10:54:05;1670 ; 20.79 ; 72.19 ; 20.45 ; 69.79
10:54:08;1673 ; 20.77 ; 72.25 ; 20.39 ; 69.81
10:54:11;1676 ; 20.74 ; 72.29 ; 20.40 ; 69.82
10:54:14;1679 ; 20.72 ; 72.33 ; 20.38 ; 69.89
10:54:17;1682 ; 20.69 ; 72.38 ; 20.33 ; 69.92
10:54:20;1685 ; 20.67 ; 72.40 ; 20.32 ; 69.97
10:54:23;1688 ; 20.65 ; 72.42 ; 20.29 ; 69.96
10:54:26;1691 ; 20.63 ; 72.46 ; 20.27 ; 69.97
10:54:29;1694 ; 20.61 ; 72.48 ; 20.26 ; 70.02
10:54:32;1697 ; 20.59 ; 72.54 ; 20.23 ; 70.05
10:54:35;1700 ; 20.57 ; 72.56 ; 20.21 ; 70.08
10:54:38;1703 ; 20.55 ; 72.60 ; 20.19 ; 70.10
10:54:41;1706 ; 20.53 ; 72.63 ; 20.17 ; 70.17
10:54:44;1709 ; 20.51 ; 72.66 ; 20.15 ; 70.20
10:54:47;1712 ; 20.48 ; 72.70 ; 20.12 ; 70.20
10:54:50;1715 ; 20.46 ; 72.73 ; 20.12 ; 70.23
10:54:53;1718 ; 20.44 ; 72.82 ; 20.09 ; 70.26
10:54:56;1721 ; 20.43 ; 72.98 ; 20.09 ; 70.37
10:54:59;1724 ; 20.41 ; 73.19 ; 20.07 ; 70.51
10:55:02;1727 ; 20.40 ; 73.43 ; 20.05 ; 70.67
10:55:05;1730 ; 20.39 ; 73.61 ; 20.06 ; 70.88
10:55:08;1733 ; 20.38 ; 73.79 ; 20.04 ; 71.03
10:55:11;1736 ; 20.38 ; 73.98 ; 20.04 ; 71.19
10:55:14;1739 ; 20.37 ; 74.12 ; 20.04 ; 71.34
10:55:17;1742 ; 20.36 ; 74.24 ; 20.05 ; 71.43
10:55:20;1745 ; 20.36 ; 74.32 ; 20.04 ; 71.51
10:55:23;1748 ; 20.36 ; 74.37 ; 20.04 ; 71.54
10:55:26;1751 ; 20.36 ; 74.41 ; 20.05 ; 71.56
10:55:29;1754 ; 20.37 ; 74.43 ; 20.05 ; 71.60
10:55:32;1757 ; 20.37 ; 74.44 ; 20.09 ; 71.56
10:55:35;1760 ; 20.37 ; 74.42 ; 20.09 ; 71.56
10:55:39;1763 ; 20.39 ; 74.39 ; 20.10 ; 71.53
10:55:42;1766 ; 20.39 ; 74.34 ; 20.11 ; 71.49
10:55:45;1769 ; 20.39 ; 74.33 ; 20.13 ; 71.44
10:55:48;1772 ; 20.40 ; 74.35 ; 20.16 ; 71.39
10:55:51;1775 ; 20.41 ; 74.30 ; 20.13 ; 71.34
10:55:54;1778 ; 20.42 ; 74.29 ; 20.18 ; 71.29
10:55:57;1781 ; 20.42 ; 74.27 ; 20.16 ; 71.27
10:56:00;1784 ; 20.43 ; 74.22 ; 20.19 ; 71.21
10:56:03;1787 ; 20.43 ; 74.19 ; 20.17 ; 71.17
10:56:06;1790 ; 20.43 ; 74.14 ; 20.19 ; 71.14
10:56:09;1793 ; 20.43 ; 74.14 ; 20.19 ; 71.08
10:56:12;1796 ; 20.44 ; 74.11 ; 20.20 ; 71.05
10:56:15;1799 ; 20.44 ; 74.07 ; 20.20 ; 71.01
10:56:18;1802 ; 20.43 ; 74.05 ; 20.20 ; 71.00
10:56:21;1805 ; 20.43 ; 74.03 ; 20.19 ; 70.99
10:56:24;1808 ; 20.42 ; 74.01 ; 20.20 ; 70.96
10:56:27;1811 ; 20.41 ; 74.02 ; 20.17 ; 70.97
10:56:30;1814 ; 20.40 ; 74.00 ; 20.17 ; 70.94
10:56:33;1817 ; 20.39 ; 74.00 ; 20.13 ; 70.93
10:56:36;1820 ; 20.39 ; 73.97 ; 20.13 ; 70.92
10:56:39;1823 ; 20.37 ; 73.99 ; 20.10 ; 70.94
10:56:42;1826 ; 20.36 ; 73.98 ; 20.09 ; 70.94
10:56:45;1829 ; 20.35 ; 73.99 ; 20.08 ; 70.93
10:56:48;1832 ; 20.33 ; 73.97 ; 20.05 ; 70.95
10:56:51;1835 ; 20.33 ; 73.93 ; 20.05 ; 70.96
10:56:54;1838 ; 20.31 ; 73.97 ; 20.02 ; 70.93
10:56:57;1841 ; 20.31 ; 74.02 ; 20.02 ; 70.97
10:57:00;1844 ; 20.30 ; 74.10 ; 20.00 ; 71.00
10:57:03;1847 ; 20.29 ; 74.15 ; 20.00 ; 71.14
10:57:06;1850 ; 20.28 ; 74.22 ; 19.99 ; 71.19
10:57:09;1853 ; 20.28 ; 74.25 ; 19.99 ; 71.25
10:57:12;1856 ; 20.28 ; 74.28 ; 19.99 ; 71.27
10:57:15;1859 ; 20.27 ; 74.33 ; 19.98 ; 71.29
10:57:18;1862 ; 20.27 ; 74.34 ; 19.99 ; 71.32
10:57:21;1865 ; 20.27 ; 74.35 ; 19.98 ; 71.34
10:57:24;1868 ; 20.28 ; 74.36 ; 19.99 ; 71.35
10:57:27;1871 ; 20.27 ; 74.37 ; 20.00 ; 71.36
10:57:30;1874 ; 20.27 ; 74.37 ; 20.00 ; 71.35
10:57:33;1877 ; 20.28 ; 74.36 ; 20.01 ; 71.32
10:57:36;1880 ; 20.28 ; 74.36 ; 20.00 ; 71.31
10:57:39;1883 ; 20.29 ; 74.34 ; 20.00 ; 71.30
10:57:42;1886 ; 20.30 ; 74.33 ; 20.04 ; 71.30
10:57:45;1889 ; 20.30 ; 74.33 ; 20.04 ; 71.24
10:57:48;1892 ; 20.31 ; 74.32 ; 20.07 ; 71.21
10:57:51;1895 ; 20.31 ; 74.31 ; 20.03 ; 71.24
10:57:54;1898 ; 20.32 ; 74.28 ; 20.10 ; 71.20
10:57:57;1901 ; 20.33 ; 74.28 ; 20.08 ; 71.17
10:58:00;1904 ; 20.34 ; 74.27 ; 20.09 ; 71.17
10:58:03;1907 ; 20.35 ; 74.25 ; 20.11 ; 71.11
10:58:06;1910 ; 20.36 ; 74.24 ; 20.12 ; 71.06
10:58:09;1913 ; 20.37 ; 74.20 ; 20.11 ; 71.07
10:58:12;1916 ; 20.37 ; 74.19 ; 20.14 ; 71.03
10:58:15;1919 ; 20.38 ; 74.17 ; 20.14 ; 70.99
10:58:18;1922 ; 20.38 ; 74.15 ; 20.15 ; 70.98
10:58:21;1925 ; 20.39 ; 74.12 ; 20.16 ; 70.95
10:58:24;1928 ; 20.39 ; 74.10 ; 20.16 ; 70.97
10:58:27;1931 ; 20.38 ; 74.09 ; 20.14 ; 70.91
10:58:30;1934 ; 20.38 ; 74.09 ; 20.13 ; 70.90
10:58:33;1937 ; 20.37 ; 74.07 ; 20.11 ; 70.88
10:58:36;1940 ; 20.37 ; 74.05 ; 20.13 ; 70.87
10:58:39;1943 ; 20.37 ; 74.04 ; 20.13 ; 70.89
10:58:42;1946 ; 20.36 ; 74.04 ; 20.09 ; 70.87
10:58:45;1949 ; 20.35 ; 74.02 ; 20.08 ; 70.87
10:58:48;1952 ; 20.34 ; 74.03 ; 20.08 ; 70.91
10:58:51;1955 ; 20.32 ; 74.05 ; 20.06 ; 70.88
10:58:54;1958 ; 20.31 ; 74.05 ; 20.05 ; 70.90
10:58:57;1961 ; 20.30 ; 74.05 ; 20.02 ; 70.93
10:59:00;1964 ; 20.29 ; 74.05 ; 20.01 ; 70.96
10:59:03;1967 ; 20.28 ; 74.06 ; 20.00 ; 70.98
10:59:06;1970 ; 20.27 ; 74.09 ; 19.99 ; 71.00
10:59:09;1973 ; 20.25 ; 74.17 ; 19.99 ; 71.05
10:59:12;1976 ; 20.25 ; 74.22 ; 19.96 ; 71.12
10:59:15;1979 ; 20.24 ; 74.27 ; 19.94 ; 71.17
10:59:18;1982 ; 20.23 ; 74.32 ; 19.96 ; 71.24
10:59:22;1985 ; 20.22 ; 74.35 ; 19.92 ; 71.27
10:59:25;1988 ; 20.23 ; 74.35 ; 19.94 ; 71.26
10:59:28;1991 ; 20.22 ; 74.39 ; 19.95 ; 71.32
10:59:31;1994 ; 20.22 ; 74.42 ; 19.94 ; 71.31
10:59:34;1997 ; 20.22 ; 74.42 ; 19.94 ; 71.34
10:59:37;2000 ; 20.22 ; 74.43 ; 19.94 ; 71.34
10:59:40;2003 ; 20.23 ; 74.43 ; 19.94 ; 71.34
10:59:43;2006 ; 20.23 ; 74.44 ; 19.94 ; 71.34
10:59:46;2009 ; 20.23 ; 74.44 ; 19.93 ; 71.32
10:59:49;2012 ; 20.23 ; 74.44 ; 19.96 ; 71.34
10:59:52;2015 ; 20.24 ; 74.44 ; 19.97 ; 71.31
10:59:55;2018 ; 20.24 ; 74.44 ; 19.98 ; 71.29
10:59:58;2021 ; 20.25 ; 74.42 ; 19.99 ; 71.28
11:00:01;2024 ; 20.26 ; 74.41 ; 19.99 ; 71.27
11:00:04;2027 ; 20.27 ; 74.40 ; 20.02 ; 71.25
11:00:07;2030 ; 20.27 ; 74.40 ; 20.02 ; 71.22
11:00:10;2033 ; 20.28 ; 74.38 ; 20.03 ; 71.21
11:00:13;2036 ; 20.29 ; 74.37 ; 20.05 ; 71.19
11:00:16;2039 ; 20.30 ; 74.36 ; 20.07 ; 71.15
11:00:19;2042 ; 20.30 ; 74.33 ; 20.07 ; 71.12
11:00:22;2045 ; 20.31 ; 74.33 ; 20.07 ; 71.08
11:00:25;2048 ; 20.32 ; 74.30 ; 20.09 ; 71.05
11:00:28;2051 ; 20.33 ; 74.26 ; 20.10 ; 71.04
11:00:31;2054 ; 20.34 ; 74.25 ; 20.11 ; 71.04
11:00:34;2057 ; 20.34 ; 74.23 ; 20.11 ; 71.01
11:00:37;2060 ; 20.34 ; 74.19 ; 20.09 ; 70.99
11:00:40;2063 ; 20.35 ; 74.18 ; 20.11 ; 70.95
11:00:43;2066 ; 20.34 ; 74.17 ; 20.11 ; 70.93
11:00:46;2069 ; 20.34 ; 74.15 ; 20.10 ; 70.91
11:00:49;2072 ; 20.34 ; 74.16 ; 20.08 ; 70.92
11:00:52;2075 ; 20.33 ; 74.16 ; 20.09 ; 70.93
11:00:55;2078 ; 20.32 ; 74.18 ; 20.08 ; 70.92
11:00:58;2081 ; 20.30 ; 74.19 ; 20.05 ; 70.96
11:01:01;2084 ; 20.30 ; 74.19 ; 20.03 ; 70.97
11:01:04;2087 ; 20.29 ; 74.16 ; 20.03 ; 70.97
11:01:07;2090 ; 20.28 ; 74.17 ; 20.00 ; 70.98
11:01:10;2093 ; 20.27 ; 74.17 ; 19.98 ; 70.98
11:01:13;2096 ; 20.26 ; 74.20 ; 19.97 ; 71.04
11:01:16;2099 ; 20.24 ; 74.22 ; 19.97 ; 71.07
11:01:19;2102 ; 20.23 ; 74.27 ; 19.96 ; 71.12
11:01:22;2105 ; 20.22 ; 74.34 ; 19.95 ; 71.17
11:01:25;2108 ; 20.21 ; 74.38 ; 19.93 ; 71.20
11:01:28;2111 ; 20.20 ; 74.41 ; 19.91 ; 71.28
11:01:31;2114 ; 20.21 ; 74.43 ; 19.93 ; 71.29
11:01:34;2117 ; 20.20 ; 74.47 ; 19.91 ; 71.31
11:01:37;2120 ; 20.20 ; 74.49 ; 19.91 ; 71.34
11:01:40;2123 ; 20.20 ; 74.49 ; 19.93 ; 71.35
11:01:43;2126 ; 20.20 ; 74.50 ; 19.92 ; 71.35
11:01:46;2129 ; 20.20 ; 74.50 ; 19.94 ; 71.38
11:01:49;2132 ; 20.21 ; 74.51 ; 19.90 ; 71.33
11:01:52;2135 ; 20.20 ; 74.51 ; 19.94 ; 71.38
11:01:55;2138 ; 20.21 ; 74.51 ; 19.93 ; 71.33
11:01:58;2141 ; 20.21 ; 74.51 ; 19.95 ; 71.40
11:02:01;2144 ; 20.22 ; 74.51 ; 19.95 ; 71.33
11:02:04;2147 ; 20.21 ; 74.53 ; 19.96 ; 71.34
11:02:07;2150 ; 20.22 ; 74.53 ; 19.95 ; 71.34
11:02:10;2153 ; 20.23 ; 74.52 ; 19.97 ; 71.32
11:02:13;2156 ; 20.23 ; 74.51 ; 19.99 ; 71.31
11:02:16;2159 ; 20.24 ; 74.51 ; 19.99 ; 71.30
11:02:19;2162 ; 20.25 ; 74.51 ; 20.00 ; 71.28
11:02:22;2165 ; 20.26 ; 74.49 ; 20.01 ; 71.26
11:02:25;2168 ; 20.26 ; 74.47 ; 20.02 ; 71.24
11:02:28;2171 ; 20.27 ; 74.46 ; 20.04 ; 71.21
11:02:31;2174 ; 20.28 ; 74.44 ; 20.05 ; 71.19
11:02:34;2177 ; 20.29 ; 74.43 ; 20.07 ; 71.20
11:02:37;2180 ; 20.30 ; 74.43 ; 20.05 ; 71.16
11:02:40;2183 ; 20.31 ; 74.41 ; 20.07 ; 71.13
11:02:43;2186 ; 20.32 ; 74.38 ; 20.08 ; 71.11
11:02:46;2189 ; 20.32 ; 74.35 ; 20.12 ; 71.10
11:02:49;2192 ; 20.33 ; 74.34 ; 20.12 ; 71.07
11:02:52;2195 ; 20.33 ; 74.30 ; 20.10 ; 71.02
11:02:55;2198 ; 20.33 ; 74.28 ; 20.10 ; 71.00
11:02:58;2201 ; 20.33 ; 74.28 ; 20.11 ; 71.00
11:03:01;2204 ; 20.33 ; 74.26 ; 20.11 ; 71.01
11:03:05;2207 ; 20.32 ; 74.27 ; 20.11 ; 71.00
11:03:08;2210 ; 20.32 ; 74.26 ; 20.08 ; 71.00
11:03:11;2213 ; 20.32 ; 74.25 ; 20.08 ; 71.02
11:03:14;2216 ; 20.31 ; 74.26 ; 20.06 ; 71.03
11:03:17;2219 ; 20.30 ; 74.27 ; 20.06 ; 71.04
11:03:20;2222 ; 20.29 ; 74.28 ; 20.04 ; 71.02
11:03:23;2225 ; 20.28 ; 74.33 ; 20.04 ; 71.09
11:03:26;2228 ; 20.27 ; 74.28 ; 19.99 ; 71.07
11:03:29;2231 ; 20.25 ; 74.32 ; 19.95 ; 71.10
11:03:32;2234 ; 20.24 ; 74.35 ; 19.98 ; 71.16
11:03:35;2237 ; 20.23 ; 74.38 ; 19.95 ; 71.17
11:03:38;2240 ; 20.21 ; 74.42 ; 19.93 ; 71.21
11:03:41;2243 ; 20.20 ; 74.48 ; 19.92 ; 71.26
11:03:44;2246 ; 20.20 ; 74.51 ; 19.91 ; 71.30
11:03:47;2249 ; 20.19 ; 74.51 ; 19.91 ; 71.35
11:03:50;2252 ; 20.19 ; 74.56 ; 19.90 ; 71.40
11:03:53;2255 ; 20.18 ; 74.60 ; 19.90 ; 71.42
11:03:56;2258 ; 20.18 ; 74.62 ; 19.89 ; 71.46
11:03:59;2261 ; 20.18 ; 74.64 ; 19.89 ; 71.48
11:04:02;2264 ; 20.17 ; 74.67 ; 19.88 ; 71.53
11:04:05;2267 ; 20.18 ; 74.67 ; 19.89 ; 71.49
11:04:08;2270 ; 20.17 ; 74.67 ; 19.89 ; 71.52
11:04:11;2273 ; 20.18 ; 74.68 ; 19.92 ; 71.50
11:04:14;2276 ; 20.18 ; 74.68 ; 19.90 ; 71.50
11:04:17;2279 ; 20.19 ; 74.67 ; 19.90 ; 71.48
11:04:20;2282 ; 20.19 ; 74.68 ; 19.91 ; 71.48
11:04:23;2285 ; 20.19 ; 74.68 ; 19.93 ; 71.46
11:04:26;2288 ; 20.20 ; 74.68 ; 19.93 ; 71.45
11:04:29;2291 ; 20.20 ; 74.68 ; 19.95 ; 71.45
11:04:32;2294 ; 20.21 ; 74.67 ; 19.97 ; 71.45
11:04:35;2297 ; 20.22 ; 74.63 ; 19.95 ; 71.42
11:04:38;2300 ; 20.23 ; 74.64 ; 19.99 ; 71.42
11:04:41;2303 ; 20.23 ; 74.64 ; 19.99 ; 71.39
11:04:44;2306 ; 20.24 ; 74.63 ; 20.00 ; 71.38
11:04:47;2309 ; 20.24 ; 74.63 ; 20.00 ; 71.36
11:04:50;2312 ; 20.25 ; 74.60 ; 20.02 ; 71.36
11:04:53;2315 ; 20.26 ; 74.60 ; 20.03 ; 71.33
11:04:56;2318 ; 20.27 ; 74.58 ; 20.04 ; 71.32
11:04:59;2321 ; 20.28 ; 74.57 ; 20.05 ; 71.26
11:05:02;2324 ; 20.29 ; 74.56 ; 20.07 ; 71.25
11:05:05;2327 ; 20.30 ; 74.54 ; 20.08 ; 71.24
11:05:08;2330 ; 20.31 ; 74.52 ; 20.07 ; 71.23
11:05:11;2333 ; 20.31 ; 74.49 ; 20.10 ; 71.16
11:05:14;2336 ; 20.31 ; 74.48 ; 20.09 ; 71.15
11:05:17;2339 ; 20.31 ; 74.48 ; 20.11 ; 71.15
11:05:20;2342 ; 20.32 ; 74.45 ; 20.09 ; 71.14
11:05:23;2345 ; 20.32 ; 74.45 ; 20.07 ; 71.11
11:05:26;2348 ; 20.31 ; 74.44 ; 20.08 ; 71.10
11:05:29;2351 ; 20.31 ; 74.45 ; 20.07 ; 71.12
11:05:32;2354 ; 20.30 ; 74.44 ; 20.06 ; 71.11
11:05:35;2357 ; 20.29 ; 74.45 ; 20.04 ; 71.14
11:05:38;2360 ; 20.29 ; 74.45 ; 20.02 ; 71.15
11:05:41;2363 ; 20.28 ; 74.45 ; 20.03 ; 71.15
11:05:44;2366 ; 20.27 ; 74.47 ; 20.01 ; 71.19
11:05:47;2369 ; 20.25 ; 74.46 ; 19.97 ; 71.19
11:05:50;2372 ; 20.23 ; 74.47 ; 19.95 ; 71.22
11:05:53;2375 ; 20.22 ; 74.49 ; 19.94 ; 71.27
11:05:56;2378 ; 20.21 ; 74.52 ; 19.94 ; 71.29
11:05:59;2381 ; 20.19 ; 74.58 ; 19.93 ; 71.33
11:06:02;2384 ; 20.18 ; 74.64 ; 19.90 ; 71.39
11:06:05;2387 ; 20.17 ; 74.68 ; 19.90 ; 71.45
11:06:08;2390 ; 20.16 ; 74.71 ; 19.90 ; 71.48
11:06:11;2393 ; 20.16 ; 74.76 ; 19.87 ; 71.58
11:06:14;2396 ; 20.15 ; 74.78 ; 19.89 ; 71.57
11:06:17;2399 ; 20.15 ; 74.80 ; 19.88 ; 71.59
11:06:20;2402 ; 20.15 ; 74.81 ; 19.86 ; 71.62
11:06:23;2405 ; 20.14 ; 74.84 ; 19.87 ; 71.64
11:06:26;2408 ; 20.15 ; 74.84 ; 19.89 ; 71.65
11:06:29;2411 ; 20.15 ; 74.85 ; 19.88 ; 71.62
11:06:32;2414 ; 20.15 ; 74.87 ; 19.88 ; 71.62
11:06:35;2417 ; 20.15 ; 74.85 ; 19.89 ; 71.64
11:06:38;2420 ; 20.16 ; 74.86 ; 19.88 ; 71.65
11:06:41;2423 ; 20.16 ; 74.87 ; 19.89 ; 71.62
11:06:44;2426 ; 20.17 ; 74.86 ; 19.90 ; 71.63
11:06:48;2429 ; 20.18 ; 74.85 ; 19.90 ; 71.61
11:06:51;2432 ; 20.18 ; 74.85 ; 19.93 ; 71.60
11:06:54;2435 ; 20.18 ; 74.84 ; 19.92 ; 71.60
11:06:57;2438 ; 20.19 ; 74.85 ; 19.94 ; 71.55
11:07:00;2441 ; 20.20 ; 74.84 ; 19.96 ; 71.55
11:07:03;2444 ; 20.20 ; 74.82 ; 19.95 ; 71.52
11:07:06;2447 ; 20.21 ; 74.78 ; 19.97 ; 71.50
11:07:09;2450 ; 20.22 ; 74.78 ; 19.98 ; 71.49
11:07:12;2453 ; 20.23 ; 74.78 ; 19.97 ; 71.45
11:07:15;2456 ; 20.24 ; 74.75 ; 20.00 ; 71.42
11:07:18;2459 ; 20.24 ; 74.74 ; 20.01 ; 71.41
11:07:21;2462 ; 20.26 ; 74.73 ; 20.03 ; 71.40
11:07:24;2465 ; 20.26 ; 74.72 ; 20.02 ; 71.35
11:07:27;2468 ; 20.27 ; 74.71 ; 20.04 ; 71.34
11:07:30;2471 ; 20.28 ; 74.69 ; 20.07 ; 71.34
11:07:33;2474 ; 20.29 ; 74.67 ; 20.06 ; 71.30
11:07:36;2477 ; 20.30 ; 74.66 ; 20.07 ; 71.31
11:07:39;2480 ; 20.30 ; 74.65 ; 20.08 ; 71.26
11:07:42;2483 ; 20.30 ; 74.63 ; 20.08 ; 71.28
11:07:45;2486 ; 20.30 ; 74.62 ; 20.08 ; 71.24
11:07:48;2489 ; 20.31 ; 74.62 ; 20.08 ; 71.22
11:07:51;2492 ; 20.30 ; 74.59 ; 20.07 ; 71.23
11:07:54;2495 ; 20.30 ; 74.58 ; 20.07 ; 71.22
11:07:57;2498 ; 20.29 ; 74.59 ; 20.07 ; 71.24
11:08:00;2501 ; 20.28 ; 74.59 ; 20.04 ; 71.24
11:08:03;2504 ; 20.28 ; 74.59 ; 20.04 ; 71.25
11:08:06;2507 ; 20.27 ; 74.60 ; 20.03 ; 71.29
11:08:09;2510 ; 20.26 ; 74.61 ; 20.02 ; 71.32
11:08:12;2513 ; 20.24 ; 74.61 ; 19.99 ; 71.30
11:08:15;2516 ; 20.23 ; 74.61 ; 19.97 ; 71.34
11:08:18;2519 ; 20.22 ; 74.62 ; 19.97 ; 71.34
11:08:21;2522 ; 20.20 ; 74.66 ; 19.93 ; 71.37
11:08:24;2525 ; 20.19 ; 74.71 ; 19.90 ; 71.42
11:08:27;2528 ; 20.17 ; 74.76 ; 19.91 ; 71.47
11:08:30;2531 ; 20.16 ; 74.79 ; 19.89 ; 71.54
11:08:33;2534 ; 20.15 ; 74.82 ; 19.88 ; 71.60
11:08:36;2537 ; 20.15 ; 74.86 ; 19.87 ; 71.63
11:08:39;2540 ; 20.15 ; 74.90 ; 19.86 ; 71.66
11:08:42;2543 ; 20.14 ; 74.93 ; 19.86 ; 71.66
11:08:45;2546 ; 20.13 ; 74.96 ; 19.85 ; 71.71
11:08:48;2549 ; 20.12 ; 74.99 ; 19.87 ; 71.75
11:08:51;2552 ; 20.13 ; 74.99 ; 19.87 ; 71.75
11:08:54;2555 ; 20.13 ; 74.99 ; 19.87 ; 71.75
11:08:57;2558 ; 20.13 ; 75.02 ; 19.87 ; 71.77
11:09:00;2561 ; 20.13 ; 75.00 ; 19.85 ; 71.77
11:09:03;2564 ; 20.13 ; 75.02 ; 19.86 ; 71.78
11:09:06;2567 ; 20.14 ; 75.03 ; 19.88 ; 71.77
11:09:09;2570 ; 20.14 ; 75.03 ; 19.88 ; 71.78
11:09:12;2573 ; 20.15 ; 75.04 ; 19.89 ; 71.74
11:09:15;2576 ; 20.15 ; 75.03 ; 19.89 ; 71.76
11:09:18;2579 ; 20.16 ; 75.01 ; 19.91 ; 71.73
11:09:21;2582 ; 20.17 ; 75.01 ; 19.91 ; 71.70
11:09:24;2585 ; 20.18 ; 75.02 ; 19.93 ; 71.70
11:09:27;2588 ; 20.18 ; 74.98 ; 19.93 ; 71.70
11:09:30;2591 ; 20.18 ; 74.99 ; 19.94 ; 71.70
11:09:33;2594 ; 20.19 ; 74.98 ; 19.95 ; 71.66
11:09:36;2597 ; 20.20 ; 74.97 ; 19.96 ; 71.63
11:09:39;2600 ; 20.21 ; 74.96 ; 19.98 ; 71.62
11:09:42;2603 ; 20.22 ; 74.94 ; 19.97 ; 71.60
11:09:45;2606 ; 20.22 ; 74.94 ; 20.00 ; 71.58
11:09:48;2609 ; 20.24 ; 74.93 ; 20.02 ; 71.57
11:09:51;2612 ; 20.24 ; 74.92 ; 20.01 ; 71.55
11:09:54;2615 ; 20.26 ; 74.91 ; 20.04 ; 71.54
11:09:57;2618 ; 20.26 ; 74.88 ; 20.04 ; 71.52
11:10:00;2621 ; 20.27 ; 74.86 ; 20.04 ; 71.49
11:10:03;2624 ; 20.28 ; 74.86 ; 20.05 ; 71.46
11:10:06;2627 ; 20.29 ; 74.81 ; 20.07 ; 71.45
11:10:09;2630 ; 20.29 ; 74.81 ; 20.08 ; 71.41
11:10:12;2633 ; 20.29 ; 74.78 ; 20.08 ; 71.37
11:10:15;2636 ; 20.29 ; 74.77 ; 20.07 ; 71.38
11:10:18;2639 ; 20.29 ; 74.75 ; 20.08 ; 71.36
11:10:21;2642 ; 20.29 ; 74.76 ; 20.04 ; 71.37
11:10:24;2645 ; 20.28 ; 74.77 ; 20.05 ; 71.38
11:10:27;2648 ; 20.28 ; 74.73 ; 20.03 ; 71.37
11:10:31;2651 ; 20.26 ; 74.79 ; 20.01 ; 71.39
11:10:34;2654 ; 20.25 ; 74.77 ; 19.98 ; 71.40
11:10:37;2657 ; 20.25 ; 74.77 ; 19.99 ; 71.43
11:10:40;2660 ; 20.24 ; 74.77 ; 19.97 ; 71.44
11:10:43;2663 ; 20.22 ; 74.79 ; 19.94 ; 71.46
11:10:46;2666 ; 20.21 ; 74.80 ; 19.96 ; 71.46
11:10:49;2669 ; 20.20 ; 74.83 ; 19.92 ; 71.51
11:10:52;2672 ; 20.19 ; 74.87 ; 19.91 ; 71.57
11:10:55;2675 ; 20.17 ; 74.91 ; 19.88 ; 71.61
11:10:58;2678 ; 20.16 ; 74.96 ; 19.90 ; 71.65
11:11:01;2681 ; 20.16 ; 75.00 ; 19.88 ; 71.70
11:11:04;2684 ; 20.15 ; 75.03 ; 19.85 ; 71.74
11:11:07;2687 ; 20.15 ; 75.06 ; 19.88 ; 71.79
11:11:10;2690 ; 20.14 ; 75.08 ; 19.89 ; 71.82
11:11:13;2693 ; 20.14 ; 75.12 ; 19.87 ; 71.84
11:11:16;2696 ; 20.14 ; 75.13 ; 19.85 ; 71.86
11:11:19;2699 ; 20.14 ; 75.14 ; 19.88 ; 71.87
11:11:22;2702 ; 20.14 ; 75.16 ; 19.88 ; 71.89
11:11:25;2705 ; 20.13 ; 75.16 ; 19.85 ; 71.86
11:11:28;2708 ; 20.14 ; 75.16 ; 19.88 ; 71.87
11:11:31;2711 ; 20.14 ; 75.16 ; 19.88 ; 71.88
11:11:34;2714 ; 20.14 ; 75.16 ; 19.88 ; 71.83
11:11:37;2717 ; 20.15 ; 75.16 ; 19.88 ; 71.86
11:11:40;2720 ; 20.15 ; 75.16 ; 19.89 ; 71.86
11:11:43;2723 ; 20.15 ; 75.16 ; 19.92 ; 71.86
11:11:46;2726 ; 20.16 ; 75.16 ; 19.90 ; 71.85
11:11:49;2729 ; 20.17 ; 75.15 ; 19.92 ; 71.84
11:11:52;2732 ; 20.17 ; 75.15 ; 19.93 ; 71.85
11:11:55;2735 ; 20.18 ; 75.13 ; 19.94 ; 71.80
11:11:58;2738 ; 20.19 ; 75.14 ; 19.94 ; 71.79
11:12:01;2741 ; 20.20 ; 75.14 ; 19.94 ; 71.75
11:12:04;2744 ; 20.20 ; 75.12 ; 19.96 ; 71.75
11:12:07;2747 ; 20.21 ; 75.09 ; 19.97 ; 71.74
11:12:10;2750 ; 20.22 ; 75.10 ; 19.97 ; 71.70
11:12:13;2753 ; 20.23 ; 75.09 ; 20.00 ; 71.68
11:12:16;2756 ; 20.24 ; 75.08 ; 20.00 ; 71.66
11:12:19;2759 ; 20.25 ; 75.05 ; 20.01 ; 71.65
11:12:22;2762 ; 20.26 ; 75.05 ; 20.04 ; 71.65
11:12:25;2765 ; 20.26 ; 75.04 ; 20.02 ; 71.62
11:12:28;2768 ; 20.28 ; 75.02 ; 20.06 ; 71.58
11:12:31;2771 ; 20.28 ; 75.01 ; 20.07 ; 71.57
11:12:34;2774 ; 20.28 ; 74.98 ; 20.07 ; 71.55
11:12:37;2777 ; 20.29 ; 74.96 ; 20.06 ; 71.50
11:12:40;2780 ; 20.29 ; 74.95 ; 20.08 ; 71.50
11:12:43;2783 ; 20.29 ; 74.94 ; 20.07 ; 71.49
11:12:46;2786 ; 20.28 ; 74.95 ; 20.05 ; 71.48
11:12:49;2789 ; 20.28 ; 74.93 ; 20.05 ; 71.50
11:12:52;2792 ; 20.27 ; 74.92 ; 20.04 ; 71.52
11:12:55;2795 ; 20.26 ; 74.92 ; 20.01 ; 71.54
11:12:58;2798 ; 20.26 ; 74.93 ; 20.00 ; 71.54
11:13:01;2801 ; 20.25 ; 74.93 ; 19.98 ; 71.54
11:13:04;2804 ; 20.24 ; 74.95 ; 19.97 ; 71.55
11:13:07;2807 ; 20.22 ; 74.96 ; 19.97 ; 71.59
11:13:10;2810 ; 20.21 ; 74.99 ; 19.94 ; 71.63
11:13:13;2813 ; 20.20 ; 74.98 ; 19.93 ; 71.64
11:13:16;2816 ; 20.18 ; 75.05 ; 19.91 ; 71.70
11:13:19;2819 ; 20.16 ; 75.07 ; 19.90 ; 71.74
11:13:22;2822 ; 20.16 ; 75.13 ; 19.89 ; 71.79
11:13:25;2825 ; 20.14 ; 75.17 ; 19.87 ; 71.83
11:13:28;2828 ; 20.15 ; 75.19 ; 19.87 ; 71.86
11:13:31;2831 ; 20.14 ; 75.23 ; 19.86 ; 71.93
11:13:34;2834 ; 20.13 ; 75.25 ; 19.86 ; 71.93
11:13:37;2837 ; 20.13 ; 75.25 ; 19.87 ; 71.94
11:13:40;2840 ; 20.12 ; 75.28 ; 19.84 ; 71.94
11:13:43;2843 ; 20.12 ; 75.30 ; 19.85 ; 71.97
11:13:46;2846 ; 20.13 ; 75.29 ; 19.85 ; 71.99
11:13:49;2849 ; 20.12 ; 75.30 ; 19.85 ; 71.97
11:13:52;2852 ; 20.12 ; 75.31 ; 19.85 ; 71.98
11:13:55;2855 ; 20.13 ; 75.30 ; 19.86 ; 71.99
11:13:58;2858 ; 20.13 ; 75.31 ; 19.87 ; 71.98
11:14:01;2861 ; 20.14 ; 75.30 ; 19.88 ; 71.96
11:14:04;2864 ; 20.14 ; 75.31 ; 19.88 ; 71.95
11:14:07;2867 ; 20.15 ; 75.31 ; 19.90 ; 71.98
11:14:10;2870 ; 20.15 ; 75.31 ; 19.91 ; 71.95
11:14:14;2873 ; 20.16 ; 75.32 ; 19.91 ; 71.94
11:14:17;2876 ; 20.16 ; 75.31 ; 19.93 ; 71.91
11:14:20;2879 ; 20.17 ; 75.30 ; 19.93 ; 71.93
11:14:23;2882 ; 20.17 ; 75.29 ; 19.94 ; 71.90
11:14:26;2885 ; 20.18 ; 75.28 ; 19.95 ; 71.92
11:14:29;2888 ; 20.19 ; 75.27 ; 19.96 ; 71.87
11:14:32;2891 ; 20.20 ; 75.27 ; 19.96 ; 71.86
11:14:35;2894 ; 20.21 ; 75.26 ; 19.97 ; 71.85
11:14:38;2897 ; 20.21 ; 75.23 ; 19.98 ; 71.85
11:14:41;2900 ; 20.22 ; 75.23 ; 19.99 ; 71.77
11:14:44;2903 ; 20.23 ; 75.21 ; 20.00 ; 71.76
11:14:47;2906 ; 20.24 ; 75.19 ; 20.00 ; 71.74
11:14:50;2909 ; 20.25 ; 75.17 ; 20.01 ; 71.73
11:14:53;2912 ; 20.26 ; 75.14 ; 20.02 ; 71.72
11:14:56;2915 ; 20.27 ; 75.14 ; 20.04 ; 71.69
11:14:59;2918 ; 20.27 ; 75.13 ; 20.05 ; 71.66
11:15:02;2921 ; 20.28 ; 75.11 ; 20.05 ; 71.64
11:15:05;2924 ; 20.27 ; 75.11 ; 20.04 ; 71.62
11:15:08;2927 ; 20.27 ; 75.11 ; 20.06 ; 71.64
11:15:11;2930 ; 20.28 ; 75.09 ; 20.07 ; 71.64
11:15:14;2933 ; 20.27 ; 75.09 ; 20.04 ; 71.64
11:15:17;2936 ; 20.26 ; 75.10 ; 20.01 ; 71.64
11:15:20;2939 ; 20.25 ; 75.08 ; 20.02 ; 71.64
11:15:23;2942 ; 20.24 ; 75.10 ; 20.00 ; 71.67
11:15:26;2945 ; 20.24 ; 75.10 ; 19.99 ; 71.69
11:15:29;2948 ; 20.22 ; 75.11 ; 19.97 ; 71.71
11:15:32;2951 ; 20.21 ; 75.11 ; 19.95 ; 71.73
11:15:35;2954 ; 20.20 ; 75.13 ; 19.93 ; 71.75
11:15:38;2957 ; 20.18 ; 75.13 ; 19.91 ; 71.77
11:15:41;2960 ; 20.17 ; 75.18 ; 19.89 ; 71.80
11:15:44;2963 ; 20.15 ; 75.22 ; 19.87 ; 71.84
11:15:47;2966 ; 20.15 ; 75.26 ; 19.86 ; 71.90
11:15:50;2969 ; 20.14 ; 75.29 ; 19.86 ; 71.97
11:15:53;2972 ; 20.13 ; 75.32 ; 19.86 ; 71.99
11:15:56;2975 ; 20.13 ; 75.38 ; 19.84 ; 72.01
11:15:59;2978 ; 20.12 ; 75.44 ; 19.84 ; 72.07
11:16:02;2981 ; 20.12 ; 75.42 ; 19.84 ; 72.09
11:16:05;2984 ; 20.11 ; 75.44 ; 19.82 ; 72.11
11:16:08;2987 ; 20.11 ; 75.46 ; 19.85 ; 72.13
11:16:11;2990 ; 20.11 ; 75.51 ; 19.85 ; 72.14
11:16:14;2993 ; 20.11 ; 75.52 ; 19.84 ; 72.16
11:16:17;2996 ; 20.11 ; 75.50 ; 19.85 ; 72.16
11:16:20;2999 ; 20.11 ; 75.51 ; 19.86 ; 72.18
11:16:23;3002 ; 20.11 ; 75.51 ; 19.84 ; 72.15
11:16:26;3005 ; 20.12 ; 75.50 ; 19.86 ; 72.14
11:16:29;3008 ; 20.12 ; 75.51 ; 19.84 ; 72.13
11:16:32;3011 ; 20.13 ; 75.52 ; 19.87 ; 72.15
11:16:35;3014 ; 20.13 ; 75.51 ; 19.88 ; 72.10
11:16:38;3017 ; 20.14 ; 75.50 ; 19.87 ; 72.12
11:16:41;3020 ; 20.14 ; 75.50 ; 19.90 ; 72.11
11:16:44;3023 ; 20.15 ; 75.50 ; 19.90 ; 72.07
11:16:47;3026 ; 20.16 ; 75.47 ; 19.92 ; 72.09
11:16:50;3029 ; 20.16 ; 75.48 ; 19.94 ; 72.04
11:16:53;3032 ; 20.17 ; 75.47 ; 19.93 ; 72.03
11:16:56;3035 ; 20.18 ; 75.46 ; 19.94 ; 72.04
11:16:59;3038 ; 20.19 ; 75.44 ; 19.94 ; 71.99
11:17:02;3041 ; 20.20 ; 75.45 ; 19.96 ; 71.99
11:17:05;3044 ; 20.21 ; 75.42 ; 19.97 ; 71.96
11:17:08;3047 ; 20.21 ; 75.41 ; 19.99 ; 71.97
11:17:11;3050 ; 20.22 ; 75.41 ; 19.98 ; 71.89
11:17:14;3053 ; 20.23 ; 75.38 ; 20.00 ; 71.91
11:17:17;3056 ; 20.23 ; 75.36 ; 20.01 ; 71.87
11:17:20;3059 ; 20.25 ; 75.34 ; 20.04 ; 71.85
11:17:23;3062 ; 20.26 ; 75.32 ; 20.05 ; 71.83
11:17:26;3065 ; 20.26 ; 75.31 ; 20.05 ; 71.80
11:17:29;3068 ; 20.27 ; 75.27 ; 20.05 ; 71.79
11:17:32;3071 ; 20.27 ; 75.28 ; 20.05 ; 71.77
11:17:35;3074 ; 20.27 ; 75.27 ; 20.05 ; 71.78
11:17:38;3077 ; 20.27 ; 75.26 ; 20.03 ; 71.77
11:17:41;3080 ; 20.27 ; 75.26 ; 20.03 ; 71.76
11:17:44;3083 ; 20.26 ; 75.24 ; 20.03 ; 71.76
11:17:47;3086 ; 20.25 ; 75.23 ; 20.04 ; 71.78
11:17:50;3089 ; 20.25 ; 75.24 ; 20.00 ; 71.76
11:17:53;3092 ; 20.24 ; 75.24 ; 20.00 ; 71.79
11:17:57;3095 ; 20.23 ; 75.23 ; 19.97 ; 71.80
11:18:00;3098 ; 20.22 ; 75.25 ; 19.96 ; 71.80
11:18:03;3101 ; 20.20 ; 75.25 ; 19.95 ; 71.84
11:18:06;3104 ; 20.19 ; 75.27 ; 19.92 ; 71.85
11:18:09;3107 ; 20.18 ; 75.29 ; 19.90 ; 71.88
11:18:12;3110 ; 20.16 ; 75.33 ; 19.89 ; 71.91
11:18:15;3113 ; 20.15 ; 75.37 ; 19.86 ; 71.98
11:18:18;3116 ; 20.14 ; 75.40 ; 19.88 ; 72.01
11:18:21;3119 ; 20.13 ; 75.45 ; 19.85 ; 72.06
11:18:24;3122 ; 20.13 ; 75.48 ; 19.86 ; 72.12
11:18:27;3125 ; 20.12 ; 75.50 ; 19.85 ; 72.14
11:18:30;3128 ; 20.12 ; 75.53 ; 19.85 ; 72.15
11:18:33;3131 ; 20.12 ; 75.55 ; 19.84 ; 72.19
11:18:36;3134 ; 20.12 ; 75.58 ; 19.85 ; 72.23
11:18:39;3137 ; 20.12 ; 75.60 ; 19.84 ; 72.23
11:18:42;3140 ; 20.12 ; 75.61 ; 19.84 ; 72.27
11:18:45;3143 ; 20.11 ; 75.62 ; 19.84 ; 72.23
11:18:48;3146 ; 20.11 ; 75.65 ; 19.85 ; 72.23
11:18:51;3149 ; 20.12 ; 75.63 ; 19.85 ; 72.24
11:18:54;3152 ; 20.12 ; 75.64 ; 19.86 ; 72.27
11:18:57;3155 ; 20.12 ; 75.64 ; 19.86 ; 72.25
11:19:00;3158 ; 20.12 ; 75.65 ; 19.87 ; 72.23
11:19:03;3161 ; 20.12 ; 75.64 ; 19.88 ; 72.20
11:19:06;3164 ; 20.13 ; 75.63 ; 19.89 ; 72.20
11:19:09;3167 ; 20.14 ; 75.63 ; 19.89 ; 72.23
11:19:12;3170 ; 20.14 ; 75.62 ; 19.90 ; 72.20
11:19:15;3173 ; 20.15 ; 75.61 ; 19.91 ; 72.20
11:19:18;3176 ; 20.15 ; 75.61 ; 19.93 ; 72.17
11:19:21;3179 ; 20.16 ; 75.60 ; 19.90 ; 72.13
11:19:24;3182 ; 20.17 ; 75.59 ; 19.93 ; 72.14
11:19:27;3185 ; 20.18 ; 75.58 ; 19.94 ; 72.13
11:19:30;3188 ; 20.19 ; 75.56 ; 19.94 ; 72.09
11:19:33;3191 ; 20.20 ; 75.56 ; 19.96 ; 72.08
11:19:36;3194 ; 20.21 ; 75.56 ; 19.96 ; 72.06
11:19:39;3197 ; 20.21 ; 75.55 ; 19.96 ; 72.06
11:19:42;3200 ; 20.22 ; 75.52 ; 19.99 ; 72.01
11:19:45;3203 ; 20.22 ; 75.50 ; 19.99 ; 72.01
11:19:48;3206 ; 20.24 ; 75.50 ; 20.02 ; 71.97
11:19:51;3209 ; 20.25 ; 75.47 ; 20.01 ; 71.97
11:19:54;3212 ; 20.25 ; 75.44 ; 20.04 ; 71.94
11:19:57;3215 ; 20.26 ; 75.43 ; 20.05 ; 71.93
11:20:00;3218 ; 20.26 ; 75.42 ; 20.05 ; 71.93
11:20:03;3221 ; 20.27 ; 75.40 ; 20.05 ; 71.90
11:20:06;3224 ; 20.27 ; 75.39 ; 20.04 ; 71.86
11:20:09;3227 ; 20.26 ; 75.38 ; 20.03 ; 71.87
11:20:12;3230 ; 20.26 ; 75.39 ; 20.03 ; 71.88
11:20:15;3233 ; 20.25 ; 75.38 ; 20.00 ; 71.87
11:20:18;3236 ; 20.24 ; 75.40 ; 20.00 ; 71.89
11:20:21;3239 ; 20.23 ; 75.41 ; 20.00 ; 71.88
11:20:24;3242 ; 20.23 ; 75.40 ; 19.99 ; 71.90
11:20:27;3245 ; 20.22 ; 75.39 ; 19.95 ; 71.93
11:20:30;3248 ; 20.20 ; 75.39 ; 19.96 ; 71.92
11:20:33;3251 ; 20.19 ; 75.40 ; 19.93 ; 71.97
11:20:36;3254 ; 20.18 ; 75.44 ; 19.91 ; 72.00
11:20:39;3257 ; 20.17 ; 75.47 ; 19.89 ; 72.01
11:20:42;3260 ; 20.15 ; 75.53 ; 19.86 ; 72.07
11:20:45;3263 ; 20.14 ; 75.56 ; 19.86 ; 72.13
11:20:48;3266 ; 20.14 ; 75.59 ; 19.87 ; 72.18
11:20:51;3269 ; 20.13 ; 75.61 ; 19.85 ; 72.21
11:20:54;3272 ; 20.12 ; 75.63 ; 19.86 ; 72.23
11:20:57;3275 ; 20.12 ; 75.66 ; 19.84 ; 72.24
11:21:00;3278 ; 20.12 ; 75.69 ; 19.85 ; 72.29
11:21:03;3281 ; 20.12 ; 75.69 ; 19.84 ; 72.29
11:21:06;3284 ; 20.12 ; 75.73 ; 19.83 ; 72.31
11:21:09;3287 ; 20.11 ; 75.74 ; 19.84 ; 72.31
11:21:12;3290 ; 20.12 ; 75.75 ; 19.87 ; 72.32
11:21:15;3293 ; 20.12 ; 75.75 ; 19.86 ; 72.33
11:21:18;3296 ; 20.12 ; 75.75 ; 19.86 ; 72.35
11:21:21;3299 ; 20.13 ; 75.76 ; 19.88 ; 72.36
11:21:24;3302 ; 20.13 ; 75.75 ; 19.88 ; 72.32
11:21:27;3305 ; 20.13 ; 75.76 ; 19.88 ; 72.33
11:21:30;3308 ; 20.14 ; 75.75 ; 19.89 ; 72.32
11:21:33;3311 ; 20.15 ; 75.75 ; 19.89 ; 72.29
11:21:36;3314 ; 20.15 ; 75.73 ; 19.89 ; 72.27
11:21:40;3317 ; 20.16 ; 75.71 ; 19.91 ; 72.29
11:21:43;3320 ; 20.16 ; 75.71 ; 19.92 ; 72.23
11:21:46;3323 ; 20.17 ; 75.73 ; 19.92 ; 72.24
11:21:49;3326 ; 20.18 ; 75.68 ; 19.94 ; 72.22
11:21:52;3329 ; 20.18 ; 75.68 ; 19.96 ; 72.21
11:21:55;3332 ; 20.19 ; 75.69 ; 19.95 ; 72.19
11:21:58;3335 ; 20.20 ; 75.69 ; 19.97 ; 72.17
11:22:01;3338 ; 20.21 ; 75.67 ; 19.95 ; 72.16
11:22:04;3341 ; 20.21 ; 75.64 ; 19.99 ; 72.16
11:22:07;3344 ; 20.22 ; 75.64 ; 20.00 ; 72.12
11:22:10;3347 ; 20.23 ; 75.62 ; 20.02 ; 72.09
11:22:13;3350 ; 20.24 ; 75.61 ; 20.01 ; 72.07
11:22:16;3353 ; 20.24 ; 75.60 ; 20.04 ; 72.05
11:22:19;3356 ; 20.26 ; 75.56 ; 20.02 ; 72.02
11:22:22;3359 ; 20.26 ; 75.56 ; 20.05 ; 72.01
11:22:25;3362 ; 20.27 ; 75.54 ; 20.03 ; 72.01
11:22:28;3365 ; 20.27 ; 75.52 ; 20.03 ; 71.99
11:22:31;3368 ; 20.26 ; 75.51 ; 20.04 ; 71.97
11:22:34;3371 ; 20.26 ; 75.51 ; 20.04 ; 71.96
11:22:37;3374 ; 20.26 ; 75.51 ; 20.02 ; 71.98
11:22:40;3377 ; 20.25 ; 75.51 ; 20.01 ; 71.99
11:22:43;3380 ; 20.24 ; 75.51 ; 20.00 ; 72.03
11:22:46;3383 ; 20.23 ; 75.52 ; 19.99 ; 71.99
11:22:49;3386 ; 20.22 ; 75.52 ; 19.97 ; 72.02
11:22:52;3389 ; 20.21 ; 75.52 ; 19.95 ; 72.05
11:22:55;3392 ; 20.20 ; 75.52 ; 19.95 ; 72.06
11:22:58;3395 ; 20.19 ; 75.54 ; 19.92 ; 72.06
11:23:01;3398 ; 20.17 ; 75.58 ; 19.91 ; 72.11
11:23:04;3401 ; 20.16 ; 75.62 ; 19.89 ; 72.17
11:23:07;3404 ; 20.15 ; 75.67 ; 19.87 ; 72.21
11:23:10;3407 ; 20.14 ; 75.71 ; 19.88 ; 72.25
11:23:13;3410 ; 20.13 ; 75.74 ; 19.85 ; 72.30
11:23:16;3413 ; 20.12 ; 75.76 ; 19.85 ; 72.33
11:23:19;3416 ; 20.12 ; 75.79 ; 19.86 ; 72.36
11:23:22;3419 ; 20.11 ; 75.82 ; 19.85 ; 72.38
11:23:25;3422 ; 20.12 ; 75.84 ; 19.84 ; 72.38
11:23:28;3425 ; 20.11 ; 75.86 ; 19.82 ; 72.41
11:23:31;3428 ; 20.11 ; 75.84 ; 19.85 ; 72.41
11:23:34;3431 ; 20.11 ; 75.86 ; 19.84 ; 72.46
11:23:37;3434 ; 20.11 ; 75.87 ; 19.85 ; 72.43
11:23:40;3437 ; 20.11 ; 75.86 ; 19.86 ; 72.46
11:23:43;3440 ; 20.12 ; 75.87 ; 19.86 ; 72.45
11:23:46;3443 ; 20.12 ; 75.88 ; 19.86 ; 72.46
11:23:49;3446 ; 20.12 ; 75.87 ; 19.86 ; 72.44
11:23:52;3449 ; 20.13 ; 75.87 ; 19.86 ; 72.41
11:23:55;3452 ; 20.13 ; 75.88 ; 19.87 ; 72.39
11:23:58;3455 ; 20.14 ; 75.87 ; 19.88 ; 72.40
11:24:01;3458 ; 20.14 ; 75.89 ; 19.90 ; 72.38
11:24:04;3461 ; 20.15 ; 75.87 ; 19.89 ; 72.39
11:24:07;3464 ; 20.16 ; 75.86 ; 19.92 ; 72.37
11:24:10;3467 ; 20.17 ; 75.88 ; 19.92 ; 72.36
11:24:13;3470 ; 20.17 ; 75.87 ; 19.93 ; 72.33
11:24:16;3473 ; 20.18 ; 75.84 ; 19.94 ; 72.34
11:24:19;3476 ; 20.19 ; 75.84 ; 19.93 ; 72.29
11:24:22;3479 ; 20.20 ; 75.82 ; 19.96 ; 72.27
11:24:25;3482 ; 20.20 ; 75.80 ; 19.98 ; 72.28
11:24:28;3485 ; 20.21 ; 75.78 ; 19.95 ; 72.23
11:24:31;3488 ; 20.21 ; 75.77 ; 19.97 ; 72.21
11:24:34;3491 ; 20.22 ; 75.76 ; 20.00 ; 72.20
11:24:37;3494 ; 20.23 ; 75.75 ; 19.99 ; 72.21
11:24:40;3497 ; 20.24 ; 75.74 ; 19.99 ; 72.16
11:24:43;3500 ; 20.25 ; 75.72 ; 20.02 ; 72.15
11:24:46;3503 ; 20.26 ; 75.67 ; 20.05 ; 72.15
11:24:49;3506 ; 20.27 ; 75.69 ; 20.04 ; 72.11
11:24:52;3509 ; 20.27 ; 75.67 ; 20.04 ; 72.07
11:24:55;3512 ; 20.27 ; 75.67 ; 20.05 ; 72.07
11:24:58;3515 ; 20.27 ; 75.63 ; 20.05 ; 72.09
11:25:01;3518 ; 20.26 ; 75.62 ; 20.02 ; 72.08
11:25:04;3521 ; 20.26 ; 75.64 ; 20.01 ; 72.06
11:25:07;3524 ; 20.25 ; 75.62 ; 20.01 ; 72.06
11:25:10;3527 ; 20.24 ; 75.64 ; 20.01 ; 72.07
11:25:13;3530 ; 20.23 ; 75.63 ; 19.98 ; 72.07
11:25:16;3533 ; 20.22 ; 75.64 ; 19.99 ; 72.10
11:25:19;3536 ; 20.21 ; 75.63 ; 19.95 ; 72.13
11:25:23;3539 ; 20.20 ; 75.64 ; 19.92 ; 72.13
11:25:26;3542 ; 20.18 ; 75.65 ; 19.92 ; 72.17
11:25:29;3545 ; 20.16 ; 75.67 ; 19.90 ; 72.17
11:25:32;3548 ; 20.15 ; 75.73 ; 19.87 ; 72.23
11:25:35;3551 ; 20.14 ; 75.76 ; 19.86 ; 72.29
11:25:38;3554 ; 20.13 ; 75.79 ; 19.85 ; 72.34
11:25:41;3557 ; 20.12 ; 75.84 ; 19.85 ; 72.38
11:25:44;3560 ; 20.12 ; 75.89 ; 19.84 ; 72.44
11:25:47;3563 ; 20.11 ; 75.90 ; 19.83 ; 72.47
11:25:50;3566 ; 20.11 ; 75.95 ; 19.82 ; 72.52
11:25:53;3569 ; 20.10 ; 75.96 ; 19.84 ; 72.52
11:25:56;3572 ; 20.10 ; 75.98 ; 19.82 ; 72.54
11:25:59;3575 ; 20.10 ; 75.99 ; 19.84 ; 72.55
11:26:02;3578 ; 20.10 ; 76.01 ; 19.81 ; 72.56
11:26:05;3581 ; 20.09 ; 76.02 ; 19.82 ; 72.60
11:26:08;3584 ; 20.09 ; 76.02 ; 19.81 ; 72.58
11:26:11;3587 ; 20.10 ; 76.04 ; 19.81 ; 72.59
11:26:14;3590 ; 20.10 ; 76.03 ; 19.85 ; 72.62
11:26:17;3593 ; 20.10 ; 76.04 ; 19.84 ; 72.58
11:26:20;3596 ; 20.11 ; 76.04 ; 19.83 ; 72.59
11:26:23;3599 ; 20.10 ; 76.06 ; 19.85 ; 72.58
11:26:26;3602 ; 20.11 ; 76.05 ; 19.85 ; 72.54
11:26:29;3605 ; 20.11 ; 76.06 ; 19.86 ; 72.53
11:26:32;3608 ; 20.12 ; 76.05 ; 19.89 ; 72.54
11:26:35;3611 ; 20.12 ; 76.03 ; 19.88 ; 72.51
11:26:38;3614 ; 20.13 ; 76.02 ; 19.91 ; 72.53
11:26:41;3617 ; 20.14 ; 76.02 ; 19.91 ; 72.51
11:26:44;3620 ; 20.14 ; 76.02 ; 19.91 ; 72.50
11:26:47;3623 ; 20.16 ; 76.00 ; 19.91 ; 72.48
11:26:50;3626 ; 20.16 ; 75.99 ; 19.92 ; 72.45
11:26:53;3629 ; 20.16 ; 75.98 ; 19.93 ; 72.43
11:26:56;3632 ; 20.17 ; 75.98 ; 19.95 ; 72.43
11:26:59;3635 ; 20.18 ; 75.97 ; 19.96 ; 72.39
11:27:02;3638 ; 20.19 ; 75.94 ; 19.97 ; 72.35
11:27:05;3641 ; 20.20 ; 75.94 ; 19.98 ; 72.37
11:27:08;3644 ; 20.21 ; 75.93 ; 19.98 ; 72.33
11:27:11;3647 ; 20.21 ; 75.91 ; 19.98 ; 72.30
11:27:14;3650 ; 20.23 ; 75.90 ; 20.03 ; 72.29
11:27:17;3653 ; 20.23 ; 75.87 ; 20.02 ; 72.29
11:27:20;3656 ; 20.25 ; 75.87 ; 20.01 ; 72.26
11:27:23;3659 ; 20.25 ; 75.85 ; 20.01 ; 72.24
11:27:26;3662 ; 20.26 ; 75.83 ; 20.02 ; 72.23
11:27:29;3665 ; 20.26 ; 75.83 ; 20.03 ; 72.20
11:27:32;3668 ; 20.26 ; 75.80 ; 20.04 ; 72.18
11:27:35;3671 ; 20.26 ; 75.80 ; 20.04 ; 72.18
11:27:38;3674 ; 20.25 ; 75.80 ; 20.04 ; 72.19
11:27:41;3677 ; 20.25 ; 75.78 ; 20.03 ; 72.18
11:27:44;3680 ; 20.25 ; 75.78 ; 20.03 ; 72.19
11:27:47;3683 ; 20.23 ; 75.79 ; 19.99 ; 72.21
11:27:50;3686 ; 20.23 ; 75.77 ; 19.99 ; 72.20
11:27:53;3689 ; 20.22 ; 75.78 ; 19.96 ; 72.19
11:27:56;3692 ; 20.21 ; 75.79 ; 19.95 ; 72.24
11:27:59;3695 ; 20.19 ; 75.80 ; 19.94 ; 72.27
11:28:02;3698 ; 20.18 ; 75.79 ; 19.92 ; 72.25
11:28:05;3701 ; 20.16 ; 75.82 ; 19.89 ; 72.29
11:28:08;3704 ; 20.15 ; 75.85 ; 19.86 ; 72.35
11:28:11;3707 ; 20.13 ; 75.91 ; 19.89 ; 72.40
11:28:14;3710 ; 20.12 ; 75.95 ; 19.85 ; 72.46
11:28:17;3713 ; 20.11 ; 76.00 ; 19.85 ; 72.49
11:28:20;3716 ; 20.11 ; 76.03 ; 19.85 ; 72.55
11:28:23;3719 ; 20.11 ; 76.06 ; 19.84 ; 72.58
11:28:26;3722 ; 20.10 ; 76.09 ; 19.83 ; 72.60
11:28:29;3725 ; 20.10 ; 76.14 ; 19.82 ; 72.63
11:28:32;3728 ; 20.09 ; 76.11 ; 19.84 ; 72.68
11:28:35;3731 ; 20.10 ; 76.13 ; 19.82 ; 72.67
11:28:38;3734 ; 20.09 ; 76.14 ; 19.82 ; 72.64
11:28:41;3737 ; 20.09 ; 76.16 ; 19.81 ; 72.67
11:28:44;3740 ; 20.09 ; 76.17 ; 19.85 ; 72.70
11:28:47;3743 ; 20.10 ; 76.16 ; 19.84 ; 72.68
11:28:50;3746 ; 20.10 ; 76.16 ; 19.83 ; 72.67
11:28:53;3749 ; 20.10 ; 76.19 ; 19.84 ; 72.68
11:28:56;3752 ; 20.10 ; 76.19 ; 19.84 ; 72.67
11:28:59;3755 ; 20.11 ; 76.18 ; 19.86 ; 72.69
11:29:02;3758 ; 20.11 ; 76.18 ; 19.87 ; 72.68
11:29:06;3761 ; 20.12 ; 76.16 ; 19.86 ; 72.67
11:29:09;3764 ; 20.12 ; 76.16 ; 19.87 ; 72.64
11:29:12;3767 ; 20.13 ; 76.16 ; 19.89 ; 72.62
11:29:15;3770 ; 20.14 ; 76.15 ; 19.90 ; 72.60
11:29:18;3773 ; 20.14 ; 76.14 ; 19.89 ; 72.59
11:29:21;3776 ; 20.15 ; 76.13 ; 19.92 ; 72.57
11:29:24;3779 ; 20.16 ; 76.12 ; 19.92 ; 72.57
11:29:27;3782 ; 20.16 ; 76.12 ; 19.93 ; 72.53
11:29:30;3785 ; 20.17 ; 76.10 ; 19.95 ; 72.51
11:29:33;3788 ; 20.18 ; 76.10 ; 19.95 ; 72.49
11:29:36;3791 ; 20.18 ; 76.09 ; 19.96 ; 72.48
11:29:39;3794 ; 20.19 ; 76.07 ; 19.96 ; 72.47
11:29:42;3797 ; 20.20 ; 76.06 ; 19.99 ; 72.45
11:29:45;3800 ; 20.21 ; 76.03 ; 19.98 ; 72.47
11:29:48;3803 ; 20.21 ; 76.01 ; 19.97 ; 72.41
11:29:51;3806 ; 20.23 ; 76.00 ; 19.99 ; 72.39
11:29:54;3809 ; 20.23 ; 75.98 ; 20.02 ; 72.35
11:29:57;3812 ; 20.24 ; 75.97 ; 20.02 ; 72.33
11:30:00;3815 ; 20.25 ; 75.95 ; 20.04 ; 72.33
11:30:03;3818 ; 20.26 ; 75.95 ; 20.04 ; 72.31
11:30:06;3821 ; 20.25 ; 75.92 ; 20.04 ; 72.30
11:30:09;3824 ; 20.26 ; 75.89 ; 20.05 ; 72.29
11:30:12;3827 ; 20.25 ; 75.89 ; 20.03 ; 72.27
11:30:15;3830 ; 20.25 ; 75.89 ; 20.00 ; 72.28
11:30:18;3833 ; 20.24 ; 75.90 ; 20.00 ; 72.28
11:30:21;3836 ; 20.23 ; 75.90 ; 19.99 ; 72.29
11:30:24;3839 ; 20.22 ; 75.90 ; 19.99 ; 72.28
11:30:27;3842 ; 20.21 ; 75.89 ; 19.98 ; 72.33
11:30:30;3845 ; 20.20 ; 75.90 ; 19.95 ; 72.34
11:30:33;3848 ; 20.19 ; 75.92 ; 19.94 ; 72.36
11:30:36;3851 ; 20.17 ; 75.94 ; 19.92 ; 72.39
11:30:39;3854 ; 20.15 ; 75.96 ; 19.90 ; 72.40
11:30:42;3857 ; 20.15 ; 76.00 ; 19.87 ; 72.44
11:30:45;3860 ; 20.14 ; 76.06 ; 19.87 ; 72.51
11:30:48;3863 ; 20.13 ; 76.09 ; 19.86 ; 72.58
11:30:51;3866 ; 20.12 ; 76.10 ; 19.86 ; 72.61
11:30:54;3869 ; 20.11 ; 76.16 ; 19.83 ; 72.65
11:30:57;3872 ; 20.11 ; 76.18 ; 19.84 ; 72.68
11:31:00;3875 ; 20.11 ; 76.20 ; 19.84 ; 72.69
11:31:03;3878 ; 20.11 ; 76.20 ; 19.83 ; 72.70
11:31:06;3881 ; 20.10 ; 76.22 ; 19.82 ; 72.70
11:31:09;3884 ; 20.10 ; 76.22 ; 19.82 ; 72.74
11:31:12;3887 ; 20.10 ; 76.23 ; 19.83 ; 72.74
11:31:15;3890 ; 20.10 ; 76.24 ; 19.85 ; 72.72
11:31:18;3893 ; 20.11 ; 76.25 ; 19.84 ; 72.74
11:31:21;3896 ; 20.11 ; 76.24 ; 19.85 ; 72.75
11:31:24;3899 ; 20.11 ; 76.27 ; 19.86 ; 72.74
11:31:27;3902 ; 20.12 ; 76.25 ; 19.84 ; 72.72
11:31:30;3905 ; 20.12 ; 76.26 ; 19.87 ; 72.72
11:31:33;3908 ; 20.12 ; 76.26 ; 19.87 ; 72.69
11:31:36;3911 ; 20.13 ; 76.26 ; 19.86 ; 72.69
11:31:39;3914 ; 20.13 ; 76.25 ; 19.87 ; 72.69
11:31:42;3917 ; 20.14 ; 76.24 ; 19.88 ; 72.69
11:31:45;3920 ; 20.15 ; 76.23 ; 19.92 ; 72.64
11:31:48;3923 ; 20.16 ; 76.23 ; 19.92 ; 72.66
11:31:51;3926 ; 20.16 ; 76.22 ; 19.93 ; 72.64
11:31:54;3929 ; 20.17 ; 76.21 ; 19.93 ; 72.62
11:31:57;3932 ; 20.18 ; 76.19 ; 19.95 ; 72.59
11:32:00;3935 ; 20.19 ; 76.18 ; 19.95 ; 72.59
11:32:03;3938 ; 20.19 ; 76.17 ; 19.96 ; 72.57
11:32:06;3941 ; 20.20 ; 76.16 ; 19.97 ; 72.54
11:32:09;3944 ; 20.20 ; 76.15 ; 19.98 ; 72.53
11:32:12;3947 ; 20.21 ; 76.14 ; 19.98 ; 72.53
11:32:15;3950 ; 20.22 ; 76.13 ; 19.99 ; 72.51
11:32:18;3953 ; 20.23 ; 76.11 ; 20.00 ; 72.47
11:32:21;3956 ; 20.24 ; 76.10 ; 20.02 ; 72.44
11:32:24;3959 ; 20.25 ; 76.08 ; 20.03 ; 72.45
11:32:27;3962 ; 20.26 ; 76.06 ; 20.05 ; 72.43
11:32:30;3965 ; 20.26 ; 76.04 ; 20.06 ; 72.38
11:32:33;3968 ; 20.27 ; 76.03 ; 20.05 ; 72.35
11:32:36;3971 ; 20.26 ; 76.00 ; 20.04 ; 72.36
11:32:39;3974 ; 20.27 ; 76.00 ; 20.03 ; 72.38
11:32:42;3977 ; 20.26 ; 75.98 ; 20.03 ; 72.35
11:32:45;3980 ; 20.26 ; 75.98 ; 20.02 ; 72.35
11:32:49;3983 ; 20.25 ; 75.96 ; 20.00 ; 72.38
11:32:52;3986 ; 20.24 ; 75.99 ; 19.98 ; 72.38
11:32:55;3989 ; 20.23 ; 75.98 ; 19.97 ; 72.39
11:32:58;3992 ; 20.21 ; 75.99 ; 19.97 ; 72.39
11:33:01;3995 ; 20.20 ; 75.99 ; 19.94 ; 72.41
11:33:04;3998 ; 20.19 ; 75.98 ; 19.93 ; 72.43
11:33:07;4001 ; 20.18 ; 75.99 ; 19.92 ; 72.49
11:33:10;4004 ; 20.16 ; 76.04 ; 19.87 ; 72.49
11:33:13;4007 ; 20.15 ; 76.09 ; 19.88 ; 72.54
11:33:16;4010 ; 20.13 ; 76.15 ; 19.85 ; 72.59
11:33:19;4013 ; 20.13 ; 76.20 ; 19.86 ; 72.65
11:33:22;4016 ; 20.11 ; 76.24 ; 19.83 ; 72.70
11:33:25;4019 ; 20.11 ; 76.25 ; 19.83 ; 72.72
11:33:28;4022 ; 20.10 ; 76.30 ; 19.81 ; 72.76
11:33:31;4025 ; 20.10 ; 76.32 ; 19.81 ; 72.80
11:33:34;4028 ; 20.10 ; 76.34 ; 19.82 ; 72.82
11:33:37;4031 ; 20.09 ; 76.36 ; 19.82 ; 72.84
11:33:40;4034 ; 20.09 ; 76.37 ; 19.83 ; 72.89
11:33:43;4037 ; 20.09 ; 76.40 ; 19.83 ; 72.85
11:33:46;4040 ; 20.09 ; 76.42 ; 19.81 ; 72.93
11:33:49;4043 ; 20.09 ; 76.42 ; 19.82 ; 72.90
11:33:52;4046 ; 20.10 ; 76.43 ; 19.82 ; 72.89
11:33:55;4049 ; 20.09 ; 76.43 ; 19.82 ; 72.89
11:33:58;4052 ; 20.10 ; 76.44 ; 19.85 ; 72.87
11:34:01;4055 ; 20.10 ; 76.43 ; 19.84 ; 72.89
11:34:04;4058 ; 20.11 ; 76.41 ; 19.86 ; 72.88
11:34:07;4061 ; 20.11 ; 76.41 ; 19.86 ; 72.84
11:34:10;4064 ; 20.11 ; 76.42 ; 19.87 ; 72.87
11:34:13;4067 ; 20.12 ; 76.40 ; 19.86 ; 72.84
11:34:16;4070 ; 20.13 ; 76.40 ; 19.88 ; 72.79
11:34:19;4073 ; 20.13 ; 76.39 ; 19.87 ; 72.81
11:34:22;4076 ; 20.14 ; 76.38 ; 19.89 ; 72.81
11:34:25;4079 ; 20.14 ; 76.37 ; 19.90 ; 72.76
11:34:28;4082 ; 20.15 ; 76.35 ; 19.90 ; 72.77
11:34:31;4085 ; 20.16 ; 76.33 ; 19.92 ; 72.75
11:34:34;4088 ; 20.17 ; 76.34 ; 19.95 ; 72.72
11:34:37;4091 ; 20.18 ; 76.33 ; 19.93 ; 72.72
11:34:40;4094 ; 20.19 ; 76.30 ; 19.96 ; 72.69
11:34:43;4097 ; 20.19 ; 76.29 ; 19.96 ; 72.65
11:34:46;4100 ; 20.20 ; 76.29 ; 19.96 ; 72.64
11:34:49;4103 ; 20.21 ; 76.27 ; 19.99 ; 72.64
11:34:52;4106 ; 20.22 ; 76.26 ; 19.98 ; 72.65
11:34:55;4109 ; 20.23 ; 76.24 ; 20.01 ; 72.60
11:34:58;4112 ; 20.24 ; 76.22 ; 19.99 ; 72.57
11:35:01;4115 ; 20.25 ; 76.22 ; 20.02 ; 72.54
11:35:04;4118 ; 20.25 ; 76.17 ; 20.03 ; 72.51
11:35:07;4121 ; 20.26 ; 76.18 ; 20.04 ; 72.53
11:35:10;4124 ; 20.26 ; 76.16 ; 20.03 ; 72.49
11:35:13;4127 ; 20.26 ; 76.16 ; 20.05 ; 72.49
11:35:16;4130 ; 20.26 ; 76.16 ; 20.03 ; 72.46
11:35:19;4133 ; 20.25 ; 76.11 ; 20.01 ; 72.48
11:35:22;4136 ; 20.25 ; 76.14 ; 20.01 ; 72.45
11:35:25;4139 ; 20.24 ; 76.14 ; 20.00 ; 72.47
11:35:28;4142 ; 20.23 ; 76.15 ; 19.99 ; 72.50
11:35:31;4145 ; 20.23 ; 76.13 ; 19.97 ; 72.50
11:35:34;4148 ; 20.21 ; 76.11 ; 19.97 ; 72.51
11:35:37;4151 ; 20.20 ; 76.15 ; 19.95 ; 72.53
11:35:40;4154 ; 20.19 ; 76.13 ; 19.92 ; 72.55
11:35:43;4157 ; 20.18 ; 76.15 ; 19.92 ; 72.59
11:35:46;4160 ; 20.16 ; 76.18 ; 19.89 ; 72.60
11:35:49;4163 ; 20.14 ; 76.22 ; 19.88 ; 72.64
11:35:52;4166 ; 20.13 ; 76.27 ; 19.84 ; 72.69
11:35:55;4169 ; 20.12 ; 76.30 ; 19.84 ; 72.72
11:35:58;4172 ; 20.11 ; 76.33 ; 19.84 ; 72.81
11:36:01;4175 ; 20.10 ; 76.37 ; 19.84 ; 72.84
11:36:04;4178 ; 20.10 ; 76.44 ; 19.82 ; 72.84
11:36:07;4181 ; 20.09 ; 76.44 ; 19.81 ; 72.91
11:36:10;4184 ; 20.09 ; 76.46 ; 19.82 ; 72.93
11:36:13;4187 ; 20.09 ; 76.48 ; 19.83 ; 72.97
11:36:16;4190 ; 20.09 ; 76.50 ; 19.83 ; 72.99
11:36:19;4193 ; 20.09 ; 76.51 ; 19.82 ; 72.97
11:36:22;4196 ; 20.09 ; 76.54 ; 19.82 ; 72.96
11:36:25;4199 ; 20.09 ; 76.51 ; 19.84 ; 73.00
11:36:28;4202 ; 20.10 ; 76.54 ; 19.82 ; 73.00
11:36:32;4205 ; 20.09 ; 76.54 ; 19.83 ; 72.99
11:36:35;4208 ; 20.10 ; 76.55 ; 19.86 ; 72.97
11:36:38;4211 ; 20.10 ; 76.55 ; 19.85 ; 72.99
11:36:41;4214 ; 20.10 ; 76.55 ; 19.85 ; 72.99
11:36:44;4217 ; 20.11 ; 76.55 ; 19.86 ; 72.98
11:36:47;4220 ; 20.12 ; 76.56 ; 19.87 ; 72.96
11:36:50;4223 ; 20.12 ; 76.55 ; 19.86 ; 72.95
11:36:53;4226 ; 20.13 ; 76.53 ; 19.86 ; 72.92
11:36:56;4229 ; 20.13 ; 76.53 ; 19.87 ; 72.89
11:36:59;4232 ; 20.14 ; 76.52 ; 19.89 ; 72.92
11:37:02;4235 ; 20.15 ; 76.51 ; 19.90 ; 72.88
11:37:05;4238 ; 20.15 ; 76.49 ; 19.93 ; 72.85
11:37:08;4241 ; 20.16 ; 76.49 ; 19.92 ; 72.86
11:37:11;4244 ; 20.17 ; 76.47 ; 19.93 ; 72.83
11:37:14;4247 ; 20.17 ; 76.46 ; 19.95 ; 72.80
11:37:17;4250 ; 20.18 ; 76.45 ; 19.96 ; 72.79
11:37:20;4253 ; 20.19 ; 76.46 ; 19.96 ; 72.78
11:37:23;4256 ; 20.20 ; 76.45 ; 19.97 ; 72.76
11:37:26;4259 ; 20.21 ; 76.42 ; 19.98 ; 72.75
11:37:29;4262 ; 20.21 ; 76.40 ; 19.99 ; 72.72
11:37:32;4265 ; 20.22 ; 76.38 ; 20.02 ; 72.70
11:37:35;4268 ; 20.23 ; 76.37 ; 20.01 ; 72.66
11:37:38;4271 ; 20.24 ; 76.34 ; 20.02 ; 72.69
11:37:41;4274 ; 20.25 ; 76.32 ; 20.03 ; 72.65
11:37:44;4277 ; 20.24 ; 76.31 ; 20.02 ; 72.61
11:37:47;4280 ; 20.25 ; 76.29 ; 20.04 ; 72.61
11:37:50;4283 ; 20.25 ; 76.28 ; 20.00 ; 72.60
11:37:53;4286 ; 20.24 ; 76.27 ; 20.02 ; 72.63
11:37:56;4289 ; 20.24 ; 76.28 ; 20.02 ; 72.58
11:37:59;4292 ; 20.23 ; 76.26 ; 19.99 ; 72.58
11:38:02;4295 ; 20.23 ; 76.25 ; 19.99 ; 72.60
11:38:05;4298 ; 20.21 ; 76.25 ; 19.96 ; 72.62
11:38:08;4301 ; 20.21 ; 76.27 ; 19.96 ; 72.63
11:38:11;4304 ; 20.20 ; 76.27 ; 19.94 ; 72.66
11:38:14;4307 ; 20.18 ; 76.29 ; 19.92 ; 72.65
11:38:17;4310 ; 20.16 ; 76.32 ; 19.90 ; 72.72
11:38:20;4313 ; 20.15 ; 76.35 ; 19.90 ; 72.73
11:38:23;4316 ; 20.14 ; 76.38 ; 19.86 ; 72.77
11:38:26;4319 ; 20.13 ; 76.42 ; 19.86 ; 72.81
11:38:29;4322 ; 20.12 ; 76.47 ; 19.86 ; 72.87
11:38:32;4325 ; 20.12 ; 76.52 ; 19.84 ; 72.90
11:38:35;4328 ; 20.11 ; 76.54 ; 19.84 ; 72.97
11:38:38;4331 ; 20.10 ; 76.58 ; 19.84 ; 72.99
11:38:41;4334 ; 20.10 ; 76.59 ; 19.83 ; 73.00
11:38:44;4337 ; 20.10 ; 76.61 ; 19.84 ; 73.07
11:38:47;4340 ; 20.10 ; 76.62 ; 19.82 ; 73.06
11:38:50;4343 ; 20.10 ; 76.63 ; 19.82 ; 73.05
11:38:53;4346 ; 20.10 ; 76.64 ; 19.82 ; 73.07
11:38:56;4349 ; 20.11 ; 76.63 ; 19.85 ; 73.07
11:38:59;4352 ; 20.11 ; 76.64 ; 19.84 ; 73.07
11:39:02;4355 ; 20.10 ; 76.65 ; 19.84 ; 73.08
11:39:05;4358 ; 20.11 ; 76.66 ; 19.84 ; 73.08
11:39:08;4361 ; 20.12 ; 76.66 ; 19.87 ; 73.07
11:39:11;4364 ; 20.12 ; 76.64 ; 19.86 ; 73.04
11:39:14;4367 ; 20.12 ; 76.63 ; 19.86 ; 73.04
11:39:17;4370 ; 20.13 ; 76.64 ; 19.88 ; 73.02
11:39:20;4373 ; 20.14 ; 76.63 ; 19.87 ; 73.01
11:39:23;4376 ; 20.14 ; 76.63 ; 19.90 ; 73.02
11:39:26;4379 ; 20.14 ; 76.63 ; 19.90 ; 72.98
11:39:29;4382 ; 20.15 ; 76.62 ; 19.89 ; 72.97
11:39:32;4385 ; 20.16 ; 76.63 ; 19.94 ; 72.96
11:39:35;4388 ; 20.16 ; 76.58 ; 19.94 ; 72.91
11:39:38;4391 ; 20.17 ; 76.58 ; 19.94 ; 72.93
11:39:41;4394 ; 20.19 ; 76.56 ; 19.93 ; 72.89
11:39:44;4397 ; 20.20 ; 76.57 ; 19.95 ; 72.87
11:39:47;4400 ; 20.19 ; 76.53 ; 19.96 ; 72.85
11:39:50;4403 ; 20.21 ; 76.51 ; 19.96 ; 72.83
11:39:53;4406 ; 20.22 ; 76.50 ; 19.98 ; 72.82
11:39:56;4409 ; 20.22 ; 76.49 ; 20.00 ; 72.83
11:39:59;4412 ; 20.23 ; 76.48 ; 20.00 ; 72.76
11:40:02;4415 ; 20.24 ; 76.48 ; 20.02 ; 72.77
11:40:05;4418 ; 20.25 ; 76.46 ; 20.01 ; 72.76
11:40:08;4421 ; 20.25 ; 76.43 ; 20.04 ; 72.73
11:40:12;4424 ; 20.26 ; 76.41 ; 20.04 ; 72.68
11:40:15;4427 ; 20.26 ; 76.40 ; 20.04 ; 72.70
11:40:18;4430 ; 20.26 ; 76.40 ; 20.02 ; 72.67
11:40:21;4433 ; 20.26 ; 76.38 ; 20.04 ; 72.68
11:40:24;4436 ; 20.25 ; 76.38 ; 20.02 ; 72.66
11:40:27;4439 ; 20.25 ; 76.39 ; 20.00 ; 72.68
11:40:30;4442 ; 20.24 ; 76.38 ; 20.02 ; 72.71
11:40:33;4445 ; 20.23 ; 76.35 ; 19.99 ; 72.70
11:40:36;4448 ; 20.23 ; 76.37 ; 19.98 ; 72.72
11:40:39;4451 ; 20.21 ; 76.38 ; 19.95 ; 72.71
11:40:42;4454 ; 20.20 ; 76.37 ; 19.92 ; 72.74
11:40:45;4457 ; 20.19 ; 76.38 ; 19.92 ; 72.75
11:40:48;4460 ; 20.16 ; 76.40 ; 19.92 ; 72.78
11:40:51;4463 ; 20.15 ; 76.43 ; 19.87 ; 72.80
11:40:54;4466 ; 20.14 ; 76.48 ; 19.87 ; 72.87
11:40:57;4469 ; 20.13 ; 76.53 ; 19.86 ; 72.91
11:41:00;4472 ; 20.12 ; 76.58 ; 19.85 ; 72.98
11:41:03;4475 ; 20.11 ; 76.63 ; 19.82 ; 73.00
11:41:06;4478 ; 20.10 ; 76.66 ; 19.83 ; 73.06
11:41:09;4481 ; 20.10 ; 76.70 ; 19.84 ; 73.10
11:41:12;4484 ; 20.09 ; 76.72 ; 19.84 ; 73.12
11:41:15;4487 ; 20.09 ; 76.73 ; 19.83 ; 73.15
11:41:18;4490 ; 20.09 ; 76.76 ; 19.83 ; 73.18
11:41:21;4493 ; 20.09 ; 76.77 ; 19.81 ; 73.18
11:41:24;4496 ; 20.09 ; 76.78 ; 19.81 ; 73.18
11:41:27;4499 ; 20.09 ; 76.78 ; 19.83 ; 73.20
11:41:30;4502 ; 20.09 ; 76.80 ; 19.83 ; 73.17
11:41:33;4505 ; 20.10 ; 76.81 ; 19.81 ; 73.17
11:41:36;4508 ; 20.10 ; 76.80 ; 19.85 ; 73.16
11:41:39;4511 ; 20.10 ; 76.77 ; 19.84 ; 73.15
11:41:42;4514 ; 20.10 ; 76.78 ; 19.84 ; 73.17
11:41:45;4517 ; 20.11 ; 76.82 ; 19.84 ; 73.18
11:41:48;4520 ; 20.11 ; 76.79 ; 19.86 ; 73.14
11:41:51;4523 ; 20.12 ; 76.79 ; 19.85 ; 73.13
11:41:54;4526 ; 20.12 ; 76.77 ; 19.88 ; 73.14
11:41:57;4529 ; 20.13 ; 76.76 ; 19.89 ; 73.12
11:42:00;4532 ; 20.13 ; 76.74 ; 19.89 ; 73.10
11:42:03;4535 ; 20.14 ; 76.74 ; 19.89 ; 73.08
11:42:06;4538 ; 20.15 ; 76.76 ; 19.91 ; 73.06
11:42:09;4541 ; 20.15 ; 76.73 ; 19.91 ; 73.05
11:42:12;4544 ; 20.16 ; 76.68 ; 19.93 ; 73.03
11:42:15;4547 ; 20.18 ; 76.68 ; 19.94 ; 73.01
11:42:18;4550 ; 20.18 ; 76.72 ; 19.97 ; 73.01
11:42:21;4553 ; 20.19 ; 76.65 ; 19.94 ; 72.98
11:42:24;4556 ; 20.20 ; 76.64 ; 19.97 ; 72.95
11:42:27;4559 ; 20.21 ; 76.66 ; 19.96 ; 72.92
11:42:30;4562 ; 20.21 ; 76.63 ; 19.99 ; 72.92
11:42:33;4565 ; 20.22 ; 76.60 ; 19.99 ; 72.91
11:42:36;4568 ; 20.23 ; 76.59 ; 20.02 ; 72.88
11:42:39;4571 ; 20.24 ; 76.57 ; 19.99 ; 72.85
11:42:42;4574 ; 20.25 ; 76.58 ; 20.01 ; 72.83
11:42:45;4577 ; 20.25 ; 76.54 ; 20.03 ; 72.80
11:42:48;4580 ; 20.26 ; 76.52 ; 20.02 ; 72.79
11:42:51;4583 ; 20.25 ; 76.50 ; 20.05 ; 72.79
11:42:54;4586 ; 20.26 ; 76.50 ; 20.03 ; 72.77
11:42:57;4589 ; 20.25 ; 76.48 ; 20.02 ; 72.76
11:43:00;4592 ; 20.25 ; 76.48 ; 20.02 ; 72.76
11:43:03;4595 ; 20.25 ; 76.46 ; 20.03 ; 72.77
11:43:06;4598 ; 20.24 ; 76.47 ; 20.00 ; 72.78
11:43:09;4601 ; 20.23 ; 76.47 ; 19.98 ; 72.77
11:43:12;4604 ; 20.22 ; 76.47 ; 20.00 ; 72.79
11:43:15;4607 ; 20.20 ; 76.50 ; 19.94 ; 72.81
11:43:18;4610 ; 20.20 ; 76.49 ; 19.95 ; 72.79
11:43:21;4613 ; 20.18 ; 76.51 ; 19.90 ; 72.85
11:43:24;4616 ; 20.16 ; 76.54 ; 19.89 ; 72.88
11:43:27;4619 ; 20.15 ; 76.57 ; 19.89 ; 72.92
11:43:30;4622 ; 20.14 ; 76.64 ; 19.89 ; 72.97
11:43:33;4625 ; 20.13 ; 76.65 ; 19.82 ; 73.02
11:43:36;4628 ; 20.12 ; 76.70 ; 19.85 ; 73.07
11:43:39;4631 ; 20.11 ; 76.74 ; 19.85 ; 73.11
11:43:42;4634 ; 20.11 ; 76.75 ; 19.85 ; 73.11
11:43:45;4637 ; 20.11 ; 76.77 ; 19.82 ; 73.14
11:43:48;4640 ; 20.11 ; 76.80 ; 19.82 ; 73.18
11:43:51;4643 ; 20.11 ; 76.83 ; 19.82 ; 73.17
11:43:55;4646 ; 20.11 ; 76.84 ; 19.82 ; 73.20
11:43:58;4649 ; 20.10 ; 76.85 ; 19.82 ; 73.22
11:44:01;4652 ; 20.11 ; 76.85 ; 19.84 ; 73.23
11:44:04;4655 ; 20.10 ; 76.87 ; 19.84 ; 73.22
11:44:07;4658 ; 20.11 ; 76.88 ; 19.82 ; 73.21
11:44:10;4661 ; 20.11 ; 76.89 ; 19.84 ; 73.23
11:44:13;4664 ; 20.11 ; 76.89 ; 19.84 ; 73.24
11:44:16;4667 ; 20.11 ; 76.88 ; 19.85 ; 73.26
11:44:19;4670 ; 20.12 ; 76.87 ; 19.88 ; 73.23
11:44:22;4673 ; 20.13 ; 76.85 ; 19.88 ; 73.23
11:44:25;4676 ; 20.13 ; 76.86 ; 19.88 ; 73.19
11:44:28;4679 ; 20.13 ; 76.84 ; 19.90 ; 73.20
11:44:31;4682 ; 20.14 ; 76.83 ; 19.89 ; 73.17
11:44:34;4685 ; 20.15 ; 76.84 ; 19.89 ; 73.16
11:44:37;4688 ; 20.15 ; 76.82 ; 19.93 ; 73.14
11:44:40;4691 ; 20.16 ; 76.83 ; 19.93 ; 73.13
11:44:43;4694 ; 20.17 ; 76.81 ; 19.93 ; 73.14
11:44:46;4697 ; 20.17 ; 76.79 ; 19.93 ; 73.09
11:44:49;4700 ; 20.18 ; 76.78 ; 19.96 ; 73.09
11:44:52;4703 ; 20.19 ; 76.76 ; 19.95 ; 73.03
11:44:55;4706 ; 20.20 ; 76.76 ; 19.97 ; 73.05
11:44:58;4709 ; 20.21 ; 76.73 ; 19.99 ; 73.02
11:45:01;4712 ; 20.21 ; 76.72 ; 19.99 ; 73.01
11:45:04;4715 ; 20.22 ; 76.70 ; 19.99 ; 72.96
11:45:07;4718 ; 20.23 ; 76.69 ; 20.00 ; 72.95
11:45:10;4721 ; 20.24 ; 76.68 ; 20.00 ; 72.92
11:45:13;4724 ; 20.25 ; 76.67 ; 20.01 ; 72.92
11:45:16;4727 ; 20.25 ; 76.64 ; 20.03 ; 72.89
11:45:19;4730 ; 20.26 ; 76.63 ; 20.04 ; 72.85
11:45:22;4733 ; 20.26 ; 76.61 ; 20.05 ; 72.85
11:45:25;4736 ; 20.26 ; 76.60 ; 20.03 ; 72.84
11:45:28;4739 ; 20.26 ; 76.59 ; 20.00 ; 72.84
11:45:31;4742 ; 20.25 ; 76.58 ; 20.02 ; 72.83
11:45:34;4745 ; 20.24 ; 76.57 ; 20.00 ; 72.85
11:45:37;4748 ; 20.24 ; 76.57 ; 19.99 ; 72.85
11:45:40;4751 ; 20.23 ; 76.57 ; 19.99 ; 72.84
11:45:43;4754 ; 20.22 ; 76.60 ; 19.97 ; 72.89
11:45:46;4757 ; 20.21 ; 76.60 ; 19.96 ; 72.92
11:45:49;4760 ; 20.20 ; 76.61 ; 19.94 ; 72.93
11:45:52;4763 ; 20.18 ; 76.62 ; 19.92 ; 72.92
11:45:55;4766 ; 20.16 ; 76.66 ; 19.89 ; 72.97
11:45:58;4769 ; 20.15 ; 76.70 ; 19.89 ; 73.02
11:46:01;4772 ; 20.14 ; 76.73 ; 19.86 ; 73.07
11:46:04;4775 ; 20.13 ; 76.79 ; 19.84 ; 73.10
11:46:07;4778 ; 20.12 ; 76.83 ; 19.84 ; 73.16
11:46:10;4781 ; 20.11 ; 76.84 ; 19.84 ; 73.21
11:46:13;4784 ; 20.11 ; 76.87 ; 19.83 ; 73.24
11:46:16;4787 ; 20.11 ; 76.90 ; 19.82 ; 73.23
11:46:19;4790 ; 20.10 ; 76.90 ; 19.83 ; 73.28
11:46:22;4793 ; 20.10 ; 76.94 ; 19.82 ; 73.30
11:46:25;4796 ; 20.10 ; 76.95 ; 19.83 ; 73.32
11:46:28;4799 ; 20.10 ; 76.97 ; 19.84 ; 73.35
11:46:31;4802 ; 20.11 ; 76.97 ; 19.83 ; 73.32
11:46:34;4805 ; 20.10 ; 76.98 ; 19.86 ; 73.32
11:46:37;4808 ; 20.11 ; 76.97 ; 19.85 ; 73.32
11:46:40;4811 ; 20.11 ; 76.98 ; 19.85 ; 73.31
11:46:43;4814 ; 20.11 ; 76.98 ; 19.86 ; 73.31
11:46:46;4817 ; 20.11 ; 76.98 ; 19.86 ; 73.31
11:46:49;4820 ; 20.12 ; 76.98 ; 19.86 ; 73.31
11:46:52;4823 ; 20.13 ; 76.97 ; 19.85 ; 73.30
11:46:55;4826 ; 20.13 ; 76.96 ; 19.87 ; 73.27
11:46:58;4829 ; 20.14 ; 76.95 ; 19.87 ; 73.26
11:47:01;4832 ; 20.14 ; 76.94 ; 19.88 ; 73.23
11:47:04;4835 ; 20.14 ; 76.95 ; 19.90 ; 73.24
11:47:07;4838 ; 20.15 ; 76.94 ; 19.89 ; 73.21
11:47:10;4841 ; 20.16 ; 76.93 ; 19.92 ; 73.21
11:47:13;4844 ; 20.17 ; 76.92 ; 19.93 ; 73.20
11:47:16;4847 ; 20.18 ; 76.92 ; 19.93 ; 73.18
11:47:19;4850 ; 20.19 ; 76.91 ; 19.94 ; 73.17
11:47:22;4853 ; 20.19 ; 76.89 ; 19.95 ; 73.15
11:47:25;4856 ; 20.20 ; 76.88 ; 19.96 ; 73.14
11:47:28;4859 ; 20.21 ; 76.87 ; 19.98 ; 73.12
11:47:31;4862 ; 20.22 ; 76.87 ; 19.98 ; 73.11
11:47:34;4865 ; 20.23 ; 76.85 ; 19.99 ; 73.05
11:47:38;4868 ; 20.23 ; 76.84 ; 20.01 ; 73.07
11:47:41;4871 ; 20.24 ; 76.83 ; 20.02 ; 73.07
11:47:44;4874 ; 20.25 ; 76.81 ; 20.03 ; 73.02
11:47:47;4877 ; 20.26 ; 76.79 ; 20.04 ; 72.99
11:47:50;4880 ; 20.27 ; 76.75 ; 20.06 ; 72.99
11:47:53;4883 ; 20.28 ; 76.77 ; 20.05 ; 72.98
11:47:56;4886 ; 20.29 ; 76.72 ; 20.08 ; 72.98
11:47:59;4889 ; 20.29 ; 76.71 ; 20.08 ; 72.92
11:48:02;4892 ; 20.30 ; 76.72 ; 20.10 ; 72.96
11:48:05;4895 ; 20.31 ; 76.70 ; 20.11 ; 72.90
11:48:08;4898 ; 20.32 ; 76.68 ; 20.11 ; 72.89
11:48:11;4901 ; 20.33 ; 76.69 ; 20.13 ; 72.89
11:48:14;4904 ; 20.33 ; 76.67 ; 20.14 ; 72.89
11:48:17;4907 ; 20.35 ; 76.66 ; 20.15 ; 72.86
11:48:20;4910 ; 20.36 ; 76.64 ; 20.14 ; 72.84
11:48:23;4913 ; 20.36 ; 76.63 ; 20.16 ; 72.84
11:48:26;4916 ; 20.38 ; 76.59 ; 20.17 ; 72.80
11:48:29;4919 ; 20.39 ; 76.59 ; 20.17 ; 72.78
11:48:32;4922 ; 20.40 ; 76.58 ; 20.20 ; 72.78
11:48:35;4925 ; 20.40 ; 76.54 ; 20.19 ; 72.76
11:48:38;4928 ; 20.41 ; 76.54 ; 20.21 ; 72.73
11:48:41;4931 ; 20.42 ; 76.52 ; 20.21 ; 72.72
11:48:44;4934 ; 20.42 ; 76.51 ; 20.23 ; 72.69
11:48:47;4937 ; 20.43 ; 76.50 ; 20.22 ; 72.70
11:48:50;4940 ; 20.44 ; 76.49 ; 20.24 ; 72.70
11:48:53;4943 ; 20.45 ; 76.49 ; 20.21 ; 72.65
11:48:56;4946 ; 20.46 ; 76.47 ; 20.26 ; 72.67
11:48:59;4949 ; 20.46 ; 76.45 ; 20.25 ; 72.64
11:49:02;4952 ; 20.47 ; 76.44 ; 20.27 ; 72.63
11:49:05;4955 ; 20.48 ; 76.42 ; 20.29 ; 72.63
11:49:08;4958 ; 20.49 ; 76.41 ; 20.27 ; 72.61
11:49:11;4961 ; 20.50 ; 76.40 ; 20.31 ; 72.57
11:49:14;4964 ; 20.50 ; 76.37 ; 20.28 ; 72.60
11:49:17;4967 ; 20.52 ; 76.36 ; 20.31 ; 72.56
11:49:20;4970 ; 20.52 ; 76.34 ; 20.33 ; 72.56
11:49:23;4973 ; 20.53 ; 76.34 ; 20.35 ; 72.56
11:49:26;4976 ; 20.54 ; 76.33 ; 20.35 ; 72.53
11:49:29;4979 ; 20.54 ; 76.32 ; 20.35 ; 72.51
11:49:32;4982 ; 20.55 ; 76.30 ; 20.36 ; 72.50
11:49:35;4985 ; 20.56 ; 76.29 ; 20.37 ; 72.51
11:49:38;4988 ; 20.56 ; 76.28 ; 20.37 ; 72.49
11:49:41;4991 ; 20.57 ; 76.26 ; 20.35 ; 72.45
11:49:44;4994 ; 20.58 ; 76.25 ; 20.38 ; 72.48
11:49:47;4997 ; 20.59 ; 76.23 ; 20.39 ; 72.45
11:49:50;5000 ; 20.59 ; 76.21 ; 20.39 ; 72.43
11:49:53;5003 ; 20.60 ; 76.21 ; 20.41 ; 72.41
11:49:56;5006 ; 20.60 ; 76.20 ; 20.41 ; 72.40
11:49:59;5009 ; 20.61 ; 76.19 ; 20.41 ; 72.39
11:50:02;5012 ; 20.62 ; 76.17 ; 20.42 ; 72.42
11:50:05;5015 ; 20.63 ; 76.15 ; 20.44 ; 72.37
11:50:08;5018 ; 20.64 ; 76.14 ; 20.45 ; 72.36
11:50:11;5021 ; 20.64 ; 76.11 ; 20.46 ; 72.37
11:50:14;5024 ; 20.65 ; 76.09 ; 20.45 ; 72.36
11:50:17;5027 ; 20.66 ; 76.11 ; 20.46 ; 72.33
11:50:20;5030 ; 20.66 ; 76.07 ; 20.46 ; 72.33
11:50:23;5033 ; 20.66 ; 76.07 ; 20.48 ; 72.34
11:50:26;5036 ; 20.67 ; 76.05 ; 20.47 ; 72.31
11:50:29;5039 ; 20.68 ; 76.04 ; 20.50 ; 72.32
11:50:32;5042 ; 20.68 ; 76.04 ; 20.49 ; 72.31
11:50:35;5045 ; 20.69 ; 76.03 ; 20.50 ; 72.32
11:50:38;5048 ; 20.70 ; 76.01 ; 20.48 ; 72.28
11:50:41;5051 ; 20.70 ; 76.00 ; 20.51 ; 72.27
11:50:44;5054 ; 20.71 ; 76.01 ; 20.51 ; 72.25
11:50:47;5057 ; 20.72 ; 75.99 ; 20.52 ; 72.26
11:50:50;5060 ; 20.73 ; 75.98 ; 20.52 ; 72.23
11:50:53;5063 ; 20.73 ; 75.98 ; 20.52 ; 72.24
11:50:56;5066 ; 20.74 ; 75.96 ; 20.56 ; 72.23
11:50:59;5069 ; 20.74 ; 75.96 ; 20.55 ; 72.22
11:51:02;5072 ; 20.75 ; 75.95 ; 20.56 ; 72.21
11:51:05;5075 ; 20.75 ; 75.92 ; 20.55 ; 72.21
11:51:08;5078 ; 20.76 ; 75.93 ; 20.57 ; 72.20
11:51:11;5081 ; 20.76 ; 75.90 ; 20.56 ; 72.19
11:51:14;5084 ; 20.77 ; 75.89 ; 20.56 ; 72.18
11:51:17;5087 ; 20.77 ; 75.88 ; 20.58 ; 72.17
11:51:21;5090 ; 20.77 ; 75.87 ; 20.58 ; 72.14
11:51:24;5093 ; 20.78 ; 75.87 ; 20.58 ; 72.16
11:51:27;5096 ; 20.79 ; 75.85 ; 20.60 ; 72.15
11:51:30;5099 ; 20.79 ; 75.85 ; 20.59 ; 72.11
11:51:33;5102 ; 20.80 ; 75.84 ; 20.61 ; 72.14
11:51:36;5105 ; 20.81 ; 75.83 ; 20.61 ; 72.13
11:51:39;5108 ; 20.82 ; 75.83 ; 20.62 ; 72.13
11:51:42;5111 ; 20.82 ; 75.81 ; 20.62 ; 72.12
11:51:45;5114 ; 20.83 ; 75.79 ; 20.60 ; 72.08
11:51:48;5117 ; 20.83 ; 75.78 ; 20.63 ; 72.08
11:51:51;5120 ; 20.84 ; 75.78 ; 20.62 ; 72.06
11:51:54;5123 ; 20.84 ; 75.77 ; 20.66 ; 72.08
11:51:57;5126 ; 20.85 ; 75.75 ; 20.64 ; 72.06
11:52:00;5129 ; 20.85 ; 75.74 ; 20.64 ; 72.05
11:52:03;5132 ; 20.85 ; 75.74 ; 20.64 ; 72.03
11:52:06;5135 ; 20.85 ; 75.73 ; 20.66 ; 72.03
11:52:09;5138 ; 20.86 ; 75.72 ; 20.64 ; 72.03
11:52:12;5141 ; 20.87 ; 75.72 ; 20.67 ; 72.06
11:52:15;5144 ; 20.88 ; 75.70 ; 20.68 ; 72.03
11:52:18;5147 ; 20.88 ; 75.69 ; 20.68 ; 71.99
11:52:21;5150 ; 20.88 ; 75.70 ; 20.71 ; 72.01
11:52:24;5153 ; 20.88 ; 75.68 ; 20.68 ; 71.99
11:52:27;5156 ; 20.89 ; 75.66 ; 20.69 ; 72.00
11:52:30;5159 ; 20.90 ; 75.67 ; 20.70 ; 71.99
11:52:33;5162 ; 20.91 ; 75.65 ; 20.70 ; 71.95
11:52:36;5165 ; 20.91 ; 75.64 ; 20.71 ; 71.96
11:52:39;5168 ; 20.91 ; 75.63 ; 20.71 ; 71.95
11:52:42;5171 ; 20.91 ; 75.62 ; 20.72 ; 71.94
11:52:45;5174 ; 20.92 ; 75.61 ; 20.72 ; 71.95
11:52:48;5177 ; 20.93 ; 75.59 ; 20.72 ; 71.94
11:52:51;5180 ; 20.93 ; 75.59 ; 20.73 ; 71.94
11:52:54;5183 ; 20.93 ; 75.59 ; 20.75 ; 71.91
11:52:57;5186 ; 20.94 ; 75.59 ; 20.74 ; 71.92
11:53:00;5189 ; 20.95 ; 75.56 ; 20.75 ; 71.92
11:53:03;5192 ; 20.95 ; 75.56 ; 20.75 ; 71.92
11:53:06;5195 ; 20.96 ; 75.55 ; 20.73 ; 71.90
11:53:09;5198 ; 20.96 ; 75.56 ; 20.75 ; 71.90
11:53:12;5201 ; 20.96 ; 75.54 ; 20.76 ; 71.88
11:53:15;5204 ; 20.97 ; 75.55 ; 20.75 ; 71.91
11:53:18;5207 ; 20.97 ; 75.53 ; 20.76 ; 71.90
11:53:21;5210 ; 20.98 ; 75.53 ; 20.78 ; 71.87
11:53:24;5213 ; 20.98 ; 75.53 ; 20.77 ; 71.87
11:53:27;5216 ; 20.99 ; 75.53 ; 20.79 ; 71.86
11:53:30;5219 ; 20.99 ; 75.53 ; 20.79 ; 71.87
11:53:33;5222 ; 21.00 ; 75.51 ; 20.79 ; 71.87
11:53:36;5225 ; 21.00 ; 75.51 ; 20.78 ; 71.86
11:53:39;5228 ; 21.00 ; 75.49 ; 20.80 ; 71.87
11:53:42;5231 ; 21.00 ; 75.50 ; 20.81 ; 71.85
11:53:45;5234 ; 21.01 ; 75.50 ; 20.79 ; 71.85
11:53:48;5237 ; 21.02 ; 75.50 ; 20.82 ; 71.84
11:53:51;5240 ; 21.02 ; 75.50 ; 20.82 ; 71.85
11:53:54;5243 ; 21.03 ; 75.47 ; 20.79 ; 71.82
11:53:57;5246 ; 21.02 ; 75.47 ; 20.83 ; 71.85
11:54:00;5249 ; 21.03 ; 75.46 ; 20.83 ; 71.82
11:54:03;5252 ; 21.03 ; 75.46 ; 20.81 ; 71.80
11:54:06;5255 ; 21.04 ; 75.48 ; 20.84 ; 71.81
11:54:09;5258 ; 21.04 ; 75.47 ; 20.82 ; 71.80
11:54:12;5261 ; 21.05 ; 75.46 ; 20.83 ; 71.80
11:54:15;5264 ; 21.05 ; 75.45 ; 20.85 ; 71.79
11:54:18;5267 ; 21.05 ; 75.45 ; 20.85 ; 71.81
11:54:21;5270 ; 21.06 ; 75.43 ; 20.86 ; 71.81
11:54:24;5273 ; 21.07 ; 75.44 ; 20.86 ; 71.78
11:54:27;5276 ; 21.07 ; 75.43 ; 20.85 ; 71.80
11:54:30;5279 ; 21.07 ; 75.42 ; 20.87 ; 71.80
11:54:33;5282 ; 21.07 ; 75.43 ; 20.89 ; 71.78
11:54:36;5285 ; 21.08 ; 75.42 ; 20.88 ; 71.76
11:54:39;5288 ; 21.09 ; 75.40 ; 20.88 ; 71.78
11:54:42;5291 ; 21.09 ; 75.39 ; 20.88 ; 71.79
11:54:45;5294 ; 21.09 ; 75.37 ; 20.89 ; 71.78
11:54:48;5297 ; 21.10 ; 75.38 ; 20.90 ; 71.75
11:54:51;5300 ; 21.10 ; 75.38 ; 20.88 ; 71.76
11:54:54;5303 ; 21.10 ; 75.38 ; 20.90 ; 71.76
11:54:57;5306 ; 21.11 ; 75.37 ; 20.91 ; 71.72
11:55:00;5309 ; 21.11 ; 75.35 ; 20.92 ; 71.74
11:55:04;5312 ; 21.11 ; 75.33 ; 20.89 ; 71.72
11:55:07;5315 ; 21.12 ; 75.35 ; 20.91 ; 71.73
11:55:10;5318 ; 21.12 ; 75.35 ; 20.91 ; 71.74
11:55:13;5321 ; 21.12 ; 75.34 ; 20.93 ; 71.74
11:55:16;5324 ; 21.12 ; 75.33 ; 20.93 ; 71.72
11:55:19;5327 ; 21.13 ; 75.33 ; 20.91 ; 71.70
11:55:22;5330 ; 21.14 ; 75.32 ; 20.94 ; 71.71
11:55:25;5333 ; 21.13 ; 75.30 ; 20.93 ; 71.70
11:55:28;5336 ; 21.14 ; 75.29 ; 20.94 ; 71.70
11:55:31;5339 ; 21.15 ; 75.30 ; 20.93 ; 71.70
11:55:34;5342 ; 21.15 ; 75.29 ; 20.94 ; 71.68
11:55:37;5345 ; 21.16 ; 75.30 ; 20.94 ; 71.68
11:55:40;5348 ; 21.16 ; 75.28 ; 20.97 ; 71.67
11:55:43;5351 ; 21.16 ; 75.28 ; 20.95 ; 71.67
11:55:46;5354 ; 21.16 ; 75.26 ; 20.97 ; 71.66
11:55:49;5357 ; 21.17 ; 75.24 ; 20.96 ; 71.70
11:55:52;5360 ; 21.17 ; 75.25 ; 20.97 ; 71.68
11:55:55;5363 ; 21.17 ; 75.25 ; 20.96 ; 71.66
11:55:58;5366 ; 21.17 ; 75.25 ; 20.98 ; 71.66
11:56:01;5369 ; 21.18 ; 75.26 ; 20.98 ; 71.65
11:56:04;5372 ; 21.19 ; 75.25 ; 20.99 ; 71.64
11:56:07;5375 ; 21.19 ; 75.25 ; 20.98 ; 71.63
11:56:10;5378 ; 21.19 ; 75.24 ; 21.00 ; 71.61
11:56:13;5381 ; 21.20 ; 75.24 ; 20.99 ; 71.61
11:56:16;5384 ; 21.20 ; 75.23 ; 20.99 ; 71.62
11:56:19;5387 ; 21.21 ; 75.23 ; 21.01 ; 71.61
11:56:22;5390 ; 21.21 ; 75.21 ; 21.02 ; 71.62
11:56:25;5393 ; 21.21 ; 75.20 ; 20.99 ; 71.63
11:56:28;5396 ; 21.21 ; 75.20 ; 21.00 ; 71.59
11:56:31;5399 ; 21.21 ; 75.19 ; 21.01 ; 71.60
11:56:34;5402 ; 21.22 ; 75.20 ; 21.01 ; 71.61
11:56:37;5405 ; 21.22 ; 75.18 ; 21.01 ; 71.60
11:56:40;5408 ; 21.22 ; 75.17 ; 21.01 ; 71.59
11:56:43;5411 ; 21.23 ; 75.17 ; 21.01 ; 71.59
11:56:46;5414 ; 21.23 ; 75.16 ; 21.00 ; 71.56
11:56:49;5417 ; 21.23 ; 75.15 ; 21.03 ; 71.60
11:56:52;5420 ; 21.23 ; 75.15 ; 21.02 ; 71.55
11:56:55;5423 ; 21.24 ; 75.14 ; 21.03 ; 71.57
11:56:58;5426 ; 21.24 ; 75.16 ; 21.04 ; 71.57
11:57:01;5429 ; 21.24 ; 75.15 ; 21.03 ; 71.54
11:57:04;5432 ; 21.25 ; 75.14 ; 21.05 ; 71.56
11:57:07;5435 ; 21.25 ; 75.14 ; 21.05 ; 71.57
11:57:10;5438 ; 21.25 ; 75.14 ; 21.03 ; 71.54
11:57:13;5441 ; 21.26 ; 75.14 ; 21.05 ; 71.54
11:57:16;5444 ; 21.26 ; 75.13 ; 21.04 ; 71.54
11:57:19;5447 ; 21.26 ; 75.13 ; 21.07 ; 71.56
11:57:22;5450 ; 21.26 ; 75.12 ; 21.06 ; 71.54
11:57:25;5453 ; 21.27 ; 75.11 ; 21.10 ; 71.55
11:57:28;5456 ; 21.27 ; 75.11 ; 21.06 ; 71.53
11:57:31;5459 ; 21.27 ; 75.11 ; 21.07 ; 71.53
11:57:34;5462 ; 21.28 ; 75.10 ; 21.08 ; 71.51
11:57:37;5465 ; 21.27 ; 75.10 ; 21.09 ; 71.51
11:57:40;5468 ; 21.28 ; 75.09 ; 21.09 ; 71.50
11:57:43;5471 ; 21.28 ; 75.09 ; 21.09 ; 71.51
11:57:46;5474 ; 21.29 ; 75.08 ; 21.08 ; 71.49
11:57:49;5477 ; 21.29 ; 75.09 ; 21.09 ; 71.50
11:57:52;5480 ; 21.29 ; 75.07 ; 21.10 ; 71.50
11:57:55;5483 ; 21.29 ; 75.07 ; 21.09 ; 71.51
11:57:58;5486 ; 21.30 ; 75.08 ; 21.09 ; 71.48
11:58:01;5489 ; 21.30 ; 75.07 ; 21.09 ; 71.48
11:58:04;5492 ; 21.30 ; 75.07 ; 21.10 ; 71.51
11:58:07;5495 ; 21.30 ; 75.07 ; 21.11 ; 71.51
11:58:10;5498 ; 21.31 ; 75.06 ; 21.12 ; 71.49
11:58:13;5501 ; 21.31 ; 75.04 ; 21.13 ; 71.46
11:58:16;5504 ; 21.32 ; 75.05 ; 21.12 ; 71.49
11:58:19;5507 ; 21.31 ; 75.04 ; 21.10 ; 71.48
11:58:22;5510 ; 21.32 ; 75.04 ; 21.13 ; 71.48
11:58:25;5513 ; 21.33 ; 75.04 ; 21.11 ; 71.44
11:58:28;5516 ; 21.33 ; 75.03 ; 21.12 ; 71.46
11:58:31;5519 ; 21.33 ; 75.03 ; 21.13 ; 71.49
11:58:34;5522 ; 21.34 ; 75.02 ; 21.13 ; 71.45
11:58:37;5525 ; 21.33 ; 75.01 ; 21.13 ; 71.45
11:58:40;5528 ; 21.33 ; 75.01 ; 21.13 ; 71.47
11:58:43;5531 ; 21.34 ; 75.01 ; 21.13 ; 71.45
11:58:47;5534 ; 21.34 ; 75.01 ; 21.14 ; 71.46
11:58:50;5537 ; 21.34 ; 74.99 ; 21.17 ; 71.47
11:58:53;5540 ; 21.35 ; 75.00 ; 21.14 ; 71.45
11:58:56;5543 ; 21.35 ; 74.99 ; 21.14 ; 71.44
11:58:59;5546 ; 21.35 ; 75.01 ; 21.14 ; 71.43
11:59:02;5549 ; 21.35 ; 75.00 ; 21.15 ; 71.44
11:59:05;5552 ; 21.36 ; 75.01 ; 21.16 ; 71.47
11:59:08;5555 ; 21.36 ; 74.98 ; 21.14 ; 71.43
11:59:11;5558 ; 21.36 ; 74.96 ; 21.15 ; 71.44
11:59:14;5561 ; 21.37 ; 74.97 ; 21.14 ; 71.39
11:59:17;5564 ; 21.37 ; 74.96 ; 21.16 ; 71.41
11:59:20;5567 ; 21.37 ; 74.97 ; 21.18 ; 71.41
11:59:23;5570 ; 21.37 ; 74.96 ; 21.17 ; 71.41
11:59:26;5573 ; 21.37 ; 74.96 ; 21.17 ; 71.41
11:59:29;5576 ; 21.37 ; 74.95 ; 21.18 ; 71.40
11:59:32;5579 ; 21.37 ; 74.95 ; 21.18 ; 71.39
11:59:35;5582 ; 21.38 ; 74.96 ; 21.20 ; 71.41
11:59:38;5585 ; 21.38 ; 74.95 ; 21.18 ; 71.40
11:59:41;5588 ; 21.39 ; 74.95 ; 21.18 ; 71.37
11:59:44;5591 ; 21.39 ; 74.95 ; 21.18 ; 71.39
11:59:47;5594 ; 21.39 ; 74.93 ; 21.20 ; 71.38
11:59:50;5597 ; 21.40 ; 74.94 ; 21.22 ; 71.40
11:59:53;5600 ; 21.40 ; 74.93 ; 21.21 ; 71.38
11:59:56;5603 ; 21.40 ; 74.92 ; 21.20 ; 71.38
11:59:59;5606 ; 21.40 ; 74.92 ; 21.20 ; 71.39
12:00:02;5609 ; 21.40 ; 74.91 ; 21.22 ; 71.36
12:00:05;5612 ; 21.40 ; 74.93 ; 21.22 ; 71.37
12:00:08;5615 ; 21.41 ; 74.92 ; 21.21 ; 71.35
12:00:11;5618 ; 21.41 ; 74.92 ; 21.19 ; 71.37
12:00:14;5621 ; 21.42 ; 74.92 ; 21.21 ; 71.40
12:00:17;5624 ; 21.41 ; 74.91 ; 21.21 ; 71.36
12:00:20;5627 ; 21.41 ; 74.90 ; 21.22 ; 71.37
12:00:23;5630 ; 21.42 ; 74.89 ; 21.19 ; 71.34
12:00:26;5633 ; 21.42 ; 74.89 ; 21.22 ; 71.35
12:00:29;5636 ; 21.42 ; 74.90 ; 21.24 ; 71.34
12:00:32;5639 ; 21.42 ; 74.89 ; 21.22 ; 71.33
12:00:35;5642 ; 21.43 ; 74.89 ; 21.24 ; 71.38
12:00:38;5645 ; 21.43 ; 74.89 ; 21.22 ; 71.36
12:00:41;5648 ; 21.43 ; 74.89 ; 21.25 ; 71.36
12:00:44;5651 ; 21.43 ; 74.88 ; 21.23 ; 71.35
12:00:47;5654 ; 21.44 ; 74.87 ; 21.23 ; 71.35
12:00:50;5657 ; 21.44 ; 74.88 ; 21.24 ; 71.34
12:00:53;5660 ; 21.44 ; 74.87 ; 21.26 ; 71.35
12:00:56;5663 ; 21.45 ; 74.87 ; 21.26 ; 71.35
12:00:59;5666 ; 21.45 ; 74.88 ; 21.26 ; 71.32
12:01:02;5669 ; 21.45 ; 74.85 ; 21.25 ; 71.32
12:01:05;5672 ; 21.45 ; 74.85 ; 21.26 ; 71.33
12:01:08;5675 ; 21.46 ; 74.85 ; 21.24 ; 71.32
12:01:11;5678 ; 21.46 ; 74.87 ; 21.27 ; 71.29
12:01:14;5681 ; 21.46 ; 74.84 ; 21.26 ; 71.32
12:01:17;5684 ; 21.46 ; 74.83 ; 21.27 ; 71.29
12:01:20;5687 ; 21.47 ; 74.83 ; 21.24 ; 71.30
12:01:23;5690 ; 21.47 ; 74.83 ; 21.26 ; 71.29
12:01:26;5693 ; 21.47 ; 74.83 ; 21.29 ; 71.28
12:01:29;5696 ; 21.47 ; 74.82 ; 21.28 ; 71.31
12:01:32;5699 ; 21.47 ; 74.83 ; 21.27 ; 71.31
12:01:35;5702 ; 21.48 ; 74.82 ; 21.27 ; 71.28
12:01:38;5705 ; 21.48 ; 74.82 ; 21.28 ; 71.29
12:01:41;5708 ; 21.48 ; 74.82 ; 21.27 ; 71.29
12:01:44;5711 ; 21.49 ; 74.80 ; 21.28 ; 71.28
12:01:47;5714 ; 21.49 ; 74.80 ; 21.27 ; 71.28
12:01:50;5717 ; 21.48 ; 74.80 ; 21.30 ; 71.26
12:01:53;5720 ; 21.49 ; 74.80 ; 21.29 ; 71.27
12:01:56;5723 ; 21.49 ; 74.79 ; 21.27 ; 71.28
12:01:59;5726 ; 21.49 ; 74.80 ; 21.29 ; 71.27
12:02:02;5729 ; 21.50 ; 74.81 ; 21.30 ; 71.27
12:02:05;5732 ; 21.50 ; 74.80 ; 21.29 ; 71.28
12:02:08;5735 ; 21.50 ; 74.79 ; 21.29 ; 71.27
12:02:11;5738 ; 21.51 ; 74.80 ; 21.30 ; 71.30
12:02:14;5741 ; 21.51 ; 74.80 ; 21.31 ; 71.27
12:02:17;5744 ; 21.51 ; 74.80 ; 21.32 ; 71.26
12:02:20;5747 ; 21.51 ; 74.78 ; 21.31 ; 71.28
12:02:23;5750 ; 21.51 ; 74.77 ; 21.30 ; 71.26
12:02:26;5753 ; 21.51 ; 74.78 ; 21.30 ; 71.25
12:02:30;5756 ; 21.52 ; 74.78 ; 21.31 ; 71.22
12:02:33;5759 ; 21.51 ; 74.75 ; 21.31 ; 71.24
12:02:36;5762 ; 21.52 ; 74.75 ; 21.33 ; 71.26
12:02:39;5765 ; 21.52 ; 74.76 ; 21.33 ; 71.27
12:02:42;5768 ; 21.52 ; 74.75 ; 21.32 ; 71.22
12:02:45;5771 ; 21.52 ; 74.75 ; 21.32 ; 71.22
12:02:48;5774 ; 21.52 ; 74.76 ; 21.33 ; 71.23
12:02:51;5777 ; 21.53 ; 74.76 ; 21.34 ; 71.23
12:02:54;5780 ; 21.53 ; 74.73 ; 21.33 ; 71.21
12:02:57;5783 ; 21.53 ; 74.72 ; 21.33 ; 71.24
12:03:00;5786 ; 21.54 ; 74.75 ; 21.34 ; 71.22
12:03:03;5789 ; 21.54 ; 74.77 ; 21.36 ; 71.23
12:03:06;5792 ; 21.54 ; 74.72 ; 21.34 ; 71.21
12:03:09;5795 ; 21.54 ; 74.75 ; 21.34 ; 71.23
12:03:12;5798 ; 21.55 ; 74.74 ; 21.35 ; 71.21
12:03:15;5801 ; 21.55 ; 74.74 ; 21.34 ; 71.22
12:03:18;5804 ; 21.55 ; 74.73 ; 21.34 ; 71.20
12:03:21;5807 ; 21.55 ; 74.71 ; 21.38 ; 71.21
12:03:24;5810 ; 21.56 ; 74.71 ; 21.36 ; 71.21
12:03:27;5813 ; 21.56 ; 74.71 ; 21.36 ; 71.21
12:03:30;5816 ; 21.56 ; 74.71 ; 21.35 ; 71.21
12:03:33;5819 ; 21.56 ; 74.71 ; 21.37 ; 71.21
12:03:36;5822 ; 21.56 ; 74.71 ; 21.34 ; 71.19
12:03:39;5825 ; 21.56 ; 74.71 ; 21.36 ; 71.22
12:03:42;5828 ; 21.56 ; 74.72 ; 21.36 ; 71.19
12:03:45;5831 ; 21.57 ; 74.71 ; 21.37 ; 71.18
12:03:48;5834 ; 21.57 ; 74.71 ; 21.37 ; 71.20
12:03:51;5837 ; 21.57 ; 74.69 ; 21.36 ; 71.19
12:03:54;5840 ; 21.57 ; 74.68 ; 21.38 ; 71.19
12:03:57;5843 ; 21.57 ; 74.68 ; 21.37 ; 71.19
12:04:00;5846 ; 21.57 ; 74.68 ; 21.39 ; 71.21
12:04:03;5849 ; 21.57 ; 74.68 ; 21.39 ; 71.21
12:04:06;5852 ; 21.58 ; 74.70 ; 21.37 ; 71.18
12:04:09;5855 ; 21.58 ; 74.70 ; 21.36 ; 71.18
12:04:12;5858 ; 21.58 ; 74.70 ; 21.37 ; 71.17
12:04:15;5861 ; 21.58 ; 74.70 ; 21.39 ; 71.19
12:04:18;5864 ; 21.58 ; 74.70 ; 21.39 ; 71.19
12:04:21;5867 ; 21.58 ; 74.70 ; 21.40 ; 71.21
12:04:24;5870 ; 21.59 ; 74.70 ; 21.39 ; 71.18
12:04:27;5873 ; 21.59 ; 74.69 ; 21.40 ; 71.16
12:04:30;5876 ; 21.59 ; 74.69 ; 21.40 ; 71.17
12:04:33;5879 ; 21.59 ; 74.68 ; 21.40 ; 71.19
12:04:36;5882 ; 21.59 ; 74.68 ; 21.42 ; 71.20
12:04:39;5885 ; 21.59 ; 74.68 ; 21.41 ; 71.16
12:04:42;5888 ; 21.60 ; 74.67 ; 21.42 ; 71.15
12:04:45;5891 ; 21.60 ; 74.66 ; 21.40 ; 71.17
12:04:48;5894 ; 21.60 ; 74.67 ; 21.41 ; 71.16
12:04:51;5897 ; 21.60 ; 74.67 ; 21.41 ; 71.15
12:04:54;5900 ; 21.61 ; 74.65 ; 21.41 ; 71.18
12:04:57;5903 ; 21.60 ; 74.67 ; 21.41 ; 71.17
12:05:00;5906 ; 21.61 ; 74.68 ; 21.41 ; 71.18
12:05:03;5909 ; 21.61 ; 74.66 ; 21.42 ; 71.16
12:05:06;5912 ; 21.61 ; 74.66 ; 21.42 ; 71.16
12:05:09;5915 ; 21.62 ; 74.66 ; 21.44 ; 71.15
12:05:12;5918 ; 21.61 ; 74.64 ; 21.41 ; 71.15
12:05:15;5921 ; 21.62 ; 74.64 ; 21.43 ; 71.16
12:05:18;5924 ; 21.62 ; 74.65 ; 21.43 ; 71.16
12:05:21;5927 ; 21.62 ; 74.66 ; 21.43 ; 71.16
12:05:24;5930 ; 21.62 ; 74.66 ; 21.44 ; 71.16
12:05:27;5933 ; 21.62 ; 74.66 ; 21.44 ; 71.14
12:05:30;5936 ; 21.63 ; 74.64 ; 21.45 ; 71.15
12:05:33;5939 ; 21.63 ; 74.65 ; 21.45 ; 71.15
12:05:36;5942 ; 21.64 ; 74.65 ; 21.44 ; 71.12
12:05:39;5945 ; 21.64 ; 74.64 ; 21.43 ; 71.14
12:05:42;5948 ; 21.64 ; 74.64 ; 21.46 ; 71.14
12:05:45;5951 ; 21.64 ; 74.64 ; 21.45 ; 71.14
12:05:48;5954 ; 21.64 ; 74.65 ; 21.46 ; 71.16
12:05:51;5957 ; 21.64 ; 74.63 ; 21.44 ; 71.14
12:05:54;5960 ; 21.64 ; 74.63 ; 21.45 ; 71.15
12:05:57;5963 ; 21.64 ; 74.63 ; 21.46 ; 71.13
12:06:00;5966 ; 21.64 ; 74.63 ; 21.44 ; 71.13
12:06:03;5969 ; 21.64 ; 74.62 ; 21.45 ; 71.13
12:06:06;5972 ; 21.65 ; 74.62 ; 21.45 ; 71.12
12:06:09;5975 ; 21.65 ; 74.62 ; 21.44 ; 71.12
12:06:13;5978 ; 21.66 ; 74.61 ; 21.44 ; 71.11
12:06:16;5981 ; 21.66 ; 74.62 ; 21.45 ; 71.13
12:06:19;5984 ; 21.66 ; 74.62 ; 21.46 ; 71.11
12:06:22;5987 ; 21.66 ; 74.62 ; 21.47 ; 71.12
12:06:25;5990 ; 21.66 ; 74.62 ; 21.47 ; 71.12
12:06:28;5993 ; 21.66 ; 74.61 ; 21.45 ; 71.13
12:06:31;5996 ; 21.66 ; 74.63 ; 21.48 ; 71.12
12:06:34;5999 ; 21.67 ; 74.62 ; 21.48 ; 71.14
12:06:37;6002 ; 21.67 ; 74.63 ; 21.47 ; 71.13
12:06:40;6005 ; 21.67 ; 74.64 ; 21.46 ; 71.14
12:06:43;6008 ; 21.67 ; 74.61 ; 21.46 ; 71.15
12:06:46;6011 ; 21.67 ; 74.60 ; 21.47 ; 71.14
12:06:49;6014 ; 21.67 ; 74.60 ; 21.47 ; 71.12
12:06:52;6017 ; 21.67 ; 74.60 ; 21.47 ; 71.09
12:06:55;6020 ; 21.67 ; 74.60 ; 21.47 ; 71.11
12:06:58;6023 ; 21.68 ; 74.60 ; 21.47 ; 71.13
12:07:01;6026 ; 21.68 ; 74.60 ; 21.46 ; 71.09
12:07:04;6029 ; 21.68 ; 74.60 ; 21.52 ; 71.14
12:07:07;6032 ; 21.69 ; 74.59 ; 21.49 ; 71.10
12:07:10;6035 ; 21.68 ; 74.59 ; 21.50 ; 71.11
12:07:13;6038 ; 21.69 ; 74.59 ; 21.50 ; 71.11
12:07:16;6041 ; 21.68 ; 74.59 ; 21.50 ; 71.11
12:07:19;6044 ; 21.68 ; 74.59 ; 21.48 ; 71.10
12:07:22;6047 ; 21.69 ; 74.58 ; 21.51 ; 71.11
12:07:25;6050 ; 21.69 ; 74.58 ; 21.49 ; 71.11
12:07:28;6053 ; 21.69 ; 74.58 ; 21.50 ; 71.11
12:07:31;6056 ; 21.69 ; 74.58 ; 21.52 ; 71.10
12:07:34;6059 ; 21.70 ; 74.57 ; 21.50 ; 71.09
12:07:37;6062 ; 21.70 ; 74.56 ; 21.50 ; 71.08
12:07:40;6065 ; 21.70 ; 74.58 ; 21.51 ; 71.08
12:07:43;6068 ; 21.70 ; 74.57 ; 21.51 ; 71.10
12:07:46;6071 ; 21.70 ; 74.56 ; 21.51 ; 71.08
12:07:49;6074 ; 21.71 ; 74.56 ; 21.51 ; 71.10
12:07:52;6077 ; 21.70 ; 74.56 ; 21.50 ; 71.09
12:07:55;6080 ; 21.71 ; 74.57 ; 21.50 ; 71.10
12:07:58;6083 ; 21.71 ; 74.58 ; 21.52 ; 71.09
12:08:01;6086 ; 21.71 ; 74.57 ; 21.51 ; 71.08
12:08:04;6089 ; 21.71 ; 74.57 ; 21.52 ; 71.06
12:08:07;6092 ; 21.72 ; 74.58 ; 21.51 ; 71.07
12:08:10;6095 ; 21.72 ; 74.59 ; 21.52 ; 71.07
12:08:13;6098 ; 21.72 ; 74.59 ; 21.52 ; 71.08
12:08:16;6101 ; 21.72 ; 74.58 ; 21.54 ; 71.07
12:08:19;6104 ; 21.73 ; 74.57 ; 21.51 ; 71.08
12:08:22;6107 ; 21.73 ; 74.54 ; 21.51 ; 71.09
12:08:25;6110 ; 21.73 ; 74.54 ; 21.54 ; 71.09
12:08:28;6113 ; 21.73 ; 74.57 ; 21.54 ; 71.09
12:08:31;6116 ; 21.73 ; 74.57 ; 21.55 ; 71.07
12:08:34;6119 ; 21.73 ; 74.56 ; 21.54 ; 71.08
12:08:37;6122 ; 21.73 ; 74.56 ; 21.54 ; 71.07
12:08:40;6125 ; 21.73 ; 74.56 ; 21.54 ; 71.08
12:08:43;6128 ; 21.73 ; 74.56 ; 21.53 ; 71.08
12:08:46;6131 ; 21.73 ; 74.57 ; 21.54 ; 71.09
12:08:49;6134 ; 21.73 ; 74.56 ; 21.54 ; 71.08
12:08:52;6137 ; 21.74 ; 74.57 ; 21.53 ; 71.09
12:08:55;6140 ; 21.75 ; 74.56 ; 21.56 ; 71.08
12:08:58;6143 ; 21.75 ; 74.56 ; 21.56 ; 71.07
12:09:01;6146 ; 21.74 ; 74.56 ; 21.57 ; 71.08
12:09:04;6149 ; 21.75 ; 74.55 ; 21.53 ; 71.08
12:09:07;6152 ; 21.75 ; 74.55 ; 21.56 ; 71.07
12:09:10;6155 ; 21.75 ; 74.55 ; 21.56 ; 71.08
12:09:13;6158 ; 21.75 ; 74.56 ; 21.57 ; 71.09
12:09:16;6161 ; 21.75 ; 74.56 ; 21.56 ; 71.07
12:09:19;6164 ; 21.75 ; 74.55 ; 21.56 ; 71.08
12:09:22;6167 ; 21.76 ; 74.55 ; 21.56 ; 71.05
12:09:25;6170 ; 21.76 ; 74.55 ; 21.57 ; 71.07
12:09:28;6173 ; 21.75 ; 74.56 ; 21.57 ; 71.05
12:09:31;6176 ; 21.76 ; 74.55 ; 21.55 ; 71.07
12:09:34;6179 ; 21.76 ; 74.55 ; 21.57 ; 71.05
12:09:37;6182 ; 21.76 ; 74.54 ; 21.56 ; 71.07
12:09:40;6185 ; 21.77 ; 74.54 ; 21.57 ; 71.06
12:09:43;6188 ; 21.76 ; 74.55 ; 21.56 ; 71.04
12:09:46;6191 ; 21.76 ; 74.55 ; 21.59 ; 71.05
12:09:49;6194 ; 21.77 ; 74.54 ; 21.56 ; 71.05
12:09:52;6197 ; 21.77 ; 74.55 ; 21.58 ; 71.06
12:09:56;6200 ; 21.77 ; 74.51 ; 21.59 ; 71.05
12:09:59;6203 ; 21.77 ; 74.53 ; 21.57 ; 71.04
12:10:02;6206 ; 21.78 ; 74.54 ; 21.59 ; 71.04
12:10:05;6209 ; 21.78 ; 74.53 ; 21.57 ; 71.04
12:10:08;6212 ; 21.78 ; 74.52 ; 21.58 ; 71.05
12:10:11;6215 ; 21.78 ; 74.52 ; 21.60 ; 71.07
12:10:14;6218 ; 21.78 ; 74.53 ; 21.60 ; 71.06
12:10:17;6221 ; 21.79 ; 74.51 ; 21.59 ; 71.03
12:10:20;6224 ; 21.78 ; 74.51 ; 21.57 ; 71.04
12:10:23;6227 ; 21.79 ; 74.51 ; 21.60 ; 71.03
12:10:26;6230 ; 21.79 ; 74.51 ; 21.60 ; 71.01
12:10:29;6233 ; 21.79 ; 74.50 ; 21.59 ; 71.03
12:10:32;6236 ; 21.79 ; 74.50 ; 21.60 ; 71.04
12:10:35;6239 ; 21.80 ; 74.51 ; 21.62 ; 71.04
12:10:38;6242 ; 21.79 ; 74.50 ; 21.62 ; 71.03
12:10:41;6245 ; 21.80 ; 74.50 ; 21.60 ; 71.04
12:10:44;6248 ; 21.80 ; 74.51 ; 21.61 ; 71.04
12:10:47;6251 ; 21.81 ; 74.51 ; 21.60 ; 71.04
12:10:50;6254 ; 21.81 ; 74.50 ; 21.61 ; 71.04
12:10:53;6257 ; 21.81 ; 74.51 ; 21.59 ; 71.04
12:10:56;6260 ; 21.81 ; 74.50 ; 21.59 ; 71.03
12:10:59;6263 ; 21.81 ; 74.50 ; 21.60 ; 71.03
12:11:02;6266 ; 21.81 ; 74.50 ; 21.61 ; 71.05
12:11:05;6269 ; 21.81 ; 74.50 ; 21.61 ; 71.02
12:11:08;6272 ; 21.81 ; 74.49 ; 21.62 ; 71.05
12:11:11;6275 ; 21.81 ; 74.50 ; 21.61 ; 71.01
12:11:14;6278 ; 21.82 ; 74.50 ; 21.60 ; 71.02
12:11:17;6281 ; 21.82 ; 74.52 ; 21.60 ; 71.01
12:11:20;6284 ; 21.82 ; 74.52 ; 21.59 ; 71.02
12:11:23;6287 ; 21.82 ; 74.53 ; 21.62 ; 71.03
12:11:26;6290 ; 21.82 ; 74.52 ; 21.62 ; 71.04
12:11:29;6293 ; 21.82 ; 74.52 ; 21.62 ; 71.04
12:11:32;6296 ; 21.83 ; 74.50 ; 21.63 ; 71.05
12:11:35;6299 ; 21.82 ; 74.48 ; 21.63 ; 71.02
12:11:38;6302 ; 21.82 ; 74.49 ; 21.63 ; 71.02
12:11:41;6305 ; 21.82 ; 74.50 ; 21.62 ; 71.03
12:11:44;6308 ; 21.82 ; 74.50 ; 21.61 ; 71.02
12:11:47;6311 ; 21.83 ; 74.51 ; 21.64 ; 71.01
12:11:50;6314 ; 21.83 ; 74.51 ; 21.63 ; 71.03
12:11:53;6317 ; 21.83 ; 74.51 ; 21.62 ; 71.03
12:11:56;6320 ; 21.83 ; 74.52 ; 21.65 ; 71.04
12:11:59;6323 ; 21.84 ; 74.50 ; 21.62 ; 71.06
12:12:02;6326 ; 21.84 ; 74.51 ; 21.66 ; 71.05
12:12:05;6329 ; 21.84 ; 74.50 ; 21.63 ; 71.02
12:12:08;6332 ; 21.84 ; 74.50 ; 21.65 ; 71.03
12:12:11;6335 ; 21.83 ; 74.50 ; 21.66 ; 71.02
12:12:14;6338 ; 21.84 ; 74.50 ; 21.66 ; 71.05
12:12:17;6341 ; 21.84 ; 74.50 ; 21.66 ; 71.01
12:12:20;6344 ; 21.85 ; 74.50 ; 21.64 ; 71.02
12:12:23;6347 ; 21.85 ; 74.50 ; 21.65 ; 71.03
12:12:26;6350 ; 21.85 ; 74.51 ; 21.68 ; 71.04
12:12:29;6353 ; 21.85 ; 74.50 ; 21.62 ; 71.02
12:12:32;6356 ; 21.85 ; 74.49 ; 21.64 ; 71.02
12:12:35;6359 ; 21.85 ; 74.50 ; 21.65 ; 71.01
12:12:38;6362 ; 21.85 ; 74.49 ; 21.66 ; 70.99
12:12:41;6365 ; 21.86 ; 74.49 ; 21.66 ; 71.02
12:12:44;6368 ; 21.86 ; 74.49 ; 21.65 ; 71.00
12:12:47;6371 ; 21.86 ; 74.49 ; 21.67 ; 71.03
12:12:50;6374 ; 21.86 ; 74.50 ; 21.68 ; 71.03
12:12:53;6377 ; 21.86 ; 74.50 ; 21.66 ; 71.01
12:12:56;6380 ; 21.86 ; 74.49 ; 21.66 ; 71.04
12:12:59;6383 ; 21.86 ; 74.49 ; 21.66 ; 71.03
12:13:02;6386 ; 21.86 ; 74.49 ; 21.67 ; 71.04
12:13:05;6389 ; 21.87 ; 74.49 ; 21.67 ; 71.02
12:13:08;6392 ; 21.87 ; 74.49 ; 21.66 ; 71.02
12:13:11;6395 ; 21.87 ; 74.49 ; 21.64 ; 71.01
12:13:14;6398 ; 21.87 ; 74.49 ; 21.68 ; 71.04
12:13:17;6401 ; 21.87 ; 74.49 ; 21.67 ; 71.04
12:13:20;6404 ; 21.88 ; 74.49 ; 21.68 ; 71.03
12:13:23;6407 ; 21.88 ; 74.49 ; 21.68 ; 70.99
12:13:26;6410 ; 21.88 ; 74.49 ; 21.68 ; 71.01
12:13:29;6413 ; 21.88 ; 74.48 ; 21.68 ; 71.03
12:13:32;6416 ; 21.88 ; 74.50 ; 21.69 ; 71.03
12:13:35;6419 ; 21.88 ; 74.49 ; 21.68 ; 71.03
12:13:39;6422 ; 21.88 ; 74.48 ; 21.69 ; 71.02
12:13:42;6425 ; 21.89 ; 74.48 ; 21.69 ; 71.03
12:13:45;6428 ; 21.88 ; 74.48 ; 21.68 ; 71.01
12:13:48;6431 ; 21.89 ; 74.48 ; 21.66 ; 71.02
12:13:51;6434 ; 21.89 ; 74.48 ; 21.70 ; 71.03
12:13:54;6437 ; 21.90 ; 74.50 ; 21.67 ; 71.00
12:13:57;6440 ; 21.89 ; 74.49 ; 21.67 ; 71.03
12:14:00;6443 ; 21.89 ; 74.48 ; 21.71 ; 71.02
12:14:03;6446 ; 21.90 ; 74.48 ; 21.71 ; 71.02
12:14:06;6449 ; 21.89 ; 74.47 ; 21.72 ; 71.01
12:14:09;6452 ; 21.90 ; 74.47 ; 21.69 ; 71.01
12:14:12;6455 ; 21.90 ; 74.47 ; 21.69 ; 71.01
12:14:15;6458 ; 21.90 ; 74.48 ; 21.70 ; 71.00
12:14:18;6461 ; 21.90 ; 74.49 ; 21.69 ; 71.01
12:14:21;6464 ; 21.91 ; 74.49 ; 21.70 ; 71.01
12:14:24;6467 ; 21.91 ; 74.49 ; 21.70 ; 71.01
12:14:27;6470 ; 21.90 ; 74.46 ; 21.70 ; 70.99
12:14:30;6473 ; 21.90 ; 74.46 ; 21.70 ; 70.97
12:14:33;6476 ; 21.91 ; 74.44 ; 21.71 ; 71.01
12:14:36;6479 ; 21.91 ; 74.48 ; 21.70 ; 71.01
12:14:39;6482 ; 21.91 ; 74.48 ; 21.72 ; 71.00
12:14:42;6485 ; 21.91 ; 74.48 ; 21.71 ; 70.99
12:14:45;6488 ; 21.91 ; 74.46 ; 21.71 ; 71.00
12:14:48;6491 ; 21.92 ; 74.46 ; 21.71 ; 70.98
12:14:51;6494 ; 21.92 ; 74.46 ; 21.72 ; 70.99
12:14:54;6497 ; 21.91 ; 74.46 ; 21.74 ; 70.99
12:14:57;6500 ; 21.92 ; 74.45 ; 21.72 ; 70.99
12:15:00;6503 ; 21.92 ; 74.45 ; 21.74 ; 71.01
12:15:03;6506 ; 21.91 ; 74.44 ; 21.72 ; 71.00
12:15:06;6509 ; 21.92 ; 74.45 ; 21.73 ; 70.96
12:15:09;6512 ; 21.92 ; 74.46 ; 21.72 ; 71.00
12:15:12;6515 ; 21.93 ; 74.44 ; 21.72 ; 70.97
12:15:15;6518 ; 21.93 ; 74.44 ; 21.73 ; 70.96
12:15:18;6521 ; 21.93 ; 74.46 ; 21.74 ; 70.96
12:15:21;6524 ; 21.93 ; 74.46 ; 21.73 ; 71.00
12:15:24;6527 ; 21.93 ; 74.44 ; 21.75 ; 70.98
12:15:27;6530 ; 21.93 ; 74.45 ; 21.72 ; 70.98
12:15:30;6533 ; 21.93 ; 74.46 ; 21.74 ; 70.99
12:15:33;6536 ; 21.93 ; 74.47 ; 21.74 ; 71.00
12:15:36;6539 ; 21.93 ; 74.46 ; 21.74 ; 71.00
12:15:39;6542 ; 21.93 ; 74.46 ; 21.74 ; 70.98
12:15:42;6545 ; 21.93 ; 74.46 ; 21.74 ; 70.99
12:15:45;6548 ; 21.93 ; 74.45 ; 21.75 ; 70.98
12:15:48;6551 ; 21.94 ; 74.46 ; 21.73 ; 70.99
12:15:51;6554 ; 21.94 ; 74.46 ; 21.72 ; 70.97
12:15:54;6557 ; 21.94 ; 74.42 ; 21.74 ; 70.98
12:15:57;6560 ; 21.94 ; 74.44 ; 21.74 ; 70.97
12:16:00;6563 ; 21.95 ; 74.42 ; 21.76 ; 70.99
12:16:03;6566 ; 21.95 ; 74.45 ; 21.75 ; 70.98
12:16:06;6569 ; 21.94 ; 74.45 ; 21.77 ; 70.98
12:16:09;6572 ; 21.95 ; 74.46 ; 21.76 ; 70.99
12:16:12;6575 ; 21.95 ; 74.45 ; 21.75 ; 71.01
12:16:15;6578 ; 21.95 ; 74.45 ; 21.76 ; 70.99
12:16:18;6581 ; 21.95 ; 74.45 ; 21.75 ; 71.00
12:16:21;6584 ; 21.95 ; 74.45 ; 21.74 ; 71.01
12:16:24;6587 ; 21.96 ; 74.45 ; 21.77 ; 70.99
12:16:27;6590 ; 21.95 ; 74.44 ; 21.74 ; 70.98
12:16:30;6593 ; 21.96 ; 74.45 ; 21.75 ; 70.98
12:16:33;6596 ; 21.96 ; 74.44 ; 21.75 ; 70.96
12:16:36;6599 ; 21.96 ; 74.44 ; 21.76 ; 70.98
12:16:39;6602 ; 21.96 ; 74.45 ; 21.78 ; 70.96
12:16:42;6605 ; 21.96 ; 74.45 ; 21.76 ; 70.96
12:16:45;6608 ; 21.96 ; 74.44 ; 21.77 ; 70.97
12:16:48;6611 ; 21.96 ; 74.45 ; 21.80 ; 70.98
12:16:51;6614 ; 21.96 ; 74.44 ; 21.76 ; 71.00
12:16:54;6617 ; 21.96 ; 74.45 ; 21.78 ; 70.99
12:16:57;6620 ; 21.96 ; 74.44 ; 21.76 ; 71.00
12:17:00;6623 ; 21.97 ; 74.44 ; 21.76 ; 70.96
12:17:03;6626 ; 21.96 ; 74.43 ; 21.77 ; 70.98
12:17:06;6629 ; 21.97 ; 74.43 ; 21.78 ; 70.96
12:17:09;6632 ; 21.96 ; 74.45 ; 21.78 ; 70.99
12:17:12;6635 ; 21.97 ; 74.44 ; 21.76 ; 70.98
12:17:15;6638 ; 21.97 ; 74.42 ; 21.78 ; 70.99
12:17:18;6641 ; 21.97 ; 74.45 ; 21.78 ; 70.97
12:17:22;6644 ; 21.97 ; 74.46 ; 21.78 ; 70.97
12:17:25;6647 ; 21.97 ; 74.44 ; 21.79 ; 70.99
12:17:28;6650 ; 21.98 ; 74.44 ; 21.78 ; 70.98
12:17:31;6653 ; 21.98 ; 74.42 ; 21.80 ; 70.98
12:17:34;6656 ; 21.98 ; 74.43 ; 21.80 ; 70.97
12:17:37;6659 ; 21.98 ; 74.43 ; 21.80 ; 70.98
12:17:40;6662 ; 21.98 ; 74.43 ; 21.78 ; 70.97
12:17:43;6665 ; 21.98 ; 74.42 ; 21.77 ; 70.97
12:17:46;6668 ; 21.98 ; 74.43 ; 21.79 ; 71.00
12:17:49;6671 ; 21.98 ; 74.40 ; 21.78 ; 70.96
12:17:52;6674 ; 21.98 ; 74.42 ; 21.78 ; 70.96
12:17:55;6677 ; 21.98 ; 74.42 ; 21.77 ; 70.97
12:17:58;6680 ; 21.98 ; 74.42 ; 21.81 ; 70.96
12:18:01;6683 ; 21.98 ; 74.41 ; 21.78 ; 70.98
12:18:04;6686 ; 21.99 ; 74.40 ; 21.81 ; 70.97
12:18:07;6689 ; 21.99 ; 74.41 ; 21.80 ; 70.96
12:18:10;6692 ; 21.99 ; 74.41 ; 21.78 ; 70.95
12:18:13;6695 ; 21.99 ; 74.42 ; 21.81 ; 70.98
12:18:16;6698 ; 21.99 ; 74.43 ; 21.78 ; 70.96
12:18:19;6701 ; 21.99 ; 74.42 ; 21.80 ; 70.96
12:18:22;6704 ; 21.99 ; 74.42 ; 21.80 ; 70.97
12:18:25;6707 ; 21.99 ; 74.42 ; 21.81 ; 71.00
12:18:28;6710 ; 22.00 ; 74.41 ; 21.81 ; 70.98
12:18:31;6713 ; 22.00 ; 74.42 ; 21.82 ; 70.94
12:18:34;6716 ; 21.99 ; 74.44 ; 21.80 ; 70.94
12:18:37;6719 ; 22.00 ; 74.40 ; 21.79 ; 70.96
12:18:40;6722 ; 22.00 ; 74.41 ; 21.80 ; 70.93
12:18:43;6725 ; 22.00 ; 74.40 ; 21.82 ; 70.96
12:18:46;6728 ; 22.00 ; 74.39 ; 21.79 ; 70.94
12:18:49;6731 ; 22.00 ; 74.40 ; 21.81 ; 70.95
12:18:52;6734 ; 22.00 ; 74.41 ; 21.82 ; 70.96
12:18:55;6737 ; 22.01 ; 74.40 ; 21.81 ; 70.94
12:18:58;6740 ; 22.01 ; 74.40 ; 21.79 ; 70.93
12:19:01;6743 ; 22.00 ; 74.39 ; 21.80 ; 70.96
12:19:04;6746 ; 22.00 ; 74.39 ; 21.80 ; 70.94
12:19:07;6749 ; 22.01 ; 74.40 ; 21.80 ; 70.93
12:19:10;6752 ; 22.01 ; 74.41 ; 21.81 ; 70.95
12:19:13;6755 ; 22.01 ; 74.39 ; 21.81 ; 70.96
12:19:16;6758 ; 22.01 ; 74.39 ; 21.80 ; 70.96
12:19:19;6761 ; 22.01 ; 74.41 ; 21.80 ; 70.94
12:19:22;6764 ; 22.01 ; 74.39 ; 21.81 ; 70.96
12:19:25;6767 ; 22.01 ; 74.40 ; 21.82 ; 70.94
12:19:28;6770 ; 22.01 ; 74.40 ; 21.85 ; 70.94
12:19:31;6773 ; 22.02 ; 74.42 ; 21.81 ; 70.95
12:19:34;6776 ; 22.02 ; 74.40 ; 21.82 ; 70.98
12:19:37;6779 ; 22.02 ; 74.42 ; 21.83 ; 70.96
12:19:40;6782 ; 22.02 ; 74.41 ; 21.83 ; 70.99
12:19:43;6785 ; 22.02 ; 74.40 ; 21.83 ; 70.97
12:19:46;6788 ; 22.02 ; 74.41 ; 21.83 ; 70.93
12:19:49;6791 ; 22.02 ; 74.41 ; 21.83 ; 70.94
12:19:52;6794 ; 22.03 ; 74.40 ; 21.81 ; 70.93
12:19:55;6797 ; 22.03 ; 74.41 ; 21.83 ; 70.97
12:19:58;6800 ; 22.02 ; 74.42 ; 21.81 ; 70.96
12:20:01;6803 ; 22.03 ; 74.37 ; 21.83 ; 70.96
12:20:04;6806 ; 22.03 ; 74.42 ; 21.83 ; 70.94
12:20:07;6809 ; 22.03 ; 74.41 ; 21.83 ; 70.93
12:20:10;6812 ; 22.03 ; 74.40 ; 21.82 ; 70.96
12:20:13;6815 ; 22.02 ; 74.41 ; 21.83 ; 70.95
12:20:16;6818 ; 22.03 ; 74.40 ; 21.84 ; 70.95
12:20:19;6821 ; 22.03 ; 74.38 ; 21.83 ; 70.93
12:20:22;6824 ; 22.03 ; 74.38 ; 21.84 ; 70.93
12:20:25;6827 ; 22.03 ; 74.40 ; 21.84 ; 70.94
12:20:28;6830 ; 22.03 ; 74.38 ; 21.83 ; 70.96
12:20:31;6833 ; 22.03 ; 74.38 ; 21.84 ; 70.94
12:20:34;6836 ; 22.03 ; 74.40 ; 21.85 ; 70.93
12:20:37;6839 ; 22.03 ; 74.38 ; 21.82 ; 70.92
12:20:40;6842 ; 22.03 ; 74.38 ; 21.85 ; 70.93
12:20:43;6845 ; 22.03 ; 74.37 ; 21.84 ; 70.95
12:20:46;6848 ; 22.04 ; 74.37 ; 21.85 ; 70.95
12:20:49;6851 ; 22.03 ; 74.38 ; 21.85 ; 70.92
12:20:52;6854 ; 22.03 ; 74.39 ; 21.83 ; 70.93
12:20:55;6857 ; 22.03 ; 74.40 ; 21.85 ; 70.93
12:20:58;6860 ; 22.03 ; 74.37 ; 21.85 ; 70.93
12:21:01;6863 ; 22.04 ; 74.37 ; 21.84 ; 70.95
12:21:05;6866 ; 22.04 ; 74.37 ; 21.84 ; 70.92
12:21:08;6869 ; 22.04 ; 74.39 ; 21.84 ; 70.93
12:21:11;6872 ; 22.04 ; 74.37 ; 21.85 ; 70.95
12:21:14;6875 ; 22.04 ; 74.37 ; 21.84 ; 70.91
12:21:17;6878 ; 22.04 ; 74.40 ; 21.84 ; 70.94
12:21:20;6881 ; 22.04 ; 74.37 ; 21.84 ; 70.93
12:21:23;6884 ; 22.05 ; 74.38 ; 21.85 ; 70.96
12:21:26;6887 ; 22.04 ; 74.38 ; 21.84 ; 70.94
12:21:29;6890 ; 22.05 ; 74.38 ; 21.84 ; 70.92
12:21:32;6893 ; 22.05 ; 74.38 ; 21.85 ; 70.94
12:21:35;6896 ; 22.05 ; 74.38 ; 21.86 ; 70.92
12:21:38;6899 ; 22.05 ; 74.37 ; 21.86 ; 70.95
12:21:41;6902 ; 22.05 ; 74.39 ; 21.87 ; 70.93
12:21:44;6905 ; 22.05 ; 74.38 ; 21.89 ; 70.94
12:21:47;6908 ; 22.06 ; 74.38 ; 21.87 ; 70.97
12:21:50;6911 ; 22.05 ; 74.38 ; 21.85 ; 70.94
12:21:53;6914 ; 22.05 ; 74.37 ; 21.84 ; 70.93
12:21:56;6917 ; 22.05 ; 74.37 ; 21.86 ; 70.94
12:21:59;6920 ; 22.05 ; 74.36 ; 21.85 ; 70.94
12:22:02;6923 ; 22.06 ; 74.37 ; 21.84 ; 70.91
12:22:05;6926 ; 22.05 ; 74.37 ; 21.87 ; 70.93
12:22:08;6929 ; 22.05 ; 74.38 ; 21.86 ; 70.96
12:22:11;6932 ; 22.06 ; 74.37 ; 21.86 ; 70.93
12:22:14;6935 ; 22.06 ; 74.37 ; 21.86 ; 70.93
12:22:17;6938 ; 22.06 ; 74.36 ; 21.85 ; 70.92
12:22:20;6941 ; 22.06 ; 74.37 ; 21.87 ; 70.93
12:22:23;6944 ; 22.06 ; 74.38 ; 21.87 ; 70.93
12:22:26;6947 ; 22.06 ; 74.36 ; 21.88 ; 70.94
12:22:29;6950 ; 22.06 ; 74.34 ; 21.87 ; 70.91
12:22:32;6953 ; 22.06 ; 74.34 ; 21.87 ; 70.92
12:22:35;6956 ; 22.06 ; 74.37 ; 21.85 ; 70.91
12:22:38;6959 ; 22.06 ; 74.36 ; 21.87 ; 70.92
12:22:41;6962 ; 22.07 ; 74.37 ; 21.89 ; 70.92
12:22:44;6965 ; 22.07 ; 74.35 ; 21.88 ; 70.94
12:22:47;6968 ; 22.06 ; 74.36 ; 21.87 ; 70.94
12:22:50;6971 ; 22.07 ; 74.35 ; 21.88 ; 70.92
12:22:53;6974 ; 22.06 ; 74.36 ; 21.88 ; 70.92
12:22:56;6977 ; 22.07 ; 74.34 ; 21.88 ; 70.92
12:22:59;6980 ; 22.06 ; 74.35 ; 21.87 ; 70.91
12:23:02;6983 ; 22.07 ; 74.35 ; 21.88 ; 70.91
12:23:05;6986 ; 22.07 ; 74.35 ; 21.89 ; 70.92
12:23:08;6989 ; 22.07 ; 74.36 ; 21.88 ; 70.91
12:23:11;6992 ; 22.07 ; 74.36 ; 21.88 ; 70.92
12:23:14;6995 ; 22.07 ; 74.36 ; 21.89 ; 70.92
12:23:17;6998 ; 22.07 ; 74.35 ; 21.89 ; 70.91
12:23:20;7001 ; 22.07 ; 74.35 ; 21.88 ; 70.92
12:23:23;7004 ; 22.07 ; 74.36 ; 21.90 ; 70.93
12:23:26;7007 ; 22.07 ; 74.37 ; 21.88 ; 70.93
12:23:29;7010 ; 22.08 ; 74.37 ; 21.89 ; 70.94
12:23:32;7013 ; 22.08 ; 74.36 ; 21.91 ; 70.92
12:23:35;7016 ; 22.08 ; 74.36 ; 21.90 ; 70.91
12:23:38;7019 ; 22.08 ; 74.36 ; 21.89 ; 70.92
12:23:41;7022 ; 22.08 ; 74.36 ; 21.88 ; 70.92
12:23:44;7025 ; 22.07 ; 74.37 ; 21.89 ; 70.92
12:23:47;7028 ; 22.08 ; 74.34 ; 21.89 ; 70.93
12:23:50;7031 ; 22.08 ; 74.37 ; 21.89 ; 70.92
12:23:53;7034 ; 22.08 ; 74.36 ; 21.90 ; 70.93
12:23:56;7037 ; 22.08 ; 74.36 ; 21.90 ; 70.94
12:23:59;7040 ; 22.08 ; 74.35 ; 21.92 ; 70.89
12:24:02;7043 ; 22.08 ; 74.35 ; 21.89 ; 70.91
12:24:05;7046 ; 22.09 ; 74.35 ; 21.90 ; 70.92
12:24:08;7049 ; 22.09 ; 74.34 ; 21.90 ; 70.92
12:24:11;7052 ; 22.08 ; 74.34 ; 21.89 ; 70.90
12:24:14;7055 ; 22.09 ; 74.35 ; 21.91 ; 70.92
12:24:17;7058 ; 22.09 ; 74.35 ; 21.90 ; 70.92
12:24:20;7061 ; 22.09 ; 74.35 ; 21.89 ; 70.92
12:24:23;7064 ; 22.09 ; 74.35 ; 21.90 ; 70.91
12:24:26;7067 ; 22.09 ; 74.35 ; 21.89 ; 70.92
12:24:29;7070 ; 22.09 ; 74.34 ; 21.92 ; 70.90
12:24:32;7073 ; 22.09 ; 74.35 ; 21.91 ; 70.91
12:24:35;7076 ; 22.10 ; 74.34 ; 21.90 ; 70.91
12:24:38;7079 ; 22.10 ; 74.34 ; 21.89 ; 70.90
12:24:41;7082 ; 22.10 ; 74.34 ; 21.90 ; 70.88
12:24:44;7085 ; 22.10 ; 74.35 ; 21.90 ; 70.92
12:24:48;7088 ; 22.10 ; 74.34 ; 21.92 ; 70.89
12:24:51;7091 ; 22.09 ; 74.33 ; 21.90 ; 70.92
12:24:54;7094 ; 22.10 ; 74.34 ; 21.91 ; 70.91
12:24:57;7097 ; 22.10 ; 74.35 ; 21.90 ; 70.91
12:25:00;7100 ; 22.10 ; 74.34 ; 21.90 ; 70.90
12:25:03;7103 ; 22.10 ; 74.35 ; 21.90 ; 70.92
12:25:06;7106 ; 22.10 ; 74.35 ; 21.92 ; 70.89
12:25:09;7109 ; 22.10 ; 74.32 ; 21.92 ; 70.90
12:25:12;7112 ; 22.10 ; 74.34 ; 21.92 ; 70.89
12:25:15;7115 ; 22.10 ; 74.33 ; 21.92 ; 70.90
12:25:18;7118 ; 22.10 ; 74.34 ; 21.92 ; 70.92
12:25:21;7121 ; 22.10 ; 74.34 ; 21.92 ; 70.89
12:25:24;7124 ; 22.11 ; 74.34 ; 21.91 ; 70.90
12:25:27;7127 ; 22.10 ; 74.35 ; 21.91 ; 70.91
12:25:30;7130 ; 22.11 ; 74.34 ; 21.92 ; 70.92
12:25:33;7133 ; 22.11 ; 74.33 ; 21.93 ; 70.92
12:25:36;7136 ; 22.12 ; 74.33 ; 21.94 ; 70.91
12:25:39;7139 ; 22.11 ; 74.32 ; 21.92 ; 70.91
12:25:42;7142 ; 22.11 ; 74.33 ; 21.93 ; 70.90
12:25:45;7145 ; 22.11 ; 74.33 ; 21.92 ; 70.91
12:25:48;7148 ; 22.11 ; 74.33 ; 21.93 ; 70.88
12:25:51;7151 ; 22.12 ; 74.33 ; 21.93 ; 70.89
12:25:54;7154 ; 22.12 ; 74.33 ; 21.95 ; 70.90
12:25:57;7157 ; 22.11 ; 74.33 ; 21.93 ; 70.92
12:26:00;7160 ; 22.12 ; 74.32 ; 21.92 ; 70.89
12:26:03;7163 ; 22.11 ; 74.33 ; 21.93 ; 70.90
12:26:06;7166 ; 22.12 ; 74.34 ; 21.91 ; 70.89
12:26:09;7169 ; 22.12 ; 74.32 ; 21.93 ; 70.91
12:26:12;7172 ; 22.12 ; 74.33 ; 21.92 ; 70.90
12:26:15;7175 ; 22.12 ; 74.34 ; 21.93 ; 70.90
12:26:18;7178 ; 22.12 ; 74.34 ; 21.92 ; 70.90
12:26:21;7181 ; 22.12 ; 74.33 ; 21.95 ; 70.89
12:26:24;7184 ; 22.12 ; 74.32 ; 21.93 ; 70.91
12:26:27;7187 ; 22.12 ; 74.33 ; 21.95 ; 70.88
12:26:30;7190 ; 22.12 ; 74.33 ; 21.93 ; 70.90
12:26:33;7193 ; 22.13 ; 74.32 ; 21.92 ; 70.89
12:26:36;7196 ; 22.13 ; 74.34 ; 21.93 ; 70.91
12:26:39;7199 ; 22.13 ; 74.33 ; 21.93 ; 70.90
12:26:42;7202 ; 22.13 ; 74.33 ; 21.92 ; 70.91
12:26:45;7205 ; 22.13 ; 74.32 ; 21.92 ; 70.88
12:26:48;7208 ; 22.13 ; 74.33 ; 21.95 ; 70.92
12:26:51;7211 ; 22.12 ; 74.33 ; 21.93 ; 70.87
12:26:54;7214 ; 22.12 ; 74.33 ; 21.95 ; 70.91
12:26:57;7217 ; 22.13 ; 74.33 ; 21.95 ; 70.90
12:27:00;7220 ; 22.13 ; 74.32 ; 21.93 ; 70.90
12:27:03;7223 ; 22.13 ; 74.33 ; 21.94 ; 70.89
12:27:06;7226 ; 22.13 ; 74.34 ; 21.95 ; 70.88
12:27:09;7229 ; 22.13 ; 74.32 ; 21.93 ; 70.90
12:27:12;7232 ; 22.13 ; 74.32 ; 21.94 ; 70.88
12:27:15;7235 ; 22.13 ; 74.31 ; 21.96 ; 70.91
12:27:18;7238 ; 22.13 ; 74.31 ; 21.94 ; 70.88
12:27:21;7241 ; 22.14 ; 74.33 ; 21.94 ; 70.89
12:27:24;7244 ; 22.13 ; 74.32 ; 21.92 ; 70.87
12:27:27;7247 ; 22.13 ; 74.33 ; 21.94 ; 70.91
12:27:30;7250 ; 22.13 ; 74.34 ; 21.95 ; 70.88
12:27:33;7253 ; 22.13 ; 74.33 ; 21.95 ; 70.89
12:27:36;7256 ; 22.13 ; 74.34 ; 21.94 ; 70.89
12:27:39;7259 ; 22.14 ; 74.34 ; 21.95 ; 70.88
12:27:42;7262 ; 22.14 ; 74.33 ; 21.95 ; 70.91
12:27:45;7265 ; 22.14 ; 74.31 ; 21.95 ; 70.89
12:27:48;7268 ; 22.14 ; 74.31 ; 21.95 ; 70.87
12:27:51;7271 ; 22.14 ; 74.31 ; 21.94 ; 70.90
12:27:54;7274 ; 22.14 ; 74.31 ; 21.96 ; 70.86
12:27:57;7277 ; 22.15 ; 74.30 ; 21.93 ; 70.88
12:28:00;7280 ; 22.15 ; 74.31 ; 21.96 ; 70.87
12:28:03;7283 ; 22.15 ; 74.31 ; 21.94 ; 70.86
12:28:06;7286 ; 22.15 ; 74.30 ; 21.95 ; 70.88
12:28:09;7289 ; 22.15 ; 74.31 ; 21.95 ; 70.88
12:28:12;7292 ; 22.15 ; 74.31 ; 21.95 ; 70.88
12:28:15;7295 ; 22.15 ; 74.29 ; 21.96 ; 70.89
12:28:18;7298 ; 22.15 ; 74.31 ; 21.96 ; 70.87
12:28:21;7301 ; 22.15 ; 74.30 ; 21.94 ; 70.87
12:28:24;7304 ; 22.14 ; 74.30 ; 21.95 ; 70.88
12:28:27;7307 ; 22.15 ; 74.31 ; 21.96 ; 70.92
12:28:31;7310 ; 22.15 ; 74.28 ; 21.95 ; 70.90
12:28:34;7313 ; 22.15 ; 74.28 ; 21.97 ; 70.87
12:28:37;7316 ; 22.15 ; 74.30 ; 21.96 ; 70.88
12:28:40;7319 ; 22.15 ; 74.29 ; 21.95 ; 70.89
12:28:43;7322 ; 22.15 ; 74.30 ; 21.96 ; 70.87
12:28:46;7325 ; 22.15 ; 74.31 ; 21.95 ; 70.87
12:28:49;7328 ; 22.15 ; 74.32 ; 21.95 ; 70.88
12:28:52;7331 ; 22.15 ; 74.31 ; 21.95 ; 70.88
12:28:55;7334 ; 22.15 ; 74.31 ; 21.96 ; 70.87
12:28:58;7337 ; 22.15 ; 74.31 ; 21.94 ; 70.87
12:29:01;7340 ; 22.16 ; 74.31 ; 21.96 ; 70.89
12:29:04;7343 ; 22.16 ; 74.31 ; 21.95 ; 70.86
12:29:07;7346 ; 22.16 ; 74.30 ; 21.97 ; 70.85
12:29:10;7349 ; 22.16 ; 74.30 ; 21.96 ; 70.89
12:29:13;7352 ; 22.15 ; 74.31 ; 21.95 ; 70.90
12:29:16;7355 ; 22.16 ; 74.30 ; 21.96 ; 70.87
12:29:19;7358 ; 22.16 ; 74.31 ; 21.96 ; 70.88
12:29:22;7361 ; 22.15 ; 74.30 ; 21.97 ; 70.87
12:29:25;7364 ; 22.15 ; 74.29 ; 21.93 ; 70.88
12:29:28;7367 ; 22.16 ; 74.31 ; 21.98 ; 70.86
12:29:31;7370 ; 22.16 ; 74.31 ; 21.98 ; 70.90
12:29:34;7373 ; 22.16 ; 74.31 ; 21.97 ; 70.88
12:29:37;7376 ; 22.16 ; 74.31 ; 21.96 ; 70.89
12:29:40;7379 ; 22.16 ; 74.31 ; 21.97 ; 70.88
12:29:43;7382 ; 22.16 ; 74.30 ; 21.96 ; 70.89
12:29:46;7385 ; 22.16 ; 74.30 ; 21.97 ; 70.88
12:29:49;7388 ; 22.16 ; 74.31 ; 21.99 ; 70.87
12:29:52;7391 ; 22.17 ; 74.30 ; 21.98 ; 70.89
12:29:55;7394 ; 22.16 ; 74.30 ; 21.98 ; 70.87
12:29:58;7397 ; 22.16 ; 74.30 ; 21.96 ; 70.84
12:30:01;7400 ; 22.17 ; 74.29 ; 21.96 ; 70.85
12:30:04;7403 ; 22.17 ; 74.29 ; 21.96 ; 70.86
12:30:07;7406 ; 22.16 ; 74.30 ; 21.98 ; 70.87
12:30:10;7409 ; 22.17 ; 74.29 ; 21.98 ; 70.85
12:30:13;7412 ; 22.17 ; 74.29 ; 21.98 ; 70.83
12:30:16;7415 ; 22.17 ; 74.31 ; 21.97 ; 70.86
12:30:19;7418 ; 22.17 ; 74.30 ; 21.97 ; 70.87
12:30:22;7421 ; 22.17 ; 74.30 ; 21.98 ; 70.85
12:30:25;7424 ; 22.17 ; 74.30 ; 21.97 ; 70.86
12:30:28;7427 ; 22.17 ; 74.30 ; 21.98 ; 70.84
12:30:31;7430 ; 22.17 ; 74.30 ; 21.98 ; 70.88
12:30:34;7433 ; 22.17 ; 74.29 ; 21.98 ; 70.84
12:30:37;7436 ; 22.17 ; 74.28 ; 21.99 ; 70.86
12:30:40;7439 ; 22.17 ; 74.29 ; 21.98 ; 70.89
12:30:43;7442 ; 22.17 ; 74.28 ; 21.97 ; 70.83
12:30:46;7445 ; 22.18 ; 74.28 ; 21.96 ; 70.87
12:30:49;7448 ; 22.18 ; 74.28 ; 21.97 ; 70.87
12:30:52;7451 ; 22.18 ; 74.28 ; 21.97 ; 70.85
12:30:55;7454 ; 22.18 ; 74.30 ; 22.00 ; 70.86
12:30:58;7457 ; 22.18 ; 74.29 ; 21.96 ; 70.86
12:31:01;7460 ; 22.18 ; 74.28 ; 21.98 ; 70.87
12:31:04;7463 ; 22.18 ; 74.29 ; 21.98 ; 70.85
12:31:07;7466 ; 22.18 ; 74.29 ; 22.00 ; 70.89
12:31:10;7469 ; 22.17 ; 74.29 ; 21.99 ; 70.86
12:31:13;7472 ; 22.18 ; 74.29 ; 21.99 ; 70.87
12:31:16;7475 ; 22.18 ; 74.27 ; 21.98 ; 70.85
12:31:19;7478 ; 22.18 ; 74.28 ; 21.99 ; 70.87
12:31:22;7481 ; 22.18 ; 74.27 ; 21.98 ; 70.84
12:31:25;7484 ; 22.18 ; 74.28 ; 21.97 ; 70.84
12:31:28;7487 ; 22.19 ; 74.28 ; 21.97 ; 70.83
12:31:31;7490 ; 22.19 ; 74.29 ; 21.98 ; 70.85
12:31:34;7493 ; 22.18 ; 74.27 ; 21.99 ; 70.84
12:31:37;7496 ; 22.18 ; 74.27 ; 22.00 ; 70.87
12:31:40;7499 ; 22.18 ; 74.28 ; 21.99 ; 70.88
12:31:43;7502 ; 22.19 ; 74.27 ; 22.01 ; 70.85
12:31:46;7505 ; 22.18 ; 74.27 ; 21.98 ; 70.86
12:31:49;7508 ; 22.18 ; 74.28 ; 21.98 ; 70.85
12:31:52;7511 ; 22.18 ; 74.29 ; 21.99 ; 70.86
12:31:55;7514 ; 22.18 ; 74.28 ; 21.99 ; 70.90
12:31:58;7517 ; 22.19 ; 74.29 ; 22.01 ; 70.87
12:32:01;7520 ; 22.18 ; 74.29 ; 21.98 ; 70.85
12:32:04;7523 ; 22.19 ; 74.28 ; 21.98 ; 70.85
12:32:07;7526 ; 22.19 ; 74.29 ; 22.01 ; 70.88
12:32:10;7529 ; 22.19 ; 74.29 ; 21.99 ; 70.86
12:32:14;7532 ; 22.19 ; 74.29 ; 21.99 ; 70.85
12:32:17;7535 ; 22.19 ; 74.29 ; 22.01 ; 70.88
12:32:20;7538 ; 22.19 ; 74.29 ; 21.98 ; 70.88
12:32:23;7541 ; 22.19 ; 74.30 ; 22.01 ; 70.87
12:32:26;7544 ; 22.20 ; 74.30 ; 21.99 ; 70.86
12:32:29;7547 ; 22.20 ; 74.30 ; 22.00 ; 70.88
12:32:32;7550 ; 22.20 ; 74.30 ; 22.01 ; 70.87
12:32:35;7553 ; 22.20 ; 74.30 ; 21.99 ; 70.88
12:32:38;7556 ; 22.20 ; 74.29 ; 22.01 ; 70.89
12:32:41;7559 ; 22.19 ; 74.29 ; 22.02 ; 70.87
12:32:44;7562 ; 22.19 ; 74.28 ; 22.01 ; 70.89
12:32:47;7565 ; 22.20 ; 74.27 ; 22.00 ; 70.85
12:32:50;7568 ; 22.20 ; 74.28 ; 22.00 ; 70.86
12:32:53;7571 ; 22.20 ; 74.28 ; 22.00 ; 70.86
12:32:56;7574 ; 22.20 ; 74.29 ; 22.02 ; 70.87
12:32:59;7577 ; 22.19 ; 74.29 ; 22.01 ; 70.87
12:33:02;7580 ; 22.19 ; 74.30 ; 22.00 ; 70.85
12:33:05;7583 ; 22.20 ; 74.29 ; 22.00 ; 70.88
12:33:08;7586 ; 22.20 ; 74.29 ; 21.98 ; 70.89
12:33:11;7589 ; 22.20 ; 74.30 ; 22.02 ; 70.87
12:33:14;7592 ; 22.20 ; 74.29 ; 22.00 ; 70.87
12:33:17;7595 ; 22.21 ; 74.30 ; 22.00 ; 70.89
12:33:20;7598 ; 22.20 ; 74.29 ; 21.98 ; 70.87
12:33:23;7601 ; 22.20 ; 74.28 ; 21.99 ; 70.89
12:33:26;7604 ; 22.20 ; 74.28 ; 21.99 ; 70.86
12:33:29;7607 ; 22.21 ; 74.29 ; 22.02 ; 70.90
12:33:32;7610 ; 22.20 ; 74.29 ; 22.03 ; 70.88
12:33:35;7613 ; 22.20 ; 74.29 ; 22.00 ; 70.88
12:33:38;7616 ; 22.21 ; 74.28 ; 22.01 ; 70.87
12:33:41;7619 ; 22.20 ; 74.29 ; 22.02 ; 70.87
12:33:44;7622 ; 22.20 ; 74.27 ; 22.01 ; 70.87
12:33:47;7625 ; 22.21 ; 74.28 ; 22.02 ; 70.87
12:33:50;7628 ; 22.21 ; 74.28 ; 21.98 ; 70.84
12:33:53;7631 ; 22.20 ; 74.27 ; 22.00 ; 70.85
12:33:56;7634 ; 22.21 ; 74.29 ; 22.00 ; 70.86
12:33:59;7637 ; 22.21 ; 74.29 ; 22.00 ; 70.88
12:34:02;7640 ; 22.21 ; 74.28 ; 22.01 ; 70.88
12:34:05;7643 ; 22.21 ; 74.28 ; 22.03 ; 70.87
12:34:08;7646 ; 22.21 ; 74.29 ; 21.99 ; 70.86
12:34:11;7649 ; 22.21 ; 74.27 ; 22.01 ; 70.88
12:34:14;7652 ; 22.21 ; 74.28 ; 22.00 ; 70.86
12:34:17;7655 ; 22.21 ; 74.29 ; 22.00 ; 70.87
12:34:20;7658 ; 22.21 ; 74.30 ; 22.03 ; 70.88
12:34:23;7661 ; 22.21 ; 74.29 ; 22.03 ; 70.90
12:34:26;7664 ; 22.22 ; 74.29 ; 22.02 ; 70.88
12:34:29;7667 ; 22.22 ; 74.29 ; 22.02 ; 70.92
12:34:32;7670 ; 22.22 ; 74.28 ; 22.02 ; 70.87
12:34:35;7673 ; 22.22 ; 74.30 ; 22.00 ; 70.87
12:34:38;7676 ; 22.22 ; 74.30 ; 22.01 ; 70.87
12:34:41;7679 ; 22.21 ; 74.28 ; 22.01 ; 70.84
12:34:44;7682 ; 22.22 ; 74.29 ; 22.01 ; 70.85
12:34:47;7685 ; 22.22 ; 74.28 ; 22.00 ; 70.86
12:34:50;7688 ; 22.22 ; 74.28 ; 22.02 ; 70.85
12:34:53;7691 ; 22.22 ; 74.28 ; 22.00 ; 70.86
12:34:56;7694 ; 22.23 ; 74.30 ; 22.00 ; 70.85
12:34:59;7697 ; 22.23 ; 74.29 ; 22.03 ; 70.87
12:35:02;7700 ; 22.23 ; 74.29 ; 22.00 ; 70.88
12:35:05;7703 ; 22.23 ; 74.29 ; 22.03 ; 70.86
12:35:08;7706 ; 22.23 ; 74.30 ; 22.03 ; 70.87
12:35:11;7709 ; 22.23 ; 74.30 ; 22.02 ; 70.86
12:35:14;7712 ; 22.23 ; 74.27 ; 22.00 ; 70.86
12:35:17;7715 ; 22.23 ; 74.29 ; 22.02 ; 70.86
12:35:20;7718 ; 22.24 ; 74.30 ; 22.02 ; 70.86
12:35:23;7721 ; 22.23 ; 74.30 ; 22.04 ; 70.87
12:35:26;7724 ; 22.23 ; 74.30 ; 22.01 ; 70.87
12:35:29;7727 ; 22.23 ; 74.30 ; 22.04 ; 70.89
12:35:32;7730 ; 22.23 ; 74.29 ; 22.02 ; 70.87
12:35:35;7733 ; 22.23 ; 74.29 ; 22.01 ; 70.87
12:35:38;7736 ; 22.23 ; 74.29 ; 22.01 ; 70.86
12:35:41;7739 ; 22.23 ; 74.31 ; 22.03 ; 70.87
12:35:44;7742 ; 22.23 ; 74.30 ; 22.02 ; 70.88
12:35:47;7745 ; 22.23 ; 74.32 ; 22.03 ; 70.87
12:35:50;7748 ; 22.23 ; 74.29 ; 22.03 ; 70.85
12:35:53;7751 ; 22.23 ; 74.29 ; 22.04 ; 70.86
12:35:57;7754 ; 22.23 ; 74.29 ; 22.03 ; 70.84
12:36:00;7757 ; 22.23 ; 74.29 ; 22.01 ; 70.86
12:36:03;7760 ; 22.23 ; 74.29 ; 22.03 ; 70.86
12:36:06;7763 ; 22.23 ; 74.29 ; 22.03 ; 70.85
12:36:09;7766 ; 22.23 ; 74.28 ; 22.03 ; 70.86
12:36:12;7769 ; 22.23 ; 74.29 ; 22.02 ; 70.85
12:36:15;7772 ; 22.23 ; 74.29 ; 22.03 ; 70.86
12:36:18;7775 ; 22.24 ; 74.28 ; 22.03 ; 70.87
12:36:21;7778 ; 22.23 ; 74.29 ; 22.04 ; 70.85
12:36:24;7781 ; 22.24 ; 74.29 ; 22.04 ; 70.87
12:36:27;7784 ; 22.24 ; 74.29 ; 22.03 ; 70.87
12:36:30;7787 ; 22.24 ; 74.29 ; 22.03 ; 70.87
12:36:33;7790 ; 22.24 ; 74.28 ; 22.04 ; 70.89
12:36:36;7793 ; 22.24 ; 74.29 ; 22.03 ; 70.87
12:36:39;7796 ; 22.24 ; 74.29 ; 22.02 ; 70.86
12:36:42;7799 ; 22.24 ; 74.30 ; 22.02 ; 70.88
12:36:45;7802 ; 22.24 ; 74.30 ; 22.03 ; 70.91
12:36:48;7805 ; 22.24 ; 74.28 ; 22.01 ; 70.90
12:36:51;7808 ; 22.24 ; 74.29 ; 22.02 ; 70.88
12:36:54;7811 ; 22.24 ; 74.30 ; 22.03 ; 70.87
12:36:57;7814 ; 22.24 ; 74.30 ; 22.01 ; 70.86
12:37:00;7817 ; 22.24 ; 74.30 ; 22.05 ; 70.88
12:37:03;7820 ; 22.24 ; 74.29 ; 22.03 ; 70.87
12:37:06;7823 ; 22.25 ; 74.30 ; 22.04 ; 70.87
12:37:09;7826 ; 22.24 ; 74.30 ; 22.04 ; 70.86
12:37:12;7829 ; 22.25 ; 74.30 ; 22.04 ; 70.86
12:37:15;7832 ; 22.24 ; 74.29 ; 22.04 ; 70.87
12:37:18;7835 ; 22.24 ; 74.28 ; 22.01 ; 70.89
12:37:21;7838 ; 22.24 ; 74.27 ; 22.04 ; 70.87
12:37:24;7841 ; 22.25 ; 74.29 ; 22.03 ; 70.87
12:37:27;7844 ; 22.25 ; 74.29 ; 22.03 ; 70.86
12:37:30;7847 ; 22.25 ; 74.29 ; 22.04 ; 70.86
12:37:33;7850 ; 22.25 ; 74.29 ; 22.03 ; 70.86
12:37:36;7853 ; 22.25 ; 74.30 ; 22.03 ; 70.88
12:37:39;7856 ; 22.25 ; 74.30 ; 22.02 ; 70.87
12:37:42;7859 ; 22.24 ; 74.29 ; 22.03 ; 70.90
12:37:45;7862 ; 22.24 ; 74.30 ; 22.05 ; 70.89
12:37:48;7865 ; 22.25 ; 74.29 ; 22.04 ; 70.87
12:37:51;7868 ; 22.25 ; 74.28 ; 22.04 ; 70.87
12:37:54;7871 ; 22.25 ; 74.29 ; 22.02 ; 70.86
12:37:57;7874 ; 22.25 ; 74.30 ; 22.05 ; 70.87
12:38:00;7877 ; 22.25 ; 74.28 ; 22.02 ; 70.87
12:38:03;7880 ; 22.25 ; 74.30 ; 22.03 ; 70.88
12:38:06;7883 ; 22.25 ; 74.30 ; 22.05 ; 70.90
12:38:09;7886 ; 22.25 ; 74.29 ; 22.05 ; 70.89
12:38:12;7889 ; 22.25 ; 74.29 ; 22.04 ; 70.88
12:38:15;7892 ; 22.25 ; 74.31 ; 22.04 ; 70.87
12:38:18;7895 ; 22.25 ; 74.30 ; 22.04 ; 70.88
12:38:21;7898 ; 22.25 ; 74.30 ; 22.05 ; 70.88
12:38:24;7901 ; 22.25 ; 74.30 ; 22.03 ; 70.86
12:38:27;7904 ; 22.25 ; 74.29 ; 22.05 ; 70.87
12:38:30;7907 ; 22.25 ; 74.29 ; 22.05 ; 70.87
12:38:33;7910 ; 22.25 ; 74.29 ; 22.05 ; 70.86
12:38:36;7913 ; 22.25 ; 74.29 ; 22.05 ; 70.87
12:38:39;7916 ; 22.25 ; 74.28 ; 22.04 ; 70.87
12:38:42;7919 ; 22.25 ; 74.28 ; 22.05 ; 70.87
12:38:45;7922 ; 22.26 ; 74.29 ; 22.04 ; 70.88
12:38:48;7925 ; 22.26 ; 74.28 ; 22.05 ; 70.87
12:38:51;7928 ; 22.26 ; 74.29 ; 22.05 ; 70.88
12:38:54;7931 ; 22.26 ; 74.29 ; 22.07 ; 70.90
12:38:57;7934 ; 22.25 ; 74.28 ; 22.07 ; 70.87
12:39:00;7937 ; 22.26 ; 74.28 ; 22.05 ; 70.87
12:39:03;7940 ; 22.26 ; 74.28 ; 22.06 ; 70.87
12:39:06;7943 ; 22.26 ; 74.27 ; 22.05 ; 70.87
12:39:09;7946 ; 22.26 ; 74.29 ; 22.04 ; 70.87
12:39:12;7949 ; 22.26 ; 74.29 ; 22.07 ; 70.88
12:39:15;7952 ; 22.26 ; 74.29 ; 22.06 ; 70.86
12:39:18;7955 ; 22.26 ; 74.29 ; 22.08 ; 70.88
12:39:21;7958 ; 22.26 ; 74.29 ; 22.06 ; 70.84
12:39:24;7961 ; 22.26 ; 74.29 ; 22.06 ; 70.85
12:39:27;7964 ; 22.26 ; 74.27 ; 22.05 ; 70.85
12:39:30;7967 ; 22.26 ; 74.28 ; 22.07 ; 70.88
12:39:33;7970 ; 22.26 ; 74.27 ; 22.07 ; 70.88
12:39:36;7973 ; 22.26 ; 74.27 ; 22.04 ; 70.85
12:39:40;7976 ; 22.26 ; 74.27 ; 22.05 ; 70.86
12:39:43;7979 ; 22.26 ; 74.28 ; 22.04 ; 70.83
12:39:46;7982 ; 22.26 ; 74.27 ; 22.04 ; 70.86
12:39:49;7985 ; 22.26 ; 74.28 ; 22.05 ; 70.88
12:39:52;7988 ; 22.26 ; 74.30 ; 22.07 ; 70.87
12:39:55;7991 ; 22.26 ; 74.29 ; 22.06 ; 70.88
12:39:58;7994 ; 22.26 ; 74.29 ; 22.07 ; 70.86
12:40:01;7997 ; 22.26 ; 74.29 ; 22.06 ; 70.89
12:40:04;8000 ; 22.26 ; 74.28 ; 22.05 ; 70.86
12:40:07;8003 ; 22.26 ; 74.29 ; 22.05 ; 70.88
12:40:10;8006 ; 22.26 ; 74.30 ; 22.05 ; 70.87
12:40:13;8009 ; 22.27 ; 74.29 ; 22.07 ; 70.87
12:40:16;8012 ; 22.26 ; 74.28 ; 22.05 ; 70.89
12:40:19;8015 ; 22.26 ; 74.28 ; 22.05 ; 70.88
12:40:22;8018 ; 22.27 ; 74.28 ; 22.05 ; 70.87
12:40:25;8021 ; 22.26 ; 74.27 ; 22.08 ; 70.88
12:40:28;8024 ; 22.27 ; 74.28 ; 22.07 ; 70.86
12:40:31;8027 ; 22.27 ; 74.29 ; 22.07 ; 70.86
12:40:34;8030 ; 22.27 ; 74.29 ; 22.05 ; 70.88
12:40:37;8033 ; 22.27 ; 74.29 ; 22.05 ; 70.83
12:40:40;8036 ; 22.27 ; 74.28 ; 22.07 ; 70.87
12:40:43;8039 ; 22.27 ; 74.29 ; 22.07 ; 70.87
12:40:46;8042 ; 22.27 ; 74.28 ; 22.07 ; 70.87
12:40:49;8045 ; 22.26 ; 74.28 ; 22.08 ; 70.84
12:40:52;8048 ; 22.27 ; 74.28 ; 22.06 ; 70.87
12:40:55;8051 ; 22.27 ; 74.28 ; 22.07 ; 70.89
12:40:58;8054 ; 22.27 ; 74.28 ; 22.06 ; 70.86
12:41:01;8057 ; 22.27 ; 74.28 ; 22.08 ; 70.86
12:41:04;8060 ; 22.27 ; 74.27 ; 22.07 ; 70.87
12:41:07;8063 ; 22.27 ; 74.29 ; 22.06 ; 70.87
12:41:10;8066 ; 22.27 ; 74.28 ; 22.06 ; 70.87
12:41:13;8069 ; 22.27 ; 74.27 ; 22.06 ; 70.86
12:41:16;8072 ; 22.27 ; 74.28 ; 22.08 ; 70.86
12:41:19;8075 ; 22.27 ; 74.29 ; 22.07 ; 70.85
12:41:22;8078 ; 22.27 ; 74.27 ; 22.10 ; 70.87
12:41:25;8081 ; 22.28 ; 74.27 ; 22.08 ; 70.84
12:41:28;8084 ; 22.27 ; 74.28 ; 22.07 ; 70.86
12:41:31;8087 ; 22.27 ; 74.29 ; 22.07 ; 70.85
12:41:34;8090 ; 22.28 ; 74.27 ; 22.07 ; 70.86
12:41:37;8093 ; 22.28 ; 74.27 ; 22.07 ; 70.85
12:41:40;8096 ; 22.28 ; 74.28 ; 22.07 ; 70.85
12:41:43;8099 ; 22.27 ; 74.29 ; 22.05 ; 70.85
12:41:46;8102 ; 22.27 ; 74.29 ; 22.07 ; 70.86
12:41:49;8105 ; 22.28 ; 74.28 ; 22.08 ; 70.87
12:41:52;8108 ; 22.28 ; 74.28 ; 22.08 ; 70.86
12:41:55;8111 ; 22.28 ; 74.28 ; 22.07 ; 70.88
12:41:58;8114 ; 22.28 ; 74.27 ; 22.08 ; 70.86
12:42:01;8117 ; 22.28 ; 74.28 ; 22.08 ; 70.87
12:42:04;8120 ; 22.28 ; 74.27 ; 22.05 ; 70.87
12:42:07;8123 ; 22.28 ; 74.28 ; 22.07 ; 70.87
12:42:10;8126 ; 22.28 ; 74.26 ; 22.07 ; 70.84
12:42:13;8129 ; 22.28 ; 74.26 ; 22.08 ; 70.87
12:42:16;8132 ; 22.28 ; 74.28 ; 22.08 ; 70.83
12:42:19;8135 ; 22.28 ; 74.28 ; 22.07 ; 70.86
12:42:22;8138 ; 22.28 ; 74.27 ; 22.09 ; 70.86
12:42:25;8141 ; 22.28 ; 74.28 ; 22.08 ; 70.83
12:42:28;8144 ; 22.28 ; 74.27 ; 22.09 ; 70.88
12:42:31;8147 ; 22.28 ; 74.27 ; 22.08 ; 70.85
12:42:34;8150 ; 22.28 ; 74.27 ; 22.08 ; 70.84
12:42:37;8153 ; 22.28 ; 74.27 ; 22.07 ; 70.84
12:42:40;8156 ; 22.28 ; 74.27 ; 22.08 ; 70.85
12:42:43;8159 ; 22.28 ; 74.26 ; 22.08 ; 70.85
12:42:46;8162 ; 22.28 ; 74.27 ; 22.08 ; 70.83
12:42:49;8165 ; 22.28 ; 74.25 ; 22.08 ; 70.83
12:42:52;8168 ; 22.28 ; 74.25 ; 22.08 ; 70.84
12:42:55;8171 ; 22.28 ; 74.27 ; 22.07 ; 70.86
12:42:58;8174 ; 22.28 ; 74.27 ; 22.11 ; 70.87
12:43:01;8177 ; 22.29 ; 74.27 ; 22.08 ; 70.85
12:43:04;8180 ; 22.29 ; 74.27 ; 22.09 ; 70.86
12:43:07;8183 ; 22.28 ; 74.27 ; 22.08 ; 70.87
12:43:10;8186 ; 22.28 ; 74.26 ; 22.08 ; 70.86
12:43:13;8189 ; 22.29 ; 74.26 ; 22.09 ; 70.86
12:43:16;8192 ; 22.28 ; 74.27 ; 22.07 ; 70.87
12:43:19;8195 ; 22.29 ; 74.27 ; 22.07 ; 70.83
12:43:23;8198 ; 22.28 ; 74.29 ; 22.09 ; 70.87
12:43:26;8201 ; 22.28 ; 74.26 ; 22.06 ; 70.84
12:43:29;8204 ; 22.28 ; 74.26 ; 22.10 ; 70.86
12:43:32;8207 ; 22.29 ; 74.26 ; 22.07 ; 70.86
12:43:35;8210 ; 22.29 ; 74.26 ; 22.07 ; 70.84
12:43:38;8213 ; 22.29 ; 74.26 ; 22.09 ; 70.84
12:43:41;8216 ; 22.28 ; 74.26 ; 22.07 ; 70.85
12:43:44;8219 ; 22.29 ; 74.26 ; 22.05 ; 70.84
12:43:47;8222 ; 22.29 ; 74.26 ; 22.08 ; 70.86
12:43:50;8225 ; 22.28 ; 74.26 ; 22.08 ; 70.86
12:43:53;8228 ; 22.28 ; 74.26 ; 22.09 ; 70.85
12:43:56;8231 ; 22.29 ; 74.25 ; 22.08 ; 70.86
12:43:59;8234 ; 22.29 ; 74.26 ; 22.07 ; 70.84
12:44:02;8237 ; 22.29 ; 74.27 ; 22.09 ; 70.86
12:44:05;8240 ; 22.28 ; 74.27 ; 22.09 ; 70.84
12:44:08;8243 ; 22.29 ; 74.26 ; 22.07 ; 70.86
12:44:11;8246 ; 22.30 ; 74.26 ; 22.08 ; 70.87
12:44:14;8249 ; 22.29 ; 74.26 ; 22.09 ; 70.87
12:44:17;8252 ; 22.29 ; 74.27 ; 22.08 ; 70.88
12:44:20;8255 ; 22.29 ; 74.26 ; 22.07 ; 70.88
12:44:23;8258 ; 22.29 ; 74.25 ; 22.11 ; 70.86
12:44:26;8261 ; 22.29 ; 74.26 ; 22.07 ; 70.81
12:44:29;8264 ; 22.29 ; 74.25 ; 22.10 ; 70.85
12:44:32;8267 ; 22.30 ; 74.25 ; 22.08 ; 70.82
12:44:35;8270 ; 22.29 ; 74.24 ; 22.10 ; 70.85
12:44:38;8273 ; 22.30 ; 74.24 ; 22.08 ; 70.87
12:44:41;8276 ; 22.30 ; 74.25 ; 22.08 ; 70.85
12:44:44;8279 ; 22.30 ; 74.24 ; 22.09 ; 70.81
12:44:47;8282 ; 22.30 ; 74.25 ; 22.09 ; 70.83
12:44:50;8285 ; 22.30 ; 74.25 ; 22.08 ; 70.83
12:44:53;8288 ; 22.30 ; 74.24 ; 22.08 ; 70.84
12:44:56;8291 ; 22.29 ; 74.24 ; 22.09 ; 70.83
12:44:59;8294 ; 22.29 ; 74.24 ; 22.08 ; 70.87
12:45:02;8297 ; 22.29 ; 74.24 ; 22.09 ; 70.84
12:45:05;8300 ; 22.30 ; 74.24 ; 22.10 ; 70.87
12:45:08;8303 ; 22.30 ; 74.24 ; 22.08 ; 70.83
12:45:11;8306 ; 22.30 ; 74.24 ; 22.08 ; 70.83
12:45:14;8309 ; 22.30 ; 74.24 ; 22.08 ; 70.83
12:45:17;8312 ; 22.30 ; 74.24 ; 22.08 ; 70.85
12:45:20;8315 ; 22.30 ; 74.23 ; 22.09 ; 70.84
12:45:23;8318 ; 22.30 ; 74.24 ; 22.09 ; 70.83
12:45:26;8321 ; 22.30 ; 74.25 ; 22.11 ; 70.85
12:45:29;8324 ; 22.30 ; 74.23 ; 22.09 ; 70.84
12:45:32;8327 ; 22.30 ; 74.23 ; 22.10 ; 70.84
12:45:35;8330 ; 22.30 ; 74.23 ; 22.12 ; 70.85
12:45:38;8333 ; 22.30 ; 74.25 ; 22.08 ; 70.85
12:45:41;8336 ; 22.30 ; 74.25 ; 22.10 ; 70.86
12:45:44;8339 ; 22.30 ; 74.24 ; 22.09 ; 70.86
12:45:47;8342 ; 22.30 ; 74.24 ; 22.09 ; 70.84
12:45:50;8345 ; 22.29 ; 74.25 ; 22.06 ; 70.84
12:45:53;8348 ; 22.30 ; 74.25 ; 22.08 ; 70.85
12:45:56;8351 ; 22.30 ; 74.25 ; 22.09 ; 70.85
12:45:59;8354 ; 22.30 ; 74.25 ; 22.10 ; 70.86
12:46:02;8357 ; 22.30 ; 74.25 ; 22.09 ; 70.85
12:46:05;8360 ; 22.30 ; 74.25 ; 22.11 ; 70.84
12:46:08;8363 ; 22.30 ; 74.26 ; 22.09 ; 70.88
12:46:11;8366 ; 22.30 ; 74.25 ; 22.09 ; 70.86
12:46:14;8369 ; 22.30 ; 74.25 ; 22.10 ; 70.85
12:46:17;8372 ; 22.30 ; 74.25 ; 22.08 ; 70.85
12:46:20;8375 ; 22.30 ; 74.25 ; 22.09 ; 70.84
12:46:23;8378 ; 22.30 ; 74.25 ; 22.10 ; 70.88
12:46:26;8381 ; 22.30 ; 74.24 ; 22.09 ; 70.85
12:46:29;8384 ; 22.30 ; 74.25 ; 22.10 ; 70.85
12:46:32;8387 ; 22.31 ; 74.25 ; 22.10 ; 70.85
12:46:35;8390 ; 22.31 ; 74.26 ; 22.09 ; 70.83
12:46:38;8393 ; 22.30 ; 74.28 ; 22.09 ; 70.83
12:46:41;8396 ; 22.31 ; 74.28 ; 22.12 ; 70.84
12:46:44;8399 ; 22.31 ; 74.27 ; 22.09 ; 70.85
12:46:47;8402 ; 22.31 ; 74.28 ; 22.10 ; 70.85
12:46:50;8405 ; 22.31 ; 74.26 ; 22.09 ; 70.86
12:46:53;8408 ; 22.31 ; 74.25 ; 22.09 ; 70.83
12:46:56;8411 ; 22.31 ; 74.25 ; 22.11 ; 70.86
12:46:59;8414 ; 22.31 ; 74.24 ; 22.12 ; 70.85
12:47:02;8417 ; 22.31 ; 74.26 ; 22.09 ; 70.83
12:47:06;8420 ; 22.31 ; 74.27 ; 22.09 ; 70.86
12:47:09;8423 ; 22.31 ; 74.25 ; 22.12 ; 70.86
12:47:12;8426 ; 22.31 ; 74.25 ; 22.09 ; 70.84
12:47:15;8429 ; 22.31 ; 74.25 ; 22.11 ; 70.85
12:47:18;8432 ; 22.31 ; 74.27 ; 22.08 ; 70.86
12:47:21;8435 ; 22.31 ; 74.27 ; 22.09 ; 70.83
12:47:24;8438 ; 22.31 ; 74.27 ; 22.09 ; 70.87
12:47:27;8441 ; 22.31 ; 74.24 ; 22.09 ; 70.86
12:47:30;8444 ; 22.31 ; 74.25 ; 22.08 ; 70.84
12:47:33;8447 ; 22.31 ; 74.24 ; 22.09 ; 70.86
12:47:36;8450 ; 22.31 ; 74.25 ; 22.11 ; 70.86
12:47:39;8453 ; 22.31 ; 74.25 ; 22.12 ; 70.86
12:47:42;8456 ; 22.31 ; 74.23 ; 22.11 ; 70.84
12:47:45;8459 ; 22.31 ; 74.25 ; 22.12 ; 70.88
12:47:48;8462 ; 22.31 ; 74.26 ; 22.12 ; 70.83
12:47:51;8465 ; 22.31 ; 74.24 ; 22.12 ; 70.87
12:47:54;8468 ; 22.31 ; 74.25 ; 22.09 ; 70.84
12:47:57;8471 ; 22.31 ; 74.25 ; 22.11 ; 70.85
12:48:00;8474 ; 22.31 ; 74.25 ; 22.12 ; 70.83
12:48:03;8477 ; 22.31 ; 74.23 ; 22.13 ; 70.84
12:48:06;8480 ; 22.32 ; 74.25 ; 22.10 ; 70.83
12:48:09;8483 ; 22.32 ; 74.26 ; 22.10 ; 70.85
12:48:12;8486 ; 22.32 ; 74.26 ; 22.12 ; 70.84
12:48:15;8489 ; 22.31 ; 74.24 ; 22.11 ; 70.83
12:48:18;8492 ; 22.31 ; 74.26 ; 22.12 ; 70.86
12:48:21;8495 ; 22.31 ; 74.27 ; 22.11 ; 70.84
12:48:24;8498 ; 22.31 ; 74.28 ; 22.12 ; 70.86
12:48:27;8501 ; 22.32 ; 74.27 ; 22.10 ; 70.86
12:48:30;8504 ; 22.31 ; 74.28 ; 22.12 ; 70.85
12:48:33;8507 ; 22.32 ; 74.28 ; 22.09 ; 70.85
12:48:36;8510 ; 22.31 ; 74.27 ; 22.10 ; 70.85
12:48:39;8513 ; 22.31 ; 74.25 ; 22.12 ; 70.84
12:48:42;8516 ; 22.31 ; 74.27 ; 22.12 ; 70.86
12:48:45;8519 ; 22.32 ; 74.26 ; 22.11 ; 70.86
12:48:48;8522 ; 22.31 ; 74.28 ; 22.11 ; 70.86
12:48:51;8525 ; 22.31 ; 74.26 ; 22.13 ; 70.84
12:48:54;8528 ; 22.33 ; 74.27 ; 22.12 ; 70.86
12:48:57;8531 ; 22.32 ; 74.27 ; 22.11 ; 70.87
12:49:00;8534 ; 22.32 ; 74.26 ; 22.12 ; 70.86
12:49:03;8537 ; 22.32 ; 74.26 ; 22.12 ; 70.86
12:49:06;8540 ; 22.32 ; 74.27 ; 22.13 ; 70.87
12:49:09;8543 ; 22.32 ; 74.27 ; 22.13 ; 70.88
12:49:12;8546 ; 22.32 ; 74.27 ; 22.12 ; 70.89
12:49:15;8549 ; 22.32 ; 74.26 ; 22.12 ; 70.87
12:49:18;8552 ; 22.32 ; 74.26 ; 22.12 ; 70.86
12:49:21;8555 ; 22.32 ; 74.26 ; 22.11 ; 70.86
12:49:24;8558 ; 22.32 ; 74.26 ; 22.13 ; 70.87
12:49:27;8561 ; 22.32 ; 74.25 ; 22.12 ; 70.84
12:49:30;8564 ; 22.32 ; 74.25 ; 22.12 ; 70.86
12:49:33;8567 ; 22.32 ; 74.27 ; 22.13 ; 70.87
12:49:36;8570 ; 22.32 ; 74.26 ; 22.12 ; 70.86
12:49:39;8573 ; 22.32 ; 74.26 ; 22.10 ; 70.84
12:49:42;8576 ; 22.32 ; 74.26 ; 22.12 ; 70.88
12:49:45;8579 ; 22.32 ; 74.27 ; 22.12 ; 70.87
12:49:48;8582 ; 22.33 ; 74.27 ; 22.12 ; 70.86
12:49:51;8585 ; 22.32 ; 74.26 ; 22.11 ; 70.85
12:49:54;8588 ; 22.33 ; 74.26 ; 22.11 ; 70.86
12:49:57;8591 ; 22.33 ; 74.24 ; 22.12 ; 70.86
12:50:00;8594 ; 22.33 ; 74.26 ; 22.13 ; 70.86
12:50:03;8597 ; 22.33 ; 74.25 ; 22.11 ; 70.85
12:50:06;8600 ; 22.33 ; 74.25 ; 22.12 ; 70.83
12:50:09;8603 ; 22.33 ; 74.25 ; 22.12 ; 70.82
12:50:12;8606 ; 22.33 ; 74.25 ; 22.12 ; 70.82
12:50:15;8609 ; 22.33 ; 74.25 ; 22.11 ; 70.83
12:50:18;8612 ; 22.33 ; 74.24 ; 22.12 ; 70.82
12:50:21;8615 ; 22.33 ; 74.24 ; 22.11 ; 70.85
12:50:24;8618 ; 22.33 ; 74.24 ; 22.12 ; 70.84
12:50:27;8621 ; 22.33 ; 74.24 ; 22.11 ; 70.84
12:50:30;8624 ; 22.33 ; 74.24 ; 22.12 ; 70.81
12:50:33;8627 ; 22.33 ; 74.24 ; 22.12 ; 70.83
12:50:36;8630 ; 22.33 ; 74.25 ; 22.11 ; 70.83
12:50:39;8633 ; 22.33 ; 74.25 ; 22.12 ; 70.83
12:50:42;8636 ; 22.33 ; 74.24 ; 22.12 ; 70.83
12:50:45;8639 ; 22.33 ; 74.24 ; 22.15 ; 70.84
12:50:49;8642 ; 22.33 ; 74.23 ; 22.14 ; 70.85
12:50:52;8645 ; 22.33 ; 74.25 ; 22.13 ; 70.84
12:50:55;8648 ; 22.33 ; 74.24 ; 22.10 ; 70.81
12:50:58;8651 ; 22.33 ; 74.24 ; 22.13 ; 70.83
12:51:01;8654 ; 22.33 ; 74.21 ; 22.13 ; 70.84
12:51:04;8657 ; 22.34 ; 74.26 ; 22.11 ; 70.83
12:51:07;8660 ; 22.33 ; 74.28 ; 22.13 ; 70.85
12:51:10;8663 ; 22.34 ; 74.24 ; 22.11 ; 70.85
12:51:13;8666 ; 22.34 ; 74.24 ; 22.09 ; 70.83
12:51:16;8669 ; 22.33 ; 74.24 ; 22.12 ; 70.83
12:51:19;8672 ; 22.34 ; 74.23 ; 22.14 ; 70.84
12:51:22;8675 ; 22.34 ; 74.24 ; 22.13 ; 70.84
12:51:25;8678 ; 22.34 ; 74.23 ; 22.13 ; 70.83
12:51:28;8681 ; 22.33 ; 74.24 ; 22.13 ; 70.85
12:51:31;8684 ; 22.33 ; 74.21 ; 22.13 ; 70.82
12:51:34;8687 ; 22.33 ; 74.22 ; 22.12 ; 70.81
12:51:37;8690 ; 22.33 ; 74.22 ; 22.11 ; 70.80
12:51:40;8693 ; 22.33 ; 74.23 ; 22.11 ; 70.82
12:51:43;8696 ; 22.34 ; 74.20 ; 22.13 ; 70.81
12:51:46;8699 ; 22.33 ; 74.24 ; 22.12 ; 70.80
12:51:49;8702 ; 22.33 ; 74.24 ; 22.13 ; 70.81
12:51:52;8705 ; 22.33 ; 74.24 ; 22.12 ; 70.81
12:51:55;8708 ; 22.33 ; 74.24 ; 22.13 ; 70.85
12:51:58;8711 ; 22.33 ; 74.24 ; 22.12 ; 70.84
12:52:01;8714 ; 22.33 ; 74.22 ; 22.13 ; 70.83
12:52:04;8717 ; 22.33 ; 74.24 ; 22.14 ; 70.85
12:52:07;8720 ; 22.33 ; 74.23 ; 22.13 ; 70.84
12:52:10;8723 ; 22.34 ; 74.26 ; 22.13 ; 70.84
12:52:13;8726 ; 22.33 ; 74.24 ; 22.14 ; 70.83
12:52:16;8729 ; 22.33 ; 74.24 ; 22.12 ; 70.80
12:52:19;8732 ; 22.33 ; 74.24 ; 22.13 ; 70.83
12:52:22;8735 ; 22.33 ; 74.24 ; 22.13 ; 70.85
12:52:25;8738 ; 22.33 ; 74.24 ; 22.14 ; 70.81
12:52:28;8741 ; 22.33 ; 74.24 ; 22.13 ; 70.84
12:52:31;8744 ; 22.33 ; 74.24 ; 22.14 ; 70.82
12:52:34;8747 ; 22.33 ; 74.24 ; 22.15 ; 70.83
12:52:37;8750 ; 22.34 ; 74.24 ; 22.15 ; 70.84
12:52:40;8753 ; 22.33 ; 74.24 ; 22.12 ; 70.79
12:52:43;8756 ; 22.33 ; 74.24 ; 22.12 ; 70.83
12:52:46;8759 ; 22.33 ; 74.24 ; 22.15 ; 70.84
12:52:49;8762 ; 22.33 ; 74.24 ; 22.13 ; 70.85
12:52:52;8765 ; 22.33 ; 74.23 ; 22.13 ; 70.83
12:52:55;8768 ; 22.33 ; 74.23 ; 22.15 ; 70.80
12:52:58;8771 ; 22.34 ; 74.23 ; 22.12 ; 70.82
12:53:01;8774 ; 22.34 ; 74.23 ; 22.14 ; 70.82
12:53:04;8777 ; 22.34 ; 74.23 ; 22.12 ; 70.83
12:53:07;8780 ; 22.33 ; 74.24 ; 22.13 ; 70.84
12:53:10;8783 ; 22.34 ; 74.24 ; 22.12 ; 70.83
12:53:13;8786 ; 22.34 ; 74.21 ; 22.14 ; 70.83
12:53:16;8789 ; 22.34 ; 74.21 ; 22.12 ; 70.84
12:53:19;8792 ; 22.33 ; 74.22 ; 22.14 ; 70.81
12:53:22;8795 ; 22.34 ; 74.21 ; 22.12 ; 70.82
12:53:25;8798 ; 22.34 ; 74.21 ; 22.13 ; 70.83
12:53:28;8801 ; 22.34 ; 74.23 ; 22.14 ; 70.82
12:53:31;8804 ; 22.33 ; 74.23 ; 22.15 ; 70.82
12:53:34;8807 ; 22.34 ; 74.23 ; 22.13 ; 70.83
12:53:37;8810 ; 22.34 ; 74.23 ; 22.13 ; 70.83
12:53:40;8813 ; 22.34 ; 74.23 ; 22.13 ; 70.83
12:53:43;8816 ; 22.34 ; 74.23 ; 22.12 ; 70.83
12:53:46;8819 ; 22.34 ; 74.24 ; 22.15 ; 70.85
12:53:49;8822 ; 22.34 ; 74.20 ; 22.15 ; 70.82
12:53:52;8825 ; 22.34 ; 74.21 ; 22.14 ; 70.82
12:53:55;8828 ; 22.34 ; 74.23 ; 22.13 ; 70.82
12:53:58;8831 ; 22.34 ; 74.23 ; 22.14 ; 70.81
12:54:01;8834 ; 22.34 ; 74.23 ; 22.15 ; 70.84
12:54:04;8837 ; 22.34 ; 74.23 ; 22.13 ; 70.83
12:54:07;8840 ; 22.34 ; 74.23 ; 22.13 ; 70.83
12:54:10;8843 ; 22.34 ; 74.21 ; 22.12 ; 70.82
12:54:13;8846 ; 22.34 ; 74.23 ; 22.14 ; 70.83
12:54:16;8849 ; 22.34 ; 74.23 ; 22.14 ; 70.84
12:54:19;8852 ; 22.34 ; 74.24 ; 22.13 ; 70.82
12:54:22;8855 ; 22.34 ; 74.24 ; 22.12 ; 70.80
12:54:25;8858 ; 22.34 ; 74.23 ; 22.16 ; 70.85
12:54:28;8861 ; 22.35 ; 74.22 ; 22.14 ; 70.83
12:54:32;8864 ; 22.35 ; 74.22 ; 22.14 ; 70.83
12:54:35;8867 ; 22.34 ; 74.22 ; 22.13 ; 70.80
12:54:38;8870 ; 22.35 ; 74.23 ; 22.15 ; 70.83
12:54:41;8873 ; 22.35 ; 74.22 ; 22.15 ; 70.81
12:54:44;8876 ; 22.34 ; 74.22 ; 22.14 ; 70.82
12:54:47;8879 ; 22.35 ; 74.23 ; 22.15 ; 70.83
12:54:50;8882 ; 22.35 ; 74.22 ; 22.15 ; 70.82
12:54:53;8885 ; 22.35 ; 74.22 ; 22.14 ; 70.83
12:54:56;8888 ; 22.34 ; 74.21 ; 22.12 ; 70.81
12:54:59;8891 ; 22.34 ; 74.22 ; 22.15 ; 70.83
12:55:02;8894 ; 22.34 ; 74.22 ; 22.13 ; 70.82
12:55:05;8897 ; 22.34 ; 74.21 ; 22.14 ; 70.80
12:55:08;8900 ; 22.35 ; 74.21 ; 22.13 ; 70.79
12:55:11;8903 ; 22.34 ; 74.21 ; 22.13 ; 70.83
12:55:14;8906 ; 22.34 ; 74.21 ; 22.14 ; 70.81
12:55:17;8909 ; 22.35 ; 74.21 ; 22.15 ; 70.82
12:55:20;8912 ; 22.35 ; 74.22 ; 22.15 ; 70.79
12:55:23;8915 ; 22.35 ; 74.22 ; 22.13 ; 70.82
12:55:26;8918 ; 22.34 ; 74.21 ; 22.14 ; 70.84
12:55:29;8921 ; 22.34 ; 74.21 ; 22.15 ; 70.81
12:55:32;8924 ; 22.34 ; 74.21 ; 22.14 ; 70.83
12:55:35;8927 ; 22.34 ; 74.19 ; 22.14 ; 70.80
12:55:38;8930 ; 22.35 ; 74.21 ; 22.13 ; 70.80
12:55:41;8933 ; 22.35 ; 74.19 ; 22.15 ; 70.83
12:55:44;8936 ; 22.35 ; 74.21 ; 22.15 ; 70.82
12:55:47;8939 ; 22.35 ; 74.21 ; 22.13 ; 70.82
12:55:50;8942 ; 22.35 ; 74.22 ; 22.13 ; 70.80
12:55:53;8945 ; 22.35 ; 74.21 ; 22.14 ; 70.83
12:55:56;8948 ; 22.35 ; 74.22 ; 22.14 ; 70.80
12:55:59;8951 ; 22.35 ; 74.21 ; 22.13 ; 70.82
12:56:02;8954 ; 22.35 ; 74.20 ; 22.15 ; 70.81
12:56:05;8957 ; 22.35 ; 74.21 ; 22.12 ; 70.82
12:56:08;8960 ; 22.35 ; 74.21 ; 22.14 ; 70.81
12:56:11;8963 ; 22.35 ; 74.19 ; 22.14 ; 70.80
12:56:14;8966 ; 22.35 ; 74.22 ; 22.15 ; 70.81
12:56:17;8969 ; 22.35 ; 74.19 ; 22.15 ; 70.80
12:56:20;8972 ; 22.36 ; 74.21 ; 22.14 ; 70.77
12:56:23;8975 ; 22.35 ; 74.22 ; 22.16 ; 70.82
12:56:26;8978 ; 22.36 ; 74.22 ; 22.13 ; 70.82
12:56:29;8981 ; 22.35 ; 74.21 ; 22.15 ; 70.81
12:56:32;8984 ; 22.35 ; 74.17 ; 22.15 ; 70.82
12:56:35;8987 ; 22.35 ; 74.23 ; 22.13 ; 70.80
12:56:38;8990 ; 22.35 ; 74.21 ; 22.15 ; 70.81
12:56:41;8993 ; 22.35 ; 74.21 ; 22.12 ; 70.79
12:56:44;8996 ; 22.35 ; 74.22 ; 22.15 ; 70.83
12:56:47;8999 ; 22.35 ; 74.19 ; 22.16 ; 70.83
12:56:50;9002 ; 22.35 ; 74.21 ; 22.15 ; 70.80
12:56:53;9005 ; 22.35 ; 74.22 ; 22.14 ; 70.83
12:56:56;9008 ; 22.35 ; 74.21 ; 22.15 ; 70.82
12:56:59;9011 ; 22.35 ; 74.21 ; 22.15 ; 70.82
12:57:02;9014 ; 22.35 ; 74.22 ; 22.15 ; 70.82
12:57:05;9017 ; 22.35 ; 74.22 ; 22.16 ; 70.83
12:57:08;9020 ; 22.35 ; 74.22 ; 22.14 ; 70.83
12:57:11;9023 ; 22.35 ; 74.23 ; 22.15 ; 70.81
12:57:14;9026 ; 22.35 ; 74.23 ; 22.14 ; 70.82
12:57:17;9029 ; 22.36 ; 74.23 ; 22.15 ; 70.82
12:57:20;9032 ; 22.35 ; 74.22 ; 22.13 ; 70.82
12:57:23;9035 ; 22.35 ; 74.21 ; 22.15 ; 70.82
12:57:26;9038 ; 22.36 ; 74.22 ; 22.13 ; 70.83
12:57:29;9041 ; 22.36 ; 74.21 ; 22.15 ; 70.83
12:57:32;9044 ; 22.37 ; 74.20 ; 22.15 ; 70.80
12:57:35;9047 ; 22.36 ; 74.22 ; 22.16 ; 70.81
12:57:38;9050 ; 22.36 ; 74.21 ; 22.13 ; 70.83
12:57:41;9053 ; 22.36 ; 74.23 ; 22.14 ; 70.81
12:57:44;9056 ; 22.36 ; 74.21 ; 22.15 ; 70.81
12:57:47;9059 ; 22.36 ; 74.22 ; 22.16 ; 70.81
12:57:50;9062 ; 22.36 ; 74.21 ; 22.16 ; 70.81
12:57:53;9065 ; 22.36 ; 74.23 ; 22.17 ; 70.82
12:57:56;9068 ; 22.36 ; 74.22 ; 22.17 ; 70.82
12:57:59;9071 ; 22.36 ; 74.23 ; 22.15 ; 70.83
12:58:02;9074 ; 22.36 ; 74.23 ; 22.16 ; 70.82
12:58:05;9077 ; 22.36 ; 74.23 ; 22.15 ; 70.81
12:58:08;9080 ; 22.36 ; 74.22 ; 22.16 ; 70.80
12:58:11;9083 ; 22.36 ; 74.22 ; 22.14 ; 70.84
12:58:15;9086 ; 22.36 ; 74.24 ; 22.15 ; 70.82
12:58:18;9089 ; 22.36 ; 74.23 ; 22.16 ; 70.83
12:58:21;9092 ; 22.36 ; 74.23 ; 22.16 ; 70.84
12:58:24;9095 ; 22.36 ; 74.23 ; 22.14 ; 70.82
12:58:27;9098 ; 22.36 ; 74.24 ; 22.16 ; 70.84
12:58:30;9101 ; 22.36 ; 74.23 ; 22.16 ; 70.82
12:58:33;9104 ; 22.36 ; 74.22 ; 22.15 ; 70.83
12:58:36;9107 ; 22.36 ; 74.22 ; 22.13 ; 70.83
12:58:39;9110 ; 22.36 ; 74.22 ; 22.16 ; 70.82
12:58:42;9113 ; 22.36 ; 74.23 ; 22.15 ; 70.83
12:58:45;9116 ; 22.36 ; 74.22 ; 22.16 ; 70.84
12:58:48;9119 ; 22.36 ; 74.23 ; 22.15 ; 70.85
12:58:51;9122 ; 22.36 ; 74.22 ; 22.17 ; 70.84
12:58:54;9125 ; 22.36 ; 74.24 ; 22.15 ; 70.85
12:58:57;9128 ; 22.36 ; 74.23 ; 22.15 ; 70.81
12:59:00;9131 ; 22.36 ; 74.21 ; 22.15 ; 70.82
12:59:03;9134 ; 22.36 ; 74.21 ; 22.17 ; 70.83
12:59:06;9137 ; 22.36 ; 74.22 ; 22.15 ; 70.82
12:59:09;9140 ; 22.36 ; 74.21 ; 22.17 ; 70.82
12:59:12;9143 ; 22.36 ; 74.22 ; 22.16 ; 70.82
12:59:15;9146 ; 22.36 ; 74.21 ; 22.15 ; 70.82
12:59:18;9149 ; 22.36 ; 74.21 ; 22.15 ; 70.81
12:59:21;9152 ; 22.36 ; 74.22 ; 22.16 ; 70.81
12:59:24;9155 ; 22.36 ; 74.21 ; 22.15 ; 70.81
12:59:27;9158 ; 22.36 ; 74.21 ; 22.15 ; 70.82
12:59:30;9161 ; 22.36 ; 74.21 ; 22.14 ; 70.81
12:59:33;9164 ; 22.36 ; 74.21 ; 22.17 ; 70.81
12:59:36;9167 ; 22.36 ; 74.21 ; 22.16 ; 70.82
12:59:39;9170 ; 22.36 ; 74.21 ; 22.17 ; 70.82
12:59:42;9173 ; 22.36 ; 74.21 ; 22.15 ; 70.80
12:59:45;9176 ; 22.36 ; 74.21 ; 22.17 ; 70.81
12:59:48;9179 ; 22.36 ; 74.20 ; 22.17 ; 70.81
12:59:51;9182 ; 22.37 ; 74.22 ; 22.15 ; 70.80
12:59:54;9185 ; 22.37 ; 74.21 ; 22.15 ; 70.83
12:59:57;9188 ; 22.37 ; 74.21 ; 22.18 ; 70.81
13:00:00;9191 ; 22.36 ; 74.21 ; 22.16 ; 70.83
13:00:03;9194 ; 22.36 ; 74.20 ; 22.15 ; 70.81
13:00:06;9197 ; 22.36 ; 74.20 ; 22.16 ; 70.81
13:00:09;9200 ; 22.36 ; 74.22 ; 22.16 ; 70.80
13:00:12;9203 ; 22.37 ; 74.19 ; 22.16 ; 70.82
13:00:15;9206 ; 22.37 ; 74.21 ; 22.16 ; 70.82
13:00:18;9209 ; 22.37 ; 74.22 ; 22.16 ; 70.83
13:00:21;9212 ; 22.37 ; 74.21 ; 22.17 ; 70.80
13:00:24;9215 ; 22.37 ; 74.21 ; 22.16 ; 70.82
13:00:27;9218 ; 22.37 ; 74.22 ; 22.16 ; 70.83
13:00:30;9221 ; 22.37 ; 74.21 ; 22.16 ; 70.82
13:00:33;9224 ; 22.36 ; 74.22 ; 22.17 ; 70.84
13:00:36;9227 ; 22.37 ; 74.22 ; 22.17 ; 70.81
13:00:39;9230 ; 22.37 ; 74.22 ; 22.18 ; 70.82
13:00:42;9233 ; 22.37 ; 74.22 ; 22.19 ; 70.85
13:00:45;9236 ; 22.37 ; 74.21 ; 22.17 ; 70.81
13:00:48;9239 ; 22.37 ; 74.23 ; 22.17 ; 70.83
13:00:51;9242 ; 22.37 ; 74.23 ; 22.18 ; 70.83
13:00:54;9245 ; 22.37 ; 74.23 ; 22.17 ; 70.83
13:00:57;9248 ; 22.37 ; 74.23 ; 22.18 ; 70.86
13:01:00;9251 ; 22.37 ; 74.22 ; 22.15 ; 70.83
13:01:03;9254 ; 22.37 ; 74.22 ; 22.15 ; 70.82
13:01:06;9257 ; 22.37 ; 74.22 ; 22.15 ; 70.83
13:01:09;9260 ; 22.37 ; 74.22 ; 22.17 ; 70.84
13:01:12;9263 ; 22.37 ; 74.22 ; 22.18 ; 70.85
13:01:15;9266 ; 22.37 ; 74.22 ; 22.16 ; 70.84
13:01:18;9269 ; 22.37 ; 74.21 ; 22.17 ; 70.83
13:01:21;9272 ; 22.37 ; 74.21 ; 22.17 ; 70.84
13:01:24;9275 ; 22.38 ; 74.24 ; 22.17 ; 70.85
13:01:27;9278 ; 22.37 ; 74.23 ; 22.17 ; 70.82
13:01:30;9281 ; 22.37 ; 74.23 ; 22.18 ; 70.81
13:01:33;9284 ; 22.37 ; 74.24 ; 22.16 ; 70.83
13:01:36;9287 ; 22.37 ; 74.22 ; 22.17 ; 70.84
13:01:39;9290 ; 22.37 ; 74.24 ; 22.18 ; 70.85
13:01:42;9293 ; 22.37 ; 74.24 ; 22.18 ; 70.84
13:01:45;9296 ; 22.38 ; 74.24 ; 22.16 ; 70.85
13:01:48;9299 ; 22.38 ; 74.24 ; 22.18 ; 70.85
13:01:51;9302 ; 22.38 ; 74.23 ; 22.18 ; 70.83
13:01:54;9305 ; 22.37 ; 74.23 ; 22.18 ; 70.85
13:01:58;9308 ; 22.38 ; 74.22 ; 22.17 ; 70.84
13:02:01;9311 ; 22.37 ; 74.22 ; 22.18 ; 70.83
13:02:04;9314 ; 22.38 ; 74.21 ; 22.18 ; 70.82
13:02:07;9317 ; 22.38 ; 74.21 ; 22.19 ; 70.84
13:02:10;9320 ; 22.37 ; 74.22 ; 22.19 ; 70.81
13:02:13;9323 ; 22.37 ; 74.22 ; 22.18 ; 70.81
13:02:16;9326 ; 22.38 ; 74.21 ; 22.17 ; 70.81
13:02:19;9329 ; 22.38 ; 74.22 ; 22.18 ; 70.83
13:02:22;9332 ; 22.37 ; 74.22 ; 22.17 ; 70.83
13:02:25;9335 ; 22.38 ; 74.22 ; 22.19 ; 70.83
13:02:28;9338 ; 22.38 ; 74.22 ; 22.15 ; 70.81
13:02:31;9341 ; 22.37 ; 74.22 ; 22.20 ; 70.83
13:02:34;9344 ; 22.38 ; 74.22 ; 22.18 ; 70.86
13:02:37;9347 ; 22.38 ; 74.23 ; 22.18 ; 70.83
13:02:40;9350 ; 22.38 ; 74.23 ; 22.16 ; 70.83
13:02:43;9353 ; 22.38 ; 74.23 ; 22.16 ; 70.81
13:02:46;9356 ; 22.38 ; 74.24 ; 22.18 ; 70.83
13:02:49;9359 ; 22.38 ; 74.23 ; 22.19 ; 70.83
13:02:52;9362 ; 22.38 ; 74.23 ; 22.17 ; 70.85
13:02:55;9365 ; 22.38 ; 74.24 ; 22.18 ; 70.84
13:02:58;9368 ; 22.38 ; 74.25 ; 22.17 ; 70.85
13:03:01;9371 ; 22.38 ; 74.24 ; 22.17 ; 70.86
13:03:04;9374 ; 22.38 ; 74.24 ; 22.18 ; 70.84
13:03:07;9377 ; 22.38 ; 74.23 ; 22.19 ; 70.84
13:03:10;9380 ; 22.38 ; 74.23 ; 22.18 ; 70.81
13:03:13;9383 ; 22.38 ; 74.24 ; 22.17 ; 70.85
13:03:16;9386 ; 22.37 ; 74.24 ; 22.16 ; 70.86
13:03:19;9389 ; 22.38 ; 74.26 ; 22.16 ; 70.85
13:03:22;9392 ; 22.38 ; 74.25 ; 22.16 ; 70.86
13:03:25;9395 ; 22.38 ; 74.24 ; 22.17 ; 70.86
13:03:28;9398 ; 22.38 ; 74.24 ; 22.17 ; 70.85
13:03:31;9401 ; 22.38 ; 74.23 ; 22.18 ; 70.83
13:03:34;9404 ; 22.38 ; 74.23 ; 22.17 ; 70.84
13:03:37;9407 ; 22.38 ; 74.23 ; 22.19 ; 70.83
13:03:40;9410 ; 22.38 ; 74.23 ; 22.17 ; 70.86
13:03:43;9413 ; 22.38 ; 74.25 ; 22.17 ; 70.83
13:03:46;9416 ; 22.38 ; 74.25 ; 22.19 ; 70.84
13:03:49;9419 ; 22.39 ; 74.25 ; 22.18 ; 70.85
13:03:52;9422 ; 22.38 ; 74.23 ; 22.19 ; 70.87
13:03:55;9425 ; 22.38 ; 74.26 ; 22.20 ; 70.86
13:03:58;9428 ; 22.38 ; 74.26 ; 22.19 ; 70.84
13:04:01;9431 ; 22.38 ; 74.26 ; 22.17 ; 70.83
13:04:04;9434 ; 22.38 ; 74.23 ; 22.18 ; 70.83
13:04:07;9437 ; 22.38 ; 74.23 ; 22.19 ; 70.84
13:04:10;9440 ; 22.38 ; 74.25 ; 22.17 ; 70.82
13:04:13;9443 ; 22.38 ; 74.25 ; 22.20 ; 70.83
13:04:16;9446 ; 22.39 ; 74.26 ; 22.18 ; 70.85
13:04:19;9449 ; 22.38 ; 74.26 ; 22.21 ; 70.85
13:04:22;9452 ; 22.38 ; 74.25 ; 22.16 ; 70.86
13:04:25;9455 ; 22.39 ; 74.25 ; 22.19 ; 70.86
13:04:28;9458 ; 22.39 ; 74.25 ; 22.20 ; 70.85
13:04:31;9461 ; 22.38 ; 74.25 ; 22.20 ; 70.85
13:04:34;9464 ; 22.38 ; 74.25 ; 22.18 ; 70.85
13:04:37;9467 ; 22.39 ; 74.26 ; 22.17 ; 70.84
13:04:40;9470 ; 22.38 ; 74.25 ; 22.18 ; 70.85
13:04:43;9473 ; 22.38 ; 74.27 ; 22.18 ; 70.83
13:04:46;9476 ; 22.38 ; 74.26 ; 22.19 ; 70.85
13:04:49;9479 ; 22.39 ; 74.26 ; 22.18 ; 70.84
13:04:52;9482 ; 22.39 ; 74.26 ; 22.19 ; 70.83
13:04:55;9485 ; 22.39 ; 74.26 ; 22.19 ; 70.86
13:04:58;9488 ; 22.39 ; 74.27 ; 22.19 ; 70.88
13:05:01;9491 ; 22.39 ; 74.29 ; 22.20 ; 70.86
13:05:04;9494 ; 22.39 ; 74.27 ; 22.19 ; 70.85
13:05:07;9497 ; 22.39 ; 74.26 ; 22.18 ; 70.84
13:05:10;9500 ; 22.39 ; 74.27 ; 22.19 ; 70.87
13:05:13;9503 ; 22.39 ; 74.26 ; 22.19 ; 70.90
13:05:16;9506 ; 22.39 ; 74.25 ; 22.20 ; 70.86
13:05:19;9509 ; 22.39 ; 74.25 ; 22.20 ; 70.88
13:05:22;9512 ; 22.39 ; 74.26 ; 22.20 ; 70.87
13:05:25;9515 ; 22.39 ; 74.26 ; 22.20 ; 70.86
13:05:28;9518 ; 22.39 ; 74.25 ; 22.17 ; 70.85
13:05:31;9521 ; 22.39 ; 74.26 ; 22.19 ; 70.85
13:05:34;9524 ; 22.39 ; 74.25 ; 22.19 ; 70.85
13:05:37;9527 ; 22.39 ; 74.25 ; 22.18 ; 70.86
13:05:41;9530 ; 22.39 ; 74.26 ; 22.20 ; 70.87
13:05:44;9533 ; 22.40 ; 74.25 ; 22.20 ; 70.87
13:05:47;9536 ; 22.40 ; 74.25 ; 22.20 ; 70.87
13:05:50;9539 ; 22.39 ; 74.27 ; 22.21 ; 70.84
13:05:53;9542 ; 22.39 ; 74.26 ; 22.19 ; 70.84
13:05:56;9545 ; 22.40 ; 74.26 ; 22.20 ; 70.88
13:05:59;9548 ; 22.40 ; 74.25 ; 22.20 ; 70.86
13:06:02;9551 ; 22.40 ; 74.26 ; 22.18 ; 70.85
13:06:05;9554 ; 22.39 ; 74.27 ; 22.18 ; 70.87
13:06:08;9557 ; 22.40 ; 74.24 ; 22.19 ; 70.87
13:06:11;9560 ; 22.39 ; 74.25 ; 22.18 ; 70.86
13:06:14;9563 ; 22.40 ; 74.24 ; 22.22 ; 70.86
13:06:17;9566 ; 22.39 ; 74.24 ; 22.21 ; 70.84
13:06:20;9569 ; 22.39 ; 74.24 ; 22.20 ; 70.87
13:06:23;9572 ; 22.40 ; 74.25 ; 22.21 ; 70.86
13:06:26;9575 ; 22.40 ; 74.25 ; 22.19 ; 70.84
13:06:29;9578 ; 22.40 ; 74.25 ; 22.20 ; 70.86
13:06:32;9581 ; 22.40 ; 74.25 ; 22.20 ; 70.84
13:06:35;9584 ; 22.40 ; 74.25 ; 22.20 ; 70.85
13:06:38;9587 ; 22.40 ; 74.24 ; 22.21 ; 70.87
13:06:41;9590 ; 22.40 ; 74.25 ; 22.21 ; 70.84
13:06:44;9593 ; 22.39 ; 74.25 ; 22.18 ; 70.85
13:06:47;9596 ; 22.40 ; 74.24 ; 22.21 ; 70.84
13:06:50;9599 ; 22.40 ; 74.25 ; 22.20 ; 70.86
13:06:53;9602 ; 22.40 ; 74.25 ; 22.21 ; 70.85
13:06:56;9605 ; 22.40 ; 74.26 ; 22.21 ; 70.85
13:06:59;9608 ; 22.40 ; 74.26 ; 22.18 ; 70.87
13:07:02;9611 ; 22.40 ; 74.24 ; 22.20 ; 70.84
13:07:05;9614 ; 22.40 ; 74.25 ; 22.20 ; 70.87
13:07:08;9617 ; 22.40 ; 74.26 ; 22.19 ; 70.85
13:07:11;9620 ; 22.40 ; 74.25 ; 22.21 ; 70.85
13:07:14;9623 ; 22.40 ; 74.26 ; 22.22 ; 70.87
13:07:17;9626 ; 22.40 ; 74.25 ; 22.19 ; 70.84
13:07:20;9629 ; 22.40 ; 74.25 ; 22.20 ; 70.85
13:07:23;9632 ; 22.40 ; 74.26 ; 22.20 ; 70.85
13:07:26;9635 ; 22.40 ; 74.25 ; 22.18 ; 70.83
13:07:29;9638 ; 22.40 ; 74.25 ; 22.20 ; 70.87
13:07:32;9641 ; 22.41 ; 74.24 ; 22.19 ; 70.83
13:07:35;9644 ; 22.40 ; 74.25 ; 22.22 ; 70.86
13:07:38;9647 ; 22.40 ; 74.24 ; 22.19 ; 70.85
13:07:41;9650 ; 22.40 ; 74.25 ; 22.20 ; 70.87
13:07:44;9653 ; 22.40 ; 74.27 ; 22.18 ; 70.84
13:07:47;9656 ; 22.40 ; 74.26 ; 22.20 ; 70.84
13:07:50;9659 ; 22.40 ; 74.25 ; 22.19 ; 70.84
13:07:53;9662 ; 22.40 ; 74.24 ; 22.20 ; 70.84
13:07:56;9665 ; 22.40 ; 74.25 ; 22.19 ; 70.84
13:07:59;9668 ; 22.41 ; 74.25 ; 22.18 ; 70.85
13:08:02;9671 ; 22.40 ; 74.24 ; 22.20 ; 70.85
13:08:05;9674 ; 22.40 ; 74.22 ; 22.20 ; 70.84
13:08:08;9677 ; 22.40 ; 74.24 ; 22.19 ; 70.84
13:08:11;9680 ; 22.41 ; 74.24 ; 22.22 ; 70.86
13:08:14;9683 ; 22.40 ; 74.24 ; 22.18 ; 70.83
13:08:17;9686 ; 22.40 ; 74.24 ; 22.20 ; 70.84
13:08:20;9689 ; 22.40 ; 74.26 ; 22.20 ; 70.85
13:08:23;9692 ; 22.41 ; 74.23 ; 22.23 ; 70.84
13:08:26;9695 ; 22.40 ; 74.24 ; 22.21 ; 70.84
13:08:29;9698 ; 22.40 ; 74.24 ; 22.20 ; 70.85
13:08:32;9701 ; 22.41 ; 74.24 ; 22.19 ; 70.84
13:08:35;9704 ; 22.41 ; 74.22 ; 22.19 ; 70.81
13:08:38;9707 ; 22.40 ; 74.23 ; 22.18 ; 70.81
13:08:41;9710 ; 22.40 ; 74.23 ; 22.18 ; 70.83
13:08:44;9713 ; 22.40 ; 74.24 ; 22.22 ; 70.83
13:08:47;9716 ; 22.40 ; 74.23 ; 22.20 ; 70.85
13:08:50;9719 ; 22.40 ; 74.23 ; 22.20 ; 70.83
13:08:53;9722 ; 22.41 ; 74.23 ; 22.22 ; 70.83
13:08:56;9725 ; 22.41 ; 74.23 ; 22.20 ; 70.84
13:08:59;9728 ; 22.40 ; 74.23 ; 22.20 ; 70.83
13:09:02;9731 ; 22.40 ; 74.23 ; 22.21 ; 70.85
13:09:05;9734 ; 22.40 ; 74.24 ; 22.21 ; 70.83
13:09:08;9737 ; 22.40 ; 74.23 ; 22.22 ; 70.84
13:09:11;9740 ; 22.41 ; 74.23 ; 22.21 ; 70.83
13:09:14;9743 ; 22.40 ; 74.23 ; 22.20 ; 70.80
13:09:17;9746 ; 22.40 ; 74.24 ; 22.21 ; 70.84
13:09:20;9749 ; 22.41 ; 74.24 ; 22.23 ; 70.83
13:09:24;9752 ; 22.40 ; 74.25 ; 22.20 ; 70.86
13:09:27;9755 ; 22.40 ; 74.25 ; 22.22 ; 70.86
13:09:30;9758 ; 22.40 ; 74.23 ; 22.21 ; 70.85
13:09:33;9761 ; 22.40 ; 74.23 ; 22.20 ; 70.84
13:09:36;9764 ; 22.41 ; 74.24 ; 22.20 ; 70.85
13:09:39;9767 ; 22.41 ; 74.23 ; 22.22 ; 70.85
13:09:42;9770 ; 22.40 ; 74.24 ; 22.20 ; 70.84
13:09:45;9773 ; 22.40 ; 74.23 ; 22.20 ; 70.83
13:09:48;9776 ; 22.41 ; 74.24 ; 22.20 ; 70.84
13:09:51;9779 ; 22.41 ; 74.24 ; 22.23 ; 70.83
13:09:54;9782 ; 22.41 ; 74.24 ; 22.22 ; 70.86
13:09:57;9785 ; 22.41 ; 74.23 ; 22.21 ; 70.83
13:10:00;9788 ; 22.40 ; 74.24 ; 22.22 ; 70.85
13:10:03;9791 ; 22.41 ; 74.23 ; 22.20 ; 70.83
13:10:06;9794 ; 22.41 ; 74.23 ; 22.18 ; 70.82
13:10:09;9797 ; 22.41 ; 74.24 ; 22.19 ; 70.83
13:10:12;9800 ; 22.41 ; 74.22 ; 22.20 ; 70.86
13:10:15;9803 ; 22.41 ; 74.24 ; 22.20 ; 70.83
13:10:18;9806 ; 22.41 ; 74.23 ; 22.19 ; 70.85
13:10:21;9809 ; 22.41 ; 74.23 ; 22.23 ; 70.87
13:10:24;9812 ; 22.41 ; 74.24 ; 22.20 ; 70.85
13:10:27;9815 ; 22.41 ; 74.23 ; 22.20 ; 70.85
13:10:30;9818 ; 22.41 ; 74.23 ; 22.22 ; 70.84
13:10:33;9821 ; 22.41 ; 74.24 ; 22.22 ; 70.84
13:10:36;9824 ; 22.41 ; 74.22 ; 22.20 ; 70.83
13:10:39;9827 ; 22.41 ; 74.23 ; 22.19 ; 70.83
13:10:42;9830 ; 22.41 ; 74.23 ; 22.21 ; 70.85
13:10:45;9833 ; 22.41 ; 74.23 ; 22.23 ; 70.85
13:10:48;9836 ; 22.41 ; 74.22 ; 22.20 ; 70.81
13:10:51;9839 ; 22.41 ; 74.21 ; 22.22 ; 70.82
13:10:54;9842 ; 22.41 ; 74.22 ; 22.22 ; 70.81
13:10:57;9845 ; 22.41 ; 74.22 ; 22.21 ; 70.83
13:11:00;9848 ; 22.41 ; 74.22 ; 22.22 ; 70.83
13:11:03;9851 ; 22.41 ; 74.22 ; 22.22 ; 70.83
13:11:06;9854 ; 22.41 ; 74.23 ; 22.20 ; 70.84
13:11:09;9857 ; 22.41 ; 74.21 ; 22.24 ; 70.86
13:11:12;9860 ; 22.42 ; 74.21 ; 22.20 ; 70.83
13:11:15;9863 ; 22.41 ; 74.22 ; 22.21 ; 70.80
13:11:18;9866 ; 22.41 ; 74.22 ; 22.20 ; 70.80
13:11:21;9869 ; 22.42 ; 74.23 ; 22.21 ; 70.81
13:11:24;9872 ; 22.41 ; 74.23 ; 22.22 ; 70.84
13:11:27;9875 ; 22.41 ; 74.23 ; 22.21 ; 70.83
13:11:30;9878 ; 22.41 ; 74.23 ; 22.23 ; 70.85
13:11:33;9881 ; 22.41 ; 74.23 ; 22.21 ; 70.84
13:11:36;9884 ; 22.41 ; 74.22 ; 22.21 ; 70.83
13:11:39;9887 ; 22.42 ; 74.24 ; 22.23 ; 70.83
13:11:42;9890 ; 22.41 ; 74.23 ; 22.19 ; 70.84
13:11:45;9893 ; 22.41 ; 74.24 ; 22.20 ; 70.86
13:11:48;9896 ; 22.41 ; 74.25 ; 22.21 ; 70.84
13:11:51;9899 ; 22.41 ; 74.24 ; 22.23 ; 70.83
13:11:54;9902 ; 22.41 ; 74.24 ; 22.21 ; 70.84
13:11:57;9905 ; 22.42 ; 74.25 ; 22.22 ; 70.86
13:12:00;9908 ; 22.41 ; 74.24 ; 22.21 ; 70.84
13:12:03;9911 ; 22.41 ; 74.25 ; 22.21 ; 70.87
13:12:06;9914 ; 22.41 ; 74.23 ; 22.21 ; 70.83
13:12:09;9917 ; 22.42 ; 74.23 ; 22.22 ; 70.87
13:12:12;9920 ; 22.41 ; 74.24 ; 22.20 ; 70.83
13:12:15;9923 ; 22.42 ; 74.24 ; 22.22 ; 70.85
13:12:18;9926 ; 22.41 ; 74.24 ; 22.23 ; 70.83
13:12:21;9929 ; 22.41 ; 74.25 ; 22.22 ; 70.85
13:12:24;9932 ; 22.41 ; 74.25 ; 22.22 ; 70.87
13:12:27;9935 ; 22.41 ; 74.24 ; 22.23 ; 70.86
13:12:30;9938 ; 22.41 ; 74.25 ; 22.22 ; 70.84
13:12:33;9941 ; 22.41 ; 74.25 ; 22.22 ; 70.86
13:12:36;9944 ; 22.42 ; 74.25 ; 22.22 ; 70.83
13:12:39;9947 ; 22.41 ; 74.24 ; 22.20 ; 70.84
13:12:42;9950 ; 22.42 ; 74.24 ; 22.23 ; 70.82
13:12:45;9953 ; 22.41 ; 74.27 ; 22.22 ; 70.84
13:12:48;9956 ; 22.42 ; 74.22 ; 22.22 ; 70.86
13:12:51;9959 ; 22.42 ; 74.24 ; 22.22 ; 70.83
13:12:54;9962 ; 22.42 ; 74.23 ; 22.23 ; 70.84
13:12:57;9965 ; 22.42 ; 74.23 ; 22.20 ; 70.85
13:13:00;9968 ; 22.41 ; 74.24 ; 22.23 ; 70.85
13:13:03;9971 ; 22.42 ; 74.24 ; 22.23 ; 70.84
13:13:07;9974 ; 22.42 ; 74.24 ; 22.23 ; 70.83
13:13:10;9977 ; 22.42 ; 74.23 ; 22.22 ; 70.85
13:13:13;9980 ; 22.42 ; 74.23 ; 22.23 ; 70.85
13:13:16;9983 ; 22.42 ; 74.23 ; 22.22 ; 70.85
13:13:19;9986 ; 22.42 ; 74.23 ; 22.22 ; 70.83
13:13:22;9989 ; 22.42 ; 74.24 ; 22.23 ; 70.83
13:13:25;9992 ; 22.42 ; 74.24 ; 22.23 ; 70.83
13:13:28;9995 ; 22.42 ; 74.23 ; 22.21 ; 70.85
13:13:31;9998 ; 22.42 ; 74.24 ; 22.22 ; 70.84
13:13:34;10001 ; 22.42 ; 74.23 ; 22.22 ; 70.85
13:13:37;10004 ; 22.42 ; 74.24 ; 22.20 ; 70.84
13:13:40;10007 ; 22.43 ; 74.23 ; 22.24 ; 70.86
13:13:43;10010 ; 22.43 ; 74.23 ; 22.23 ; 70.85
13:13:46;10013 ; 22.43 ; 74.24 ; 22.22 ; 70.84
13:13:49;10016 ; 22.42 ; 74.24 ; 22.22 ; 70.87
13:13:52;10019 ; 22.42 ; 74.22 ; 22.21 ; 70.85
13:13:55;10022 ; 22.43 ; 74.23 ; 22.23 ; 70.83
13:13:58;10025 ; 22.42 ; 74.24 ; 22.24 ; 70.85
13:14:01;10028 ; 22.42 ; 74.24 ; 22.24 ; 70.84
13:14:04;10031 ; 22.42 ; 74.25 ; 22.22 ; 70.87
13:14:07;10034 ; 22.43 ; 74.24 ; 22.23 ; 70.87
13:14:10;10037 ; 22.42 ; 74.24 ; 22.22 ; 70.84
13:14:13;10040 ; 22.43 ; 74.24 ; 22.21 ; 70.84
13:14:16;10043 ; 22.43 ; 74.23 ; 22.23 ; 70.85
13:14:19;10046 ; 22.42 ; 74.23 ; 22.23 ; 70.83
13:14:22;10049 ; 22.42 ; 74.23 ; 22.23 ; 70.84
13:14:25;10052 ; 22.43 ; 74.23 ; 22.21 ; 70.81
13:14:28;10055 ; 22.43 ; 74.22 ; 22.23 ; 70.83
13:14:31;10058 ; 22.43 ; 74.22 ; 22.23 ; 70.83
13:14:34;10061 ; 22.43 ; 74.23 ; 22.22 ; 70.82
13:14:37;10064 ; 22.43 ; 74.23 ; 22.23 ; 70.84
13:14:40;10067 ; 22.43 ; 74.23 ; 22.22 ; 70.83
13:14:43;10070 ; 22.43 ; 74.23 ; 22.25 ; 70.86
13:14:46;10073 ; 22.43 ; 74.23 ; 22.23 ; 70.84
13:14:49;10076 ; 22.43 ; 74.22 ; 22.24 ; 70.83
13:14:52;10079 ; 22.43 ; 74.21 ; 22.22 ; 70.84
13:14:55;10082 ; 22.43 ; 74.23 ; 22.22 ; 70.82
13:14:58;10085 ; 22.43 ; 74.24 ; 22.24 ; 70.82
13:15:01;10088 ; 22.43 ; 74.21 ; 22.24 ; 70.82
13:15:04;10091 ; 22.43 ; 74.22 ; 22.23 ; 70.83
13:15:07;10094 ; 22.43 ; 74.22 ; 22.23 ; 70.83
13:15:10;10097 ; 22.42 ; 74.21 ; 22.23 ; 70.83
13:15:13;10100 ; 22.43 ; 74.22 ; 22.22 ; 70.84
13:15:16;10103 ; 22.43 ; 74.22 ; 22.22 ; 70.85
13:15:19;10106 ; 22.43 ; 74.22 ; 22.24 ; 70.83
13:15:22;10109 ; 22.43 ; 74.21 ; 22.23 ; 70.84
13:15:25;10112 ; 22.43 ; 74.21 ; 22.21 ; 70.84
13:15:28;10115 ; 22.43 ; 74.22 ; 22.22 ; 70.81
13:15:31;10118 ; 22.43 ; 74.22 ; 22.23 ; 70.83
13:15:34;10121 ; 22.43 ; 74.23 ; 22.20 ; 70.83
13:15:37;10124 ; 22.43 ; 74.23 ; 22.22 ; 70.83
13:15:40;10127 ; 22.43 ; 74.23 ; 22.24 ; 70.86
13:15:43;10130 ; 22.42 ; 74.23 ; 22.23 ; 70.84
13:15:46;10133 ; 22.43 ; 74.23 ; 22.23 ; 70.86
13:15:49;10136 ; 22.43 ; 74.23 ; 22.23 ; 70.83
13:15:52;10139 ; 22.43 ; 74.21 ; 22.24 ; 70.86
13:15:55;10142 ; 22.43 ; 74.22 ; 22.24 ; 70.84
13:15:58;10145 ; 22.44 ; 74.21 ; 22.22 ; 70.83
13:16:01;10148 ; 22.44 ; 74.21 ; 22.24 ; 70.85
13:16:04;10151 ; 22.43 ; 74.23 ; 22.23 ; 70.84
13:16:07;10154 ; 22.43 ; 74.26 ; 22.23 ; 70.84
13:16:10;10157 ; 22.43 ; 74.21 ; 22.22 ; 70.84
13:16:13;10160 ; 22.43 ; 74.23 ; 22.24 ; 70.81
13:16:16;10163 ; 22.43 ; 74.21 ; 22.24 ; 70.83
13:16:19;10166 ; 22.43 ; 74.21 ; 22.24 ; 70.82
13:16:22;10169 ; 22.43 ; 74.21 ; 22.23 ; 70.85
13:16:25;10172 ; 22.43 ; 74.22 ; 22.24 ; 70.84
13:16:28;10175 ; 22.43 ; 74.22 ; 22.22 ; 70.84
13:16:31;10178 ; 22.43 ; 74.22 ; 22.23 ; 70.82
13:16:34;10181 ; 22.43 ; 74.22 ; 22.24 ; 70.84
13:16:37;10184 ; 22.43 ; 74.21 ; 22.23 ; 70.85
13:16:40;10187 ; 22.43 ; 74.21 ; 22.22 ; 70.82
13:16:43;10190 ; 22.43 ; 74.21 ; 22.24 ; 70.83
13:16:46;10193 ; 22.43 ; 74.21 ; 22.24 ; 70.80
13:16:50;10196 ; 22.43 ; 74.21 ; 22.23 ; 70.81
13:16:53;10199 ; 22.43 ; 74.20 ; 22.23 ; 70.81
13:16:56;10202 ; 22.43 ; 74.20 ; 22.24 ; 70.80
13:16:59;10205 ; 22.43 ; 74.20 ; 22.23 ; 70.83
13:17:02;10208 ; 22.43 ; 74.21 ; 22.24 ; 70.81
13:17:05;10211 ; 22.43 ; 74.20 ; 22.22 ; 70.81
13:17:08;10214 ; 22.43 ; 74.19 ; 22.23 ; 70.80
13:17:11;10217 ; 22.43 ; 74.17 ; 22.22 ; 70.81
13:17:14;10220 ; 22.43 ; 74.18 ; 22.24 ; 70.83
13:17:17;10223 ; 22.44 ; 74.19 ; 22.22 ; 70.82
13:17:20;10226 ; 22.43 ; 74.19 ; 22.22 ; 70.81
13:17:23;10229 ; 22.43 ; 74.20 ; 22.24 ; 70.81
13:17:26;10232 ; 22.43 ; 74.20 ; 22.23 ; 70.84
13:17:29;10235 ; 22.44 ; 74.21 ; 22.22 ; 70.81
13:17:32;10238 ; 22.43 ; 74.21 ; 22.24 ; 70.82
13:17:35;10241 ; 22.43 ; 74.20 ; 22.24 ; 70.82
13:17:38;10244 ; 22.43 ; 74.20 ; 22.23 ; 70.82
13:17:41;10247 ; 22.43 ; 74.21 ; 22.23 ; 70.83
13:17:44;10250 ; 22.44 ; 74.21 ; 22.22 ; 70.84
13:17:47;10253 ; 22.43 ; 74.20 ; 22.24 ; 70.85
13:17:50;10256 ; 22.44 ; 74.20 ; 22.23 ; 70.82
13:17:53;10259 ; 22.43 ; 74.19 ; 22.24 ; 70.83
13:17:56;10262 ; 22.43 ; 74.20 ; 22.23 ; 70.83
13:17:59;10265 ; 22.43 ; 74.20 ; 22.22 ; 70.81
13:18:02;10268 ; 22.44 ; 74.20 ; 22.23 ; 70.83
13:18:05;10271 ; 22.44 ; 74.20 ; 22.22 ; 70.80
13:18:08;10274 ; 22.44 ; 74.20 ; 22.24 ; 70.81
13:18:11;10277 ; 22.43 ; 74.21 ; 22.24 ; 70.83
13:18:14;10280 ; 22.43 ; 74.20 ; 22.24 ; 70.83
13:18:17;10283 ; 22.42 ; 74.20 ; 22.23 ; 70.81
13:18:20;10286 ; 22.43 ; 74.20 ; 22.23 ; 70.81
13:18:23;10289 ; 22.44 ; 74.18 ; 22.25 ; 70.85
13:18:26;10292 ; 22.44 ; 74.21 ; 22.23 ; 70.83
13:18:29;10295 ; 22.43 ; 74.20 ; 22.24 ; 70.81
13:18:32;10298 ; 22.44 ; 74.20 ; 22.23 ; 70.80
13:18:35;10301 ; 22.44 ; 74.19 ; 22.22 ; 70.81
13:18:38;10304 ; 22.44 ; 74.20 ; 22.22 ; 70.83
13:18:41;10307 ; 22.44 ; 74.19 ; 22.24 ; 70.85
13:18:44;10310 ; 22.44 ; 74.20 ; 22.23 ; 70.81
13:18:47;10313 ; 22.44 ; 74.20 ; 22.24 ; 70.81
13:18:50;10316 ; 22.44 ; 74.20 ; 22.23 ; 70.83
13:18:53;10319 ; 22.44 ; 74.19 ; 22.23 ; 70.80
13:18:56;10322 ; 22.44 ; 74.19 ; 22.25 ; 70.83
13:18:59;10325 ; 22.44 ; 74.19 ; 22.23 ; 70.81
13:19:02;10328 ; 22.44 ; 74.20 ; 22.23 ; 70.82
13:19:05;10331 ; 22.43 ; 74.20 ; 22.22 ; 70.82
13:19:08;10334 ; 22.44 ; 74.20 ; 22.23 ; 70.83
13:19:11;10337 ; 22.44 ; 74.20 ; 22.24 ; 70.82
13:19:14;10340 ; 22.44 ; 74.20 ; 22.24 ; 70.84
13:19:17;10343 ; 22.43 ; 74.20 ; 22.24 ; 70.81
13:19:20;10346 ; 22.44 ; 74.20 ; 22.25 ; 70.82
13:19:23;10349 ; 22.43 ; 74.18 ; 22.24 ; 70.81
13:19:26;10352 ; 22.43 ; 74.20 ; 22.24 ; 70.80
13:19:29;10355 ; 22.44 ; 74.19 ; 22.23 ; 70.80
13:19:32;10358 ; 22.44 ; 74.21 ; 22.24 ; 70.83
13:19:35;10361 ; 22.43 ; 74.21 ; 22.24 ; 70.83
13:19:38;10364 ; 22.43 ; 74.20 ; 22.25 ; 70.83
13:19:41;10367 ; 22.44 ; 74.20 ; 22.22 ; 70.82
13:19:44;10370 ; 22.44 ; 74.20 ; 22.22 ; 70.81
13:19:47;10373 ; 22.43 ; 74.21 ; 22.25 ; 70.84
13:19:50;10376 ; 22.43 ; 74.20 ; 22.26 ; 70.84
13:19:53;10379 ; 22.44 ; 74.20 ; 22.23 ; 70.82
13:19:56;10382 ; 22.43 ; 74.20 ; 22.25 ; 70.83
13:19:59;10385 ; 22.44 ; 74.19 ; 22.23 ; 70.81
13:20:02;10388 ; 22.44 ; 74.20 ; 22.24 ; 70.82
13:20:05;10391 ; 22.43 ; 74.21 ; 22.24 ; 70.82
13:20:08;10394 ; 22.44 ; 74.20 ; 22.24 ; 70.84
13:20:11;10397 ; 22.43 ; 74.20 ; 22.23 ; 70.82
13:20:14;10400 ; 22.43 ; 74.20 ; 22.25 ; 70.80
13:20:17;10403 ; 22.44 ; 74.19 ; 22.23 ; 70.81
13:20:20;10406 ; 22.44 ; 74.19 ; 22.24 ; 70.82
13:20:23;10409 ; 22.44 ; 74.20 ; 22.25 ; 70.81
13:20:26;10412 ; 22.44 ; 74.20 ; 22.24 ; 70.82
13:20:29;10415 ; 22.44 ; 74.20 ; 22.23 ; 70.83
13:20:33;10418 ; 22.43 ; 74.20 ; 22.24 ; 70.81
13:20:36;10421 ; 22.44 ; 74.20 ; 22.23 ; 70.81
13:20:39;10424 ; 22.44 ; 74.19 ; 22.24 ; 70.81
13:20:42;10427 ; 22.44 ; 74.19 ; 22.25 ; 70.83
13:20:45;10430 ; 22.44 ; 74.19 ; 22.24 ; 70.81
13:20:48;10433 ; 22.44 ; 74.18 ; 22.23 ; 70.83
13:20:51;10436 ; 22.44 ; 74.18 ; 22.24 ; 70.83
13:20:54;10439 ; 22.44 ; 74.18 ; 22.23 ; 70.80
13:20:57;10442 ; 22.44 ; 74.19 ; 22.23 ; 70.80
13:21:00;10445 ; 22.44 ; 74.19 ; 22.23 ; 70.81
13:21:03;10448 ; 22.44 ; 74.18 ; 22.22 ; 70.79
13:21:06;10451 ; 22.44 ; 74.20 ; 22.23 ; 70.80
13:21:09;10454 ; 22.44 ; 74.18 ; 22.24 ; 70.81
13:21:12;10457 ; 22.44 ; 74.20 ; 22.23 ; 70.80
13:21:15;10460 ; 22.44 ; 74.20 ; 22.23 ; 70.83
13:21:18;10463 ; 22.45 ; 74.18 ; 22.20 ; 70.79
13:21:21;10466 ; 22.44 ; 74.20 ; 22.25 ; 70.82
13:21:24;10469 ; 22.44 ; 74.19 ; 22.25 ; 70.81
13:21:27;10472 ; 22.44 ; 74.21 ; 22.23 ; 70.82
13:21:30;10475 ; 22.44 ; 74.20 ; 22.23 ; 70.80
13:21:33;10478 ; 22.44 ; 74.20 ; 22.23 ; 70.82
13:21:36;10481 ; 22.44 ; 74.19 ; 22.22 ; 70.81
13:21:39;10484 ; 22.44 ; 74.19 ; 22.25 ; 70.82
13:21:42;10487 ; 22.44 ; 74.18 ; 22.25 ; 70.79
13:21:45;10490 ; 22.44 ; 74.20 ; 22.25 ; 70.82
13:21:48;10493 ; 22.44 ; 74.19 ; 22.23 ; 70.82
13:21:51;10496 ; 22.44 ; 74.19 ; 22.26 ; 70.83
13:21:54;10499 ; 22.44 ; 74.19 ; 22.24 ; 70.81
13:21:57;10502 ; 22.44 ; 74.19 ; 22.26 ; 70.83
13:22:00;10505 ; 22.44 ; 74.18 ; 22.23 ; 70.81
13:22:03;10508 ; 22.44 ; 74.18 ; 22.25 ; 70.82
13:22:06;10511 ; 22.44 ; 74.19 ; 22.24 ; 70.79
13:22:09;10514 ; 22.44 ; 74.18 ; 22.24 ; 70.80
13:22:12;10517 ; 22.44 ; 74.18 ; 22.25 ; 70.82
13:22:15;10520 ; 22.44 ; 74.19 ; 22.23 ; 70.82
13:22:18;10523 ; 22.44 ; 74.19 ; 22.22 ; 70.79
13:22:21;10526 ; 22.44 ; 74.18 ; 22.22 ; 70.81
13:22:24;10529 ; 22.44 ; 74.19 ; 22.25 ; 70.82
13:22:27;10532 ; 22.44 ; 74.19 ; 22.25 ; 70.82
13:22:30;10535 ; 22.44 ; 74.20 ; 22.23 ; 70.83
13:22:33;10538 ; 22.45 ; 74.19 ; 22.24 ; 70.82
13:22:36;10541 ; 22.44 ; 74.19 ; 22.22 ; 70.80
13:22:39;10544 ; 22.44 ; 74.18 ; 22.25 ; 70.82
13:22:42;10547 ; 22.44 ; 74.18 ; 22.24 ; 70.81
13:22:45;10550 ; 22.44 ; 74.20 ; 22.27 ; 70.80
13:22:48;10553 ; 22.44 ; 74.17 ; 22.25 ; 70.81
13:22:51;10556 ; 22.44 ; 74.20 ; 22.24 ; 70.82
13:22:54;10559 ; 22.44 ; 74.17 ; 22.26 ; 70.82
13:22:57;10562 ; 22.44 ; 74.17 ; 22.24 ; 70.82
13:23:00;10565 ; 22.44 ; 74.14 ; 22.22 ; 70.81
13:23:03;10568 ; 22.44 ; 74.18 ; 22.25 ; 70.82
13:23:06;10571 ; 22.44 ; 74.18 ; 22.25 ; 70.80
13:23:09;10574 ; 22.44 ; 74.17 ; 22.25 ; 70.79
13:23:12;10577 ; 22.44 ; 74.18 ; 22.25 ; 70.82
13:23:15;10580 ; 22.44 ; 74.18 ; 22.23 ; 70.78
13:23:18;10583 ; 22.44 ; 74.17 ; 22.25 ; 70.79
13:23:21;10586 ; 22.44 ; 74.17 ; 22.25 ; 70.79
13:23:24;10589 ; 22.44 ; 74.17 ; 22.23 ; 70.81
13:23:27;10592 ; 22.44 ; 74.19 ; 22.24 ; 70.80
13:23:30;10595 ; 22.44 ; 74.18 ; 22.24 ; 70.79
13:23:33;10598 ; 22.44 ; 74.19 ; 22.25 ; 70.80
13:23:36;10601 ; 22.44 ; 74.19 ; 22.23 ; 70.81
13:23:39;10604 ; 22.45 ; 74.20 ; 22.24 ; 70.82
13:23:42;10607 ; 22.44 ; 74.19 ; 22.25 ; 70.82
13:23:45;10610 ; 22.45 ; 74.19 ; 22.24 ; 70.82
13:23:48;10613 ; 22.45 ; 74.20 ; 22.23 ; 70.83
13:23:51;10616 ; 22.44 ; 74.18 ; 22.25 ; 70.82
13:23:54;10619 ; 22.44 ; 74.19 ; 22.25 ; 70.79
13:23:57;10622 ; 22.44 ; 74.21 ; 22.25 ; 70.83
13:24:00;10625 ; 22.44 ; 74.20 ; 22.23 ; 70.81
13:24:03;10628 ; 22.44 ; 74.20 ; 22.25 ; 70.83
13:24:06;10631 ; 22.44 ; 74.20 ; 22.25 ; 70.82
13:24:09;10634 ; 22.45 ; 74.19 ; 22.25 ; 70.85
13:24:12;10637 ; 22.44 ; 74.20 ; 22.23 ; 70.83
13:24:16;10640 ; 22.45 ; 74.19 ; 22.25 ; 70.80
13:24:19;10643 ; 22.44 ; 74.19 ; 22.24 ; 70.81
13:24:22;10646 ; 22.45 ; 74.20 ; 22.24 ; 70.82
13:24:25;10649 ; 22.44 ; 74.20 ; 22.26 ; 70.83
13:24:28;10652 ; 22.44 ; 74.19 ; 22.25 ; 70.80
13:24:31;10655 ; 22.45 ; 74.18 ; 22.25 ; 70.83
13:24:34;10658 ; 22.45 ; 74.19 ; 22.24 ; 70.82
13:24:37;10661 ; 22.44 ; 74.19 ; 22.23 ; 70.81
13:24:40;10664 ; 22.45 ; 74.19 ; 22.24 ; 70.83
13:24:43;10667 ; 22.45 ; 74.18 ; 22.26 ; 70.80
13:24:46;10670 ; 22.45 ; 74.18 ; 22.26 ; 70.82
13:24:49;10673 ; 22.45 ; 74.18 ; 22.23 ; 70.78
13:24:52;10676 ; 22.45 ; 74.19 ; 22.27 ; 70.80
13:24:55;10679 ; 22.45 ; 74.18 ; 22.25 ; 70.79
13:24:58;10682 ; 22.45 ; 74.19 ; 22.25 ; 70.81
13:25:01;10685 ; 22.45 ; 74.19 ; 22.27 ; 70.79
13:25:04;10688 ; 22.45 ; 74.18 ; 22.26 ; 70.85
13:25:07;10691 ; 22.45 ; 74.19 ; 22.24 ; 70.81
13:25:10;10694 ; 22.45 ; 74.19 ; 22.25 ; 70.85
13:25:13;10697 ; 22.45 ; 74.19 ; 22.24 ; 70.81
13:25:16;10700 ; 22.45 ; 74.18 ; 22.24 ; 70.82
13:25:19;10703 ; 22.45 ; 74.18 ; 22.25 ; 70.82
13:25:22;10706 ; 22.45 ; 74.18 ; 22.24 ; 70.81
13:25:25;10709 ; 22.45 ; 74.18 ; 22.25 ; 70.81
13:25:28;10712 ; 22.45 ; 74.18 ; 22.25 ; 70.83
13:25:31;10715 ; 22.45 ; 74.17 ; 22.27 ; 70.82
13:25:34;10718 ; 22.45 ; 74.17 ; 22.24 ; 70.80
13:25:37;10721 ; 22.45 ; 74.17 ; 22.24 ; 70.79
13:25:40;10724 ; 22.45 ; 74.18 ; 22.25 ; 70.83
13:25:43;10727 ; 22.45 ; 74.18 ; 22.26 ; 70.82
13:25:46;10730 ; 22.45 ; 74.19 ; 22.25 ; 70.81
13:25:49;10733 ; 22.45 ; 74.19 ; 22.25 ; 70.80
13:25:52;10736 ; 22.45 ; 74.18 ; 22.25 ; 70.80
13:25:55;10739 ; 22.45 ; 74.18 ; 22.25 ; 70.80
13:25:58;10742 ; 22.45 ; 74.18 ; 22.25 ; 70.82
13:26:01;10745 ; 22.45 ; 74.19 ; 22.24 ; 70.81
13:26:04;10748 ; 22.45 ; 74.18 ; 22.25 ; 70.81
13:26:07;10751 ; 22.45 ; 74.18 ; 22.24 ; 70.83
13:26:10;10754 ; 22.45 ; 74.17 ; 22.27 ; 70.82
13:26:13;10757 ; 22.45 ; 74.19 ; 22.25 ; 70.81
13:26:16;10760 ; 22.45 ; 74.19 ; 22.26 ; 70.83
13:26:19;10763 ; 22.45 ; 74.19 ; 22.25 ; 70.82
13:26:22;10766 ; 22.45 ; 74.17 ; 22.24 ; 70.81
13:26:25;10769 ; 22.45 ; 74.16 ; 22.25 ; 70.82
13:26:28;10772 ; 22.45 ; 74.17 ; 22.24 ; 70.81
13:26:31;10775 ; 22.46 ; 74.17 ; 22.24 ; 70.80
13:26:34;10778 ; 22.45 ; 74.17 ; 22.24 ; 70.81
13:26:37;10781 ; 22.46 ; 74.18 ; 22.25 ; 70.81
13:26:40;10784 ; 22.45 ; 74.18 ; 22.27 ; 70.81
13:26:43;10787 ; 22.45 ; 74.18 ; 22.24 ; 70.84
13:26:46;10790 ; 22.45 ; 74.17 ; 22.23 ; 70.80
13:26:49;10793 ; 22.45 ; 74.18 ; 22.24 ; 70.82
13:26:52;10796 ; 22.45 ; 74.18 ; 22.26 ; 70.82
13:26:55;10799 ; 22.45 ; 74.19 ; 22.26 ; 70.81
13:26:58;10802 ; 22.45 ; 74.18 ; 22.28 ; 70.82
13:27:01;10805 ; 22.45 ; 74.18 ; 22.24 ; 70.81
13:27:04;10808 ; 22.46 ; 74.18 ; 22.26 ; 70.81
13:27:07;10811 ; 22.45 ; 74.17 ; 22.24 ; 70.80
13:27:10;10814 ; 22.45 ; 74.18 ; 22.25 ; 70.81
13:27:13;10817 ; 22.45 ; 74.17 ; 22.24 ; 70.80
13:27:16;10820 ; 22.45 ; 74.18 ; 22.24 ; 70.81
13:27:19;10823 ; 22.45 ; 74.17 ; 22.24 ; 70.79
13:27:22;10826 ; 22.45 ; 74.18 ; 22.24 ; 70.80
13:27:25;10829 ; 22.46 ; 74.19 ; 22.25 ; 70.81
13:27:28;10832 ; 22.45 ; 74.17 ; 22.25 ; 70.81
13:27:31;10835 ; 22.46 ; 74.19 ; 22.24 ; 70.80
13:27:34;10838 ; 22.45 ; 74.19 ; 22.27 ; 70.81
13:27:37;10841 ; 22.45 ; 74.18 ; 22.23 ; 70.81
13:27:40;10844 ; 22.45 ; 74.18 ; 22.25 ; 70.80
13:27:43;10847 ; 22.46 ; 74.17 ; 22.26 ; 70.80
13:27:46;10850 ; 22.45 ; 74.18 ; 22.26 ; 70.78
13:27:49;10853 ; 22.46 ; 74.18 ; 22.27 ; 70.81
13:27:52;10856 ; 22.45 ; 74.18 ; 22.26 ; 70.81
13:27:55;10859 ; 22.46 ; 74.18 ; 22.24 ; 70.79
13:27:59;10862 ; 22.45 ; 74.17 ; 22.25 ; 70.79
13:28:02;10865 ; 22.46 ; 74.18 ; 22.23 ; 70.81
13:28:05;10868 ; 22.46 ; 74.17 ; 22.26 ; 70.79
13:28:08;10871 ; 22.46 ; 74.17 ; 22.26 ; 70.82
13:28:11;10874 ; 22.46 ; 74.16 ; 22.25 ; 70.79
13:28:14;10877 ; 22.46 ; 74.17 ; 22.24 ; 70.82
13:28:17;10880 ; 22.46 ; 74.16 ; 22.25 ; 70.81
13:28:20;10883 ; 22.46 ; 74.17 ; 22.24 ; 70.79
13:28:23;10886 ; 22.46 ; 74.16 ; 22.28 ; 70.77
13:28:26;10889 ; 22.46 ; 74.17 ; 22.26 ; 70.83
13:28:29;10892 ; 22.45 ; 74.17 ; 22.25 ; 70.81
13:28:32;10895 ; 22.46 ; 74.17 ; 22.25 ; 70.82
13:28:35;10898 ; 22.45 ; 74.18 ; 22.24 ; 70.81
13:28:38;10901 ; 22.46 ; 74.17 ; 22.25 ; 70.80
13:28:41;10904 ; 22.46 ; 74.19 ; 22.27 ; 70.80
13:28:44;10907 ; 22.46 ; 74.18 ; 22.24 ; 70.79
13:28:47;10910 ; 22.45 ; 74.18 ; 22.25 ; 70.79
13:28:50;10913 ; 22.46 ; 74.18 ; 22.25 ; 70.81
13:28:53;10916 ; 22.46 ; 74.18 ; 22.24 ; 70.80
13:28:56;10919 ; 22.46 ; 74.18 ; 22.26 ; 70.81
13:28:59;10922 ; 22.46 ; 74.18 ; 22.25 ; 70.82
13:29:02;10925 ; 22.46 ; 74.18 ; 22.25 ; 70.81
13:29:05;10928 ; 22.46 ; 74.17 ; 22.26 ; 70.82
13:29:08;10931 ; 22.46 ; 74.16 ; 22.28 ; 70.79
13:29:11;10934 ; 22.46 ; 74.19 ; 22.24 ; 70.82
13:29:14;10937 ; 22.46 ; 74.17 ; 22.25 ; 70.82
13:29:17;10940 ; 22.46 ; 74.18 ; 22.24 ; 70.83
13:29:20;10943 ; 22.46 ; 74.18 ; 22.24 ; 70.80
13:29:23;10946 ; 22.46 ; 74.18 ; 22.27 ; 70.81
13:29:26;10949 ; 22.46 ; 74.16 ; 22.27 ; 70.80
13:29:29;10952 ; 22.46 ; 74.17 ; 22.26 ; 70.79
13:29:32;10955 ; 22.47 ; 74.17 ; 22.25 ; 70.80
13:29:35;10958 ; 22.46 ; 74.17 ; 22.26 ; 70.79
13:29:38;10961 ; 22.46 ; 74.17 ; 22.25 ; 70.81
13:29:41;10964 ; 22.46 ; 74.17 ; 22.27 ; 70.80
13:29:44;10967 ; 22.46 ; 74.16 ; 22.27 ; 70.78
13:29:47;10970 ; 22.46 ; 74.17 ; 22.25 ; 70.80
13:29:50;10973 ; 22.46 ; 74.17 ; 22.27 ; 70.82
13:29:53;10976 ; 22.46 ; 74.18 ; 22.25 ; 70.79
13:29:56;10979 ; 22.46 ; 74.17 ; 22.26 ; 70.81
13:29:59;10982 ; 22.46 ; 74.16 ; 22.25 ; 70.80
13:30:02;10985 ; 22.46 ; 74.17 ; 22.27 ; 70.80
13:30:05;10988 ; 22.46 ; 74.17 ; 22.28 ; 70.79
13:30:08;10991 ; 22.47 ; 74.17 ; 22.25 ; 70.80
13:30:11;10994 ; 22.46 ; 74.17 ; 22.27 ; 70.81
13:30:14;10997 ; 22.47 ; 74.16 ; 22.25 ; 70.77
13:30:17;11000 ; 22.47 ; 74.15 ; 22.26 ; 70.81
13:30:20;11003 ; 22.46 ; 74.16 ; 22.28 ; 70.80
13:30:23;11006 ; 22.46 ; 74.16 ; 22.24 ; 70.80
13:30:26;11009 ; 22.47 ; 74.16 ; 22.29 ; 70.79
13:30:29;11012 ; 22.46 ; 74.16 ; 22.26 ; 70.79
13:30:32;11015 ; 22.46 ; 74.16 ; 22.25 ; 70.81
13:30:35;11018 ; 22.46 ; 74.16 ; 22.25 ; 70.80
13:30:38;11021 ; 22.46 ; 74.17 ; 22.26 ; 70.81
13:30:41;11024 ; 22.47 ; 74.17 ; 22.27 ; 70.77
13:30:44;11027 ; 22.46 ; 74.18 ; 22.27 ; 70.78
13:30:47;11030 ; 22.46 ; 74.18 ; 22.29 ; 70.81
13:30:50;11033 ; 22.46 ; 74.17 ; 22.27 ; 70.82
13:30:53;11036 ; 22.47 ; 74.17 ; 22.27 ; 70.78
13:30:56;11039 ; 22.47 ; 74.17 ; 22.25 ; 70.82
13:30:59;11042 ; 22.47 ; 74.18 ; 22.26 ; 70.81
13:31:02;11045 ; 22.47 ; 74.18 ; 22.27 ; 70.80
13:31:05;11048 ; 22.47 ; 74.18 ; 22.25 ; 70.80
13:31:08;11051 ; 22.47 ; 74.18 ; 22.27 ; 70.81
13:31:11;11054 ; 22.47 ; 74.18 ; 22.27 ; 70.83
13:31:14;11057 ; 22.47 ; 74.18 ; 22.28 ; 70.81
13:31:17;11060 ; 22.47 ; 74.18 ; 22.27 ; 70.80
13:31:20;11063 ; 22.46 ; 74.17 ; 22.27 ; 70.83
13:31:23;11066 ; 22.47 ; 74.16 ; 22.26 ; 70.80
13:31:26;11069 ; 22.47 ; 74.17 ; 22.26 ; 70.81
13:31:29;11072 ; 22.47 ; 74.18 ; 22.24 ; 70.78
13:31:32;11075 ; 22.47 ; 74.18 ; 22.28 ; 70.79
13:31:35;11078 ; 22.47 ; 74.18 ; 22.25 ; 70.81
13:31:38;11081 ; 22.47 ; 74.19 ; 22.27 ; 70.80
13:31:42;11084 ; 22.47 ; 74.18 ; 22.28 ; 70.79
13:31:45;11087 ; 22.46 ; 74.18 ; 22.27 ; 70.83
13:31:48;11090 ; 22.47 ; 74.17 ; 22.27 ; 70.80
13:31:51;11093 ; 22.47 ; 74.17 ; 22.27 ; 70.83
13:31:54;11096 ; 22.47 ; 74.17 ; 22.28 ; 70.81
13:31:57;11099 ; 22.47 ; 74.18 ; 22.27 ; 70.81
13:32:00;11102 ; 22.47 ; 74.17 ; 22.27 ; 70.80
13:32:03;11105 ; 22.46 ; 74.17 ; 22.28 ; 70.82
13:32:06;11108 ; 22.47 ; 74.17 ; 22.26 ; 70.78
13:32:09;11111 ; 22.46 ; 74.17 ; 22.25 ; 70.81
13:32:12;11114 ; 22.46 ; 74.17 ; 22.26 ; 70.80
13:32:15;11117 ; 22.46 ; 74.18 ; 22.27 ; 70.81
13:32:18;11120 ; 22.47 ; 74.17 ; 22.26 ; 70.82
13:32:21;11123 ; 22.47 ; 74.16 ; 22.27 ; 70.81
13:32:24;11126 ; 22.47 ; 74.16 ; 22.27 ; 70.79
13:32:27;11129 ; 22.47 ; 74.17 ; 22.27 ; 70.80
13:32:30;11132 ; 22.47 ; 74.17 ; 22.27 ; 70.80
13:32:33;11135 ; 22.47 ; 74.17 ; 22.26 ; 70.79
13:32:36;11138 ; 22.47 ; 74.17 ; 22.29 ; 70.79
13:32:39;11141 ; 22.48 ; 74.16 ; 22.27 ; 70.79
13:32:42;11144 ; 22.47 ; 74.16 ; 22.24 ; 70.80
13:32:45;11147 ; 22.47 ; 74.16 ; 22.27 ; 70.79
13:32:48;11150 ; 22.47 ; 74.17 ; 22.29 ; 70.79
13:32:51;11153 ; 22.47 ; 74.17 ; 22.26 ; 70.79
13:32:54;11156 ; 22.48 ; 74.16 ; 22.27 ; 70.81
13:32:57;11159 ; 22.47 ; 74.17 ; 22.29 ; 70.80
13:33:00;11162 ; 22.47 ; 74.17 ; 22.26 ; 70.79
13:33:03;11165 ; 22.47 ; 74.17 ; 22.28 ; 70.82
13:33:06;11168 ; 22.47 ; 74.16 ; 22.27 ; 70.80
13:33:09;11171 ; 22.46 ; 74.16 ; 22.27 ; 70.80
13:33:12;11174 ; 22.47 ; 74.17 ; 22.26 ; 70.78
13:33:15;11177 ; 22.47 ; 74.16 ; 22.27 ; 70.81
13:33:18;11180 ; 22.47 ; 74.16 ; 22.27 ; 70.80
13:33:21;11183 ; 22.47 ; 74.16 ; 22.27 ; 70.80
13:33:24;11186 ; 22.47 ; 74.16 ; 22.25 ; 70.78
13:33:27;11189 ; 22.47 ; 74.18 ; 22.26 ; 70.79
13:33:30;11192 ; 22.47 ; 74.15 ; 22.27 ; 70.80
13:33:33;11195 ; 22.47 ; 74.14 ; 22.27 ; 70.78
13:33:36;11198 ; 22.47 ; 74.16 ; 22.27 ; 70.81
13:33:39;11201 ; 22.46 ; 74.15 ; 22.27 ; 70.79
13:33:42;11204 ; 22.47 ; 74.16 ; 22.26 ; 70.81
13:33:45;11207 ; 22.47 ; 74.16 ; 22.26 ; 70.78
13:33:48;11210 ; 22.47 ; 74.16 ; 22.29 ; 70.80
13:33:51;11213 ; 22.47 ; 74.16 ; 22.30 ; 70.81
13:33:54;11216 ; 22.47 ; 74.15 ; 22.25 ; 70.78
13:33:57;11219 ; 22.47 ; 74.17 ; 22.27 ; 70.82
13:34:00;11222 ; 22.47 ; 74.17 ; 22.27 ; 70.80
13:34:03;11225 ; 22.47 ; 74.17 ; 22.26 ; 70.80
13:34:06;11228 ; 22.47 ; 74.16 ; 22.27 ; 70.79
13:34:09;11231 ; 22.47 ; 74.16 ; 22.25 ; 70.81
13:34:12;11234 ; 22.47 ; 74.16 ; 22.26 ; 70.80
13:34:15;11237 ; 22.48 ; 74.16 ; 22.27 ; 70.81
13:34:18;11240 ; 22.47 ; 74.16 ; 22.27 ; 70.79
13:34:21;11243 ; 22.48 ; 74.16 ; 22.25 ; 70.81
13:34:24;11246 ; 22.48 ; 74.16 ; 22.25 ; 70.81
13:34:27;11249 ; 22.47 ; 74.15 ; 22.25 ; 70.78
13:34:30;11252 ; 22.47 ; 74.16 ; 22.27 ; 70.79
13:34:33;11255 ; 22.47 ; 74.16 ; 22.27 ; 70.78
13:34:36;11258 ; 22.47 ; 74.15 ; 22.27 ; 70.80
13:34:39;11261 ; 22.47 ; 74.15 ; 22.28 ; 70.78
13:34:42;11264 ; 22.47 ; 74.16 ; 22.28 ; 70.81
13:34:45;11267 ; 22.47 ; 74.17 ; 22.27 ; 70.82
13:34:48;11270 ; 22.47 ; 74.17 ; 22.27 ; 70.83
13:34:51;11273 ; 22.47 ; 74.16 ; 22.27 ; 70.80
13:34:54;11276 ; 22.47 ; 74.18 ; 22.28 ; 70.79
13:34:57;11279 ; 22.47 ; 74.17 ; 22.28 ; 70.80
13:35:00;11282 ; 22.47 ; 74.17 ; 22.29 ; 70.82
13:35:03;11285 ; 22.47 ; 74.18 ; 22.27 ; 70.82
13:35:06;11288 ; 22.48 ; 74.17 ; 22.27 ; 70.79
13:35:09;11291 ; 22.48 ; 74.16 ; 22.27 ; 70.81
13:35:12;11294 ; 22.48 ; 74.17 ; 22.27 ; 70.79
13:35:15;11297 ; 22.48 ; 74.17 ; 22.27 ; 70.81
13:35:18;11300 ; 22.48 ; 74.17 ; 22.27 ; 70.82
13:35:21;11303 ; 22.47 ; 74.18 ; 22.28 ; 70.79
13:35:25;11306 ; 22.47 ; 74.17 ; 22.28 ; 70.80
13:35:28;11309 ; 22.48 ; 74.18 ; 22.29 ; 70.80
13:35:31;11312 ; 22.48 ; 74.18 ; 22.26 ; 70.80
13:35:34;11315 ; 22.48 ; 74.18 ; 22.24 ; 70.83
13:35:37;11318 ; 22.48 ; 74.18 ; 22.28 ; 70.83
13:35:40;11321 ; 22.48 ; 74.18 ; 22.29 ; 70.78
13:35:43;11324 ; 22.47 ; 74.16 ; 22.26 ; 70.78
13:35:46;11327 ; 22.48 ; 74.15 ; 22.27 ; 70.80
13:35:49;11330 ; 22.48 ; 74.18 ; 22.29 ; 70.78
13:35:52;11333 ; 22.47 ; 74.18 ; 22.28 ; 70.81
13:35:55;11336 ; 22.48 ; 74.18 ; 22.28 ; 70.79
13:35:58;11339 ; 22.47 ; 74.18 ; 22.28 ; 70.82
13:36:01;11342 ; 22.48 ; 74.17 ; 22.28 ; 70.83
13:36:04;11345 ; 22.47 ; 74.18 ; 22.26 ; 70.82
13:36:07;11348 ; 22.48 ; 74.18 ; 22.29 ; 70.80
13:36:10;11351 ; 22.48 ; 74.18 ; 22.26 ; 70.81
13:36:13;11354 ; 22.48 ; 74.19 ; 22.27 ; 70.81
13:36:16;11357 ; 22.48 ; 74.18 ; 22.27 ; 70.81
13:36:19;11360 ; 22.48 ; 74.18 ; 22.28 ; 70.78
13:36:22;11363 ; 22.48 ; 74.18 ; 22.27 ; 70.82
13:36:25;11366 ; 22.48 ; 74.18 ; 22.28 ; 70.86
13:36:28;11369 ; 22.48 ; 74.20 ; 22.28 ; 70.79
13:36:31;11372 ; 22.48 ; 74.18 ; 22.28 ; 70.82
13:36:34;11375 ; 22.49 ; 74.18 ; 22.27 ; 70.79
13:36:37;11378 ; 22.48 ; 74.20 ; 22.28 ; 70.81
13:36:40;11381 ; 22.48 ; 74.18 ; 22.26 ; 70.81
13:36:43;11384 ; 22.48 ; 74.17 ; 22.29 ; 70.82
13:36:46;11387 ; 22.48 ; 74.18 ; 22.28 ; 70.81
13:36:49;11390 ; 22.48 ; 74.18 ; 22.26 ; 70.79
13:36:52;11393 ; 22.49 ; 74.17 ; 22.27 ; 70.78
13:36:55;11396 ; 22.48 ; 74.18 ; 22.26 ; 70.84
13:36:58;11399 ; 22.48 ; 74.20 ; 22.29 ; 70.84
13:37:01;11402 ; 22.48 ; 74.20 ; 22.27 ; 70.81
13:37:04;11405 ; 22.48 ; 74.20 ; 22.27 ; 70.81
13:37:07;11408 ; 22.49 ; 74.18 ; 22.28 ; 70.83
13:37:10;11411 ; 22.48 ; 74.20 ; 22.27 ; 70.83
13:37:13;11414 ; 22.49 ; 74.18 ; 22.28 ; 70.82
13:37:16;11417 ; 22.49 ; 74.20 ; 22.28 ; 70.83
13:37:19;11420 ; 22.48 ; 74.17 ; 22.28 ; 70.81
13:37:22;11423 ; 22.49 ; 74.18 ; 22.28 ; 70.81
13:37:25;11426 ; 22.48 ; 74.17 ; 22.28 ; 70.82
13:37:28;11429 ; 22.48 ; 74.18 ; 22.30 ; 70.81
13:37:31;11432 ; 22.48 ; 74.18 ; 22.28 ; 70.80
13:37:34;11435 ; 22.48 ; 74.18 ; 22.29 ; 70.83
13:37:37;11438 ; 22.49 ; 74.17 ; 22.29 ; 70.82
13:37:40;11441 ; 22.48 ; 74.17 ; 22.28 ; 70.81
13:37:43;11444 ; 22.49 ; 74.20 ; 22.30 ; 70.82
13:37:46;11447 ; 22.48 ; 74.18 ; 22.27 ; 70.79
13:37:49;11450 ; 22.49 ; 74.20 ; 22.27 ; 70.83
13:37:52;11453 ; 22.48 ; 74.18 ; 22.28 ; 70.79
13:37:55;11456 ; 22.49 ; 74.18 ; 22.30 ; 70.81
13:37:58;11459 ; 22.49 ; 74.20 ; 22.28 ; 70.83
13:38:01;11462 ; 22.49 ; 74.18 ; 22.28 ; 70.82
13:38:04;11465 ; 22.49 ; 74.20 ; 22.28 ; 70.81
13:38:07;11468 ; 22.48 ; 74.20 ; 22.28 ; 70.82
13:38:10;11471 ; 22.49 ; 74.18 ; 22.30 ; 70.86
13:38:13;11474 ; 22.49 ; 74.17 ; 22.27 ; 70.82
13:38:16;11477 ; 22.49 ; 74.18 ; 22.29 ; 70.82
13:38:19;11480 ; 22.49 ; 74.20 ; 22.27 ; 70.83
13:38:22;11483 ; 22.49 ; 74.18 ; 22.27 ; 70.82
13:38:25;11486 ; 22.49 ; 74.20 ; 22.28 ; 70.80
13:38:28;11489 ; 22.49 ; 74.18 ; 22.28 ; 70.79
13:38:31;11492 ; 22.49 ; 74.17 ; 22.28 ; 70.79
13:38:34;11495 ; 22.49 ; 74.16 ; 22.27 ; 70.79
13:38:37;11498 ; 22.49 ; 74.16 ; 22.28 ; 70.81
13:38:40;11501 ; 22.48 ; 74.18 ; 22.29 ; 70.81
13:38:43;11504 ; 22.49 ; 74.17 ; 22.28 ; 70.82
13:38:46;11507 ; 22.49 ; 74.17 ; 22.28 ; 70.83
13:38:49;11510 ; 22.49 ; 74.18 ; 22.29 ; 70.83
13:38:52;11513 ; 22.49 ; 74.17 ; 22.29 ; 70.83
13:38:55;11516 ; 22.49 ; 74.17 ; 22.28 ; 70.79
13:38:58;11519 ; 22.49 ; 74.18 ; 22.29 ; 70.83
13:39:01;11522 ; 22.49 ; 74.17 ; 22.29 ; 70.83
13:39:04;11525 ; 22.49 ; 74.17 ; 22.28 ; 70.78
13:39:08;11528 ; 22.49 ; 74.19 ; 22.28 ; 70.81
13:39:11;11531 ; 22.49 ; 74.19 ; 22.29 ; 70.80
13:39:14;11534 ; 22.50 ; 74.19 ; 22.28 ; 70.81
13:39:17;11537 ; 22.50 ; 74.17 ; 22.30 ; 70.83
13:39:20;11540 ; 22.49 ; 74.19 ; 22.28 ; 70.80
13:39:23;11543 ; 22.49 ; 74.18 ; 22.30 ; 70.81
13:39:26;11546 ; 22.49 ; 74.19 ; 22.29 ; 70.81
13:39:29;11549 ; 22.49 ; 74.20 ; 22.31 ; 70.84
13:39:32;11552 ; 22.49 ; 74.20 ; 22.29 ; 70.82
13:39:35;11555 ; 22.49 ; 74.17 ; 22.30 ; 70.83
13:39:38;11558 ; 22.49 ; 74.19 ; 22.30 ; 70.81
13:39:41;11561 ; 22.49 ; 74.17 ; 22.29 ; 70.82
13:39:44;11564 ; 22.49 ; 74.19 ; 22.29 ; 70.81
13:39:47;11567 ; 22.50 ; 74.20 ; 22.30 ; 70.82
13:39:50;11570 ; 22.50 ; 74.16 ; 22.29 ; 70.82
13:39:53;11573 ; 22.49 ; 74.18 ; 22.29 ; 70.84
13:39:56;11576 ; 22.49 ; 74.20 ; 22.28 ; 70.82
13:39:59;11579 ; 22.50 ; 74.20 ; 22.29 ; 70.83
13:40:02;11582 ; 22.49 ; 74.20 ; 22.29 ; 70.83
13:40:05;11585 ; 22.50 ; 74.19 ; 22.29 ; 70.84
13:40:08;11588 ; 22.50 ; 74.21 ; 22.31 ; 70.83
13:40:11;11591 ; 22.50 ; 74.21 ; 22.29 ; 70.85
13:40:14;11594 ; 22.50 ; 74.21 ; 22.29 ; 70.85
13:40:17;11597 ; 22.50 ; 74.21 ; 22.28 ; 70.85
13:40:20;11600 ; 22.50 ; 74.20 ; 22.31 ; 70.82
13:40:23;11603 ; 22.50 ; 74.21 ; 22.29 ; 70.83
13:40:26;11606 ; 22.50 ; 74.21 ; 22.31 ; 70.84
13:40:29;11609 ; 22.50 ; 74.20 ; 22.29 ; 70.84
13:40:32;11612 ; 22.50 ; 74.19 ; 22.30 ; 70.85
13:40:35;11615 ; 22.50 ; 74.19 ; 22.29 ; 70.82
13:40:38;11618 ; 22.50 ; 74.17 ; 22.30 ; 70.83
13:40:41;11621 ; 22.50 ; 74.20 ; 22.28 ; 70.83
13:40:44;11624 ; 22.50 ; 74.23 ; 22.29 ; 70.84
13:40:47;11627 ; 22.50 ; 74.21 ; 22.29 ; 70.86
13:40:50;11630 ; 22.50 ; 74.21 ; 22.31 ; 70.84
13:40:53;11633 ; 22.50 ; 74.20 ; 22.29 ; 70.85
13:40:56;11636 ; 22.50 ; 74.21 ; 22.32 ; 70.83
13:40:59;11639 ; 22.50 ; 74.21 ; 22.30 ; 70.83
13:41:02;11642 ; 22.50 ; 74.21 ; 22.31 ; 70.83
13:41:05;11645 ; 22.50 ; 74.22 ; 22.30 ; 70.87
13:41:08;11648 ; 22.50 ; 74.22 ; 22.29 ; 70.84
13:41:11;11651 ; 22.51 ; 74.23 ; 22.31 ; 70.84
13:41:14;11654 ; 22.51 ; 74.22 ; 22.31 ; 70.83
13:41:17;11657 ; 22.50 ; 74.22 ; 22.29 ; 70.84
13:41:20;11660 ; 22.51 ; 74.22 ; 22.32 ; 70.85
13:41:23;11663 ; 22.51 ; 74.22 ; 22.29 ; 70.86
13:41:26;11666 ; 22.50 ; 74.20 ; 22.31 ; 70.84
13:41:29;11669 ; 22.51 ; 74.21 ; 22.31 ; 70.84
13:41:32;11672 ; 22.50 ; 74.20 ; 22.29 ; 70.83
13:41:35;11675 ; 22.51 ; 74.20 ; 22.30 ; 70.82
13:41:38;11678 ; 22.50 ; 74.20 ; 22.28 ; 70.82
13:41:41;11681 ; 22.50 ; 74.21 ; 22.29 ; 70.84
13:41:44;11684 ; 22.51 ; 74.20 ; 22.32 ; 70.86
13:41:47;11687 ; 22.51 ; 74.20 ; 22.29 ; 70.82
13:41:50;11690 ; 22.51 ; 74.20 ; 22.31 ; 70.82
13:41:53;11693 ; 22.51 ; 74.21 ; 22.31 ; 70.85
13:41:56;11696 ; 22.51 ; 74.20 ; 22.31 ; 70.83
13:41:59;11699 ; 22.51 ; 74.21 ; 22.31 ; 70.83
13:42:02;11702 ; 22.51 ; 74.21 ; 22.32 ; 70.84
13:42:05;11705 ; 22.50 ; 74.20 ; 22.30 ; 70.84
13:42:08;11708 ; 22.51 ; 74.21 ; 22.32 ; 70.83
13:42:11;11711 ; 22.51 ; 74.20 ; 22.28 ; 70.84
13:42:14;11714 ; 22.51 ; 74.21 ; 22.32 ; 70.85
13:42:17;11717 ; 22.52 ; 74.22 ; 22.29 ; 70.82
13:42:20;11720 ; 22.52 ; 74.21 ; 22.28 ; 70.84
13:42:23;11723 ; 22.51 ; 74.21 ; 22.29 ; 70.84
13:42:26;11726 ; 22.51 ; 74.21 ; 22.32 ; 70.84
13:42:29;11729 ; 22.51 ; 74.20 ; 22.32 ; 70.84
13:42:32;11732 ; 22.52 ; 74.21 ; 22.29 ; 70.83
13:42:35;11735 ; 22.51 ; 74.22 ; 22.30 ; 70.84
13:42:38;11738 ; 22.51 ; 74.20 ; 22.30 ; 70.85
13:42:41;11741 ; 22.52 ; 74.20 ; 22.31 ; 70.85
13:42:44;11744 ; 22.51 ; 74.22 ; 22.31 ; 70.85
13:42:47;11747 ; 22.51 ; 74.21 ; 22.28 ; 70.85
13:42:51;11750 ; 22.51 ; 74.22 ; 22.29 ; 70.82
13:42:54;11753 ; 22.51 ; 74.21 ; 22.31 ; 70.86
13:42:57;11756 ; 22.51 ; 74.20 ; 22.31 ; 70.83
13:43:00;11759 ; 22.51 ; 74.21 ; 22.31 ; 70.84
13:43:03;11762 ; 22.51 ; 74.20 ; 22.30 ; 70.83
13:43:06;11765 ; 22.51 ; 74.21 ; 22.32 ; 70.84
13:43:09;11768 ; 22.51 ; 74.21 ; 22.31 ; 70.81
13:43:12;11771 ; 22.52 ; 74.21 ; 22.32 ; 70.82
13:43:15;11774 ; 22.52 ; 74.21 ; 22.32 ; 70.85
13:43:18;11777 ; 22.52 ; 74.21 ; 22.32 ; 70.86
13:43:21;11780 ; 22.52 ; 74.21 ; 22.31 ; 70.83
13:43:24;11783 ; 22.52 ; 74.22 ; 22.31 ; 70.85
13:43:27;11786 ; 22.52 ; 74.22 ; 22.32 ; 70.83
13:43:30;11789 ; 22.52 ; 74.22 ; 22.29 ; 70.82
13:43:33;11792 ; 22.51 ; 74.21 ; 22.31 ; 70.82
13:43:36;11795 ; 22.52 ; 74.20 ; 22.31 ; 70.83
13:43:39;11798 ; 22.52 ; 74.20 ; 22.31 ; 70.81
13:43:42;11801 ; 22.52 ; 74.20 ; 22.31 ; 70.84
13:43:45;11804 ; 22.52 ; 74.20 ; 22.31 ; 70.85
13:43:48;11807 ; 22.52 ; 74.20 ; 22.33 ; 70.84
13:43:51;11810 ; 22.52 ; 74.20 ; 22.30 ; 70.84
13:43:54;11813 ; 22.52 ; 74.21 ; 22.32 ; 70.83
13:43:57;11816 ; 22.52 ; 74.21 ; 22.32 ; 70.85
13:44:00;11819 ; 22.52 ; 74.21 ; 22.32 ; 70.83
13:44:03;11822 ; 22.52 ; 74.21 ; 22.33 ; 70.84
13:44:06;11825 ; 22.52 ; 74.21 ; 22.30 ; 70.83
13:44:09;11828 ; 22.52 ; 74.20 ; 22.31 ; 70.82
13:44:12;11831 ; 22.52 ; 74.20 ; 22.31 ; 70.80
13:44:15;11834 ; 22.52 ; 74.20 ; 22.33 ; 70.83
13:44:18;11837 ; 22.52 ; 74.20 ; 22.34 ; 70.84
13:44:21;11840 ; 22.52 ; 74.19 ; 22.29 ; 70.83
13:44:24;11843 ; 22.52 ; 74.21 ; 22.30 ; 70.86
13:44:27;11846 ; 22.52 ; 74.20 ; 22.29 ; 70.81
13:44:30;11849 ; 22.52 ; 74.19 ; 22.32 ; 70.83
13:44:33;11852 ; 22.52 ; 74.19 ; 22.34 ; 70.82
13:44:36;11855 ; 22.52 ; 74.20 ; 22.31 ; 70.83
13:44:39;11858 ; 22.52 ; 74.18 ; 22.32 ; 70.83
13:44:42;11861 ; 22.52 ; 74.17 ; 22.30 ; 70.83
13:44:45;11864 ; 22.52 ; 74.21 ; 22.32 ; 70.85
13:44:48;11867 ; 22.52 ; 74.19 ; 22.34 ; 70.84
13:44:51;11870 ; 22.52 ; 74.20 ; 22.31 ; 70.84
13:44:54;11873 ; 22.53 ; 74.20 ; 22.30 ; 70.84
13:44:57;11876 ; 22.52 ; 74.21 ; 22.32 ; 70.83
13:45:00;11879 ; 22.52 ; 74.21 ; 22.31 ; 70.84
13:45:03;11882 ; 22.52 ; 74.19 ; 22.30 ; 70.82
13:45:06;11885 ; 22.52 ; 74.20 ; 22.29 ; 70.85
13:45:09;11888 ; 22.53 ; 74.21 ; 22.31 ; 70.83
13:45:12;11891 ; 22.52 ; 74.21 ; 22.31 ; 70.82
13:45:15;11894 ; 22.52 ; 74.20 ; 22.30 ; 70.83
13:45:18;11897 ; 22.53 ; 74.20 ; 22.31 ; 70.83
13:45:21;11900 ; 22.52 ; 74.20 ; 22.32 ; 70.84
13:45:24;11903 ; 22.52 ; 74.20 ; 22.31 ; 70.83
13:45:27;11906 ; 22.52 ; 74.20 ; 22.31 ; 70.82
13:45:30;11909 ; 22.53 ; 74.21 ; 22.31 ; 70.84
13:45:33;11912 ; 22.53 ; 74.20 ; 22.33 ; 70.85
13:45:36;11915 ; 22.53 ; 74.22 ; 22.32 ; 70.85
13:45:39;11918 ; 22.52 ; 74.21 ; 22.34 ; 70.86
13:45:42;11921 ; 22.53 ; 74.20 ; 22.32 ; 70.84
13:45:45;11924 ; 22.53 ; 74.19 ; 22.32 ; 70.82
13:45:48;11927 ; 22.53 ; 74.20 ; 22.32 ; 70.83
13:45:51;11930 ; 22.53 ; 74.20 ; 22.31 ; 70.84
13:45:54;11933 ; 22.53 ; 74.21 ; 22.32 ; 70.81
13:45:57;11936 ; 22.53 ; 74.20 ; 22.32 ; 70.86
13:46:00;11939 ; 22.53 ; 74.20 ; 22.33 ; 70.82
13:46:03;11942 ; 22.53 ; 74.20 ; 22.32 ; 70.84
13:46:06;11945 ; 22.53 ; 74.21 ; 22.31 ; 70.83
13:46:09;11948 ; 22.53 ; 74.23 ; 22.34 ; 70.83
13:46:12;11951 ; 22.53 ; 74.21 ; 22.33 ; 70.84
13:46:15;11954 ; 22.53 ; 74.23 ; 22.33 ; 70.85
13:46:18;11957 ; 22.53 ; 74.23 ; 22.33 ; 70.86
13:46:21;11960 ; 22.53 ; 74.23 ; 22.32 ; 70.85
13:46:24;11963 ; 22.53 ; 74.20 ; 22.31 ; 70.83
13:46:27;11966 ; 22.53 ; 74.21 ; 22.29 ; 70.82
13:46:30;11969 ; 22.53 ; 74.21 ; 22.32 ; 70.84
13:46:34;11972 ; 22.53 ; 74.20 ; 22.32 ; 70.81
13:46:37;11975 ; 22.53 ; 74.20 ; 22.33 ; 70.84
13:46:40;11978 ; 22.53 ; 74.21 ; 22.32 ; 70.81
13:46:43;11981 ; 22.53 ; 74.21 ; 22.35 ; 70.84
13:46:46;11984 ; 22.53 ; 74.20 ; 22.33 ; 70.83
13:46:49;11987 ; 22.53 ; 74.20 ; 22.33 ; 70.83
13:46:52;11990 ; 22.53 ; 74.20 ; 22.33 ; 70.83
13:46:55;11993 ; 22.53 ; 74.20 ; 22.34 ; 70.83
13:46:58;11996 ; 22.53 ; 74.19 ; 22.33 ; 70.84
13:47:01;11999 ; 22.53 ; 74.20 ; 22.34 ; 70.82
13:47:04;12002 ; 22.53 ; 74.20 ; 22.34 ; 70.86
13:47:07;12005 ; 22.53 ; 74.21 ; 22.31 ; 70.81
13:47:10;12008 ; 22.53 ; 74.21 ; 22.34 ; 70.84
13:47:13;12011 ; 22.53 ; 74.21 ; 22.33 ; 70.84
13:47:16;12014 ; 22.53 ; 74.21 ; 22.32 ; 70.84
13:47:19;12017 ; 22.53 ; 74.21 ; 22.32 ; 70.86
13:47:22;12020 ; 22.53 ; 74.24 ; 22.34 ; 70.85
13:47:25;12023 ; 22.53 ; 74.23 ; 22.32 ; 70.86
13:47:28;12026 ; 22.53 ; 74.21 ; 22.34 ; 70.86
13:47:31;12029 ; 22.53 ; 74.23 ; 22.34 ; 70.85
13:47:34;12032 ; 22.53 ; 74.21 ; 22.32 ; 70.85
13:47:37;12035 ; 22.53 ; 74.21 ; 22.34 ; 70.85
13:47:40;12038 ; 22.53 ; 74.21 ; 22.33 ; 70.85
13:47:43;12041 ; 22.53 ; 74.23 ; 22.33 ; 70.85
13:47:46;12044 ; 22.54 ; 74.21 ; 22.32 ; 70.84
13:47:49;12047 ; 22.53 ; 74.23 ; 22.33 ; 70.84
13:47:52;12050 ; 22.54 ; 74.23 ; 22.33 ; 70.83
13:47:55;12053 ; 22.54 ; 74.23 ; 22.33 ; 70.85
13:47:58;12056 ; 22.53 ; 74.23 ; 22.33 ; 70.84
13:48:01;12059 ; 22.54 ; 74.22 ; 22.33 ; 70.82
13:48:04;12062 ; 22.54 ; 74.23 ; 22.34 ; 70.83
13:48:07;12065 ; 22.53 ; 74.23 ; 22.32 ; 70.85
13:48:10;12068 ; 22.54 ; 74.24 ; 22.34 ; 70.85
13:48:13;12071 ; 22.53 ; 74.24 ; 22.36 ; 70.90
13:48:16;12074 ; 22.53 ; 74.23 ; 22.33 ; 70.87
13:48:19;12077 ; 22.54 ; 74.21 ; 22.34 ; 70.84
13:48:22;12080 ; 22.54 ; 74.21 ; 22.32 ; 70.88
13:48:25;12083 ; 22.54 ; 74.23 ; 22.33 ; 70.85
13:48:28;12086 ; 22.54 ; 74.21 ; 22.35 ; 70.87
13:48:31;12089 ; 22.54 ; 74.21 ; 22.34 ; 70.86
13:48:34;12092 ; 22.54 ; 74.23 ; 22.32 ; 70.84
13:48:37;12095 ; 22.54 ; 74.23 ; 22.31 ; 70.86
13:48:40;12098 ; 22.54 ; 74.23 ; 22.33 ; 70.87
13:48:43;12101 ; 22.54 ; 74.23 ; 22.34 ; 70.87
13:48:46;12104 ; 22.55 ; 74.23 ; 22.35 ; 70.85
13:48:49;12107 ; 22.55 ; 74.23 ; 22.35 ; 70.86
13:48:52;12110 ; 22.54 ; 74.22 ; 22.33 ; 70.86
13:48:55;12113 ; 22.54 ; 74.22 ; 22.35 ; 70.85
13:48:58;12116 ; 22.55 ; 74.21 ; 22.33 ; 70.84
13:49:01;12119 ; 22.54 ; 74.22 ; 22.34 ; 70.84
13:49:04;12122 ; 22.54 ; 74.21 ; 22.33 ; 70.83
13:49:07;12125 ; 22.54 ; 74.22 ; 22.33 ; 70.84
13:49:10;12128 ; 22.55 ; 74.23 ; 22.35 ; 70.84
13:49:13;12131 ; 22.54 ; 74.21 ; 22.33 ; 70.86
13:49:16;12134 ; 22.55 ; 74.23 ; 22.35 ; 70.86
13:49:19;12137 ; 22.54 ; 74.24 ; 22.35 ; 70.85
13:49:22;12140 ; 22.54 ; 74.23 ; 22.32 ; 70.86
13:49:25;12143 ; 22.54 ; 74.23 ; 22.35 ; 70.87
13:49:28;12146 ; 22.55 ; 74.22 ; 22.35 ; 70.86
13:49:31;12149 ; 22.55 ; 74.22 ; 22.34 ; 70.85
13:49:34;12152 ; 22.54 ; 74.21 ; 22.33 ; 70.83
13:49:37;12155 ; 22.55 ; 74.21 ; 22.32 ; 70.87
13:49:40;12158 ; 22.55 ; 74.21 ; 22.34 ; 70.85
13:49:43;12161 ; 22.55 ; 74.23 ; 22.36 ; 70.84
13:49:46;12164 ; 22.55 ; 74.23 ; 22.35 ; 70.83
13:49:49;12167 ; 22.55 ; 74.22 ; 22.36 ; 70.84
13:49:52;12170 ; 22.55 ; 74.22 ; 22.35 ; 70.83
13:49:55;12173 ; 22.55 ; 74.22 ; 22.33 ; 70.85
13:49:58;12176 ; 22.56 ; 74.21 ; 22.35 ; 70.84
13:50:01;12179 ; 22.55 ; 74.23 ; 22.35 ; 70.85
13:50:04;12182 ; 22.55 ; 74.22 ; 22.33 ; 70.85
13:50:07;12185 ; 22.55 ; 74.23 ; 22.35 ; 70.84
13:50:10;12188 ; 22.55 ; 74.22 ; 22.36 ; 70.86
13:50:13;12191 ; 22.55 ; 74.21 ; 22.33 ; 70.85
13:50:17;12194 ; 22.55 ; 74.22 ; 22.35 ; 70.83
13:50:20;12197 ; 22.55 ; 74.18 ; 22.35 ; 70.84
13:50:23;12200 ; 22.55 ; 74.22 ; 22.35 ; 70.85
13:50:26;12203 ; 22.55 ; 74.23 ; 22.35 ; 70.83
13:50:29;12206 ; 22.55 ; 74.22 ; 22.35 ; 70.83
13:50:32;12209 ; 22.55 ; 74.22 ; 22.35 ; 70.86
13:50:35;12212 ; 22.55 ; 74.22 ; 22.35 ; 70.83
13:50:38;12215 ; 22.55 ; 74.21 ; 22.35 ; 70.88
13:50:41;12218 ; 22.55 ; 74.21 ; 22.34 ; 70.84
13:50:44;12221 ; 22.55 ; 74.21 ; 22.36 ; 70.86
13:50:47;12224 ; 22.54 ; 74.22 ; 22.34 ; 70.84
13:50:50;12227 ; 22.55 ; 74.22 ; 22.34 ; 70.84
13:50:53;12230 ; 22.55 ; 74.22 ; 22.35 ; 70.86
13:50:56;12233 ; 22.55 ; 74.23 ; 22.34 ; 70.84
13:50:59;12236 ; 22.55 ; 74.22 ; 22.33 ; 70.86
13:51:02;12239 ; 22.54 ; 74.19 ; 22.36 ; 70.83
13:51:05;12242 ; 22.55 ; 74.22 ; 22.34 ; 70.84
13:51:08;12245 ; 22.54 ; 74.21 ; 22.35 ; 70.85
13:51:11;12248 ; 22.55 ; 74.20 ; 22.35 ; 70.84
13:51:14;12251 ; 22.55 ; 74.20 ; 22.32 ; 70.83
13:51:17;12254 ; 22.55 ; 74.18 ; 22.34 ; 70.83
13:51:20;12257 ; 22.55 ; 74.20 ; 22.34 ; 70.82
13:51:23;12260 ; 22.55 ; 74.20 ; 22.35 ; 70.84
13:51:26;12263 ; 22.55 ; 74.18 ; 22.33 ; 70.84
13:51:29;12266 ; 22.55 ; 74.20 ; 22.36 ; 70.83
13:51:32;12269 ; 22.55 ; 74.21 ; 22.34 ; 70.82
13:51:35;12272 ; 22.55 ; 74.21 ; 22.35 ; 70.87
13:51:38;12275 ; 22.55 ; 74.21 ; 22.34 ; 70.83
13:51:41;12278 ; 22.56 ; 74.20 ; 22.36 ; 70.84
13:51:44;12281 ; 22.55 ; 74.21 ; 22.35 ; 70.85
13:51:47;12284 ; 22.55 ; 74.21 ; 22.36 ; 70.84
13:51:50;12287 ; 22.55 ; 74.21 ; 22.34 ; 70.84
13:51:53;12290 ; 22.55 ; 74.22 ; 22.35 ; 70.85
13:51:56;12293 ; 22.55 ; 74.21 ; 22.35 ; 70.84
13:51:59;12296 ; 22.55 ; 74.22 ; 22.36 ; 70.87
13:52:02;12299 ; 22.55 ; 74.21 ; 22.35 ; 70.86
13:52:05;12302 ; 22.55 ; 74.21 ; 22.35 ; 70.85
13:52:08;12305 ; 22.55 ; 74.22 ; 22.35 ; 70.86
13:52:11;12308 ; 22.56 ; 74.21 ; 22.33 ; 70.85
13:52:14;12311 ; 22.55 ; 74.21 ; 22.35 ; 70.84
13:52:17;12314 ; 22.55 ; 74.22 ; 22.35 ; 70.84
13:52:20;12317 ; 22.55 ; 74.21 ; 22.34 ; 70.87
13:52:23;12320 ; 22.56 ; 74.22 ; 22.35 ; 70.85
13:52:26;12323 ; 22.55 ; 74.21 ; 22.35 ; 70.88
13:52:29;12326 ; 22.56 ; 74.21 ; 22.34 ; 70.85
13:52:32;12329 ; 22.56 ; 74.21 ; 22.35 ; 70.85
13:52:35;12332 ; 22.56 ; 74.21 ; 22.35 ; 70.85
13:52:38;12335 ; 22.55 ; 74.21 ; 22.34 ; 70.85
13:52:41;12338 ; 22.56 ; 74.21 ; 22.33 ; 70.83
13:52:44;12341 ; 22.56 ; 74.20 ; 22.34 ; 70.85
13:52:47;12344 ; 22.56 ; 74.20 ; 22.36 ; 70.84
13:52:50;12347 ; 22.56 ; 74.20 ; 22.36 ; 70.83
13:52:53;12350 ; 22.56 ; 74.20 ; 22.35 ; 70.80
13:52:56;12353 ; 22.56 ; 74.21 ; 22.36 ; 70.84
13:52:59;12356 ; 22.56 ; 74.21 ; 22.36 ; 70.83
13:53:02;12359 ; 22.56 ; 74.20 ; 22.37 ; 70.85
13:53:05;12362 ; 22.56 ; 74.20 ; 22.36 ; 70.83
13:53:08;12365 ; 22.56 ; 74.20 ; 22.36 ; 70.83
13:53:11;12368 ; 22.56 ; 74.21 ; 22.34 ; 70.86
13:53:14;12371 ; 22.56 ; 74.21 ; 22.36 ; 70.82
13:53:17;12374 ; 22.56 ; 74.20 ; 22.36 ; 70.85
13:53:20;12377 ; 22.56 ; 74.19 ; 22.35 ; 70.83
13:53:23;12380 ; 22.56 ; 74.20 ; 22.35 ; 70.84
13:53:26;12383 ; 22.56 ; 74.20 ; 22.35 ; 70.85
13:53:29;12386 ; 22.56 ; 74.21 ; 22.36 ; 70.86
13:53:32;12389 ; 22.56 ; 74.21 ; 22.33 ; 70.84
13:53:35;12392 ; 22.56 ; 74.21 ; 22.35 ; 70.83
13:53:38;12395 ; 22.56 ; 74.21 ; 22.35 ; 70.87
13:53:41;12398 ; 22.56 ; 74.21 ; 22.37 ; 70.83
13:53:44;12401 ; 22.56 ; 74.21 ; 22.36 ; 70.84
13:53:47;12404 ; 22.56 ; 74.20 ; 22.37 ; 70.84
13:53:50;12407 ; 22.56 ; 74.20 ; 22.37 ; 70.86
13:53:53;12410 ; 22.56 ; 74.20 ; 22.38 ; 70.83
13:53:56;12413 ; 22.56 ; 74.20 ; 22.36 ; 70.83
13:54:00;12416 ; 22.56 ; 74.21 ; 22.35 ; 70.84
13:54:03;12419 ; 22.56 ; 74.21 ; 22.38 ; 70.83
13:54:06;12422 ; 22.57 ; 74.21 ; 22.35 ; 70.87
13:54:09;12425 ; 22.56 ; 74.21 ; 22.35 ; 70.84
13:54:12;12428 ; 22.56 ; 74.21 ; 22.36 ; 70.82
13:54:15;12431 ; 22.56 ; 74.21 ; 22.38 ; 70.86
13:54:18;12434 ; 22.56 ; 74.20 ; 22.38 ; 70.85
13:54:21;12437 ; 22.56 ; 74.21 ; 22.36 ; 70.85
13:54:24;12440 ; 22.56 ; 74.21 ; 22.37 ; 70.82
13:54:27;12443 ; 22.56 ; 74.21 ; 22.35 ; 70.83
13:54:30;12446 ; 22.56 ; 74.21 ; 22.35 ; 70.85
13:54:33;12449 ; 22.56 ; 74.21 ; 22.35 ; 70.83
13:54:36;12452 ; 22.56 ; 74.21 ; 22.36 ; 70.87
13:54:39;12455 ; 22.56 ; 74.20 ; 22.37 ; 70.81
13:54:42;12458 ; 22.56 ; 74.20 ; 22.35 ; 70.81
13:54:45;12461 ; 22.57 ; 74.22 ; 22.36 ; 70.83
13:54:48;12464 ; 22.56 ; 74.20 ; 22.36 ; 70.83
13:54:51;12467 ; 22.56 ; 74.20 ; 22.36 ; 70.83
13:54:54;12470 ; 22.57 ; 74.21 ; 22.38 ; 70.86
13:54:57;12473 ; 22.56 ; 74.21 ; 22.38 ; 70.87
13:55:00;12476 ; 22.57 ; 74.22 ; 22.36 ; 70.82
13:55:03;12479 ; 22.56 ; 74.19 ; 22.36 ; 70.83
13:55:06;12482 ; 22.57 ; 74.20 ; 22.39 ; 70.85
13:55:09;12485 ; 22.56 ; 74.21 ; 22.37 ; 70.87
13:55:12;12488 ; 22.56 ; 74.20 ; 22.36 ; 70.82
13:55:15;12491 ; 22.57 ; 74.22 ; 22.37 ; 70.84
13:55:18;12494 ; 22.56 ; 74.20 ; 22.36 ; 70.86
13:55:21;12497 ; 22.56 ; 74.22 ; 22.36 ; 70.84
13:55:24;12500 ; 22.57 ; 74.22 ; 22.35 ; 70.82
13:55:27;12503 ; 22.57 ; 74.22 ; 22.36 ; 70.86
13:55:30;12506 ; 22.57 ; 74.21 ; 22.38 ; 70.84
13:55:33;12509 ; 22.57 ; 74.22 ; 22.34 ; 70.83
13:55:36;12512 ; 22.57 ; 74.21 ; 22.36 ; 70.86
13:55:39;12515 ; 22.57 ; 74.21 ; 22.36 ; 70.83
13:55:42;12518 ; 22.57 ; 74.21 ; 22.38 ; 70.85
13:55:45;12521 ; 22.57 ; 74.21 ; 22.36 ; 70.83
13:55:48;12524 ; 22.58 ; 74.21 ; 22.38 ; 70.84
13:55:51;12527 ; 22.57 ; 74.21 ; 22.36 ; 70.85
13:55:54;12530 ; 22.57 ; 74.21 ; 22.35 ; 70.84
13:55:57;12533 ; 22.57 ; 74.21 ; 22.37 ; 70.83
13:56:00;12536 ; 22.57 ; 74.21 ; 22.35 ; 70.83
13:56:03;12539 ; 22.57 ; 74.22 ; 22.36 ; 70.82
13:56:06;12542 ; 22.57 ; 74.21 ; 22.39 ; 70.84
13:56:09;12545 ; 22.57 ; 74.23 ; 22.36 ; 70.83
13:56:12;12548 ; 22.57 ; 74.21 ; 22.39 ; 70.83
13:56:15;12551 ; 22.57 ; 74.21 ; 22.37 ; 70.84
13:56:18;12554 ; 22.57 ; 74.19 ; 22.38 ; 70.83
13:56:21;12557 ; 22.57 ; 74.22 ; 22.35 ; 70.84
13:56:24;12560 ; 22.57 ; 74.21 ; 22.36 ; 70.86
13:56:27;12563 ; 22.57 ; 74.20 ; 22.36 ; 70.87
13:56:30;12566 ; 22.57 ; 74.21 ; 22.36 ; 70.85
13:56:33;12569 ; 22.57 ; 74.21 ; 22.36 ; 70.83
13:56:36;12572 ; 22.57 ; 74.22 ; 22.34 ; 70.85
13:56:39;12575 ; 22.57 ; 74.23 ; 22.37 ; 70.86
13:56:42;12578 ; 22.58 ; 74.23 ; 22.36 ; 70.85
13:56:45;12581 ; 22.58 ; 74.22 ; 22.38 ; 70.86
13:56:48;12584 ; 22.58 ; 74.22 ; 22.37 ; 70.84
13:56:51;12587 ; 22.58 ; 74.22 ; 22.38 ; 70.88
13:56:54;12590 ; 22.58 ; 74.20 ; 22.38 ; 70.87
13:56:57;12593 ; 22.57 ; 74.22 ; 22.38 ; 70.87
13:57:00;12596 ; 22.58 ; 74.22 ; 22.39 ; 70.87
13:57:03;12599 ; 22.58 ; 74.22 ; 22.37 ; 70.86
13:57:06;12602 ; 22.57 ; 74.21 ; 22.36 ; 70.81
13:57:09;12605 ; 22.57 ; 74.22 ; 22.37 ; 70.85
13:57:12;12608 ; 22.57 ; 74.23 ; 22.36 ; 70.86
13:57:15;12611 ; 22.58 ; 74.24 ; 22.38 ; 70.87
13:57:18;12614 ; 22.58 ; 74.23 ; 22.38 ; 70.85
13:57:21;12617 ; 22.57 ; 74.23 ; 22.38 ; 70.87
13:57:24;12620 ; 22.58 ; 74.23 ; 22.36 ; 70.85
13:57:27;12623 ; 22.57 ; 74.23 ; 22.37 ; 70.89
13:57:30;12626 ; 22.58 ; 74.23 ; 22.37 ; 70.87
13:57:33;12629 ; 22.58 ; 74.22 ; 22.37 ; 70.84
13:57:36;12632 ; 22.58 ; 74.23 ; 22.38 ; 70.87
13:57:39;12635 ; 22.58 ; 74.22 ; 22.36 ; 70.86
13:57:43;12638 ; 22.58 ; 74.23 ; 22.39 ; 70.85
13:57:46;12641 ; 22.58 ; 74.23 ; 22.37 ; 70.86
13:57:49;12644 ; 22.57 ; 74.23 ; 22.36 ; 70.86
13:57:52;12647 ; 22.58 ; 74.23 ; 22.38 ; 70.86
13:57:55;12650 ; 22.58 ; 74.23 ; 22.39 ; 70.84
13:57:58;12653 ; 22.58 ; 74.23 ; 22.38 ; 70.85
13:58:01;12656 ; 22.58 ; 74.23 ; 22.38 ; 70.87
13:58:04;12659 ; 22.58 ; 74.21 ; 22.36 ; 70.86
13:58:07;12662 ; 22.58 ; 74.22 ; 22.40 ; 70.85
13:58:10;12665 ; 22.58 ; 74.21 ; 22.39 ; 70.87
13:58:13;12668 ; 22.58 ; 74.24 ; 22.38 ; 70.85
13:58:16;12671 ; 22.58 ; 74.22 ; 22.38 ; 70.87
13:58:19;12674 ; 22.58 ; 74.23 ; 22.38 ; 70.87
13:58:22;12677 ; 22.58 ; 74.22 ; 22.36 ; 70.87
13:58:25;12680 ; 22.58 ; 74.22 ; 22.37 ; 70.86
13:58:28;12683 ; 22.58 ; 74.22 ; 22.37 ; 70.85
13:58:31;12686 ; 22.58 ; 74.22 ; 22.37 ; 70.83
13:58:34;12689 ; 22.58 ; 74.23 ; 22.38 ; 70.84
13:58:37;12692 ; 22.58 ; 74.22 ; 22.37 ; 70.83
13:58:40;12695 ; 22.58 ; 74.22 ; 22.36 ; 70.86
13:58:43;12698 ; 22.58 ; 74.22 ; 22.37 ; 70.86
13:58:46;12701 ; 22.58 ; 74.22 ; 22.37 ; 70.85
13:58:49;12704 ; 22.58 ; 74.22 ; 22.39 ; 70.87
13:58:52;12707 ; 22.58 ; 74.22 ; 22.39 ; 70.85
13:58:55;12710 ; 22.58 ; 74.22 ; 22.39 ; 70.87
13:58:58;12713 ; 22.59 ; 74.23 ; 22.38 ; 70.88
13:59:01;12716 ; 22.58 ; 74.23 ; 22.38 ; 70.85
13:59:04;12719 ; 22.59 ; 74.20 ; 22.39 ; 70.87
13:59:07;12722 ; 22.59 ; 74.21 ; 22.39 ; 70.87
13:59:10;12725 ; 22.58 ; 74.19 ; 22.36 ; 70.88
13:59:13;12728 ; 22.58 ; 74.21 ; 22.39 ; 70.89
13:59:16;12731 ; 22.58 ; 74.22 ; 22.38 ; 70.87
13:59:19;12734 ; 22.59 ; 74.22 ; 22.39 ; 70.88
13:59:22;12737 ; 22.59 ; 74.23 ; 22.38 ; 70.85
13:59:25;12740 ; 22.58 ; 74.22 ; 22.37 ; 70.85
13:59:28;12743 ; 22.59 ; 74.21 ; 22.38 ; 70.84
13:59:31;12746 ; 22.58 ; 74.22 ; 22.36 ; 70.86
13:59:34;12749 ; 22.58 ; 74.22 ; 22.38 ; 70.85
13:59:37;12752 ; 22.59 ; 74.23 ; 22.38 ; 70.86
13:59:40;12755 ; 22.58 ; 74.22 ; 22.38 ; 70.84
13:59:43;12758 ; 22.58 ; 74.23 ; 22.39 ; 70.84
13:59:46;12761 ; 22.59 ; 74.23 ; 22.38 ; 70.85
13:59:49;12764 ; 22.59 ; 74.23 ; 22.39 ; 70.90
13:59:52;12767 ; 22.59 ; 74.23 ; 22.39 ; 70.87
13:59:55;12770 ; 22.59 ; 74.25 ; 22.36 ; 70.87
13:59:58;12773 ; 22.58 ; 74.24 ; 22.40 ; 70.88
14:00:01;12776 ; 22.59 ; 74.24 ; 22.39 ; 70.88
14:00:04;12779 ; 22.58 ; 74.25 ; 22.39 ; 70.90
14:00:07;12782 ; 22.59 ; 74.24 ; 22.40 ; 70.87
14:00:10;12785 ; 22.59 ; 74.26 ; 22.38 ; 70.87
14:00:13;12788 ; 22.59 ; 74.24 ; 22.39 ; 70.90
14:00:16;12791 ; 22.58 ; 74.24 ; 22.41 ; 70.87
14:00:19;12794 ; 22.58 ; 74.23 ; 22.39 ; 70.85
14:00:22;12797 ; 22.58 ; 74.23 ; 22.38 ; 70.87
14:00:25;12800 ; 22.60 ; 74.25 ; 22.37 ; 70.86
14:00:28;12803 ; 22.59 ; 74.25 ; 22.40 ; 70.87
14:00:31;12806 ; 22.59 ; 74.25 ; 22.39 ; 70.89
14:00:34;12809 ; 22.59 ; 74.23 ; 22.41 ; 70.90
14:00:37;12812 ; 22.60 ; 74.24 ; 22.38 ; 70.88
14:00:40;12815 ; 22.59 ; 74.25 ; 22.39 ; 70.85
14:00:43;12818 ; 22.59 ; 74.23 ; 22.39 ; 70.87
14:00:46;12821 ; 22.59 ; 74.23 ; 22.39 ; 70.88
14:00:49;12824 ; 22.60 ; 74.24 ; 22.40 ; 70.88
14:00:52;12827 ; 22.59 ; 74.22 ; 22.38 ; 70.86
14:00:55;12830 ; 22.60 ; 74.25 ; 22.39 ; 70.89
14:00:58;12833 ; 22.59 ; 74.23 ; 22.39 ; 70.89
14:01:01;12836 ; 22.60 ; 74.24 ; 22.39 ; 70.89
14:01:04;12839 ; 22.60 ; 74.24 ; 22.41 ; 70.87
14:01:07;12842 ; 22.59 ; 74.25 ; 22.41 ; 70.88
14:01:10;12845 ; 22.59 ; 74.25 ; 22.40 ; 70.88
14:01:13;12848 ; 22.60 ; 74.25 ; 22.40 ; 70.86
14:01:16;12851 ; 22.59 ; 74.25 ; 22.39 ; 70.88
14:01:19;12854 ; 22.60 ; 74.24 ; 22.40 ; 70.87
14:01:22;12857 ; 22.60 ; 74.25 ; 22.40 ; 70.90
14:01:26;12860 ; 22.59 ; 74.25 ; 22.37 ; 70.89
14:01:29;12863 ; 22.60 ; 74.26 ; 22.37 ; 70.88
14:01:32;12866 ; 22.60 ; 74.26 ; 22.39 ; 70.89
14:01:35;12869 ; 22.60 ; 74.25 ; 22.39 ; 70.87
14:01:38;12872 ; 22.60 ; 74.26 ; 22.40 ; 70.89
14:01:41;12875 ; 22.60 ; 74.25 ; 22.39 ; 70.89
14:01:44;12878 ; 22.60 ; 74.25 ; 22.40 ; 70.88
14:01:47;12881 ; 22.59 ; 74.23 ; 22.38 ; 70.88
14:01:50;12884 ; 22.60 ; 74.24 ; 22.39 ; 70.88
14:01:53;12887 ; 22.60 ; 74.24 ; 22.38 ; 70.86
14:01:56;12890 ; 22.60 ; 74.24 ; 22.39 ; 70.87
14:01:59;12893 ; 22.60 ; 74.24 ; 22.39 ; 70.87
14:02:02;12896 ; 22.60 ; 74.26 ; 22.39 ; 70.85
14:02:05;12899 ; 22.61 ; 74.26 ; 22.38 ; 70.89
14:02:08;12902 ; 22.60 ; 74.25 ; 22.39 ; 70.88
14:02:11;12905 ; 22.60 ; 74.25 ; 22.39 ; 70.88
14:02:14;12908 ; 22.60 ; 74.24 ; 22.40 ; 70.90
14:02:17;12911 ; 22.60 ; 74.24 ; 22.38 ; 70.85
14:02:20;12914 ; 22.60 ; 74.24 ; 22.41 ; 70.89
14:02:23;12917 ; 22.60 ; 74.24 ; 22.39 ; 70.86
14:02:26;12920 ; 22.60 ; 74.24 ; 22.40 ; 70.86
14:02:29;12923 ; 22.60 ; 74.25 ; 22.39 ; 70.85
14:02:32;12926 ; 22.60 ; 74.25 ; 22.41 ; 70.88
14:02:35;12929 ; 22.60 ; 74.25 ; 22.41 ; 70.87
14:02:38;12932 ; 22.60 ; 74.26 ; 22.39 ; 70.88
14:02:41;12935 ; 22.60 ; 74.25 ; 22.40 ; 70.87
14:02:44;12938 ; 22.60 ; 74.24 ; 22.39 ; 70.89
14:02:47;12941 ; 22.61 ; 74.25 ; 22.39 ; 70.87
14:02:50;12944 ; 22.61 ; 74.24 ; 22.39 ; 70.88
14:02:53;12947 ; 22.60 ; 74.24 ; 22.40 ; 70.86
14:02:56;12950 ; 22.61 ; 74.24 ; 22.42 ; 70.87
14:02:59;12953 ; 22.60 ; 74.23 ; 22.39 ; 70.85
14:03:02;12956 ; 22.61 ; 74.22 ; 22.41 ; 70.89
14:03:05;12959 ; 22.61 ; 74.24 ; 22.41 ; 70.88
14:03:08;12962 ; 22.61 ; 74.25 ; 22.41 ; 70.87
14:03:11;12965 ; 22.61 ; 74.25 ; 22.40 ; 70.87
14:03:14;12968 ; 22.61 ; 74.24 ; 22.42 ; 70.89
14:03:17;12971 ; 22.60 ; 74.25 ; 22.39 ; 70.87
14:03:20;12974 ; 22.61 ; 74.24 ; 22.42 ; 70.88
14:03:23;12977 ; 22.61 ; 74.25 ; 22.40 ; 70.89
14:03:26;12980 ; 22.61 ; 74.24 ; 22.42 ; 70.86
14:03:29;12983 ; 22.61 ; 74.24 ; 22.42 ; 70.86
14:03:32;12986 ; 22.60 ; 74.24 ; 22.41 ; 70.88
14:03:35;12989 ; 22.61 ; 74.23 ; 22.41 ; 70.86
14:03:38;12992 ; 22.61 ; 74.23 ; 22.38 ; 70.84
14:03:41;12995 ; 22.61 ; 74.23 ; 22.38 ; 70.86
14:03:44;12998 ; 22.61 ; 74.23 ; 22.40 ; 70.87
14:03:47;13001 ; 22.61 ; 74.24 ; 22.42 ; 70.89
14:03:50;13004 ; 22.61 ; 74.23 ; 22.40 ; 70.88
14:03:53;13007 ; 22.61 ; 74.25 ; 22.42 ; 70.86
14:03:56;13010 ; 22.61 ; 74.22 ; 22.39 ; 70.85
14:03:59;13013 ; 22.61 ; 74.26 ; 22.42 ; 70.85
14:04:02;13016 ; 22.61 ; 74.22 ; 22.41 ; 70.87
14:04:05;13019 ; 22.61 ; 74.23 ; 22.40 ; 70.83
14:04:08;13022 ; 22.61 ; 74.23 ; 22.41 ; 70.85
14:04:11;13025 ; 22.61 ; 74.23 ; 22.40 ; 70.88
14:04:14;13028 ; 22.61 ; 74.24 ; 22.40 ; 70.85
14:04:17;13031 ; 22.61 ; 74.23 ; 22.41 ; 70.86
14:04:20;13034 ; 22.61 ; 74.25 ; 22.42 ; 70.89
14:04:23;13037 ; 22.61 ; 74.24 ; 22.41 ; 70.85
14:04:26;13040 ; 22.61 ; 74.25 ; 22.41 ; 70.90
14:04:29;13043 ; 22.61 ; 74.25 ; 22.40 ; 70.89
14:04:32;13046 ; 22.61 ; 74.24 ; 22.41 ; 70.90
14:04:35;13049 ; 22.61 ; 74.25 ; 22.41 ; 70.85
14:04:38;13052 ; 22.61 ; 74.25 ; 22.41 ; 70.86
14:04:41;13055 ; 22.61 ; 74.24 ; 22.39 ; 70.90
14:04:44;13058 ; 22.61 ; 74.25 ; 22.40 ; 70.86
14:04:47;13061 ; 22.61 ; 74.25 ; 22.39 ; 70.86
14:04:50;13064 ; 22.61 ; 74.25 ; 22.41 ; 70.89
14:04:53;13067 ; 22.61 ; 74.24 ; 22.42 ; 70.88
14:04:56;13070 ; 22.62 ; 74.24 ; 22.40 ; 70.86
14:04:59;13073 ; 22.62 ; 74.24 ; 22.42 ; 70.88
14:05:02;13076 ; 22.61 ; 74.24 ; 22.42 ; 70.87
14:05:05;13079 ; 22.62 ; 74.24 ; 22.40 ; 70.85
14:05:09;13082 ; 22.62 ; 74.24 ; 22.41 ; 70.85
14:05:12;13085 ; 22.61 ; 74.24 ; 22.42 ; 70.87
14:05:15;13088 ; 22.61 ; 74.24 ; 22.39 ; 70.85
14:05:18;13091 ; 22.62 ; 74.23 ; 22.40 ; 70.84
14:05:21;13094 ; 22.62 ; 74.23 ; 22.41 ; 70.85
14:05:24;13097 ; 22.62 ; 74.23 ; 22.42 ; 70.85
14:05:27;13100 ; 22.61 ; 74.23 ; 22.39 ; 70.86
14:05:30;13103 ; 22.62 ; 74.24 ; 22.43 ; 70.87
14:05:33;13106 ; 22.62 ; 74.24 ; 22.42 ; 70.87
14:05:36;13109 ; 22.62 ; 74.25 ; 22.43 ; 70.90
14:05:39;13112 ; 22.62 ; 74.23 ; 22.42 ; 70.87
14:05:42;13115 ; 22.62 ; 74.25 ; 22.42 ; 70.85
14:05:45;13118 ; 22.62 ; 74.24 ; 22.43 ; 70.85
14:05:48;13121 ; 22.62 ; 74.24 ; 22.44 ; 70.89
14:05:51;13124 ; 22.62 ; 74.24 ; 22.41 ; 70.88
14:05:54;13127 ; 22.62 ; 74.23 ; 22.41 ; 70.85
14:05:57;13130 ; 22.62 ; 74.24 ; 22.42 ; 70.88
14:06:00;13133 ; 22.62 ; 74.24 ; 22.42 ; 70.85
14:06:03;13136 ; 22.61 ; 74.24 ; 22.43 ; 70.87
14:06:06;13139 ; 22.62 ; 74.23 ; 22.42 ; 70.88
14:06:09;13142 ; 22.62 ; 74.24 ; 22.41 ; 70.89
14:06:12;13145 ; 22.62 ; 74.25 ; 22.40 ; 70.88
14:06:15;13148 ; 22.62 ; 74.25 ; 22.40 ; 70.88
14:06:18;13151 ; 22.62 ; 74.24 ; 22.42 ; 70.87
14:06:21;13154 ; 22.62 ; 74.25 ; 22.41 ; 70.87
14:06:24;13157 ; 22.63 ; 74.23 ; 22.43 ; 70.89
14:06:27;13160 ; 22.62 ; 74.25 ; 22.41 ; 70.89
14:06:30;13163 ; 22.62 ; 74.24 ; 22.43 ; 70.89
14:06:33;13166 ; 22.62 ; 74.24 ; 22.42 ; 70.89
14:06:36;13169 ; 22.62 ; 74.25 ; 22.40 ; 70.90
14:06:39;13172 ; 22.62 ; 74.23 ; 22.42 ; 70.91
14:06:42;13175 ; 22.62 ; 74.24 ; 22.41 ; 70.89
14:06:45;13178 ; 22.62 ; 74.24 ; 22.42 ; 70.88
14:06:48;13181 ; 22.62 ; 74.26 ; 22.42 ; 70.88
14:06:51;13184 ; 22.62 ; 74.27 ; 22.42 ; 70.89
14:06:54;13187 ; 22.62 ; 74.23 ; 22.43 ; 70.87
14:06:57;13190 ; 22.62 ; 74.25 ; 22.42 ; 70.88
14:07:00;13193 ; 22.62 ; 74.25 ; 22.43 ; 70.89
14:07:03;13196 ; 22.62 ; 74.25 ; 22.44 ; 70.91
14:07:06;13199 ; 22.62 ; 74.25 ; 22.42 ; 70.90
14:07:09;13202 ; 22.62 ; 74.25 ; 22.41 ; 70.85
14:07:12;13205 ; 22.63 ; 74.25 ; 22.43 ; 70.89
14:07:15;13208 ; 22.62 ; 74.24 ; 22.42 ; 70.85
14:07:18;13211 ; 22.63 ; 74.25 ; 22.44 ; 70.88
14:07:21;13214 ; 22.62 ; 74.25 ; 22.42 ; 70.88
14:07:24;13217 ; 22.62 ; 74.23 ; 22.42 ; 70.88
14:07:27;13220 ; 22.62 ; 74.24 ; 22.42 ; 70.89
14:07:30;13223 ; 22.62 ; 74.24 ; 22.42 ; 70.86
14:07:33;13226 ; 22.62 ; 74.25 ; 22.42 ; 70.87
14:07:36;13229 ; 22.62 ; 74.25 ; 22.42 ; 70.89
14:07:39;13232 ; 22.62 ; 74.25 ; 22.44 ; 70.89
14:07:42;13235 ; 22.62 ; 74.25 ; 22.42 ; 70.87
14:07:45;13238 ; 22.62 ; 74.25 ; 22.41 ; 70.87
14:07:48;13241 ; 22.62 ; 74.24 ; 22.43 ; 70.89
14:07:51;13244 ; 22.62 ; 74.24 ; 22.44 ; 70.89
14:07:54;13247 ; 22.62 ; 74.22 ; 22.43 ; 70.88
14:07:57;13250 ; 22.63 ; 74.24 ; 22.45 ; 70.89
14:08:00;13253 ; 22.63 ; 74.24 ; 22.42 ; 70.88
14:08:03;13256 ; 22.63 ; 74.25 ; 22.45 ; 70.87
14:08:06;13259 ; 22.63 ; 74.24 ; 22.42 ; 70.86
14:08:09;13262 ; 22.63 ; 74.25 ; 22.42 ; 70.88
14:08:12;13265 ; 22.62 ; 74.24 ; 22.42 ; 70.87
14:08:15;13268 ; 22.63 ; 74.24 ; 22.42 ; 70.87
14:08:18;13271 ; 22.63 ; 74.23 ; 22.42 ; 70.87
14:08:21;13274 ; 22.62 ; 74.24 ; 22.44 ; 70.86
14:08:24;13277 ; 22.63 ; 74.23 ; 22.43 ; 70.89
14:08:27;13280 ; 22.63 ; 74.24 ; 22.42 ; 70.86
14:08:30;13283 ; 22.63 ; 74.23 ; 22.43 ; 70.87
14:08:33;13286 ; 22.63 ; 74.23 ; 22.40 ; 70.88
14:08:36;13289 ; 22.62 ; 74.23 ; 22.42 ; 70.89
14:08:39;13292 ; 22.63 ; 74.23 ; 22.43 ; 70.87
14:08:42;13295 ; 22.63 ; 74.24 ; 22.43 ; 70.88
14:08:45;13298 ; 22.63 ; 74.25 ; 22.42 ; 70.86
14:08:48;13301 ; 22.63 ; 74.24 ; 22.44 ; 70.86
14:08:52;13304 ; 22.63 ; 74.23 ; 22.43 ; 70.87
14:08:55;13307 ; 22.63 ; 74.23 ; 22.42 ; 70.89
14:08:58;13310 ; 22.63 ; 74.23 ; 22.43 ; 70.88
14:09:01;13313 ; 22.63 ; 74.23 ; 22.42 ; 70.86
14:09:04;13316 ; 22.63 ; 74.24 ; 22.42 ; 70.86
14:09:07;13319 ; 22.63 ; 74.25 ; 22.44 ; 70.88
14:09:10;13322 ; 22.63 ; 74.25 ; 22.44 ; 70.89
14:09:13;13325 ; 22.63 ; 74.25 ; 22.44 ; 70.90
14:09:16;13328 ; 22.64 ; 74.24 ; 22.43 ; 70.90
14:09:19;13331 ; 22.63 ; 74.25 ; 22.44 ; 70.90
14:09:22;13334 ; 22.64 ; 74.24 ; 22.44 ; 70.89
14:09:25;13337 ; 22.63 ; 74.24 ; 22.44 ; 70.91
14:09:28;13340 ; 22.63 ; 74.23 ; 22.43 ; 70.89
14:09:31;13343 ; 22.63 ; 74.23 ; 22.42 ; 70.87
14:09:34;13346 ; 22.63 ; 74.23 ; 22.44 ; 70.87
14:09:37;13349 ; 22.63 ; 74.23 ; 22.44 ; 70.88
14:09:40;13352 ; 22.63 ; 74.23 ; 22.44 ; 70.86
14:09:43;13355 ; 22.63 ; 74.23 ; 22.44 ; 70.86
14:09:46;13358 ; 22.63 ; 74.23 ; 22.42 ; 70.87
14:09:49;13361 ; 22.64 ; 74.24 ; 22.43 ; 70.87
14:09:52;13364 ; 22.64 ; 74.24 ; 22.43 ; 70.86
14:09:55;13367 ; 22.64 ; 74.22 ; 22.42 ; 70.86
14:09:58;13370 ; 22.63 ; 74.24 ; 22.44 ; 70.87
14:10:01;13373 ; 22.64 ; 74.24 ; 22.44 ; 70.88
14:10:04;13376 ; 22.63 ; 74.23 ; 22.42 ; 70.88
14:10:07;13379 ; 22.63 ; 74.24 ; 22.44 ; 70.86
14:10:10;13382 ; 22.63 ; 74.23 ; 22.42 ; 70.85
14:10:13;13385 ; 22.64 ; 74.23 ; 22.42 ; 70.86
14:10:16;13388 ; 22.63 ; 74.24 ; 22.44 ; 70.87
14:10:19;13391 ; 22.64 ; 74.24 ; 22.43 ; 70.87
14:10:22;13394 ; 22.64 ; 74.23 ; 22.43 ; 70.87
14:10:25;13397 ; 22.64 ; 74.22 ; 22.45 ; 70.87
14:10:28;13400 ; 22.63 ; 74.23 ; 22.42 ; 70.86
14:10:31;13403 ; 22.64 ; 74.23 ; 22.46 ; 70.88
14:10:34;13406 ; 22.64 ; 74.23 ; 22.42 ; 70.86
14:10:37;13409 ; 22.64 ; 74.22 ; 22.44 ; 70.85
14:10:40;13412 ; 22.64 ; 74.20 ; 22.44 ; 70.87
14:10:43;13415 ; 22.64 ; 74.20 ; 22.42 ; 70.85
14:10:46;13418 ; 22.64 ; 74.22 ; 22.44 ; 70.86
14:10:49;13421 ; 22.64 ; 74.22 ; 22.42 ; 70.86
14:10:52;13424 ; 22.64 ; 74.23 ; 22.42 ; 70.88
14:10:55;13427 ; 22.64 ; 74.23 ; 22.43 ; 70.87
14:10:58;13430 ; 22.64 ; 74.24 ; 22.43 ; 70.85
14:11:01;13433 ; 22.64 ; 74.23 ; 22.44 ; 70.84
14:11:04;13436 ; 22.64 ; 74.23 ; 22.44 ; 70.87
14:11:07;13439 ; 22.64 ; 74.24 ; 22.44 ; 70.87
14:11:10;13442 ; 22.64 ; 74.23 ; 22.44 ; 70.87
14:11:13;13445 ; 22.64 ; 74.23 ; 22.45 ; 70.86
14:11:16;13448 ; 22.64 ; 74.24 ; 22.42 ; 70.88
14:11:19;13451 ; 22.64 ; 74.22 ; 22.45 ; 70.90
14:11:22;13454 ; 22.64 ; 74.23 ; 22.44 ; 70.89
14:11:25;13457 ; 22.64 ; 74.25 ; 22.44 ; 70.87
14:11:28;13460 ; 22.64 ; 74.25 ; 22.45 ; 70.91
14:11:31;13463 ; 22.64 ; 74.25 ; 22.42 ; 70.88
14:11:34;13466 ; 22.64 ; 74.24 ; 22.45 ; 70.89
14:11:37;13469 ; 22.64 ; 74.25 ; 22.45 ; 70.88
14:11:40;13472 ; 22.64 ; 74.24 ; 22.46 ; 70.88
14:11:43;13475 ; 22.64 ; 74.28 ; 22.42 ; 70.88
14:11:46;13478 ; 22.64 ; 74.25 ; 22.44 ; 70.87
14:11:49;13481 ; 22.65 ; 74.25 ; 22.44 ; 70.89
14:11:52;13484 ; 22.64 ; 74.24 ; 22.44 ; 70.90
14:11:55;13487 ; 22.64 ; 74.24 ; 22.45 ; 70.90
14:11:58;13490 ; 22.64 ; 74.24 ; 22.45 ; 70.88
14:12:01;13493 ; 22.65 ; 74.24 ; 22.44 ; 70.89
14:12:04;13496 ; 22.64 ; 74.25 ; 22.45 ; 70.89
14:12:07;13499 ; 22.64 ; 74.24 ; 22.44 ; 70.89
14:12:10;13502 ; 22.64 ; 74.25 ; 22.45 ; 70.86
14:12:13;13505 ; 22.64 ; 74.23 ; 22.44 ; 70.89
14:12:16;13508 ; 22.64 ; 74.24 ; 22.43 ; 70.85
14:12:19;13511 ; 22.64 ; 74.23 ; 22.44 ; 70.89
14:12:22;13514 ; 22.64 ; 74.23 ; 22.44 ; 70.85
14:12:25;13517 ; 22.64 ; 74.24 ; 22.43 ; 70.89
14:12:28;13520 ; 22.64 ; 74.24 ; 22.44 ; 70.87
14:12:31;13523 ; 22.64 ; 74.23 ; 22.44 ; 70.87
14:12:35;13526 ; 22.64 ; 74.23 ; 22.43 ; 70.88
14:12:38;13529 ; 22.64 ; 74.25 ; 22.44 ; 70.87
14:12:41;13532 ; 22.65 ; 74.24 ; 22.43 ; 70.86
14:12:44;13535 ; 22.64 ; 74.24 ; 22.45 ; 70.87
14:12:47;13538 ; 22.64 ; 74.23 ; 22.42 ; 70.88
14:12:50;13541 ; 22.65 ; 74.24 ; 22.45 ; 70.90
14:12:53;13544 ; 22.64 ; 74.24 ; 22.44 ; 70.86
14:12:56;13547 ; 22.64 ; 74.23 ; 22.45 ; 70.86
14:12:59;13550 ; 22.64 ; 74.23 ; 22.46 ; 70.86
14:13:02;13553 ; 22.65 ; 74.23 ; 22.45 ; 70.88
14:13:05;13556 ; 22.64 ; 74.23 ; 22.44 ; 70.89
14:13:08;13559 ; 22.64 ; 74.23 ; 22.44 ; 70.85
14:13:11;13562 ; 22.64 ; 74.22 ; 22.44 ; 70.89
14:13:14;13565 ; 22.64 ; 74.22 ; 22.46 ; 70.85
14:13:17;13568 ; 22.65 ; 74.24 ; 22.45 ; 70.87
14:13:20;13571 ; 22.65 ; 74.23 ; 22.43 ; 70.85
14:13:23;13574 ; 22.64 ; 74.23 ; 22.44 ; 70.85
14:13:26;13577 ; 22.65 ; 74.23 ; 22.44 ; 70.88
14:13:29;13580 ; 22.65 ; 74.22 ; 22.44 ; 70.87
14:13:32;13583 ; 22.65 ; 74.21 ; 22.44 ; 70.86
14:13:35;13586 ; 22.65 ; 74.24 ; 22.45 ; 70.84
14:13:38;13589 ; 22.65 ; 74.24 ; 22.45 ; 70.88
14:13:41;13592 ; 22.65 ; 74.21 ; 22.42 ; 70.87
14:13:44;13595 ; 22.65 ; 74.23 ; 22.44 ; 70.87
14:13:47;13598 ; 22.64 ; 74.23 ; 22.45 ; 70.86
14:13:50;13601 ; 22.64 ; 74.24 ; 22.44 ; 70.87
14:13:53;13604 ; 22.64 ; 74.23 ; 22.42 ; 70.88
14:13:56;13607 ; 22.64 ; 74.24 ; 22.45 ; 70.89
14:13:59;13610 ; 22.64 ; 74.23 ; 22.45 ; 70.87
14:14:02;13613 ; 22.64 ; 74.23 ; 22.44 ; 70.88
14:14:05;13616 ; 22.65 ; 74.24 ; 22.42 ; 70.91
14:14:08;13619 ; 22.64 ; 74.24 ; 22.42 ; 70.87
14:14:11;13622 ; 22.64 ; 74.24 ; 22.43 ; 70.87
14:14:14;13625 ; 22.64 ; 74.22 ; 22.45 ; 70.88
14:14:17;13628 ; 22.64 ; 74.23 ; 22.45 ; 70.87
14:14:20;13631 ; 22.64 ; 74.24 ; 22.45 ; 70.87
14:14:23;13634 ; 22.64 ; 74.23 ; 22.45 ; 70.90
14:14:26;13637 ; 22.65 ; 74.23 ; 22.44 ; 70.87
14:14:29;13640 ; 22.64 ; 74.22 ; 22.45 ; 70.84
14:14:32;13643 ; 22.64 ; 74.22 ; 22.45 ; 70.87
14:14:35;13646 ; 22.64 ; 74.23 ; 22.46 ; 70.87
14:14:38;13649 ; 22.64 ; 74.23 ; 22.47 ; 70.87
14:14:41;13652 ; 22.64 ; 74.23 ; 22.44 ; 70.87
14:14:44;13655 ; 22.65 ; 74.23 ; 22.44 ; 70.87
14:14:47;13658 ; 22.64 ; 74.22 ; 22.45 ; 70.86
14:14:50;13661 ; 22.64 ; 74.22 ; 22.43 ; 70.87
14:14:53;13664 ; 22.65 ; 74.23 ; 22.45 ; 70.86
14:14:56;13667 ; 22.65 ; 74.23 ; 22.46 ; 70.87
14:14:59;13670 ; 22.65 ; 74.23 ; 22.44 ; 70.86
14:15:02;13673 ; 22.65 ; 74.24 ; 22.43 ; 70.84
14:15:05;13676 ; 22.65 ; 74.23 ; 22.44 ; 70.87
14:15:08;13679 ; 22.65 ; 74.23 ; 22.44 ; 70.86
14:15:11;13682 ; 22.64 ; 74.23 ; 22.45 ; 70.87
14:15:14;13685 ; 22.64 ; 74.23 ; 22.48 ; 70.87
14:15:17;13688 ; 22.65 ; 74.23 ; 22.44 ; 70.85
14:15:20;13691 ; 22.65 ; 74.23 ; 22.44 ; 70.87
14:15:23;13694 ; 22.64 ; 74.24 ; 22.46 ; 70.88
14:15:26;13697 ; 22.65 ; 74.24 ; 22.46 ; 70.90
14:15:29;13700 ; 22.64 ; 74.23 ; 22.43 ; 70.89
14:15:32;13703 ; 22.64 ; 74.22 ; 22.44 ; 70.85
14:15:35;13706 ; 22.65 ; 74.24 ; 22.44 ; 70.89
14:15:38;13709 ; 22.65 ; 74.23 ; 22.47 ; 70.87
14:15:41;13712 ; 22.65 ; 74.23 ; 22.45 ; 70.87
14:15:44;13715 ; 22.64 ; 74.23 ; 22.45 ; 70.87
14:15:47;13718 ; 22.64 ; 74.23 ; 22.44 ; 70.86
14:15:50;13721 ; 22.65 ; 74.23 ; 22.44 ; 70.90
14:15:53;13724 ; 22.65 ; 74.23 ; 22.44 ; 70.85
14:15:56;13727 ; 22.65 ; 74.23 ; 22.44 ; 70.88
14:15:59;13730 ; 22.65 ; 74.23 ; 22.46 ; 70.87
14:16:02;13733 ; 22.65 ; 74.23 ; 22.45 ; 70.87
14:16:05;13736 ; 22.65 ; 74.24 ; 22.47 ; 70.88
14:16:08;13739 ; 22.65 ; 74.22 ; 22.45 ; 70.88
14:16:11;13742 ; 22.64 ; 74.22 ; 22.46 ; 70.86
14:16:14;13745 ; 22.65 ; 74.23 ; 22.43 ; 70.91
14:16:18;13748 ; 22.65 ; 74.24 ; 22.46 ; 70.87
14:16:21;13751 ; 22.65 ; 74.24 ; 22.44 ; 70.87
14:16:24;13754 ; 22.65 ; 74.23 ; 22.44 ; 70.86
14:16:27;13757 ; 22.65 ; 74.23 ; 22.47 ; 70.89
14:16:30;13760 ; 22.65 ; 74.25 ; 22.44 ; 70.92
14:16:33;13763 ; 22.65 ; 74.24 ; 22.44 ; 70.89
14:16:36;13766 ; 22.65 ; 74.23 ; 22.44 ; 70.86
14:16:39;13769 ; 22.65 ; 74.22 ; 22.45 ; 70.87
14:16:42;13772 ; 22.65 ; 74.23 ; 22.45 ; 70.88
14:16:45;13775 ; 22.65 ; 74.23 ; 22.47 ; 70.86
14:16:48;13778 ; 22.65 ; 74.23 ; 22.44 ; 70.88
14:16:51;13781 ; 22.65 ; 74.22 ; 22.45 ; 70.86
14:16:54;13784 ; 22.65 ; 74.21 ; 22.45 ; 70.88
14:16:57;13787 ; 22.65 ; 74.22 ; 22.44 ; 70.87
14:17:00;13790 ; 22.65 ; 74.22 ; 22.46 ; 70.88
14:17:03;13793 ; 22.65 ; 74.23 ; 22.46 ; 70.89
14:17:06;13796 ; 22.65 ; 74.23 ; 22.45 ; 70.87
14:17:09;13799 ; 22.65 ; 74.22 ; 22.44 ; 70.86
14:17:12;13802 ; 22.65 ; 74.22 ; 22.47 ; 70.89
14:17:15;13805 ; 22.65 ; 74.22 ; 22.46 ; 70.87
14:17:18;13808 ; 22.65 ; 74.23 ; 22.45 ; 70.86
14:17:21;13811 ; 22.64 ; 74.23 ; 22.45 ; 70.86
14:17:24;13814 ; 22.65 ; 74.22 ; 22.44 ; 70.87
14:17:27;13817 ; 22.65 ; 74.23 ; 22.45 ; 70.87
14:17:30;13820 ; 22.65 ; 74.23 ; 22.46 ; 70.84
14:17:33;13823 ; 22.65 ; 74.22 ; 22.44 ; 70.84
14:17:36;13826 ; 22.65 ; 74.23 ; 22.44 ; 70.86
14:17:39;13829 ; 22.65 ; 74.22 ; 22.46 ; 70.87
14:17:42;13832 ; 22.65 ; 74.22 ; 22.44 ; 70.85
14:17:45;13835 ; 22.65 ; 74.21 ; 22.46 ; 70.90
14:17:48;13838 ; 22.65 ; 74.23 ; 22.43 ; 70.88
14:17:51;13841 ; 22.65 ; 74.23 ; 22.44 ; 70.87
14:17:54;13844 ; 22.65 ; 74.23 ; 22.42 ; 70.87
14:17:57;13847 ; 22.65 ; 74.22 ; 22.46 ; 70.90
14:18:00;13850 ; 22.65 ; 74.23 ; 22.46 ; 70.90
14:18:03;13853 ; 22.65 ; 74.22 ; 22.44 ; 70.87
14:18:06;13856 ; 22.65 ; 74.23 ; 22.46 ; 70.91
14:18:09;13859 ; 22.66 ; 74.22 ; 22.44 ; 70.87
14:18:12;13862 ; 22.66 ; 74.23 ; 22.45 ; 70.86
14:18:15;13865 ; 22.65 ; 74.25 ; 22.46 ; 70.89
14:18:18;13868 ; 22.65 ; 74.23 ; 22.44 ; 70.87
14:18:21;13871 ; 22.66 ; 74.22 ; 22.42 ; 70.85
14:18:24;13874 ; 22.66 ; 74.22 ; 22.44 ; 70.88
14:18:27;13877 ; 22.65 ; 74.22 ; 22.46 ; 70.88
14:18:30;13880 ; 22.65 ; 74.22 ; 22.46 ; 70.90
14:18:33;13883 ; 22.65 ; 74.22 ; 22.44 ; 70.86
14:18:36;13886 ; 22.65 ; 74.22 ; 22.45 ; 70.89
14:18:39;13889 ; 22.65 ; 74.22 ; 22.43 ; 70.87
14:18:42;13892 ; 22.65 ; 74.22 ; 22.44 ; 70.84
14:18:45;13895 ; 22.65 ; 74.24 ; 22.46 ; 70.86
14:18:48;13898 ; 22.66 ; 74.22 ; 22.46 ; 70.86
14:18:51;13901 ; 22.65 ; 74.23 ; 22.45 ; 70.87
14:18:54;13904 ; 22.65 ; 74.23 ; 22.47 ; 70.89
14:18:57;13907 ; 22.65 ; 74.23 ; 22.46 ; 70.85
14:19:00;13910 ; 22.65 ; 74.22 ; 22.46 ; 70.87
14:19:03;13913 ; 22.65 ; 74.23 ; 22.45 ; 70.90
14:19:06;13916 ; 22.66 ; 74.23 ; 22.44 ; 70.87
14:19:09;13919 ; 22.66 ; 74.26 ; 22.45 ; 70.91
14:19:12;13922 ; 22.66 ; 74.27 ; 22.43 ; 70.89
14:19:15;13925 ; 22.65 ; 74.27 ; 22.45 ; 70.89
14:19:18;13928 ; 22.66 ; 74.26 ; 22.46 ; 70.89
14:19:21;13931 ; 22.65 ; 74.25 ; 22.46 ; 70.90
14:19:24;13934 ; 22.66 ; 74.25 ; 22.45 ; 70.86
14:19:27;13937 ; 22.65 ; 74.25 ; 22.46 ; 70.90
14:19:30;13940 ; 22.66 ; 74.26 ; 22.45 ; 70.91
14:19:33;13943 ; 22.65 ; 74.24 ; 22.46 ; 70.92
14:19:36;13946 ; 22.65 ; 74.24 ; 22.46 ; 70.92
14:19:39;13949 ; 22.65 ; 74.24 ; 22.44 ; 70.87
14:19:42;13952 ; 22.65 ; 74.24 ; 22.45 ; 70.88
14:19:45;13955 ; 22.65 ; 74.24 ; 22.46 ; 70.89
14:19:48;13958 ; 22.65 ; 74.25 ; 22.46 ; 70.87
14:19:51;13961 ; 22.65 ; 74.24 ; 22.48 ; 70.90
14:19:54;13964 ; 22.65 ; 74.25 ; 22.46 ; 70.89
14:19:57;13967 ; 22.65 ; 74.23 ; 22.46 ; 70.91
14:20:01;13970 ; 22.65 ; 74.23 ; 22.45 ; 70.89
14:20:04;13973 ; 22.66 ; 74.25 ; 22.45 ; 70.86
14:20:07;13976 ; 22.65 ; 74.24 ; 22.46 ; 70.88
14:20:10;13979 ; 22.65 ; 74.23 ; 22.44 ; 70.88
14:20:13;13982 ; 22.65 ; 74.23 ; 22.46 ; 70.86
14:20:16;13985 ; 22.65 ; 74.22 ; 22.47 ; 70.88
14:20:19;13988 ; 22.66 ; 74.25 ; 22.47 ; 70.86
14:20:22;13991 ; 22.65 ; 74.23 ; 22.45 ; 70.87
14:20:25;13994 ; 22.65 ; 74.22 ; 22.48 ; 70.89
14:20:28;13997 ; 22.65 ; 74.23 ; 22.45 ; 70.88
14:20:31;14000 ; 22.66 ; 74.23 ; 22.46 ; 70.88
14:20:34;14003 ; 22.65 ; 74.22 ; 22.43 ; 70.87
14:20:37;14006 ; 22.66 ; 74.22 ; 22.44 ; 70.87
14:20:40;14009 ; 22.65 ; 74.22 ; 22.46 ; 70.89
14:20:43;14012 ; 22.65 ; 74.22 ; 22.46 ; 70.88
14:20:46;14015 ; 22.65 ; 74.22 ; 22.45 ; 70.90
14:20:49;14018 ; 22.65 ; 74.22 ; 22.45 ; 70.88
14:20:52;14021 ; 22.66 ; 74.22 ; 22.44 ; 70.85
14:20:55;14024 ; 22.65 ; 74.23 ; 22.44 ; 70.85
14:20:58;14027 ; 22.66 ; 74.22 ; 22.46 ; 70.87
14:21:01;14030 ; 22.66 ; 74.22 ; 22.46 ; 70.88
14:21:04;14033 ; 22.66 ; 74.25 ; 22.46 ; 70.88
14:21:07;14036 ; 22.65 ; 74.25 ; 22.44 ; 70.86
14:21:10;14039 ; 22.66 ; 74.28 ; 22.47 ; 70.89
14:21:13;14042 ; 22.66 ; 74.23 ; 22.46 ; 70.87
14:21:16;14045 ; 22.66 ; 74.22 ; 22.46 ; 70.91
14:21:19;14048 ; 22.66 ; 74.22 ; 22.47 ; 70.87
14:21:22;14051 ; 22.66 ; 74.22 ; 22.45 ; 70.86
14:21:25;14054 ; 22.66 ; 74.22 ; 22.46 ; 70.87
14:21:28;14057 ; 22.65 ; 74.21 ; 22.47 ; 70.86
14:21:31;14060 ; 22.66 ; 74.22 ; 22.44 ; 70.89
14:21:34;14063 ; 22.66 ; 74.21 ; 22.47 ; 70.84
14:21:37;14066 ; 22.66 ; 74.21 ; 22.45 ; 70.86
14:21:40;14069 ; 22.66 ; 74.21 ; 22.45 ; 70.89
14:21:43;14072 ; 22.66 ; 74.20 ; 22.45 ; 70.86
14:21:46;14075 ; 22.65 ; 74.20 ; 22.44 ; 70.82
14:21:49;14078 ; 22.65 ; 74.20 ; 22.47 ; 70.84
14:21:52;14081 ; 22.66 ; 74.20 ; 22.45 ; 70.85
14:21:55;14084 ; 22.66 ; 74.21 ; 22.45 ; 70.84
14:21:58;14087 ; 22.66 ; 74.21 ; 22.43 ; 70.84
14:22:01;14090 ; 22.65 ; 74.19 ; 22.44 ; 70.87
14:22:04;14093 ; 22.65 ; 74.21 ; 22.46 ; 70.83
14:22:07;14096 ; 22.65 ; 74.23 ; 22.48 ; 70.85
14:22:10;14099 ; 22.65 ; 74.22 ; 22.47 ; 70.85
14:22:13;14102 ; 22.65 ; 74.21 ; 22.47 ; 70.86
14:22:16;14105 ; 22.65 ; 74.23 ; 22.45 ; 70.87
14:22:19;14108 ; 22.65 ; 74.21 ; 22.45 ; 70.86
14:22:22;14111 ; 22.65 ; 74.22 ; 22.44 ; 70.87
14:22:25;14114 ; 22.65 ; 74.22 ; 22.44 ; 70.87
14:22:28;14117 ; 22.66 ; 74.23 ; 22.46 ; 70.85
14:22:31;14120 ; 22.66 ; 74.22 ; 22.45 ; 70.87
14:22:34;14123 ; 22.66 ; 74.22 ; 22.46 ; 70.87
14:22:37;14126 ; 22.65 ; 74.22 ; 22.45 ; 70.87
14:22:40;14129 ; 22.66 ; 74.21 ; 22.46 ; 70.87
14:22:43;14132 ; 22.65 ; 74.21 ; 22.44 ; 70.86
14:22:46;14135 ; 22.65 ; 74.21 ; 22.47 ; 70.88
14:22:49;14138 ; 22.65 ; 74.22 ; 22.46 ; 70.85
14:22:52;14141 ; 22.65 ; 74.22 ; 22.45 ; 70.87
14:22:55;14144 ; 22.66 ; 74.23 ; 22.44 ; 70.87
14:22:58;14147 ; 22.66 ; 74.21 ; 22.46 ; 70.88
14:23:01;14150 ; 22.66 ; 74.22 ; 22.45 ; 70.85
14:23:04;14153 ; 22.66 ; 74.22 ; 22.46 ; 70.86
14:23:07;14156 ; 22.65 ; 74.21 ; 22.47 ; 70.87
14:23:10;14159 ; 22.65 ; 74.21 ; 22.47 ; 70.87
14:23:13;14162 ; 22.65 ; 74.21 ; 22.44 ; 70.87
14:23:16;14165 ; 22.66 ; 74.22 ; 22.44 ; 70.88
14:23:19;14168 ; 22.66 ; 74.20 ; 22.44 ; 70.85
14:23:22;14171 ; 22.66 ; 74.21 ; 22.45 ; 70.85
14:23:25;14174 ; 22.66 ; 74.21 ; 22.43 ; 70.84
14:23:28;14177 ; 22.66 ; 74.21 ; 22.45 ; 70.87
14:23:31;14180 ; 22.66 ; 74.22 ; 22.46 ; 70.85
14:23:34;14183 ; 22.65 ; 74.23 ; 22.46 ; 70.88
14:23:37;14186 ; 22.66 ; 74.23 ; 22.48 ; 70.89
14:23:40;14189 ; 22.66 ; 74.24 ; 22.46 ; 70.87
14:23:44;14192 ; 22.66 ; 74.22 ; 22.45 ; 70.87
14:23:47;14195 ; 22.66 ; 74.21 ; 22.45 ; 70.85
14:23:50;14198 ; 22.65 ; 74.20 ; 22.46 ; 70.85
14:23:53;14201 ; 22.66 ; 74.22 ; 22.45 ; 70.86
14:23:56;14204 ; 22.66 ; 74.21 ; 22.45 ; 70.86
14:23:59;14207 ; 22.66 ; 74.20 ; 22.46 ; 70.87
14:24:02;14210 ; 22.66 ; 74.21 ; 22.48 ; 70.86
14:24:05;14213 ; 22.65 ; 74.22 ; 22.47 ; 70.86
14:24:08;14216 ; 22.66 ; 74.22 ; 22.45 ; 70.86
14:24:11;14219 ; 22.66 ; 74.22 ; 22.45 ; 70.87
14:24:14;14222 ; 22.65 ; 74.22 ; 22.44 ; 70.87
14:24:17;14225 ; 22.66 ; 74.22 ; 22.44 ; 70.87
14:24:20;14228 ; 22.65 ; 74.22 ; 22.47 ; 70.86
14:24:23;14231 ; 22.66 ; 74.22 ; 22.46 ; 70.87
14:24:26;14234 ; 22.66 ; 74.22 ; 22.48 ; 70.87
14:24:29;14237 ; 22.66 ; 74.22 ; 22.45 ; 70.86
14:24:32;14240 ; 22.66 ; 74.22 ; 22.47 ; 70.87
14:24:35;14243 ; 22.66 ; 74.22 ; 22.45 ; 70.87
14:24:38;14246 ; 22.65 ; 74.22 ; 22.45 ; 70.83
14:24:41;14249 ; 22.66 ; 74.22 ; 22.47 ; 70.86
14:24:44;14252 ; 22.66 ; 74.21 ; 22.47 ; 70.89
14:24:47;14255 ; 22.66 ; 74.22 ; 22.47 ; 70.87
14:24:50;14258 ; 22.66 ; 74.23 ; 22.45 ; 70.87
14:24:53;14261 ; 22.66 ; 74.21 ; 22.45 ; 70.87
14:24:56;14264 ; 22.66 ; 74.23 ; 22.46 ; 70.87
14:24:59;14267 ; 22.65 ; 74.20 ; 22.48 ; 70.86
14:25:02;14270 ; 22.66 ; 74.23 ; 22.46 ; 70.87
14:25:05;14273 ; 22.66 ; 74.22 ; 22.45 ; 70.89
14:25:08;14276 ; 22.66 ; 74.22 ; 22.46 ; 70.89
14:25:11;14279 ; 22.66 ; 74.21 ; 22.45 ; 70.87
14:25:14;14282 ; 22.66 ; 74.22 ; 22.46 ; 70.87
14:25:17;14285 ; 22.66 ; 74.22 ; 22.45 ; 70.88
14:25:20;14288 ; 22.65 ; 74.23 ; 22.46 ; 70.89
14:25:23;14291 ; 22.66 ; 74.21 ; 22.46 ; 70.87
14:25:26;14294 ; 22.66 ; 74.22 ; 22.46 ; 70.87
14:25:29;14297 ; 22.66 ; 74.22 ; 22.46 ; 70.87
14:25:32;14300 ; 22.66 ; 74.22 ; 22.44 ; 70.87
14:25:35;14303 ; 22.66 ; 74.22 ; 22.46 ; 70.85
14:25:38;14306 ; 22.66 ; 74.21 ; 22.47 ; 70.86
14:25:41;14309 ; 22.66 ; 74.21 ; 22.47 ; 70.85
14:25:44;14312 ; 22.66 ; 74.21 ; 22.47 ; 70.88
14:25:47;14315 ; 22.66 ; 74.22 ; 22.47 ; 70.87
14:25:50;14318 ; 22.66 ; 74.21 ; 22.45 ; 70.87
14:25:53;14321 ; 22.66 ; 74.21 ; 22.46 ; 70.85
14:25:56;14324 ; 22.66 ; 74.21 ; 22.44 ; 70.87
14:25:59;14327 ; 22.66 ; 74.22 ; 22.46 ; 70.87
14:26:02;14330 ; 22.66 ; 74.22 ; 22.44 ; 70.89
14:26:05;14333 ; 22.66 ; 74.22 ; 22.46 ; 70.88
14:26:08;14336 ; 22.66 ; 74.22 ; 22.46 ; 70.84
14:26:11;14339 ; 22.66 ; 74.21 ; 22.46 ; 70.84
14:26:14;14342 ; 22.65 ; 74.22 ; 22.46 ; 70.87
14:26:17;14345 ; 22.65 ; 74.23 ; 22.45 ; 70.86
14:26:20;14348 ; 22.65 ; 74.21 ; 22.44 ; 70.86
14:26:23;14351 ; 22.66 ; 74.22 ; 22.44 ; 70.89
14:26:26;14354 ; 22.65 ; 74.22 ; 22.46 ; 70.86
14:26:29;14357 ; 22.66 ; 74.22 ; 22.48 ; 70.89
14:26:32;14360 ; 22.65 ; 74.22 ; 22.47 ; 70.87
14:26:35;14363 ; 22.65 ; 74.23 ; 22.44 ; 70.87
14:26:38;14366 ; 22.66 ; 74.21 ; 22.48 ; 70.87
14:26:41;14369 ; 22.66 ; 74.22 ; 22.45 ; 70.87
14:26:44;14372 ; 22.66 ; 74.22 ; 22.45 ; 70.85
14:26:47;14375 ; 22.66 ; 74.20 ; 22.47 ; 70.86
14:26:50;14378 ; 22.66 ; 74.20 ; 22.47 ; 70.86
14:26:53;14381 ; 22.65 ; 74.22 ; 22.45 ; 70.87
14:26:56;14384 ; 22.66 ; 74.23 ; 22.46 ; 70.87
14:26:59;14387 ; 22.65 ; 74.23 ; 22.47 ; 70.86
14:27:02;14390 ; 22.65 ; 74.22 ; 22.45 ; 70.86
14:27:05;14393 ; 22.66 ; 74.21 ; 22.46 ; 70.86
14:27:08;14396 ; 22.67 ; 74.24 ; 22.47 ; 70.88
14:27:11;14399 ; 22.66 ; 74.22 ; 22.43 ; 70.87
14:27:14;14402 ; 22.66 ; 74.21 ; 22.47 ; 70.86
14:27:17;14405 ; 22.66 ; 74.21 ; 22.45 ; 70.83
14:27:20;14408 ; 22.66 ; 74.21 ; 22.48 ; 70.86
14:27:23;14411 ; 22.67 ; 74.21 ; 22.48 ; 70.88
14:27:27;14414 ; 22.67 ; 74.21 ; 22.45 ; 70.84
14:27:30;14417 ; 22.67 ; 74.20 ; 22.47 ; 70.87
14:27:33;14420 ; 22.67 ; 74.22 ; 22.46 ; 70.87
14:27:36;14423 ; 22.66 ; 74.21 ; 22.44 ; 70.87
14:27:39;14426 ; 22.66 ; 74.21 ; 22.47 ; 70.86
14:27:42;14429 ; 22.66 ; 74.21 ; 22.47 ; 70.87
14:27:45;14432 ; 22.66 ; 74.20 ; 22.45 ; 70.86
14:27:48;14435 ; 22.66 ; 74.21 ; 22.46 ; 70.84
14:27:51;14438 ; 22.67 ; 74.19 ; 22.44 ; 70.85
14:27:54;14441 ; 22.66 ; 74.17 ; 22.47 ; 70.86
14:27:57;14444 ; 22.66 ; 74.21 ; 22.45 ; 70.87
14:28:00;14447 ; 22.66 ; 74.20 ; 22.44 ; 70.87
14:28:03;14450 ; 22.66 ; 74.20 ; 22.44 ; 70.85
14:28:06;14453 ; 22.66 ; 74.21 ; 22.46 ; 70.85
14:28:09;14456 ; 22.67 ; 74.20 ; 22.45 ; 70.86
14:28:12;14459 ; 22.67 ; 74.20 ; 22.46 ; 70.85
14:28:15;14462 ; 22.67 ; 74.21 ; 22.48 ; 70.86
14:28:18;14465 ; 22.67 ; 74.22 ; 22.45 ; 70.86
14:28:21;14468 ; 22.66 ; 74.21 ; 22.46 ; 70.87
14:28:24;14471 ; 22.67 ; 74.20 ; 22.46 ; 70.85
14:28:27;14474 ; 22.67 ; 74.20 ; 22.48 ; 70.88
14:28:30;14477 ; 22.66 ; 74.21 ; 22.46 ; 70.83
14:28:33;14480 ; 22.66 ; 74.20 ; 22.44 ; 70.85
14:28:36;14483 ; 22.66 ; 74.20 ; 22.44 ; 70.83
14:28:39;14486 ; 22.66 ; 74.20 ; 22.45 ; 70.83
14:28:42;14489 ; 22.66 ; 74.20 ; 22.44 ; 70.83
14:28:45;14492 ; 22.66 ; 74.20 ; 22.46 ; 70.86
14:28:48;14495 ; 22.66 ; 74.22 ; 22.46 ; 70.84
14:28:51;14498 ; 22.66 ; 74.21 ; 22.45 ; 70.85
14:28:54;14501 ; 22.66 ; 74.21 ; 22.45 ; 70.85
14:28:57;14504 ; 22.67 ; 74.21 ; 22.46 ; 70.87
14:29:00;14507 ; 22.66 ; 74.19 ; 22.46 ; 70.88
14:29:03;14510 ; 22.67 ; 74.19 ; 22.47 ; 70.87
14:29:06;14513 ; 22.66 ; 74.21 ; 22.48 ; 70.86
14:29:09;14516 ; 22.66 ; 74.21 ; 22.46 ; 70.84
14:29:12;14519 ; 22.66 ; 74.21 ; 22.46 ; 70.83
14:29:15;14522 ; 22.66 ; 74.21 ; 22.46 ; 70.84
14:29:18;14525 ; 22.66 ; 74.21 ; 22.47 ; 70.84
14:29:21;14528 ; 22.66 ; 74.20 ; 22.48 ; 70.87
14:29:24;14531 ; 22.66 ; 74.21 ; 22.46 ; 70.86
14:29:27;14534 ; 22.66 ; 74.21 ; 22.47 ; 70.84
14:29:30;14537 ; 22.66 ; 74.21 ; 22.46 ; 70.85
14:29:33;14540 ; 22.66 ; 74.21 ; 22.45 ; 70.84
14:29:36;14543 ; 22.66 ; 74.21 ; 22.45 ; 70.84
14:29:39;14546 ; 22.66 ; 74.21 ; 22.47 ; 70.87
14:29:42;14549 ; 22.66 ; 74.19 ; 22.46 ; 70.85
14:29:45;14552 ; 22.65 ; 74.20 ; 22.44 ; 70.85
14:29:48;14555 ; 22.66 ; 74.20 ; 22.44 ; 70.87
14:29:51;14558 ; 22.66 ; 74.20 ; 22.45 ; 70.85
14:29:54;14561 ; 22.66 ; 74.20 ; 22.47 ; 70.86
14:29:57;14564 ; 22.65 ; 74.20 ; 22.44 ; 70.84
14:30:00;14567 ; 22.66 ; 74.20 ; 22.46 ; 70.85
14:30:03;14570 ; 22.66 ; 74.20 ; 22.46 ; 70.84
14:30:06;14573 ; 22.66 ; 74.19 ; 22.45 ; 70.83
14:30:09;14576 ; 22.66 ; 74.21 ; 22.47 ; 70.85
14:30:12;14579 ; 22.66 ; 74.22 ; 22.47 ; 70.87
14:30:15;14582 ; 22.66 ; 74.22 ; 22.45 ; 70.87
14:30:18;14585 ; 22.65 ; 74.21 ; 22.44 ; 70.86
14:30:21;14588 ; 22.66 ; 74.21 ; 22.44 ; 70.85
14:30:24;14591 ; 22.66 ; 74.19 ; 22.46 ; 70.85
14:30:27;14594 ; 22.66 ; 74.21 ; 22.47 ; 70.86
14:30:30;14597 ; 22.66 ; 74.21 ; 22.46 ; 70.88
14:30:33;14600 ; 22.66 ; 74.21 ; 22.45 ; 70.83
14:30:36;14603 ; 22.66 ; 74.21 ; 22.46 ; 70.87
14:30:39;14606 ; 22.66 ; 74.20 ; 22.46 ; 70.87
14:30:42;14609 ; 22.66 ; 74.20 ; 22.45 ; 70.85
14:30:45;14612 ; 22.66 ; 74.20 ; 22.46 ; 70.85
14:30:48;14615 ; 22.66 ; 74.19 ; 22.46 ; 70.85
14:30:51;14618 ; 22.66 ; 74.20 ; 22.45 ; 70.84
14:30:54;14621 ; 22.66 ; 74.20 ; 22.43 ; 70.85
14:30:57;14624 ; 22.66 ; 74.20 ; 22.46 ; 70.85
14:31:00;14627 ; 22.66 ; 74.20 ; 22.46 ; 70.87
14:31:03;14630 ; 22.66 ; 74.20 ; 22.47 ; 70.87
14:31:06;14633 ; 22.66 ; 74.21 ; 22.47 ; 70.86
14:31:10;14636 ; 22.66 ; 74.21 ; 22.45 ; 70.87
14:31:13;14639 ; 22.66 ; 74.20 ; 22.46 ; 70.82
14:31:16;14642 ; 22.65 ; 74.21 ; 22.46 ; 70.85
14:31:19;14645 ; 22.65 ; 74.20 ; 22.46 ; 70.86
14:31:22;14648 ; 22.66 ; 74.21 ; 22.46 ; 70.87
14:31:25;14651 ; 22.66 ; 74.21 ; 22.46 ; 70.88
14:31:28;14654 ; 22.66 ; 74.20 ; 22.45 ; 70.87
14:31:31;14657 ; 22.66 ; 74.21 ; 22.45 ; 70.86
14:31:34;14660 ; 22.66 ; 74.21 ; 22.47 ; 70.85
14:31:37;14663 ; 22.66 ; 74.21 ; 22.45 ; 70.86
14:31:40;14666 ; 22.66 ; 74.21 ; 22.45 ; 70.87
14:31:43;14669 ; 22.66 ; 74.21 ; 22.46 ; 70.87
14:31:46;14672 ; 22.66 ; 74.22 ; 22.48 ; 70.86
14:31:49;14675 ; 22.66 ; 74.21 ; 22.45 ; 70.86
14:31:52;14678 ; 22.66 ; 74.22 ; 22.45 ; 70.87
14:31:55;14681 ; 22.65 ; 74.21 ; 22.45 ; 70.88
14:31:58;14684 ; 22.66 ; 74.22 ; 22.45 ; 70.86
14:32:01;14687 ; 22.66 ; 74.21 ; 22.44 ; 70.85
14:32:04;14690 ; 22.66 ; 74.20 ; 22.48 ; 70.86
14:32:07;14693 ; 22.66 ; 74.21 ; 22.46 ; 70.87
14:32:10;14696 ; 22.66 ; 74.21 ; 22.46 ; 70.83
14:32:13;14699 ; 22.66 ; 74.21 ; 22.48 ; 70.83
14:32:16;14702 ; 22.66 ; 74.21 ; 22.44 ; 70.87
14:32:19;14705 ; 22.66 ; 74.20 ; 22.46 ; 70.84
14:32:22;14708 ; 22.66 ; 74.19 ; 22.44 ; 70.86
14:32:25;14711 ; 22.66 ; 74.20 ; 22.47 ; 70.87
14:32:28;14714 ; 22.66 ; 74.19 ; 22.46 ; 70.85
14:32:31;14717 ; 22.66 ; 74.21 ; 22.47 ; 70.85
14:32:34;14720 ; 22.66 ; 74.23 ; 22.46 ; 70.84
14:32:37;14723 ; 22.66 ; 74.21 ; 22.45 ; 70.87
14:32:40;14726 ; 22.66 ; 74.21 ; 22.45 ; 70.85
14:32:43;14729 ; 22.66 ; 74.21 ; 22.46 ; 70.89
14:32:46;14732 ; 22.65 ; 74.20 ; 22.44 ; 70.84
14:32:49;14735 ; 22.66 ; 74.20 ; 22.46 ; 70.86
14:32:52;14738 ; 22.66 ; 74.20 ; 22.44 ; 70.86
14:32:55;14741 ; 22.66 ; 74.20 ; 22.45 ; 70.84
14:32:58;14744 ; 22.66 ; 74.20 ; 22.45 ; 70.85
14:33:01;14747 ; 22.66 ; 74.19 ; 22.47 ; 70.83
14:33:04;14750 ; 22.66 ; 74.20 ; 22.46 ; 70.84
14:33:07;14753 ; 22.66 ; 74.19 ; 22.46 ; 70.83
14:33:10;14756 ; 22.67 ; 74.20 ; 22.46 ; 70.86
14:33:13;14759 ; 22.66 ; 74.19 ; 22.46 ; 70.86
14:33:16;14762 ; 22.66 ; 74.19 ; 22.45 ; 70.83
14:33:19;14765 ; 22.66 ; 74.19 ; 22.45 ; 70.85
14:33:22;14768 ; 22.66 ; 74.20 ; 22.48 ; 70.84
14:33:25;14771 ; 22.66 ; 74.20 ; 22.47 ; 70.85
14:33:28;14774 ; 22.66 ; 74.20 ; 22.46 ; 70.86
14:33:31;14777 ; 22.66 ; 74.20 ; 22.46 ; 70.87
14:33:34;14780 ; 22.66 ; 74.18 ; 22.49 ; 70.88
14:33:37;14783 ; 22.66 ; 74.21 ; 22.45 ; 70.84
14:33:40;14786 ; 22.66 ; 74.20 ; 22.45 ; 70.83
14:33:43;14789 ; 22.66 ; 74.20 ; 22.47 ; 70.83
14:33:46;14792 ; 22.66 ; 74.19 ; 22.48 ; 70.87
14:33:49;14795 ; 22.65 ; 74.20 ; 22.46 ; 70.85
14:33:52;14798 ; 22.65 ; 74.20 ; 22.45 ; 70.86
14:33:55;14801 ; 22.66 ; 74.20 ; 22.45 ; 70.88
14:33:58;14804 ; 22.66 ; 74.19 ; 22.45 ; 70.87
14:34:01;14807 ; 22.66 ; 74.19 ; 22.43 ; 70.85
14:34:04;14810 ; 22.66 ; 74.19 ; 22.46 ; 70.84
14:34:07;14813 ; 22.66 ; 74.19 ; 22.46 ; 70.86
14:34:10;14816 ; 22.66 ; 74.19 ; 22.48 ; 70.85
14:34:13;14819 ; 22.66 ; 74.19 ; 22.47 ; 70.85
14:34:16;14822 ; 22.66 ; 74.20 ; 22.48 ; 70.84
14:34:19;14825 ; 22.66 ; 74.20 ; 22.45 ; 70.86
14:34:22;14828 ; 22.67 ; 74.21 ; 22.47 ; 70.84
14:34:25;14831 ; 22.67 ; 74.21 ; 22.45 ; 70.85
14:34:28;14834 ; 22.66 ; 74.21 ; 22.48 ; 70.85
14:34:31;14837 ; 22.66 ; 74.21 ; 22.44 ; 70.86
14:34:34;14840 ; 22.66 ; 74.21 ; 22.47 ; 70.87
14:34:37;14843 ; 22.67 ; 74.21 ; 22.47 ; 70.87
14:34:40;14846 ; 22.66 ; 74.21 ; 22.47 ; 70.86
14:34:43;14849 ; 22.66 ; 74.20 ; 22.45 ; 70.84
14:34:46;14852 ; 22.66 ; 74.22 ; 22.47 ; 70.86
14:34:49;14855 ; 22.66 ; 74.19 ; 22.46 ; 70.85
14:34:53;14858 ; 22.66 ; 74.21 ; 22.44 ; 70.86
14:34:56;14861 ; 22.66 ; 74.21 ; 22.46 ; 70.88
14:34:59;14864 ; 22.66 ; 74.21 ; 22.45 ; 70.89
14:35:02;14867 ; 22.66 ; 74.22 ; 22.48 ; 70.86
14:35:05;14870 ; 22.66 ; 74.22 ; 22.47 ; 70.88
14:35:08;14873 ; 22.66 ; 74.22 ; 22.46 ; 70.86
14:35:11;14876 ; 22.66 ; 74.21 ; 22.46 ; 70.87
14:35:14;14879 ; 22.66 ; 74.21 ; 22.45 ; 70.87
14:35:17;14882 ; 22.66 ; 74.20 ; 22.49 ; 70.86
14:35:20;14885 ; 22.66 ; 74.21 ; 22.45 ; 70.85
14:35:23;14888 ; 22.66 ; 74.20 ; 22.45 ; 70.84
14:35:26;14891 ; 22.66 ; 74.20 ; 22.45 ; 70.86
14:35:29;14894 ; 22.67 ; 74.21 ; 22.48 ; 70.86
14:35:32;14897 ; 22.66 ; 74.21 ; 22.46 ; 70.86
14:35:35;14900 ; 22.66 ; 74.21 ; 22.46 ; 70.87
14:35:38;14903 ; 22.66 ; 74.21 ; 22.48 ; 70.89
14:35:41;14906 ; 22.67 ; 74.20 ; 22.47 ; 70.87
14:35:44;14909 ; 22.66 ; 74.22 ; 22.48 ; 70.87
14:35:47;14912 ; 22.66 ; 74.20 ; 22.47 ; 70.86
14:35:50;14915 ; 22.66 ; 74.21 ; 22.47 ; 70.86
14:35:53;14918 ; 22.66 ; 74.21 ; 22.46 ; 70.87
14:35:56;14921 ; 22.67 ; 74.22 ; 22.46 ; 70.85
14:35:59;14924 ; 22.66 ; 74.21 ; 22.46 ; 70.88
14:36:02;14927 ; 22.66 ; 74.24 ; 22.47 ; 70.88
14:36:05;14930 ; 22.66 ; 74.21 ; 22.43 ; 70.87
14:36:08;14933 ; 22.66 ; 74.22 ; 22.45 ; 70.87
14:36:11;14936 ; 22.66 ; 74.21 ; 22.47 ; 70.87
14:36:14;14939 ; 22.66 ; 74.22 ; 22.46 ; 70.83
14:36:17;14942 ; 22.67 ; 74.22 ; 22.45 ; 70.85
14:36:20;14945 ; 22.67 ; 74.21 ; 22.44 ; 70.84
14:36:23;14948 ; 22.67 ; 74.21 ; 22.45 ; 70.86
14:36:26;14951 ; 22.67 ; 74.22 ; 22.46 ; 70.86
14:36:29;14954 ; 22.66 ; 74.21 ; 22.48 ; 70.84
14:36:32;14957 ; 22.66 ; 74.21 ; 22.46 ; 70.86
14:36:35;14960 ; 22.67 ; 74.20 ; 22.45 ; 70.85
14:36:38;14963 ; 22.66 ; 74.20 ; 22.45 ; 70.84
14:36:41;14966 ; 22.67 ; 74.21 ; 22.47 ; 70.87
14:36:44;14969 ; 22.67 ; 74.21 ; 22.47 ; 70.89
14:36:47;14972 ; 22.67 ; 74.23 ; 22.46 ; 70.88
14:36:50;14975 ; 22.67 ; 74.22 ; 22.46 ; 70.87
14:36:53;14978 ; 22.66 ; 74.22 ; 22.47 ; 70.84
14:36:56;14981 ; 22.66 ; 74.24 ; 22.47 ; 70.87
14:36:59;14984 ; 22.67 ; 74.22 ; 22.46 ; 70.89
14:37:02;14987 ; 22.67 ; 74.22 ; 22.45 ; 70.86
14:37:05;14990 ; 22.67 ; 74.21 ; 22.47 ; 70.88
14:37:08;14993 ; 22.66 ; 74.21 ; 22.47 ; 70.88
14:37:11;14996 ; 22.67 ; 74.20 ; 22.48 ; 70.87
14:37:14;14999 ; 22.67 ; 74.23 ; 22.47 ; 70.87
14:37:17;15002 ; 22.67 ; 74.23 ; 22.49 ; 70.88
14:37:20;15005 ; 22.67 ; 74.22 ; 22.46 ; 70.85
14:37:23;15008 ; 22.67 ; 74.21 ; 22.47 ; 70.85
14:37:26;15011 ; 22.67 ; 74.21 ; 22.47 ; 70.90
14:37:29;15014 ; 22.67 ; 74.23 ; 22.48 ; 70.88
14:37:32;15017 ; 22.67 ; 74.23 ; 22.47 ; 70.86
14:37:35;15020 ; 22.67 ; 74.22 ; 22.48 ; 70.85
14:37:38;15023 ; 22.66 ; 74.21 ; 22.48 ; 70.86
14:37:41;15026 ; 22.67 ; 74.22 ; 22.47 ; 70.88
14:37:44;15029 ; 22.67 ; 74.23 ; 22.46 ; 70.87
14:37:47;15032 ; 22.66 ; 74.22 ; 22.46 ; 70.85
14:37:50;15035 ; 22.67 ; 74.22 ; 22.47 ; 70.89
14:37:53;15038 ; 22.67 ; 74.21 ; 22.47 ; 70.88
14:37:56;15041 ; 22.67 ; 74.22 ; 22.47 ; 70.87
14:37:59;15044 ; 22.67 ; 74.22 ; 22.47 ; 70.88
14:38:02;15047 ; 22.66 ; 74.21 ; 22.48 ; 70.87
14:38:05;15050 ; 22.67 ; 74.20 ; 22.47 ; 70.84
14:38:08;15053 ; 22.66 ; 74.21 ; 22.47 ; 70.85
14:38:11;15056 ; 22.66 ; 74.20 ; 22.48 ; 70.86
14:38:14;15059 ; 22.66 ; 74.21 ; 22.47 ; 70.86
14:38:17;15062 ; 22.67 ; 74.22 ; 22.46 ; 70.85
14:38:20;15065 ; 22.66 ; 74.21 ; 22.47 ; 70.87
14:38:23;15068 ; 22.66 ; 74.21 ; 22.46 ; 70.87
14:38:26;15071 ; 22.66 ; 74.20 ; 22.45 ; 70.85
14:38:29;15074 ; 22.66 ; 74.21 ; 22.46 ; 70.87
14:38:32;15077 ; 22.67 ; 74.22 ; 22.46 ; 70.88
14:38:36;15080 ; 22.67 ; 74.22 ; 22.45 ; 70.86
14:38:39;15083 ; 22.66 ; 74.21 ; 22.47 ; 70.85
14:38:42;15086 ; 22.67 ; 74.20 ; 22.47 ; 70.87
14:38:45;15089 ; 22.67 ; 74.20 ; 22.47 ; 70.84
14:38:48;15092 ; 22.67 ; 74.19 ; 22.46 ; 70.86
14:38:51;15095 ; 22.66 ; 74.20 ; 22.46 ; 70.87
14:38:54;15098 ; 22.66 ; 74.21 ; 22.47 ; 70.88
14:38:57;15101 ; 22.67 ; 74.20 ; 22.45 ; 70.88
14:39:00;15104 ; 22.67 ; 74.20 ; 22.48 ; 70.88
14:39:03;15107 ; 22.67 ; 74.19 ; 22.48 ; 70.86
14:39:06;15110 ; 22.67 ; 74.18 ; 22.46 ; 70.85
14:39:09;15113 ; 22.67 ; 74.18 ; 22.46 ; 70.86
14:39:12;15116 ; 22.67 ; 74.18 ; 22.45 ; 70.86
14:39:15;15119 ; 22.67 ; 74.19 ; 22.46 ; 70.85
14:39:18;15122 ; 22.67 ; 74.19 ; 22.47 ; 70.85
14:39:21;15125 ; 22.67 ; 74.19 ; 22.46 ; 70.84
14:39:24;15128 ; 22.67 ; 74.18 ; 22.47 ; 70.85
14:39:27;15131 ; 22.67 ; 74.18 ; 22.48 ; 70.85
14:39:30;15134 ; 22.67 ; 74.19 ; 22.47 ; 70.83
14:39:33;15137 ; 22.66 ; 74.18 ; 22.46 ; 70.83
14:39:36;15140 ; 22.67 ; 74.18 ; 22.46 ; 70.83
14:39:39;15143 ; 22.67 ; 74.18 ; 22.46 ; 70.83
14:39:42;15146 ; 22.67 ; 74.19 ; 22.47 ; 70.85
14:39:45;15149 ; 22.66 ; 74.18 ; 22.47 ; 70.84
14:39:48;15152 ; 22.67 ; 74.20 ; 22.46 ; 70.84
14:39:51;15155 ; 22.67 ; 74.20 ; 22.45 ; 70.85
14:39:54;15158 ; 22.67 ; 74.20 ; 22.46 ; 70.85
14:39:57;15161 ; 22.67 ; 74.19 ; 22.46 ; 70.85
14:40:00;15164 ; 22.67 ; 74.20 ; 22.47 ; 70.84
14:40:03;15167 ; 22.66 ; 74.20 ; 22.45 ; 70.82
14:40:06;15170 ; 22.67 ; 74.19 ; 22.47 ; 70.83
14:40:09;15173 ; 22.67 ; 74.19 ; 22.46 ; 70.83
14:40:12;15176 ; 22.67 ; 74.19 ; 22.48 ; 70.85
14:40:15;15179 ; 22.67 ; 74.18 ; 22.47 ; 70.85
14:40:18;15182 ; 22.66 ; 74.18 ; 22.47 ; 70.84
14:40:21;15185 ; 22.67 ; 74.17 ; 22.47 ; 70.84
14:40:24;15188 ; 22.67 ; 74.17 ; 22.46 ; 70.83
14:40:27;15191 ; 22.67 ; 74.18 ; 22.47 ; 70.86
14:40:30;15194 ; 22.67 ; 74.17 ; 22.48 ; 70.83
14:40:33;15197 ; 22.67 ; 74.17 ; 22.48 ; 70.83
14:40:36;15200 ; 22.67 ; 74.18 ; 22.48 ; 70.85
14:40:39;15203 ; 22.67 ; 74.18 ; 22.45 ; 70.81
14:40:42;15206 ; 22.67 ; 74.20 ; 22.47 ; 70.85
14:40:45;15209 ; 22.67 ; 74.18 ; 22.44 ; 70.81
14:40:48;15212 ; 22.67 ; 74.17 ; 22.46 ; 70.83
14:40:51;15215 ; 22.66 ; 74.18 ; 22.46 ; 70.84
14:40:54;15218 ; 22.67 ; 74.18 ; 22.46 ; 70.85
14:40:57;15221 ; 22.67 ; 74.19 ; 22.47 ; 70.82
14:41:00;15224 ; 22.67 ; 74.18 ; 22.45 ; 70.82
14:41:03;15227 ; 22.66 ; 74.18 ; 22.45 ; 70.83
14:41:06;15230 ; 22.67 ; 74.17 ; 22.47 ; 70.86
14:41:09;15233 ; 22.67 ; 74.18 ; 22.48 ; 70.86
14:41:12;15236 ; 22.67 ; 74.18 ; 22.46 ; 70.84
14:41:15;15239 ; 22.67 ; 74.17 ; 22.46 ; 70.84
14:41:18;15242 ; 22.67 ; 74.17 ; 22.46 ; 70.84
14:41:21;15245 ; 22.67 ; 74.17 ; 22.47 ; 70.83
14:41:24;15248 ; 22.67 ; 74.18 ; 22.47 ; 70.85
14:41:27;15251 ; 22.67 ; 74.18 ; 22.46 ; 70.85
14:41:30;15254 ; 22.67 ; 74.18 ; 22.49 ; 70.84
14:41:33;15257 ; 22.67 ; 74.18 ; 22.46 ; 70.85
14:41:36;15260 ; 22.67 ; 74.18 ; 22.46 ; 70.84
14:41:39;15263 ; 22.67 ; 74.18 ; 22.47 ; 70.84
14:41:42;15266 ; 22.67 ; 74.19 ; 22.46 ; 70.84
14:41:45;15269 ; 22.67 ; 74.19 ; 22.49 ; 70.87
14:41:48;15272 ; 22.67 ; 74.19 ; 22.47 ; 70.86
14:41:51;15275 ; 22.67 ; 74.19 ; 22.47 ; 70.84
14:41:54;15278 ; 22.68 ; 74.18 ; 22.46 ; 70.87
14:41:57;15281 ; 22.67 ; 74.18 ; 22.47 ; 70.84
14:42:00;15284 ; 22.67 ; 74.19 ; 22.48 ; 70.86
14:42:03;15287 ; 22.67 ; 74.18 ; 22.47 ; 70.87
14:42:06;15290 ; 22.67 ; 74.19 ; 22.48 ; 70.85
14:42:09;15293 ; 22.67 ; 74.19 ; 22.47 ; 70.83
14:42:12;15296 ; 22.68 ; 74.19 ; 22.48 ; 70.83
14:42:15;15299 ; 22.68 ; 74.19 ; 22.48 ; 70.83
14:42:19;15302 ; 22.67 ; 74.19 ; 22.48 ; 70.84
14:42:22;15305 ; 22.67 ; 74.18 ; 22.46 ; 70.83
14:42:25;15308 ; 22.67 ; 74.19 ; 22.47 ; 70.86
14:42:28;15311 ; 22.67 ; 74.19 ; 22.44 ; 70.85
14:42:31;15314 ; 22.67 ; 74.19 ; 22.49 ; 70.85
14:42:34;15317 ; 22.67 ; 74.19 ; 22.46 ; 70.87
14:42:37;15320 ; 22.67 ; 74.19 ; 22.45 ; 70.84
14:42:40;15323 ; 22.67 ; 74.19 ; 22.48 ; 70.87
14:42:43;15326 ; 22.67 ; 74.19 ; 22.46 ; 70.88
14:42:46;15329 ; 22.67 ; 74.18 ; 22.49 ; 70.86
14:42:49;15332 ; 22.68 ; 74.19 ; 22.46 ; 70.87
14:42:52;15335 ; 22.67 ; 74.20 ; 22.46 ; 70.84
14:42:55;15338 ; 22.68 ; 74.19 ; 22.47 ; 70.84
14:42:58;15341 ; 22.67 ; 74.19 ; 22.47 ; 70.84
14:43:01;15344 ; 22.67 ; 74.20 ; 22.47 ; 70.85
14:43:04;15347 ; 22.67 ; 74.20 ; 22.47 ; 70.84
14:43:07;15350 ; 22.67 ; 74.20 ; 22.48 ; 70.84
14:43:10;15353 ; 22.67 ; 74.18 ; 22.46 ; 70.85
14:43:13;15356 ; 22.67 ; 74.20 ; 22.44 ; 70.81
14:43:16;15359 ; 22.67 ; 74.19 ; 22.48 ; 70.84
14:43:19;15362 ; 22.67 ; 74.19 ; 22.47 ; 70.85
14:43:22;15365 ; 22.67 ; 74.19 ; 22.48 ; 70.84
14:43:25;15368 ; 22.68 ; 74.18 ; 22.47 ; 70.85
14:43:28;15371 ; 22.68 ; 74.19 ; 22.47 ; 70.84
14:43:31;15374 ; 22.67 ; 74.18 ; 22.48 ; 70.84
14:43:34;15377 ; 22.67 ; 74.19 ; 22.48 ; 70.85
14:43:37;15380 ; 22.67 ; 74.18 ; 22.47 ; 70.85
14:43:40;15383 ; 22.67 ; 74.19 ; 22.47 ; 70.83
14:43:43;15386 ; 22.68 ; 74.19 ; 22.46 ; 70.82
14:43:46;15389 ; 22.67 ; 74.19 ; 22.46 ; 70.84
14:43:49;15392 ; 22.68 ; 74.18 ; 22.45 ; 70.83
14:43:52;15395 ; 22.67 ; 74.18 ; 22.47 ; 70.83
14:43:55;15398 ; 22.67 ; 74.19 ; 22.47 ; 70.87
14:43:58;15401 ; 22.68 ; 74.19 ; 22.47 ; 70.83
14:44:01;15404 ; 22.67 ; 74.19 ; 22.47 ; 70.84
14:44:04;15407 ; 22.68 ; 74.18 ; 22.49 ; 70.83
14:44:07;15410 ; 22.68 ; 74.19 ; 22.48 ; 70.84
14:44:10;15413 ; 22.67 ; 74.19 ; 22.48 ; 70.84
14:44:13;15416 ; 22.67 ; 74.19 ; 22.49 ; 70.87
14:44:16;15419 ; 22.67 ; 74.19 ; 22.45 ; 70.84
14:44:19;15422 ; 22.67 ; 74.17 ; 22.47 ; 70.85
14:44:22;15425 ; 22.68 ; 74.17 ; 22.48 ; 70.86
14:44:25;15428 ; 22.67 ; 74.18 ; 22.47 ; 70.83
14:44:28;15431 ; 22.67 ; 74.22 ; 22.48 ; 70.86
14:44:31;15434 ; 22.68 ; 74.19 ; 22.48 ; 70.83
14:44:34;15437 ; 22.67 ; 74.20 ; 22.47 ; 70.88
14:44:37;15440 ; 22.68 ; 74.18 ; 22.47 ; 70.85
14:44:40;15443 ; 22.67 ; 74.19 ; 22.46 ; 70.82
14:44:43;15446 ; 22.68 ; 74.17 ; 22.46 ; 70.86
14:44:46;15449 ; 22.68 ; 74.19 ; 22.49 ; 70.86
14:44:49;15452 ; 22.67 ; 74.18 ; 22.48 ; 70.85
14:44:52;15455 ; 22.68 ; 74.19 ; 22.47 ; 70.83
14:44:55;15458 ; 22.68 ; 74.18 ; 22.46 ; 70.82
14:44:58;15461 ; 22.68 ; 74.19 ; 22.47 ; 70.84
14:45:01;15464 ; 22.68 ; 74.18 ; 22.49 ; 70.85
14:45:04;15467 ; 22.68 ; 74.18 ; 22.47 ; 70.87
14:45:07;15470 ; 22.67 ; 74.19 ; 22.47 ; 70.85
14:45:10;15473 ; 22.68 ; 74.19 ; 22.47 ; 70.86
14:45:13;15476 ; 22.68 ; 74.19 ; 22.48 ; 70.84
14:45:16;15479 ; 22.68 ; 74.18 ; 22.49 ; 70.84
14:45:19;15482 ; 22.68 ; 74.19 ; 22.48 ; 70.83
14:45:22;15485 ; 22.67 ; 74.18 ; 22.47 ; 70.85
14:45:25;15488 ; 22.67 ; 74.19 ; 22.48 ; 70.85
14:45:28;15491 ; 22.67 ; 74.19 ; 22.47 ; 70.88
14:45:31;15494 ; 22.68 ; 74.19 ; 22.47 ; 70.84
14:45:34;15497 ; 22.68 ; 74.19 ; 22.47 ; 70.87
14:45:37;15500 ; 22.68 ; 74.20 ; 22.47 ; 70.84
14:45:40;15503 ; 22.68 ; 74.17 ; 22.48 ; 70.86
14:45:43;15506 ; 22.67 ; 74.19 ; 22.50 ; 70.86
14:45:46;15509 ; 22.68 ; 74.19 ; 22.48 ; 70.88
14:45:49;15512 ; 22.68 ; 74.19 ; 22.47 ; 70.86
14:45:52;15515 ; 22.68 ; 74.18 ; 22.47 ; 70.83
14:45:55;15518 ; 22.68 ; 74.18 ; 22.49 ; 70.84
14:45:58;15521 ; 22.68 ; 74.18 ; 22.46 ; 70.85
14:46:02;15524 ; 22.68 ; 74.19 ; 22.47 ; 70.84
14:46:05;15527 ; 22.68 ; 74.19 ; 22.50 ; 70.85
14:46:08;15530 ; 22.68 ; 74.19 ; 22.48 ; 70.84
14:46:11;15533 ; 22.68 ; 74.19 ; 22.48 ; 70.84
14:46:14;15536 ; 22.67 ; 74.19 ; 22.49 ; 70.84
14:46:17;15539 ; 22.67 ; 74.18 ; 22.47 ; 70.84
14:46:20;15542 ; 22.67 ; 74.19 ; 22.48 ; 70.84
14:46:23;15545 ; 22.68 ; 74.18 ; 22.50 ; 70.84
14:46:26;15548 ; 22.68 ; 74.18 ; 22.47 ; 70.83
14:46:29;15551 ; 22.68 ; 74.18 ; 22.47 ; 70.84
14:46:32;15554 ; 22.67 ; 74.18 ; 22.47 ; 70.82
14:46:35;15557 ; 22.68 ; 74.19 ; 22.46 ; 70.82
14:46:38;15560 ; 22.68 ; 74.18 ; 22.49 ; 70.86
14:46:41;15563 ; 22.68 ; 74.19 ; 22.48 ; 70.85
14:46:44;15566 ; 22.68 ; 74.18 ; 22.46 ; 70.85
14:46:47;15569 ; 22.68 ; 74.19 ; 22.48 ; 70.86
14:46:50;15572 ; 22.68 ; 74.17 ; 22.46 ; 70.84
14:46:53;15575 ; 22.68 ; 74.18 ; 22.48 ; 70.83
14:46:56;15578 ; 22.68 ; 74.18 ; 22.47 ; 70.85
14:46:59;15581 ; 22.68 ; 74.19 ; 22.49 ; 70.85
14:47:02;15584 ; 22.68 ; 74.18 ; 22.48 ; 70.86
14:47:05;15587 ; 22.68 ; 74.18 ; 22.49 ; 70.84
14:47:08;15590 ; 22.68 ; 74.18 ; 22.48 ; 70.84
14:47:11;15593 ; 22.68 ; 74.18 ; 22.48 ; 70.87
14:47:14;15596 ; 22.68 ; 74.17 ; 22.48 ; 70.84
14:47:17;15599 ; 22.69 ; 74.17 ; 22.49 ; 70.82
14:47:20;15602 ; 22.68 ; 74.17 ; 22.48 ; 70.84
14:47:23;15605 ; 22.69 ; 74.18 ; 22.48 ; 70.83
14:47:26;15608 ; 22.69 ; 74.17 ; 22.49 ; 70.86
14:47:29;15611 ; 22.68 ; 74.17 ; 22.48 ; 70.83
14:47:32;15614 ; 22.68 ; 74.17 ; 22.49 ; 70.83
14:47:35;15617 ; 22.68 ; 74.18 ; 22.48 ; 70.83
14:47:38;15620 ; 22.68 ; 74.18 ; 22.50 ; 70.86
14:47:41;15623 ; 22.68 ; 74.18 ; 22.48 ; 70.84
14:47:44;15626 ; 22.68 ; 74.17 ; 22.49 ; 70.83
14:47:47;15629 ; 22.69 ; 74.17 ; 22.47 ; 70.86
14:47:50;15632 ; 22.69 ; 74.17 ; 22.46 ; 70.84
14:47:53;15635 ; 22.68 ; 74.19 ; 22.50 ; 70.86
14:47:56;15638 ; 22.68 ; 74.17 ; 22.50 ; 70.84
14:47:59;15641 ; 22.68 ; 74.17 ; 22.48 ; 70.82
14:48:02;15644 ; 22.68 ; 74.18 ; 22.47 ; 70.83
14:48:05;15647 ; 22.69 ; 74.20 ; 22.47 ; 70.83
14:48:08;15650 ; 22.69 ; 74.20 ; 22.48 ; 70.86
14:48:11;15653 ; 22.68 ; 74.17 ; 22.47 ; 70.82
14:48:14;15656 ; 22.68 ; 74.18 ; 22.49 ; 70.82
14:48:17;15659 ; 22.68 ; 74.18 ; 22.49 ; 70.86
14:48:20;15662 ; 22.68 ; 74.19 ; 22.49 ; 70.84
14:48:23;15665 ; 22.68 ; 74.18 ; 22.49 ; 70.87
14:48:26;15668 ; 22.69 ; 74.17 ; 22.50 ; 70.85
14:48:29;15671 ; 22.68 ; 74.19 ; 22.48 ; 70.85
14:48:32;15674 ; 22.69 ; 74.17 ; 22.49 ; 70.85
14:48:35;15677 ; 22.68 ; 74.18 ; 22.50 ; 70.86
14:48:38;15680 ; 22.68 ; 74.18 ; 22.48 ; 70.86
14:48:41;15683 ; 22.68 ; 74.18 ; 22.50 ; 70.85
14:48:44;15686 ; 22.69 ; 74.18 ; 22.49 ; 70.82
14:48:47;15689 ; 22.68 ; 74.18 ; 22.49 ; 70.85
14:48:50;15692 ; 22.69 ; 74.18 ; 22.47 ; 70.82
14:48:53;15695 ; 22.68 ; 74.18 ; 22.48 ; 70.86
14:48:56;15698 ; 22.68 ; 74.18 ; 22.50 ; 70.87
14:48:59;15701 ; 22.69 ; 74.20 ; 22.46 ; 70.85
14:49:02;15704 ; 22.69 ; 74.15 ; 22.48 ; 70.85
14:49:05;15707 ; 22.68 ; 74.13 ; 22.47 ; 70.85
14:49:08;15710 ; 22.68 ; 74.17 ; 22.49 ; 70.86
14:49:11;15713 ; 22.69 ; 74.17 ; 22.47 ; 70.84
14:49:14;15716 ; 22.68 ; 74.17 ; 22.49 ; 70.85
14:49:17;15719 ; 22.69 ; 74.17 ; 22.47 ; 70.82
14:49:20;15722 ; 22.69 ; 74.18 ; 22.49 ; 70.85
14:49:23;15725 ; 22.69 ; 74.16 ; 22.48 ; 70.86
14:49:26;15728 ; 22.68 ; 74.15 ; 22.49 ; 70.83
14:49:29;15731 ; 22.68 ; 74.16 ; 22.50 ; 70.85
14:49:32;15734 ; 22.69 ; 74.16 ; 22.50 ; 70.84
14:49:35;15737 ; 22.68 ; 74.16 ; 22.48 ; 70.83
14:49:38;15740 ; 22.68 ; 74.18 ; 22.50 ; 70.84
14:49:41;15743 ; 22.68 ; 74.18 ; 22.50 ; 70.84
14:49:45;15746 ; 22.69 ; 74.17 ; 22.47 ; 70.84
14:49:48;15749 ; 22.69 ; 74.16 ; 22.49 ; 70.84
14:49:51;15752 ; 22.69 ; 74.16 ; 22.47 ; 70.83
14:49:54;15755 ; 22.68 ; 74.16 ; 22.50 ; 70.82
14:49:57;15758 ; 22.69 ; 74.17 ; 22.48 ; 70.84
14:50:00;15761 ; 22.68 ; 74.17 ; 22.48 ; 70.82
14:50:03;15764 ; 22.68 ; 74.17 ; 22.48 ; 70.81
14:50:06;15767 ; 22.68 ; 74.16 ; 22.50 ; 70.87
14:50:09;15770 ; 22.69 ; 74.17 ; 22.50 ; 70.85
14:50:12;15773 ; 22.68 ; 74.17 ; 22.47 ; 70.83
14:50:15;15776 ; 22.69 ; 74.15 ; 22.48 ; 70.81
14:50:18;15779 ; 22.68 ; 74.16 ; 22.50 ; 70.84
14:50:21;15782 ; 22.68 ; 74.16 ; 22.50 ; 70.84
14:50:24;15785 ; 22.69 ; 74.16 ; 22.50 ; 70.83
14:50:27;15788 ; 22.69 ; 74.16 ; 22.49 ; 70.83
14:50:30;15791 ; 22.68 ; 74.16 ; 22.48 ; 70.80
14:50:33;15794 ; 22.69 ; 74.16 ; 22.50 ; 70.82
14:50:36;15797 ; 22.69 ; 74.17 ; 22.46 ; 70.83
14:50:39;15800 ; 22.69 ; 74.17 ; 22.48 ; 70.86
14:50:42;15803 ; 22.69 ; 74.19 ; 22.47 ; 70.85
14:50:45;15806 ; 22.69 ; 74.19 ; 22.47 ; 70.84
14:50:48;15809 ; 22.69 ; 74.17 ; 22.49 ; 70.84
14:50:51;15812 ; 22.69 ; 74.17 ; 22.50 ; 70.85
14:50:54;15815 ; 22.69 ; 74.19 ; 22.49 ; 70.85
14:50:57;15818 ; 22.69 ; 74.19 ; 22.48 ; 70.83
14:51:00;15821 ; 22.69 ; 74.19 ; 22.48 ; 70.87
14:51:03;15824 ; 22.69 ; 74.18 ; 22.49 ; 70.84
14:51:06;15827 ; 22.69 ; 74.19 ; 22.50 ; 70.84
14:51:09;15830 ; 22.69 ; 74.18 ; 22.48 ; 70.84
14:51:12;15833 ; 22.69 ; 74.20 ; 22.50 ; 70.86
14:51:15;15836 ; 22.69 ; 74.21 ; 22.51 ; 70.86
14:51:18;15839 ; 22.69 ; 74.21 ; 22.48 ; 70.87
14:51:21;15842 ; 22.69 ; 74.19 ; 22.50 ; 70.86
14:51:24;15845 ; 22.69 ; 74.17 ; 22.48 ; 70.84
14:51:27;15848 ; 22.69 ; 74.17 ; 22.50 ; 70.87
14:51:30;15851 ; 22.69 ; 74.17 ; 22.50 ; 70.82
14:51:33;15854 ; 22.69 ; 74.17 ; 22.48 ; 70.85
14:51:36;15857 ; 22.69 ; 74.17 ; 22.48 ; 70.85
14:51:39;15860 ; 22.68 ; 74.17 ; 22.48 ; 70.85
14:51:42;15863 ; 22.69 ; 74.17 ; 22.48 ; 70.83
14:51:45;15866 ; 22.68 ; 74.17 ; 22.49 ; 70.83
14:51:48;15869 ; 22.69 ; 74.19 ; 22.49 ; 70.85
14:51:51;15872 ; 22.69 ; 74.17 ; 22.52 ; 70.82
14:51:54;15875 ; 22.69 ; 74.19 ; 22.48 ; 70.83
14:51:57;15878 ; 22.68 ; 74.17 ; 22.48 ; 70.84
14:52:00;15881 ; 22.69 ; 74.17 ; 22.48 ; 70.83
14:52:03;15884 ; 22.68 ; 74.17 ; 22.50 ; 70.84
14:52:06;15887 ; 22.68 ; 74.17 ; 22.49 ; 70.81
14:52:09;15890 ; 22.69 ; 74.17 ; 22.48 ; 70.86
14:52:12;15893 ; 22.68 ; 74.17 ; 22.48 ; 70.86
14:52:15;15896 ; 22.68 ; 74.18 ; 22.48 ; 70.84
14:52:18;15899 ; 22.69 ; 74.19 ; 22.50 ; 70.85
14:52:21;15902 ; 22.69 ; 74.19 ; 22.50 ; 70.88
14:52:24;15905 ; 22.69 ; 74.16 ; 22.50 ; 70.85
14:52:27;15908 ; 22.68 ; 74.18 ; 22.49 ; 70.82
14:52:30;15911 ; 22.69 ; 74.19 ; 22.50 ; 70.84
14:52:33;15914 ; 22.69 ; 74.16 ; 22.49 ; 70.83
14:52:36;15917 ; 22.69 ; 74.17 ; 22.48 ; 70.83
14:52:39;15920 ; 22.69 ; 74.17 ; 22.50 ; 70.85
14:52:42;15923 ; 22.69 ; 74.19 ; 22.50 ; 70.85
14:52:45;15926 ; 22.69 ; 74.17 ; 22.48 ; 70.86
14:52:48;15929 ; 22.69 ; 74.17 ; 22.48 ; 70.84
14:52:51;15932 ; 22.69 ; 74.16 ; 22.48 ; 70.84
14:52:54;15935 ; 22.69 ; 74.17 ; 22.50 ; 70.85
14:52:57;15938 ; 22.69 ; 74.17 ; 22.50 ; 70.86
14:53:00;15941 ; 22.69 ; 74.17 ; 22.51 ; 70.86
14:53:03;15944 ; 22.69 ; 74.17 ; 22.48 ; 70.84
14:53:06;15947 ; 22.69 ; 74.19 ; 22.49 ; 70.85
14:53:09;15950 ; 22.70 ; 74.19 ; 22.49 ; 70.85
14:53:12;15953 ; 22.69 ; 74.17 ; 22.49 ; 70.84
14:53:15;15956 ; 22.69 ; 74.17 ; 22.50 ; 70.85
14:53:18;15959 ; 22.69 ; 74.17 ; 22.47 ; 70.84
14:53:21;15962 ; 22.69 ; 74.20 ; 22.50 ; 70.84
14:53:24;15965 ; 22.69 ; 74.19 ; 22.48 ; 70.84
14:53:28;15968 ; 22.69 ; 74.17 ; 22.49 ; 70.87
14:53:31;15971 ; 22.69 ; 74.17 ; 22.47 ; 70.84
14:53:34;15974 ; 22.69 ; 74.20 ; 22.49 ; 70.84
14:53:37;15977 ; 22.69 ; 74.19 ; 22.48 ; 70.86
14:53:40;15980 ; 22.69 ; 74.16 ; 22.50 ; 70.83
14:53:43;15983 ; 22.69 ; 74.17 ; 22.50 ; 70.82
14:53:46;15986 ; 22.69 ; 74.16 ; 22.50 ; 70.84
14:53:49;15989 ; 22.69 ; 74.17 ; 22.49 ; 70.85
14:53:52;15992 ; 22.69 ; 74.19 ; 22.49 ; 70.83
14:53:55;15995 ; 22.69 ; 74.19 ; 22.48 ; 70.85
14:53:58;15998 ; 22.69 ; 74.17 ; 22.51 ; 70.83
14:54:01;16001 ; 22.69 ; 74.17 ; 22.48 ; 70.86
14:54:04;16004 ; 22.69 ; 74.17 ; 22.48 ; 70.81
14:54:07;16007 ; 22.69 ; 74.17 ; 22.51 ; 70.85
14:54:10;16010 ; 22.69 ; 74.17 ; 22.48 ; 70.86
14:54:13;16013 ; 22.69 ; 74.19 ; 22.50 ; 70.83
14:54:16;16016 ; 22.69 ; 74.16 ; 22.49 ; 70.85
14:54:19;16019 ; 22.69 ; 74.16 ; 22.49 ; 70.84
14:54:22;16022 ; 22.69 ; 74.19 ; 22.51 ; 70.83
14:54:25;16025 ; 22.69 ; 74.19 ; 22.50 ; 70.81
14:54:28;16028 ; 22.70 ; 74.17 ; 22.50 ; 70.83
14:54:31;16031 ; 22.69 ; 74.17 ; 22.49 ; 70.82
14:54:34;16034 ; 22.70 ; 74.19 ; 22.48 ; 70.84
14:54:37;16037 ; 22.70 ; 74.19 ; 22.51 ; 70.85
14:54:40;16040 ; 22.69 ; 74.17 ; 22.51 ; 70.84
14:54:43;16043 ; 22.70 ; 74.17 ; 22.50 ; 70.86
14:54:46;16046 ; 22.70 ; 74.16 ; 22.50 ; 70.84
14:54:49;16049 ; 22.70 ; 74.17 ; 22.51 ; 70.84
14:54:52;16052 ; 22.69 ; 74.17 ; 22.51 ; 70.85
14:54:55;16055 ; 22.70 ; 74.16 ; 22.50 ; 70.83
14:54:58;16058 ; 22.69 ; 74.17 ; 22.50 ; 70.85
14:55:01;16061 ; 22.69 ; 74.16 ; 22.51 ; 70.83
14:55:04;16064 ; 22.70 ; 74.19 ; 22.49 ; 70.86
14:55:07;16067 ; 22.69 ; 74.16 ; 22.52 ; 70.86
14:55:10;16070 ; 22.69 ; 74.17 ; 22.49 ; 70.82
14:55:13;16073 ; 22.69 ; 74.16 ; 22.51 ; 70.84
14:55:16;16076 ; 22.69 ; 74.16 ; 22.51 ; 70.81
14:55:19;16079 ; 22.69 ; 74.16 ; 22.49 ; 70.85
14:55:22;16082 ; 22.69 ; 74.16 ; 22.49 ; 70.83
14:55:25;16085 ; 22.70 ; 74.17 ; 22.48 ; 70.84
14:55:28;16088 ; 22.70 ; 74.16 ; 22.49 ; 70.83
14:55:31;16091 ; 22.69 ; 74.16 ; 22.49 ; 70.84
14:55:34;16094 ; 22.70 ; 74.16 ; 22.50 ; 70.83
14:55:37;16097 ; 22.69 ; 74.16 ; 22.47 ; 70.81
14:55:40;16100 ; 22.69 ; 74.17 ; 22.48 ; 70.83
14:55:43;16103 ; 22.69 ; 74.16 ; 22.50 ; 70.85
14:55:46;16106 ; 22.69 ; 74.16 ; 22.50 ; 70.84
14:55:49;16109 ; 22.69 ; 74.16 ; 22.50 ; 70.83
14:55:52;16112 ; 22.69 ; 74.15 ; 22.48 ; 70.82
14:55:55;16115 ; 22.69 ; 74.15 ; 22.50 ; 70.86
14:55:58;16118 ; 22.69 ; 74.15 ; 22.51 ; 70.82
14:56:01;16121 ; 22.69 ; 74.15 ; 22.50 ; 70.80
14:56:04;16124 ; 22.69 ; 74.15 ; 22.53 ; 70.85
14:56:07;16127 ; 22.70 ; 74.16 ; 22.50 ; 70.84
14:56:10;16130 ; 22.69 ; 74.14 ; 22.48 ; 70.82
14:56:13;16133 ; 22.70 ; 74.12 ; 22.48 ; 70.82
14:56:16;16136 ; 22.70 ; 74.15 ; 22.51 ; 70.82
14:56:19;16139 ; 22.70 ; 74.15 ; 22.48 ; 70.80
14:56:22;16142 ; 22.70 ; 74.15 ; 22.50 ; 70.81
14:56:25;16145 ; 22.70 ; 74.14 ; 22.48 ; 70.82
14:56:28;16148 ; 22.70 ; 74.14 ; 22.49 ; 70.83
14:56:31;16151 ; 22.70 ; 74.16 ; 22.50 ; 70.80
14:56:34;16154 ; 22.69 ; 74.16 ; 22.50 ; 70.82
14:56:37;16157 ; 22.70 ; 74.16 ; 22.49 ; 70.83
14:56:40;16160 ; 22.69 ; 74.17 ; 22.48 ; 70.82
14:56:43;16163 ; 22.70 ; 74.16 ; 22.50 ; 70.82
14:56:46;16166 ; 22.69 ; 74.16 ; 22.50 ; 70.84
14:56:49;16169 ; 22.70 ; 74.16 ; 22.49 ; 70.84
14:56:52;16172 ; 22.70 ; 74.16 ; 22.51 ; 70.86
14:56:55;16175 ; 22.70 ; 74.17 ; 22.50 ; 70.83
14:56:58;16178 ; 22.69 ; 74.16 ; 22.48 ; 70.83
14:57:01;16181 ; 22.70 ; 74.16 ; 22.51 ; 70.83
14:57:04;16184 ; 22.70 ; 74.16 ; 22.50 ; 70.83
14:57:07;16187 ; 22.70 ; 74.15 ; 22.51 ; 70.80
14:57:11;16190 ; 22.70 ; 74.17 ; 22.50 ; 70.83
14:57:14;16193 ; 22.70 ; 74.16 ; 22.50 ; 70.83
14:57:17;16196 ; 22.70 ; 74.17 ; 22.51 ; 70.85
14:57:20;16199 ; 22.70 ; 74.17 ; 22.49 ; 70.85
14:57:23;16202 ; 22.70 ; 74.17 ; 22.48 ; 70.84
14:57:26;16205 ; 22.70 ; 74.19 ; 22.50 ; 70.85
14:57:29;16208 ; 22.70 ; 74.15 ; 22.52 ; 70.82
14:57:32;16211 ; 22.70 ; 74.17 ; 22.49 ; 70.84
14:57:35;16214 ; 22.70 ; 74.16 ; 22.49 ; 70.85
14:57:38;16217 ; 22.70 ; 74.16 ; 22.50 ; 70.83
14:57:41;16220 ; 22.70 ; 74.16 ; 22.50 ; 70.83
14:57:44;16223 ; 22.70 ; 74.17 ; 22.50 ; 70.84
14:57:47;16226 ; 22.70 ; 74.16 ; 22.48 ; 70.83
14:57:50;16229 ; 22.69 ; 74.16 ; 22.49 ; 70.83
14:57:53;16232 ; 22.70 ; 74.17 ; 22.46 ; 70.82
14:57:56;16235 ; 22.70 ; 74.17 ; 22.49 ; 70.82
14:57:59;16238 ; 22.70 ; 74.17 ; 22.48 ; 70.83
14:58:02;16241 ; 22.70 ; 74.17 ; 22.48 ; 70.83
14:58:05;16244 ; 22.70 ; 74.16 ; 22.50 ; 70.84
14:58:08;16247 ; 22.70 ; 74.18 ; 22.50 ; 70.83
14:58:11;16250 ; 22.70 ; 74.18 ; 22.51 ; 70.85
14:58:14;16253 ; 22.70 ; 74.16 ; 22.50 ; 70.85
14:58:17;16256 ; 22.70 ; 74.16 ; 22.50 ; 70.85
14:58:20;16259 ; 22.70 ; 74.16 ; 22.50 ; 70.83
14:58:23;16262 ; 22.70 ; 74.17 ; 22.49 ; 70.83
14:58:26;16265 ; 22.70 ; 74.17 ; 22.50 ; 70.84
14:58:29;16268 ; 22.70 ; 74.16 ; 22.50 ; 70.84
14:58:32;16271 ; 22.70 ; 74.18 ; 22.50 ; 70.82
14:58:35;16274 ; 22.70 ; 74.16 ; 22.51 ; 70.83
14:58:38;16277 ; 22.70 ; 74.16 ; 22.51 ; 70.85
14:58:41;16280 ; 22.70 ; 74.16 ; 22.51 ; 70.83
14:58:44;16283 ; 22.70 ; 74.15 ; 22.50 ; 70.85
14:58:47;16286 ; 22.70 ; 74.16 ; 22.51 ; 70.83
14:58:50;16289 ; 22.70 ; 74.18 ; 22.52 ; 70.84
14:58:53;16292 ; 22.70 ; 74.17 ; 22.50 ; 70.83
14:58:56;16295 ; 22.70 ; 74.16 ; 22.48 ; 70.82
14:58:59;16298 ; 22.70 ; 74.17 ; 22.51 ; 70.84
14:59:02;16301 ; 22.70 ; 74.18 ; 22.48 ; 70.85
14:59:05;16304 ; 22.71 ; 74.18 ; 22.51 ; 70.82
14:59:08;16307 ; 22.70 ; 74.18 ; 22.50 ; 70.85
14:59:11;16310 ; 22.70 ; 74.18 ; 22.49 ; 70.85
14:59:14;16313 ; 22.70 ; 74.16 ; 22.50 ; 70.83
14:59:17;16316 ; 22.70 ; 74.17 ; 22.50 ; 70.82
14:59:20;16319 ; 22.70 ; 74.15 ; 22.51 ; 70.84
14:59:23;16322 ; 22.70 ; 74.15 ; 22.52 ; 70.81
14:59:26;16325 ; 22.71 ; 74.15 ; 22.51 ; 70.83
14:59:29;16328 ; 22.70 ; 74.14 ; 22.51 ; 70.82
14:59:32;16331 ; 22.71 ; 74.14 ; 22.50 ; 70.81
14:59:35;16334 ; 22.71 ; 74.15 ; 22.48 ; 70.79
14:59:38;16337 ; 22.70 ; 74.15 ; 22.50 ; 70.82
14:59:41;16340 ; 22.70 ; 74.17 ; 22.51 ; 70.79
14:59:44;16343 ; 22.70 ; 74.15 ; 22.50 ; 70.82
14:59:47;16346 ; 22.70 ; 74.15 ; 22.50 ; 70.82
14:59:50;16349 ; 22.70 ; 74.15 ; 22.50 ; 70.82
14:59:53;16352 ; 22.71 ; 74.15 ; 22.49 ; 70.83
14:59:56;16355 ; 22.70 ; 74.17 ; 22.50 ; 70.82
14:59:59;16358 ; 22.71 ; 74.14 ; 22.50 ; 70.81
15:00:02;16361 ; 22.70 ; 74.15 ; 22.48 ; 70.81
15:00:05;16364 ; 22.71 ; 74.15 ; 22.51 ; 70.84
15:00:08;16367 ; 22.71 ; 74.17 ; 22.50 ; 70.82
15:00:11;16370 ; 22.70 ; 74.15 ; 22.50 ; 70.81
15:00:14;16373 ; 22.71 ; 74.15 ; 22.52 ; 70.85
15:00:17;16376 ; 22.71 ; 74.16 ; 22.51 ; 70.82
15:00:20;16379 ; 22.71 ; 74.15 ; 22.51 ; 70.83
15:00:23;16382 ; 22.71 ; 74.16 ; 22.50 ; 70.85
15:00:26;16385 ; 22.70 ; 74.17 ; 22.50 ; 70.82
15:00:29;16388 ; 22.71 ; 74.15 ; 22.53 ; 70.84
15:00:32;16391 ; 22.70 ; 74.15 ; 22.50 ; 70.84
15:00:35;16394 ; 22.70 ; 74.17 ; 22.51 ; 70.85
15:00:38;16397 ; 22.70 ; 74.17 ; 22.47 ; 70.80
15:00:41;16400 ; 22.71 ; 74.17 ; 22.50 ; 70.82
15:00:44;16403 ; 22.71 ; 74.16 ; 22.51 ; 70.85
15:00:47;16406 ; 22.71 ; 74.17 ; 22.49 ; 70.84
15:00:50;16409 ; 22.71 ; 74.17 ; 22.51 ; 70.84
15:00:54;16412 ; 22.71 ; 74.17 ; 22.50 ; 70.83
15:00:57;16415 ; 22.71 ; 74.18 ; 22.51 ; 70.85
15:01:00;16418 ; 22.71 ; 74.18 ; 22.48 ; 70.81
15:01:03;16421 ; 22.71 ; 74.17 ; 22.51 ; 70.82
15:01:06;16424 ; 22.71 ; 74.17 ; 22.53 ; 70.86
15:01:09;16427 ; 22.71 ; 74.17 ; 22.51 ; 70.82
15:01:12;16430 ; 22.71 ; 74.18 ; 22.50 ; 70.82
15:01:15;16433 ; 22.72 ; 74.16 ; 22.51 ; 70.85
15:01:18;16436 ; 22.71 ; 74.17 ; 22.50 ; 70.85
15:01:21;16439 ; 22.71 ; 74.19 ; 22.51 ; 70.82
15:01:24;16442 ; 22.71 ; 74.16 ; 22.51 ; 70.81
15:01:27;16445 ; 22.71 ; 74.17 ; 22.51 ; 70.82
15:01:30;16448 ; 22.71 ; 74.17 ; 22.52 ; 70.84
15:01:33;16451 ; 22.71 ; 74.17 ; 22.51 ; 70.83
15:01:36;16454 ; 22.71 ; 74.17 ; 22.51 ; 70.84
15:01:39;16457 ; 22.71 ; 74.18 ; 22.51 ; 70.82
15:01:42;16460 ; 22.71 ; 74.18 ; 22.53 ; 70.83
15:01:45;16463 ; 22.70 ; 74.17 ; 22.53 ; 70.82
15:01:48;16466 ; 22.71 ; 74.17 ; 22.50 ; 70.82
15:01:51;16469 ; 22.71 ; 74.18 ; 22.51 ; 70.83
15:01:54;16472 ; 22.71 ; 74.18 ; 22.53 ; 70.84
15:01:57;16475 ; 22.71 ; 74.18 ; 22.51 ; 70.85
15:02:00;16478 ; 22.70 ; 74.19 ; 22.50 ; 70.87
15:02:03;16481 ; 22.71 ; 74.20 ; 22.52 ; 70.85
15:02:06;16484 ; 22.71 ; 74.18 ; 22.52 ; 70.85
15:02:09;16487 ; 22.71 ; 74.18 ; 22.51 ; 70.85
15:02:12;16490 ; 22.71 ; 74.19 ; 22.52 ; 70.86
15:02:15;16493 ; 22.71 ; 74.18 ; 22.51 ; 70.84
15:02:18;16496 ; 22.71 ; 74.18 ; 22.51 ; 70.83
15:02:21;16499 ; 22.71 ; 74.17 ; 22.51 ; 70.82
15:02:24;16502 ; 22.70 ; 74.15 ; 22.51 ; 70.83
15:02:27;16505 ; 22.71 ; 74.17 ; 22.53 ; 70.85
15:02:30;16508 ; 22.71 ; 74.16 ; 22.50 ; 70.82
15:02:33;16511 ; 22.71 ; 74.17 ; 22.50 ; 70.83
15:02:36;16514 ; 22.71 ; 74.16 ; 22.51 ; 70.86
15:02:39;16517 ; 22.71 ; 74.18 ; 22.51 ; 70.83
15:02:42;16520 ; 22.71 ; 74.12 ; 22.48 ; 70.84
15:02:45;16523 ; 22.71 ; 74.16 ; 22.51 ; 70.83
15:02:48;16526 ; 22.71 ; 74.17 ; 22.53 ; 70.83
15:02:51;16529 ; 22.71 ; 74.17 ; 22.54 ; 70.83
15:02:54;16532 ; 22.71 ; 74.16 ; 22.53 ; 70.83
15:02:57;16535 ; 22.71 ; 74.15 ; 22.50 ; 70.83
15:03:00;16538 ; 22.71 ; 74.14 ; 22.51 ; 70.83
15:03:03;16541 ; 22.71 ; 74.16 ; 22.51 ; 70.84
15:03:06;16544 ; 22.71 ; 74.18 ; 22.53 ; 70.85
15:03:09;16547 ; 22.71 ; 74.17 ; 22.51 ; 70.83
15:03:12;16550 ; 22.71 ; 74.17 ; 22.51 ; 70.82
15:03:15;16553 ; 22.71 ; 74.17 ; 22.50 ; 70.84
15:03:18;16556 ; 22.71 ; 74.16 ; 22.51 ; 70.83
15:03:21;16559 ; 22.71 ; 74.16 ; 22.50 ; 70.81
15:03:24;16562 ; 22.71 ; 74.17 ; 22.51 ; 70.82
15:03:27;16565 ; 22.71 ; 74.17 ; 22.51 ; 70.83
15:03:30;16568 ; 22.71 ; 74.17 ; 22.53 ; 70.87
15:03:33;16571 ; 22.72 ; 74.18 ; 22.50 ; 70.82
15:03:36;16574 ; 22.72 ; 74.18 ; 22.51 ; 70.83
15:03:39;16577 ; 22.71 ; 74.18 ; 22.50 ; 70.84
15:03:42;16580 ; 22.71 ; 74.18 ; 22.53 ; 70.83
15:03:45;16583 ; 22.71 ; 74.18 ; 22.51 ; 70.82
15:03:48;16586 ; 22.71 ; 74.19 ; 22.53 ; 70.85
15:03:51;16589 ; 22.71 ; 74.19 ; 22.52 ; 70.87
15:03:54;16592 ; 22.71 ; 74.20 ; 22.51 ; 70.85
15:03:57;16595 ; 22.71 ; 74.19 ; 22.51 ; 70.85
15:04:00;16598 ; 22.71 ; 74.18 ; 22.52 ; 70.84
15:04:03;16601 ; 22.71 ; 74.19 ; 22.50 ; 70.85
15:04:06;16604 ; 22.71 ; 74.18 ; 22.52 ; 70.85
15:04:09;16607 ; 22.71 ; 74.17 ; 22.50 ; 70.85
15:04:12;16610 ; 22.72 ; 74.18 ; 22.51 ; 70.88
15:04:15;16613 ; 22.71 ; 74.18 ; 22.52 ; 70.86
15:04:18;16616 ; 22.72 ; 74.18 ; 22.51 ; 70.87
15:04:21;16619 ; 22.72 ; 74.17 ; 22.52 ; 70.85
15:04:24;16622 ; 22.72 ; 74.17 ; 22.51 ; 70.85
15:04:27;16625 ; 22.71 ; 74.17 ; 22.51 ; 70.82
15:04:30;16628 ; 22.71 ; 74.18 ; 22.50 ; 70.87
15:04:33;16631 ; 22.71 ; 74.19 ; 22.52 ; 70.88
15:04:37;16634 ; 22.72 ; 74.18 ; 22.51 ; 70.85
15:04:40;16637 ; 22.71 ; 74.18 ; 22.53 ; 70.86
15:04:43;16640 ; 22.72 ; 74.18 ; 22.53 ; 70.84
15:04:46;16643 ; 22.72 ; 74.17 ; 22.51 ; 70.80
15:04:49;16646 ; 22.72 ; 74.16 ; 22.50 ; 70.82
15:04:52;16649 ; 22.71 ; 74.17 ; 22.53 ; 70.85
15:04:55;16652 ; 22.71 ; 74.17 ; 22.51 ; 70.84
15:04:58;16655 ; 22.72 ; 74.17 ; 22.52 ; 70.84
15:05:01;16658 ; 22.71 ; 74.17 ; 22.51 ; 70.84
15:05:04;16661 ; 22.71 ; 74.17 ; 22.51 ; 70.85
15:05:07;16664 ; 22.71 ; 74.17 ; 22.51 ; 70.83
15:05:10;16667 ; 22.72 ; 74.17 ; 22.53 ; 70.84
15:05:13;16670 ; 22.72 ; 74.18 ; 22.53 ; 70.85
15:05:16;16673 ; 22.71 ; 74.17 ; 22.52 ; 70.83
15:05:19;16676 ; 22.71 ; 74.18 ; 22.53 ; 70.83
15:05:22;16679 ; 22.71 ; 74.18 ; 22.51 ; 70.85
15:05:25;16682 ; 22.72 ; 74.19 ; 22.54 ; 70.83
15:05:28;16685 ; 22.71 ; 74.18 ; 22.51 ; 70.85
15:05:31;16688 ; 22.72 ; 74.19 ; 22.51 ; 70.85
15:05:34;16691 ; 22.72 ; 74.18 ; 22.50 ; 70.82
15:05:37;16694 ; 22.72 ; 74.18 ; 22.51 ; 70.84
15:05:40;16697 ; 22.71 ; 74.18 ; 22.51 ; 70.85
15:05:43;16700 ; 22.71 ; 74.19 ; 22.53 ; 70.83
15:05:46;16703 ; 22.71 ; 74.19 ; 22.51 ; 70.83
15:05:49;16706 ; 22.71 ; 74.19 ; 22.51 ; 70.84
15:05:52;16709 ; 22.71 ; 74.17 ; 22.54 ; 70.86
15:05:55;16712 ; 22.71 ; 74.17 ; 22.54 ; 70.84
15:05:58;16715 ; 22.71 ; 74.17 ; 22.51 ; 70.82
15:06:01;16718 ; 22.72 ; 74.18 ; 22.51 ; 70.83
15:06:04;16721 ; 22.72 ; 74.18 ; 22.51 ; 70.86
15:06:07;16724 ; 22.72 ; 74.17 ; 22.53 ; 70.84
15:06:10;16727 ; 22.72 ; 74.19 ; 22.54 ; 70.85
15:06:13;16730 ; 22.72 ; 74.19 ; 22.51 ; 70.83
15:06:16;16733 ; 22.72 ; 74.20 ; 22.51 ; 70.84
15:06:19;16736 ; 22.72 ; 74.18 ; 22.52 ; 70.86
15:06:22;16739 ; 22.72 ; 74.18 ; 22.50 ; 70.84
15:06:25;16742 ; 22.71 ; 74.18 ; 22.52 ; 70.83
15:06:28;16745 ; 22.72 ; 74.17 ; 22.53 ; 70.87
15:06:31;16748 ; 22.72 ; 74.18 ; 22.53 ; 70.87
15:06:34;16751 ; 22.72 ; 74.18 ; 22.50 ; 70.85
15:06:37;16754 ; 22.72 ; 74.19 ; 22.53 ; 70.87
15:06:40;16757 ; 22.72 ; 74.18 ; 22.51 ; 70.84
15:06:43;16760 ; 22.71 ; 74.19 ; 22.53 ; 70.85
15:06:46;16763 ; 22.71 ; 74.20 ; 22.52 ; 70.86
15:06:49;16766 ; 22.72 ; 74.17 ; 22.53 ; 70.84
15:06:52;16769 ; 22.72 ; 74.15 ; 22.53 ; 70.86
15:06:55;16772 ; 22.71 ; 74.19 ; 22.53 ; 70.85
15:06:58;16775 ; 22.71 ; 74.18 ; 22.51 ; 70.84
15:07:01;16778 ; 22.72 ; 74.18 ; 22.53 ; 70.85
15:07:04;16781 ; 22.72 ; 74.18 ; 22.51 ; 70.83
15:07:07;16784 ; 22.71 ; 74.17 ; 22.53 ; 70.85
15:07:10;16787 ; 22.72 ; 74.18 ; 22.52 ; 70.83
15:07:13;16790 ; 22.72 ; 74.17 ; 22.54 ; 70.87
15:07:16;16793 ; 22.71 ; 74.20 ; 22.53 ; 70.87
15:07:19;16796 ; 22.71 ; 74.19 ; 22.52 ; 70.85
15:07:22;16799 ; 22.72 ; 74.19 ; 22.51 ; 70.85
15:07:25;16802 ; 22.72 ; 74.19 ; 22.54 ; 70.86
15:07:28;16805 ; 22.72 ; 74.19 ; 22.52 ; 70.86
15:07:31;16808 ; 22.72 ; 74.19 ; 22.51 ; 70.86
15:07:34;16811 ; 22.72 ; 74.19 ; 22.53 ; 70.85
15:07:37;16814 ; 22.72 ; 74.19 ; 22.51 ; 70.84
15:07:40;16817 ; 22.72 ; 74.18 ; 22.53 ; 70.87
15:07:43;16820 ; 22.72 ; 74.18 ; 22.51 ; 70.86
15:07:46;16823 ; 22.72 ; 74.19 ; 22.52 ; 70.83
15:07:49;16826 ; 22.72 ; 74.16 ; 22.51 ; 70.85
15:07:52;16829 ; 22.72 ; 74.17 ; 22.51 ; 70.82
15:07:55;16832 ; 22.72 ; 74.16 ; 22.52 ; 70.84
15:07:58;16835 ; 22.72 ; 74.17 ; 22.53 ; 70.86
15:08:01;16838 ; 22.72 ; 74.18 ; 22.51 ; 70.84
15:08:04;16841 ; 22.72 ; 74.16 ; 22.53 ; 70.84
15:08:07;16844 ; 22.72 ; 74.15 ; 22.54 ; 70.83
15:08:10;16847 ; 22.72 ; 74.16 ; 22.53 ; 70.83
15:08:13;16850 ; 22.72 ; 74.16 ; 22.53 ; 70.85
15:08:16;16853 ; 22.72 ; 74.16 ; 22.53 ; 70.84
15:08:20;16856 ; 22.72 ; 74.17 ; 22.51 ; 70.81
15:08:23;16859 ; 22.71 ; 74.17 ; 22.52 ; 70.84
15:08:26;16862 ; 22.72 ; 74.18 ; 22.53 ; 70.83
15:08:29;16865 ; 22.72 ; 74.17 ; 22.53 ; 70.86
15:08:32;16868 ; 22.72 ; 74.16 ; 22.52 ; 70.83
15:08:35;16871 ; 22.72 ; 74.15 ; 22.54 ; 70.85
15:08:38;16874 ; 22.71 ; 74.16 ; 22.51 ; 70.82
15:08:41;16877 ; 22.72 ; 74.17 ; 22.53 ; 70.84
15:08:44;16880 ; 22.72 ; 74.17 ; 22.52 ; 70.83
15:08:47;16883 ; 22.72 ; 74.16 ; 22.54 ; 70.84
15:08:50;16886 ; 22.72 ; 74.16 ; 22.53 ; 70.85
15:08:53;16889 ; 22.72 ; 74.16 ; 22.52 ; 70.85
15:08:56;16892 ; 22.73 ; 74.17 ; 22.52 ; 70.82
15:08:59;16895 ; 22.72 ; 74.17 ; 22.52 ; 70.81
15:09:02;16898 ; 22.72 ; 74.16 ; 22.53 ; 70.84
15:09:05;16901 ; 22.72 ; 74.16 ; 22.52 ; 70.82
15:09:08;16904 ; 22.71 ; 74.16 ; 22.52 ; 70.82
15:09:11;16907 ; 22.72 ; 74.15 ; 22.52 ; 70.82
15:09:14;16910 ; 22.72 ; 74.13 ; 22.53 ; 70.82
15:09:17;16913 ; 22.72 ; 74.13 ; 22.50 ; 70.84
15:09:20;16916 ; 22.72 ; 74.15 ; 22.54 ; 70.82
15:09:23;16919 ; 22.72 ; 74.13 ; 22.53 ; 70.82
15:09:26;16922 ; 22.72 ; 74.16 ; 22.50 ; 70.84
15:09:29;16925 ; 22.72 ; 74.16 ; 22.52 ; 70.81
15:09:32;16928 ; 22.72 ; 74.15 ; 22.52 ; 70.83
15:09:35;16931 ; 22.72 ; 74.15 ; 22.51 ; 70.82
15:09:38;16934 ; 22.72 ; 74.15 ; 22.52 ; 70.80
15:09:41;16937 ; 22.72 ; 74.12 ; 22.54 ; 70.84
15:09:44;16940 ; 22.72 ; 74.13 ; 22.52 ; 70.82
15:09:47;16943 ; 22.72 ; 74.15 ; 22.51 ; 70.83
15:09:50;16946 ; 22.72 ; 74.15 ; 22.54 ; 70.83
15:09:53;16949 ; 22.72 ; 74.15 ; 22.55 ; 70.84
15:09:56;16952 ; 22.72 ; 74.13 ; 22.53 ; 70.81
15:09:59;16955 ; 22.72 ; 74.13 ; 22.53 ; 70.82
15:10:02;16958 ; 22.72 ; 74.13 ; 22.51 ; 70.81
15:10:05;16961 ; 22.72 ; 74.15 ; 22.52 ; 70.81
15:10:08;16964 ; 22.72 ; 74.12 ; 22.52 ; 70.83
15:10:11;16967 ; 22.72 ; 74.13 ; 22.54 ; 70.81
15:10:14;16970 ; 22.72 ; 74.13 ; 22.52 ; 70.83
15:10:17;16973 ; 22.73 ; 74.13 ; 22.52 ; 70.82
15:10:20;16976 ; 22.72 ; 74.13 ; 22.53 ; 70.82
15:10:23;16979 ; 22.72 ; 74.13 ; 22.53 ; 70.82
15:10:26;16982 ; 22.72 ; 74.13 ; 22.52 ; 70.80
15:10:29;16985 ; 22.73 ; 74.13 ; 22.50 ; 70.80
15:10:32;16988 ; 22.72 ; 74.15 ; 22.54 ; 70.82
15:10:35;16991 ; 22.72 ; 74.15 ; 22.53 ; 70.82
15:10:38;16994 ; 22.72 ; 74.13 ; 22.52 ; 70.81
15:10:41;16997 ; 22.72 ; 74.13 ; 22.53 ; 70.81
15:10:44;17000 ; 22.72 ; 74.13 ; 22.52 ; 70.83
15:10:47;17003 ; 22.72 ; 74.13 ; 22.51 ; 70.79
15:10:50;17006 ; 22.73 ; 74.15 ; 22.53 ; 70.80
15:10:53;17009 ; 22.72 ; 74.15 ; 22.54 ; 70.82
15:10:56;17012 ; 22.72 ; 74.15 ; 22.53 ; 70.82
15:10:59;17015 ; 22.72 ; 74.15 ; 22.51 ; 70.80
15:11:02;17018 ; 22.72 ; 74.15 ; 22.51 ; 70.82
15:11:05;17021 ; 22.73 ; 74.15 ; 22.54 ; 70.84
15:11:08;17024 ; 22.72 ; 74.13 ; 22.53 ; 70.83
15:11:11;17027 ; 22.73 ; 74.13 ; 22.52 ; 70.81
15:11:14;17030 ; 22.73 ; 74.12 ; 22.52 ; 70.79
15:11:17;17033 ; 22.72 ; 74.13 ; 22.52 ; 70.82
15:11:20;17036 ; 22.73 ; 74.13 ; 22.51 ; 70.80
15:11:23;17039 ; 22.72 ; 74.13 ; 22.52 ; 70.82
15:11:26;17042 ; 22.72 ; 74.13 ; 22.52 ; 70.83
15:11:29;17045 ; 22.72 ; 74.13 ; 22.54 ; 70.82
15:11:32;17048 ; 22.72 ; 74.12 ; 22.53 ; 70.80
15:11:35;17051 ; 22.73 ; 74.13 ; 22.54 ; 70.80
15:11:38;17054 ; 22.73 ; 74.12 ; 22.53 ; 70.80
15:11:41;17057 ; 22.73 ; 74.11 ; 22.54 ; 70.81
15:11:44;17060 ; 22.73 ; 74.13 ; 22.51 ; 70.80
15:11:47;17063 ; 22.73 ; 74.13 ; 22.52 ; 70.79
15:11:50;17066 ; 22.73 ; 74.13 ; 22.53 ; 70.81
15:11:53;17069 ; 22.73 ; 74.14 ; 22.53 ; 70.79
15:11:56;17072 ; 22.73 ; 74.15 ; 22.53 ; 70.82
15:11:59;17075 ; 22.72 ; 74.13 ; 22.52 ; 70.80
15:12:03;17078 ; 22.73 ; 74.12 ; 22.53 ; 70.82
15:12:06;17081 ; 22.73 ; 74.12 ; 22.54 ; 70.83
15:12:09;17084 ; 22.72 ; 74.12 ; 22.53 ; 70.81
15:12:12;17087 ; 22.73 ; 74.11 ; 22.54 ; 70.81
15:12:15;17090 ; 22.72 ; 74.11 ; 22.53 ; 70.82
15:12:18;17093 ; 22.72 ; 74.12 ; 22.53 ; 70.80
15:12:21;17096 ; 22.73 ; 74.12 ; 22.54 ; 70.78
15:12:24;17099 ; 22.73 ; 74.12 ; 22.54 ; 70.81
15:12:27;17102 ; 22.73 ; 74.12 ; 22.55 ; 70.83
15:12:30;17105 ; 22.73 ; 74.13 ; 22.53 ; 70.80
15:12:33;17108 ; 22.73 ; 74.13 ; 22.54 ; 70.82
15:12:36;17111 ; 22.73 ; 74.15 ; 22.52 ; 70.80
15:12:39;17114 ; 22.72 ; 74.16 ; 22.53 ; 70.80
15:12:42;17117 ; 22.73 ; 74.15 ; 22.53 ; 70.81
15:12:45;17120 ; 22.73 ; 74.15 ; 22.53 ; 70.81
15:12:48;17123 ; 22.73 ; 74.15 ; 22.52 ; 70.82
15:12:51;17126 ; 22.73 ; 74.15 ; 22.54 ; 70.84
15:12:54;17129 ; 22.73 ; 74.15 ; 22.54 ; 70.80
15:12:57;17132 ; 22.72 ; 74.16 ; 22.54 ; 70.82
15:13:00;17135 ; 22.73 ; 74.16 ; 22.54 ; 70.84
15:13:03;17138 ; 22.73 ; 74.15 ; 22.53 ; 70.83
15:13:06;17141 ; 22.73 ; 74.15 ; 22.53 ; 70.80
15:13:09;17144 ; 22.73 ; 74.15 ; 22.52 ; 70.83
15:13:12;17147 ; 22.73 ; 74.15 ; 22.54 ; 70.84
15:13:15;17150 ; 22.73 ; 74.15 ; 22.54 ; 70.81
15:13:18;17153 ; 22.73 ; 74.12 ; 22.53 ; 70.85
15:13:21;17156 ; 22.73 ; 74.13 ; 22.51 ; 70.84
15:13:24;17159 ; 22.73 ; 74.13 ; 22.54 ; 70.80
15:13:27;17162 ; 22.73 ; 74.13 ; 22.54 ; 70.80
15:13:30;17165 ; 22.73 ; 74.12 ; 22.53 ; 70.83
15:13:33;17168 ; 22.73 ; 74.12 ; 22.52 ; 70.82
15:13:36;17171 ; 22.73 ; 74.13 ; 22.53 ; 70.83
15:13:39;17174 ; 22.73 ; 74.14 ; 22.54 ; 70.83
15:13:42;17177 ; 22.73 ; 74.11 ; 22.54 ; 70.80
15:13:45;17180 ; 22.73 ; 74.12 ; 22.53 ; 70.84
15:13:48;17183 ; 22.73 ; 74.13 ; 22.53 ; 70.81
15:13:51;17186 ; 22.73 ; 74.15 ; 22.53 ; 70.79
15:13:54;17189 ; 22.73 ; 74.12 ; 22.52 ; 70.82
15:13:57;17192 ; 22.73 ; 74.12 ; 22.54 ; 70.82
15:14:00;17195 ; 22.73 ; 74.12 ; 22.54 ; 70.77
15:14:03;17198 ; 22.73 ; 74.13 ; 22.54 ; 70.84
15:14:06;17201 ; 22.73 ; 74.14 ; 22.53 ; 70.82
15:14:09;17204 ; 22.73 ; 74.12 ; 22.54 ; 70.80
15:14:12;17207 ; 22.73 ; 74.11 ; 22.53 ; 70.78
15:14:15;17210 ; 22.74 ; 74.14 ; 22.53 ; 70.79
15:14:18;17213 ; 22.73 ; 74.14 ; 22.51 ; 70.81
15:14:21;17216 ; 22.73 ; 74.12 ; 22.53 ; 70.82
15:14:24;17219 ; 22.73 ; 74.14 ; 22.54 ; 70.81
15:14:27;17222 ; 22.74 ; 74.14 ; 22.53 ; 70.79
15:14:30;17225 ; 22.73 ; 74.12 ; 22.53 ; 70.80
15:14:33;17228 ; 22.73 ; 74.14 ; 22.55 ; 70.81
15:14:36;17231 ; 22.73 ; 74.16 ; 22.54 ; 70.79
15:14:39;17234 ; 22.73 ; 74.15 ; 22.54 ; 70.82
15:14:42;17237 ; 22.73 ; 74.14 ; 22.54 ; 70.83
15:14:45;17240 ; 22.73 ; 74.15 ; 22.52 ; 70.81
15:14:48;17243 ; 22.73 ; 74.15 ; 22.52 ; 70.81
15:14:51;17246 ; 22.73 ; 74.15 ; 22.53 ; 70.83
15:14:54;17249 ; 22.73 ; 74.14 ; 22.54 ; 70.83
15:14:57;17252 ; 22.73 ; 74.14 ; 22.53 ; 70.80
15:15:00;17255 ; 22.73 ; 74.14 ; 22.54 ; 70.81
15:15:03;17258 ; 22.73 ; 74.15 ; 22.52 ; 70.84
15:15:06;17261 ; 22.73 ; 74.14 ; 22.54 ; 70.82
15:15:09;17264 ; 22.73 ; 74.13 ; 22.53 ; 70.80
15:15:12;17267 ; 22.73 ; 74.14 ; 22.55 ; 70.83
15:15:15;17270 ; 22.73 ; 74.14 ; 22.55 ; 70.79
15:15:18;17273 ; 22.73 ; 74.15 ; 22.53 ; 70.80
15:15:21;17276 ; 22.73 ; 74.15 ; 22.56 ; 70.81
15:15:24;17279 ; 22.73 ; 74.15 ; 22.52 ; 70.83
15:15:27;17282 ; 22.73 ; 74.15 ; 22.55 ; 70.80
15:15:30;17285 ; 22.73 ; 74.11 ; 22.52 ; 70.81
15:15:33;17288 ; 22.73 ; 74.11 ; 22.55 ; 70.81
15:15:36;17291 ; 22.73 ; 74.13 ; 22.54 ; 70.83
15:15:39;17294 ; 22.73 ; 74.12 ; 22.56 ; 70.81
15:15:42;17297 ; 22.73 ; 74.13 ; 22.54 ; 70.81
15:15:46;17300 ; 22.73 ; 74.14 ; 22.54 ; 70.82
15:15:49;17303 ; 22.73 ; 74.13 ; 22.53 ; 70.83
15:15:52;17306 ; 22.73 ; 74.14 ; 22.56 ; 70.81
15:15:55;17309 ; 22.73 ; 74.14 ; 22.54 ; 70.82
15:15:58;17312 ; 22.73 ; 74.14 ; 22.53 ; 70.82
15:16:01;17315 ; 22.73 ; 74.12 ; 22.51 ; 70.81
15:16:04;17318 ; 22.73 ; 74.14 ; 22.53 ; 70.83
15:16:07;17321 ; 22.74 ; 74.14 ; 22.53 ; 70.81
15:16:10;17324 ; 22.73 ; 74.12 ; 22.54 ; 70.82
15:16:13;17327 ; 22.73 ; 74.14 ; 22.54 ; 70.82
15:16:16;17330 ; 22.73 ; 74.14 ; 22.54 ; 70.82
15:16:19;17333 ; 22.73 ; 74.14 ; 22.53 ; 70.83
15:16:22;17336 ; 22.73 ; 74.12 ; 22.54 ; 70.82
15:16:25;17339 ; 22.74 ; 74.16 ; 22.54 ; 70.82
15:16:28;17342 ; 22.74 ; 74.13 ; 22.54 ; 70.81
15:16:31;17345 ; 22.73 ; 74.15 ; 22.54 ; 70.81
15:16:34;17348 ; 22.74 ; 74.14 ; 22.53 ; 70.83
15:16:37;17351 ; 22.73 ; 74.12 ; 22.55 ; 70.82
15:16:40;17354 ; 22.74 ; 74.13 ; 22.55 ; 70.83
15:16:43;17357 ; 22.74 ; 74.12 ; 22.56 ; 70.82
15:16:46;17360 ; 22.74 ; 74.12 ; 22.52 ; 70.79
15:16:49;17363 ; 22.74 ; 74.12 ; 22.54 ; 70.80
15:16:52;17366 ; 22.73 ; 74.12 ; 22.54 ; 70.81
15:16:55;17369 ; 22.73 ; 74.12 ; 22.53 ; 70.80
15:16:58;17372 ; 22.73 ; 74.11 ; 22.54 ; 70.82
15:17:01;17375 ; 22.74 ; 74.12 ; 22.54 ; 70.81
15:17:04;17378 ; 22.74 ; 74.12 ; 22.54 ; 70.80
15:17:07;17381 ; 22.74 ; 74.10 ; 22.54 ; 70.79
15:17:10;17384 ; 22.73 ; 74.11 ; 22.54 ; 70.80
15:17:13;17387 ; 22.74 ; 74.10 ; 22.54 ; 70.81
15:17:16;17390 ; 22.73 ; 74.11 ; 22.55 ; 70.81
15:17:19;17393 ; 22.73 ; 74.10 ; 22.54 ; 70.82
15:17:22;17396 ; 22.73 ; 74.12 ; 22.55 ; 70.81
15:17:25;17399 ; 22.73 ; 74.12 ; 22.54 ; 70.82
15:17:28;17402 ; 22.74 ; 74.13 ; 22.54 ; 70.80
15:17:31;17405 ; 22.73 ; 74.12 ; 22.52 ; 70.80
15:17:34;17408 ; 22.73 ; 74.12 ; 22.54 ; 70.80
15:17:37;17411 ; 22.73 ; 74.11 ; 22.51 ; 70.80
15:17:40;17414 ; 22.73 ; 74.11 ; 22.54 ; 70.80
15:17:43;17417 ; 22.73 ; 74.11 ; 22.51 ; 70.80
15:17:46;17420 ; 22.73 ; 74.09 ; 22.54 ; 70.80
15:17:49;17423 ; 22.74 ; 74.12 ; 22.55 ; 70.81
15:17:52;17426 ; 22.74 ; 74.10 ; 22.51 ; 70.78
15:17:55;17429 ; 22.73 ; 74.11 ; 22.53 ; 70.80
15:17:58;17432 ; 22.73 ; 74.11 ; 22.55 ; 70.81
15:18:01;17435 ; 22.73 ; 74.11 ; 22.56 ; 70.80
15:18:04;17438 ; 22.73 ; 74.12 ; 22.56 ; 70.81
15:18:07;17441 ; 22.73 ; 74.11 ; 22.51 ; 70.80
15:18:10;17444 ; 22.73 ; 74.12 ; 22.55 ; 70.79
15:18:13;17447 ; 22.73 ; 74.12 ; 22.53 ; 70.82
15:18:16;17450 ; 22.74 ; 74.09 ; 22.56 ; 70.77
15:18:19;17453 ; 22.74 ; 74.09 ; 22.53 ; 70.81
15:18:22;17456 ; 22.73 ; 74.09 ; 22.53 ; 70.83
15:18:25;17459 ; 22.73 ; 74.11 ; 22.53 ; 70.80
15:18:28;17462 ; 22.73 ; 74.11 ; 22.54 ; 70.81
15:18:31;17465 ; 22.73 ; 74.10 ; 22.54 ; 70.79
15:18:34;17468 ; 22.73 ; 74.11 ; 22.54 ; 70.80
15:18:37;17471 ; 22.73 ; 74.10 ; 22.55 ; 70.81
15:18:40;17474 ; 22.73 ; 74.12 ; 22.53 ; 70.82
15:18:43;17477 ; 22.73 ; 74.11 ; 22.55 ; 70.81
15:18:46;17480 ; 22.74 ; 74.12 ; 22.53 ; 70.81
15:18:49;17483 ; 22.73 ; 74.12 ; 22.55 ; 70.79
15:18:52;17486 ; 22.73 ; 74.11 ; 22.55 ; 70.82
15:18:55;17489 ; 22.73 ; 74.11 ; 22.55 ; 70.81
15:18:58;17492 ; 22.73 ; 74.10 ; 22.54 ; 70.80
15:19:01;17495 ; 22.74 ; 74.12 ; 22.51 ; 70.80
15:19:04;17498 ; 22.73 ; 74.10 ; 22.53 ; 70.83
15:19:07;17501 ; 22.73 ; 74.11 ; 22.52 ; 70.79
15:19:10;17504 ; 22.73 ; 74.11 ; 22.54 ; 70.79
15:19:13;17507 ; 22.74 ; 74.10 ; 22.54 ; 70.82
15:19:16;17510 ; 22.74 ; 74.12 ; 22.54 ; 70.81
15:19:19;17513 ; 22.73 ; 74.07 ; 22.53 ; 70.82
15:19:22;17516 ; 22.73 ; 74.11 ; 22.57 ; 70.82
15:19:25;17519 ; 22.74 ; 74.12 ; 22.55 ; 70.80
15:19:29;17522 ; 22.74 ; 74.12 ; 22.56 ; 70.80
15:19:32;17525 ; 22.73 ; 74.11 ; 22.51 ; 70.80
15:19:35;17528 ; 22.73 ; 74.10 ; 22.55 ; 70.81
15:19:38;17531 ; 22.73 ; 74.11 ; 22.51 ; 70.79
15:19:41;17534 ; 22.73 ; 74.11 ; 22.54 ; 70.81
15:19:44;17537 ; 22.73 ; 74.11 ; 22.54 ; 70.80
15:19:47;17540 ; 22.73 ; 74.11 ; 22.54 ; 70.80
15:19:50;17543 ; 22.73 ; 74.10 ; 22.55 ; 70.78
15:19:53;17546 ; 22.73 ; 74.10 ; 22.53 ; 70.79
15:19:56;17549 ; 22.73 ; 74.10 ; 22.54 ; 70.80
15:19:59;17552 ; 22.74 ; 74.12 ; 22.55 ; 70.81
15:20:02;17555 ; 22.73 ; 74.10 ; 22.54 ; 70.78
15:20:05;17558 ; 22.73 ; 74.10 ; 22.51 ; 70.80
15:20:08;17561 ; 22.73 ; 74.11 ; 22.55 ; 70.82
15:20:11;17564 ; 22.73 ; 74.11 ; 22.53 ; 70.80
15:20:14;17567 ; 22.73 ; 74.11 ; 22.52 ; 70.80
15:20:17;17570 ; 22.73 ; 74.12 ; 22.53 ; 70.79
15:20:20;17573 ; 22.73 ; 74.09 ; 22.53 ; 70.81
15:20:23;17576 ; 22.74 ; 74.09 ; 22.56 ; 70.82
15:20:26;17579 ; 22.74 ; 74.09 ; 22.54 ; 70.81
15:20:29;17582 ; 22.73 ; 74.07 ; 22.51 ; 70.76
15:20:32;17585 ; 22.73 ; 74.08 ; 22.52 ; 70.78
15:20:35;17588 ; 22.73 ; 74.08 ; 22.54 ; 70.79
15:20:38;17591 ; 22.73 ; 74.09 ; 22.53 ; 70.78
15:20:41;17594 ; 22.73 ; 74.09 ; 22.54 ; 70.78
15:20:44;17597 ; 22.73 ; 74.09 ; 22.52 ; 70.78
15:20:47;17600 ; 22.73 ; 74.10 ; 22.54 ; 70.79
15:20:50;17603 ; 22.73 ; 74.10 ; 22.55 ; 70.82
15:20:53;17606 ; 22.73 ; 74.10 ; 22.53 ; 70.80
15:20:56;17609 ; 22.73 ; 74.11 ; 22.56 ; 70.79
15:20:59;17612 ; 22.73 ; 74.11 ; 22.53 ; 70.80
15:21:02;17615 ; 22.74 ; 74.10 ; 22.54 ; 70.80
15:21:05;17618 ; 22.74 ; 74.09 ; 22.54 ; 70.80
15:21:08;17621 ; 22.73 ; 74.10 ; 22.54 ; 70.78
15:21:11;17624 ; 22.73 ; 74.10 ; 22.55 ; 70.78
15:21:14;17627 ; 22.74 ; 74.09 ; 22.56 ; 70.76
15:21:17;17630 ; 22.73 ; 74.08 ; 22.54 ; 70.78
15:21:20;17633 ; 22.74 ; 74.08 ; 22.55 ; 70.80
15:21:23;17636 ; 22.73 ; 74.09 ; 22.54 ; 70.77
15:21:26;17639 ; 22.74 ; 74.09 ; 22.52 ; 70.76
15:21:29;17642 ; 22.73 ; 74.07 ; 22.53 ; 70.78
15:21:32;17645 ; 22.74 ; 74.08 ; 22.54 ; 70.78
15:21:35;17648 ; 22.74 ; 74.08 ; 22.54 ; 70.79
15:21:38;17651 ; 22.74 ; 74.08 ; 22.54 ; 70.78
15:21:41;17654 ; 22.74 ; 74.07 ; 22.55 ; 70.80
15:21:44;17657 ; 22.73 ; 74.08 ; 22.54 ; 70.78
15:21:47;17660 ; 22.73 ; 74.10 ; 22.53 ; 70.79
15:21:50;17663 ; 22.73 ; 74.10 ; 22.51 ; 70.77
15:21:53;17666 ; 22.74 ; 74.09 ; 22.54 ; 70.77
15:21:56;17669 ; 22.74 ; 74.10 ; 22.54 ; 70.80
15:21:59;17672 ; 22.73 ; 74.09 ; 22.54 ; 70.77
15:22:02;17675 ; 22.74 ; 74.08 ; 22.54 ; 70.78
15:22:05;17678 ; 22.73 ; 74.09 ; 22.53 ; 70.77
15:22:08;17681 ; 22.73 ; 74.09 ; 22.54 ; 70.79
15:22:11;17684 ; 22.74 ; 74.09 ; 22.53 ; 70.78
15:22:14;17687 ; 22.74 ; 74.09 ; 22.55 ; 70.76
15:22:17;17690 ; 22.73 ; 74.09 ; 22.55 ; 70.77
15:22:20;17693 ; 22.74 ; 74.09 ; 22.55 ; 70.76
15:22:23;17696 ; 22.74 ; 74.09 ; 22.54 ; 70.79
15:22:26;17699 ; 22.74 ; 74.09 ; 22.52 ; 70.78
15:22:29;17702 ; 22.73 ; 74.09 ; 22.55 ; 70.79
15:22:32;17705 ; 22.73 ; 74.10 ; 22.56 ; 70.79
15:22:35;17708 ; 22.73 ; 74.09 ; 22.52 ; 70.79
15:22:38;17711 ; 22.73 ; 74.10 ; 22.54 ; 70.79
15:22:41;17714 ; 22.73 ; 74.09 ; 22.55 ; 70.80
15:22:44;17717 ; 22.73 ; 74.09 ; 22.54 ; 70.78
15:22:47;17720 ; 22.73 ; 74.08 ; 22.54 ; 70.77
15:22:50;17723 ; 22.74 ; 74.09 ; 22.54 ; 70.79
15:22:53;17726 ; 22.73 ; 74.09 ; 22.54 ; 70.79
15:22:56;17729 ; 22.73 ; 74.08 ; 22.51 ; 70.80
15:22:59;17732 ; 22.73 ; 74.09 ; 22.53 ; 70.78
15:23:02;17735 ; 22.73 ; 74.08 ; 22.54 ; 70.77
15:23:05;17738 ; 22.73 ; 74.09 ; 22.55 ; 70.79
15:23:08;17741 ; 22.73 ; 74.09 ; 22.54 ; 70.78
15:23:12;17744 ; 22.73 ; 74.09 ; 22.51 ; 70.80
15:23:15;17747 ; 22.73 ; 74.09 ; 22.53 ; 70.78
15:23:18;17750 ; 22.73 ; 74.08 ; 22.54 ; 70.80
15:23:21;17753 ; 22.73 ; 74.09 ; 22.53 ; 70.78
15:23:24;17756 ; 22.73 ; 74.09 ; 22.55 ; 70.79
15:23:27;17759 ; 22.73 ; 74.09 ; 22.54 ; 70.79
15:23:30;17762 ; 22.73 ; 74.09 ; 22.54 ; 70.81
15:23:33;17765 ; 22.73 ; 74.09 ; 22.53 ; 70.79
15:23:36;17768 ; 22.73 ; 74.08 ; 22.53 ; 70.80
15:23:39;17771 ; 22.73 ; 74.08 ; 22.54 ; 70.79
15:23:42;17774 ; 22.73 ; 74.08 ; 22.53 ; 70.79
15:23:45;17777 ; 22.73 ; 74.09 ; 22.55 ; 70.78
15:23:48;17780 ; 22.73 ; 74.07 ; 22.53 ; 70.77
15:23:51;17783 ; 22.73 ; 74.08 ; 22.54 ; 70.76
15:23:54;17786 ; 22.73 ; 74.09 ; 22.53 ; 70.76
15:23:57;17789 ; 22.73 ; 74.09 ; 22.54 ; 70.76
15:24:00;17792 ; 22.73 ; 74.08 ; 22.53 ; 70.78
15:24:03;17795 ; 22.74 ; 74.08 ; 22.53 ; 70.77
15:24:06;17798 ; 22.74 ; 74.08 ; 22.54 ; 70.78
15:24:09;17801 ; 22.74 ; 74.08 ; 22.56 ; 70.79
15:24:12;17804 ; 22.73 ; 74.09 ; 22.53 ; 70.79
15:24:15;17807 ; 22.73 ; 74.09 ; 22.56 ; 70.80
15:24:18;17810 ; 22.73 ; 74.10 ; 22.55 ; 70.77
15:24:21;17813 ; 22.74 ; 74.12 ; 22.54 ; 70.80
15:24:24;17816 ; 22.73 ; 74.07 ; 22.54 ; 70.80
15:24:27;17819 ; 22.73 ; 74.07 ; 22.54 ; 70.76
15:24:30;17822 ; 22.74 ; 74.08 ; 22.55 ; 70.78
15:24:33;17825 ; 22.73 ; 74.08 ; 22.53 ; 70.78
15:24:36;17828 ; 22.73 ; 74.07 ; 22.52 ; 70.75
15:24:39;17831 ; 22.73 ; 74.07 ; 22.54 ; 70.76
15:24:42;17834 ; 22.73 ; 74.08 ; 22.53 ; 70.75
15:24:45;17837 ; 22.74 ; 74.07 ; 22.53 ; 70.78
15:24:48;17840 ; 22.74 ; 74.07 ; 22.54 ; 70.79
15:24:51;17843 ; 22.73 ; 74.07 ; 22.54 ; 70.76
15:24:54;17846 ; 22.73 ; 74.07 ; 22.53 ; 70.78
15:24:57;17849 ; 22.73 ; 74.08 ; 22.55 ; 70.75
15:25:00;17852 ; 22.73 ; 74.08 ; 22.53 ; 70.77
15:25:03;17855 ; 22.74 ; 74.08 ; 22.53 ; 70.78
15:25:06;17858 ; 22.74 ; 74.06 ; 22.53 ; 70.76
15:25:09;17861 ; 22.74 ; 74.08 ; 22.54 ; 70.77
15:25:12;17864 ; 22.74 ; 74.09 ; 22.54 ; 70.80
15:25:15;17867 ; 22.75 ; 74.08 ; 22.55 ; 70.76
15:25:18;17870 ; 22.74 ; 74.09 ; 22.54 ; 70.79
15:25:21;17873 ; 22.74 ; 74.09 ; 22.54 ; 70.79
15:25:24;17876 ; 22.74 ; 74.09 ; 22.54 ; 70.80
15:25:27;17879 ; 22.74 ; 74.10 ; 22.55 ; 70.81
15:25:30;17882 ; 22.74 ; 74.09 ; 22.56 ; 70.80
15:25:33;17885 ; 22.74 ; 74.10 ; 22.54 ; 70.79
15:25:36;17888 ; 22.74 ; 74.09 ; 22.56 ; 70.80
15:25:39;17891 ; 22.74 ; 74.08 ; 22.53 ; 70.77
15:25:42;17894 ; 22.74 ; 74.09 ; 22.53 ; 70.77
15:25:45;17897 ; 22.74 ; 74.09 ; 22.54 ; 70.79
15:25:48;17900 ; 22.74 ; 74.10 ; 22.53 ; 70.75
15:25:51;17903 ; 22.74 ; 74.10 ; 22.53 ; 70.78
15:25:54;17906 ; 22.74 ; 74.09 ; 22.53 ; 70.78
15:25:57;17909 ; 22.74 ; 74.08 ; 22.53 ; 70.81
15:26:00;17912 ; 22.74 ; 74.08 ; 22.53 ; 70.79
15:26:03;17915 ; 22.74 ; 74.08 ; 22.54 ; 70.80
15:26:06;17918 ; 22.73 ; 74.09 ; 22.55 ; 70.78
15:26:09;17921 ; 22.74 ; 74.09 ; 22.53 ; 70.78
15:26:12;17924 ; 22.74 ; 74.10 ; 22.54 ; 70.81
15:26:15;17927 ; 22.74 ; 74.09 ; 22.56 ; 70.80
15:26:18;17930 ; 22.74 ; 74.10 ; 22.54 ; 70.77
15:26:21;17933 ; 22.74 ; 74.10 ; 22.56 ; 70.78
15:26:24;17936 ; 22.74 ; 74.09 ; 22.56 ; 70.78
15:26:27;17939 ; 22.74 ; 74.08 ; 22.54 ; 70.80
15:26:30;17942 ; 22.74 ; 74.08 ; 22.54 ; 70.79
15:26:33;17945 ; 22.74 ; 74.09 ; 22.54 ; 70.75
15:26:36;17948 ; 22.74 ; 74.09 ; 22.56 ; 70.77
15:26:39;17951 ; 22.74 ; 74.10 ; 22.53 ; 70.80
15:26:42;17954 ; 22.74 ; 74.09 ; 22.54 ; 70.78
15:26:45;17957 ; 22.74 ; 74.08 ; 22.53 ; 70.78
15:26:48;17960 ; 22.74 ; 74.09 ; 22.54 ; 70.76
15:26:51;17963 ; 22.74 ; 74.10 ; 22.54 ; 70.78
15:26:55;17966 ; 22.74 ; 74.09 ; 22.55 ; 70.79
15:26:58;17969 ; 22.74 ; 74.09 ; 22.54 ; 70.79
15:27:01;17972 ; 22.74 ; 74.08 ; 22.55 ; 70.78
15:27:04;17975 ; 22.74 ; 74.08 ; 22.54 ; 70.77
15:27:07;17978 ; 22.74 ; 74.07 ; 22.53 ; 70.77
15:27:10;17981 ; 22.74 ; 74.07 ; 22.53 ; 70.77
15:27:13;17984 ; 22.74 ; 74.07 ; 22.54 ; 70.77
15:27:16;17987 ; 22.75 ; 74.08 ; 22.54 ; 70.77
15:27:19;17990 ; 22.74 ; 74.07 ; 22.53 ; 70.76
15:27:22;17993 ; 22.74 ; 74.09 ; 22.54 ; 70.78
15:27:25;17996 ; 22.74 ; 74.08 ; 22.55 ; 70.78
15:27:28;17999 ; 22.74 ; 74.07 ; 22.54 ; 70.77
15:27:31;18002 ; 22.74 ; 74.07 ; 22.56 ; 70.81
15:27:34;18005 ; 22.74 ; 74.07 ; 22.54 ; 70.78
15:27:37;18008 ; 22.74 ; 74.07 ; 22.54 ; 70.79
15:27:40;18011 ; 22.74 ; 74.08 ; 22.54 ; 70.76
15:27:43;18014 ; 22.75 ; 74.07 ; 22.56 ; 70.80
15:27:46;18017 ; 22.74 ; 74.08 ; 22.53 ; 70.80
15:27:49;18020 ; 22.73 ; 74.09 ; 22.53 ; 70.78
15:27:52;18023 ; 22.74 ; 74.09 ; 22.54 ; 70.77
15:27:55;18026 ; 22.74 ; 74.07 ; 22.55 ; 70.78
15:27:58;18029 ; 22.74 ; 74.08 ; 22.55 ; 70.79
15:28:01;18032 ; 22.74 ; 74.08 ; 22.54 ; 70.77
15:28:04;18035 ; 22.73 ; 74.08 ; 22.56 ; 70.77
15:28:07;18038 ; 22.74 ; 74.07 ; 22.53 ; 70.79
15:28:10;18041 ; 22.74 ; 74.07 ; 22.54 ; 70.77
15:28:13;18044 ; 22.74 ; 74.09 ; 22.56 ; 70.79
15:28:16;18047 ; 22.73 ; 74.10 ; 22.54 ; 70.79
15:28:19;18050 ; 22.74 ; 74.09 ; 22.56 ; 70.79
15:28:22;18053 ; 22.74 ; 74.08 ; 22.56 ; 70.80
15:28:25;18056 ; 22.73 ; 74.09 ; 22.54 ; 70.79
15:28:28;18059 ; 22.74 ; 74.10 ; 22.56 ; 70.82
15:28:31;18062 ; 22.74 ; 74.10 ; 22.54 ; 70.79
15:28:34;18065 ; 22.74 ; 74.10 ; 22.57 ; 70.80
15:28:37;18068 ; 22.74 ; 74.10 ; 22.55 ; 70.80
15:28:40;18071 ; 22.74 ; 74.09 ; 22.56 ; 70.80
15:28:43;18074 ; 22.74 ; 74.09 ; 22.56 ; 70.78
15:28:46;18077 ; 22.73 ; 74.09 ; 22.53 ; 70.82
15:28:49;18080 ; 22.73 ; 74.09 ; 22.54 ; 70.78
15:28:52;18083 ; 22.74 ; 74.09 ; 22.54 ; 70.80
15:28:55;18086 ; 22.74 ; 74.09 ; 22.54 ; 70.80
15:28:58;18089 ; 22.74 ; 74.09 ; 22.55 ; 70.80
15:29:01;18092 ; 22.74 ; 74.08 ; 22.56 ; 70.78
15:29:04;18095 ; 22.73 ; 74.09 ; 22.54 ; 70.79
15:29:07;18098 ; 22.74 ; 74.09 ; 22.54 ; 70.79
15:29:10;18101 ; 22.73 ; 74.09 ; 22.56 ; 70.81
15:29:13;18104 ; 22.73 ; 74.09 ; 22.54 ; 70.77
15:29:16;18107 ; 22.74 ; 74.08 ; 22.54 ; 70.78
15:29:19;18110 ; 22.74 ; 74.10 ; 22.54 ; 70.77
15:29:22;18113 ; 22.74 ; 74.09 ; 22.55 ; 70.79
15:29:25;18116 ; 22.74 ; 74.08 ; 22.55 ; 70.78
15:29:28;18119 ; 22.74 ; 74.09 ; 22.55 ; 70.78
15:29:31;18122 ; 22.73 ; 74.08 ; 22.56 ; 70.77
15:29:34;18125 ; 22.74 ; 74.06 ; 22.54 ; 70.80
15:29:37;18128 ; 22.74 ; 74.08 ; 22.55 ; 70.78
15:29:40;18131 ; 22.74 ; 74.08 ; 22.54 ; 70.77
15:29:43;18134 ; 22.74 ; 74.08 ; 22.56 ; 70.80
15:29:46;18137 ; 22.74 ; 74.09 ; 22.55 ; 70.79
15:29:49;18140 ; 22.74 ; 74.09 ; 22.54 ; 70.79
15:29:52;18143 ; 22.73 ; 74.08 ; 22.56 ; 70.77
15:29:55;18146 ; 22.73 ; 74.08 ; 22.56 ; 70.78
15:29:58;18149 ; 22.74 ; 74.10 ; 22.55 ; 70.81
15:30:01;18152 ; 22.73 ; 74.09 ; 22.55 ; 70.79
15:30:04;18155 ; 22.73 ; 74.09 ; 22.55 ; 70.81
15:30:07;18158 ; 22.74 ; 74.10 ; 22.54 ; 70.81
15:30:10;18161 ; 22.74 ; 74.10 ; 22.55 ; 70.79
15:30:13;18164 ; 22.74 ; 74.09 ; 22.56 ; 70.80
15:30:16;18167 ; 22.74 ; 74.09 ; 22.55 ; 70.78
15:30:19;18170 ; 22.74 ; 74.10 ; 22.56 ; 70.80
15:30:22;18173 ; 22.73 ; 74.09 ; 22.53 ; 70.81
15:30:25;18176 ; 22.74 ; 74.09 ; 22.54 ; 70.79
15:30:28;18179 ; 22.74 ; 74.07 ; 22.54 ; 70.80
15:30:31;18182 ; 22.74 ; 74.14 ; 22.55 ; 70.77
15:30:34;18185 ; 22.74 ; 74.09 ; 22.53 ; 70.81
15:30:38;18188 ; 22.73 ; 74.09 ; 22.54 ; 70.78
15:30:41;18191 ; 22.74 ; 74.09 ; 22.56 ; 70.80
15:30:44;18194 ; 22.74 ; 74.09 ; 22.54 ; 70.79
15:30:47;18197 ; 22.74 ; 74.08 ; 22.55 ; 70.80
15:30:50;18200 ; 22.74 ; 74.08 ; 22.52 ; 70.80
15:30:53;18203 ; 22.74 ; 74.09 ; 22.55 ; 70.80
15:30:56;18206 ; 22.74 ; 74.08 ; 22.54 ; 70.78
15:30:59;18209 ; 22.74 ; 74.08 ; 22.54 ; 70.80
15:31:02;18212 ; 22.74 ; 74.08 ; 22.54 ; 70.78
15:31:05;18215 ; 22.74 ; 74.09 ; 22.52 ; 70.79
15:31:08;18218 ; 22.74 ; 74.09 ; 22.55 ; 70.80
15:31:11;18221 ; 22.74 ; 74.08 ; 22.53 ; 70.76
15:31:14;18224 ; 22.74 ; 74.08 ; 22.54 ; 70.80
15:31:17;18227 ; 22.74 ; 74.07 ; 22.56 ; 70.79
15:31:20;18230 ; 22.74 ; 74.08 ; 22.56 ; 70.77
15:31:23;18233 ; 22.74 ; 74.08 ; 22.54 ; 70.80
15:31:26;18236 ; 22.73 ; 74.10 ; 22.54 ; 70.79
15:31:29;18239 ; 22.74 ; 74.08 ; 22.55 ; 70.79
15:31:32;18242 ; 22.74 ; 74.10 ; 22.54 ; 70.81
15:31:35;18245 ; 22.73 ; 74.09 ; 22.53 ; 70.79
15:31:38;18248 ; 22.74 ; 74.08 ; 22.54 ; 70.79
15:31:41;18251 ; 22.74 ; 74.10 ; 22.54 ; 70.78
15:31:44;18254 ; 22.74 ; 74.10 ; 22.54 ; 70.78
15:31:47;18257 ; 22.74 ; 74.08 ; 22.54 ; 70.76
15:31:50;18260 ; 22.74 ; 74.09 ; 22.55 ; 70.83
15:31:53;18263 ; 22.74 ; 74.09 ; 22.54 ; 70.80
15:31:56;18266 ; 22.74 ; 74.07 ; 22.55 ; 70.78
15:31:59;18269 ; 22.75 ; 74.07 ; 22.52 ; 70.77
15:32:02;18272 ; 22.74 ; 74.07 ; 22.56 ; 70.79
15:32:05;18275 ; 22.74 ; 74.06 ; 22.54 ; 70.79
15:32:08;18278 ; 22.74 ; 74.09 ; 22.54 ; 70.77
15:32:11;18281 ; 22.74 ; 74.07 ; 22.55 ; 70.78
15:32:14;18284 ; 22.73 ; 74.08 ; 22.54 ; 70.79
15:32:17;18287 ; 22.74 ; 74.07 ; 22.55 ; 70.78
15:32:20;18290 ; 22.73 ; 74.06 ; 22.55 ; 70.78
15:32:23;18293 ; 22.74 ; 74.08 ; 22.54 ; 70.79
15:32:26;18296 ; 22.73 ; 74.07 ; 22.54 ; 70.77
15:32:29;18299 ; 22.74 ; 74.09 ; 22.53 ; 70.76
15:32:32;18302 ; 22.73 ; 74.07 ; 22.56 ; 70.78
15:32:35;18305 ; 22.74 ; 74.07 ; 22.55 ; 70.76
15:32:38;18308 ; 22.74 ; 74.08 ; 22.55 ; 70.78
15:32:41;18311 ; 22.74 ; 74.08 ; 22.54 ; 70.78
15:32:44;18314 ; 22.74 ; 74.10 ; 22.54 ; 70.79
15:32:47;18317 ; 22.74 ; 74.08 ; 22.53 ; 70.78
15:32:50;18320 ; 22.74 ; 74.08 ; 22.54 ; 70.79
15:32:53;18323 ; 22.74 ; 74.08 ; 22.55 ; 70.77
15:32:56;18326 ; 22.74 ; 74.07 ; 22.53 ; 70.80
15:32:59;18329 ; 22.74 ; 74.08 ; 22.54 ; 70.79
15:33:02;18332 ; 22.74 ; 74.08 ; 22.55 ; 70.78
15:33:05;18335 ; 22.74 ; 74.07 ; 22.55 ; 70.80
15:33:08;18338 ; 22.74 ; 74.07 ; 22.55 ; 70.77
15:33:11;18341 ; 22.74 ; 74.07 ; 22.54 ; 70.78
15:33:14;18344 ; 22.73 ; 74.08 ; 22.54 ; 70.77
15:33:17;18347 ; 22.73 ; 74.06 ; 22.55 ; 70.80
15:33:20;18350 ; 22.74 ; 74.08 ; 22.54 ; 70.79
15:33:23;18353 ; 22.73 ; 74.08 ; 22.56 ; 70.78
15:33:26;18356 ; 22.74 ; 74.08 ; 22.54 ; 70.78
15:33:29;18359 ; 22.74 ; 74.08 ; 22.54 ; 70.77
15:33:32;18362 ; 22.74 ; 74.08 ; 22.55 ; 70.78
15:33:35;18365 ; 22.74 ; 74.08 ; 22.55 ; 70.78
15:33:38;18368 ; 22.74 ; 74.07 ; 22.54 ; 70.78
15:33:41;18371 ; 22.74 ; 74.08 ; 22.55 ; 70.79
15:33:44;18374 ; 22.73 ; 74.07 ; 22.54 ; 70.75
15:33:47;18377 ; 22.74 ; 74.07 ; 22.54 ; 70.78
15:33:50;18380 ; 22.74 ; 74.08 ; 22.55 ; 70.76
15:33:53;18383 ; 22.73 ; 74.08 ; 22.54 ; 70.76
15:33:56;18386 ; 22.74 ; 74.08 ; 22.56 ; 70.80
15:33:59;18389 ; 22.74 ; 74.08 ; 22.56 ; 70.75
15:34:02;18392 ; 22.74 ; 74.07 ; 22.54 ; 70.76
15:34:05;18395 ; 22.73 ; 74.08 ; 22.53 ; 70.75
15:34:08;18398 ; 22.74 ; 74.08 ; 22.56 ; 70.77
15:34:11;18401 ; 22.74 ; 74.08 ; 22.53 ; 70.77
15:34:14;18404 ; 22.74 ; 74.08 ; 22.56 ; 70.82
15:34:17;18407 ; 22.74 ; 74.06 ; 22.54 ; 70.78
15:34:21;18410 ; 22.74 ; 74.07 ; 22.55 ; 70.77
15:34:24;18413 ; 22.74 ; 74.07 ; 22.53 ; 70.78
15:34:27;18416 ; 22.74 ; 74.08 ; 22.56 ; 70.79
15:34:30;18419 ; 22.74 ; 74.07 ; 22.55 ; 70.78
15:34:33;18422 ; 22.74 ; 74.07 ; 22.52 ; 70.76
15:34:36;18425 ; 22.73 ; 74.06 ; 22.54 ; 70.77
15:34:39;18428 ; 22.74 ; 74.06 ; 22.56 ; 70.78
15:34:42;18431 ; 22.74 ; 74.06 ; 22.54 ; 70.77
15:34:45;18434 ; 22.74 ; 74.07 ; 22.53 ; 70.79
15:34:48;18437 ; 22.73 ; 74.06 ; 22.54 ; 70.77
15:34:51;18440 ; 22.73 ; 74.06 ; 22.52 ; 70.76
15:34:54;18443 ; 22.73 ; 74.07 ; 22.56 ; 70.78
15:34:57;18446 ; 22.74 ; 74.08 ; 22.54 ; 70.79
15:35:00;18449 ; 22.74 ; 74.07 ; 22.55 ; 70.77
15:35:03;18452 ; 22.73 ; 74.08 ; 22.54 ; 70.76
15:35:06;18455 ; 22.74 ; 74.06 ; 22.54 ; 70.79
15:35:09;18458 ; 22.73 ; 74.09 ; 22.53 ; 70.78
15:35:12;18461 ; 22.74 ; 74.07 ; 22.55 ; 70.78
15:35:15;18464 ; 22.74 ; 74.07 ; 22.56 ; 70.77
15:35:18;18467 ; 22.74 ; 74.06 ; 22.55 ; 70.77
15:35:21;18470 ; 22.74 ; 74.07 ; 22.57 ; 70.77
15:35:24;18473 ; 22.74 ; 74.07 ; 22.54 ; 70.78
15:35:27;18476 ; 22.74 ; 74.08 ; 22.53 ; 70.76
15:35:30;18479 ; 22.74 ; 74.07 ; 22.54 ; 70.78
15:35:33;18482 ; 22.74 ; 74.07 ; 22.55 ; 70.79
15:35:36;18485 ; 22.74 ; 74.07 ; 22.55 ; 70.77
15:35:39;18488 ; 22.74 ; 74.07 ; 22.56 ; 70.81
15:35:42;18491 ; 22.73 ; 74.07 ; 22.55 ; 70.79
15:35:45;18494 ; 22.73 ; 74.06 ; 22.54 ; 70.77
15:35:48;18497 ; 22.74 ; 74.06 ; 22.53 ; 70.75
15:35:51;18500 ; 22.73 ; 74.06 ; 22.54 ; 70.77
15:35:54;18503 ; 22.73 ; 74.07 ; 22.55 ; 70.77
15:35:57;18506 ; 22.74 ; 74.06 ; 22.56 ; 70.76
15:36:00;18509 ; 22.74 ; 74.06 ; 22.54 ; 70.78
15:36:03;18512 ; 22.74 ; 74.09 ; 22.53 ; 70.76
15:36:06;18515 ; 22.74 ; 74.07 ; 22.54 ; 70.79
15:36:09;18518 ; 22.74 ; 74.06 ; 22.55 ; 70.75
15:36:12;18521 ; 22.74 ; 74.06 ; 22.54 ; 70.75
15:36:15;18524 ; 22.74 ; 74.06 ; 22.54 ; 70.77
15:36:18;18527 ; 22.74 ; 74.07 ; 22.55 ; 70.80
15:36:21;18530 ; 22.73 ; 74.08 ; 22.55 ; 70.79
15:36:24;18533 ; 22.74 ; 74.06 ; 22.51 ; 70.76
15:36:27;18536 ; 22.74 ; 74.06 ; 22.55 ; 70.77
15:36:30;18539 ; 22.74 ; 74.06 ; 22.55 ; 70.77
15:36:33;18542 ; 22.74 ; 74.06 ; 22.54 ; 70.76
15:36:36;18545 ; 22.74 ; 74.06 ; 22.55 ; 70.79
15:36:39;18548 ; 22.74 ; 74.07 ; 22.55 ; 70.73
15:36:42;18551 ; 22.74 ; 74.06 ; 22.54 ; 70.78
15:36:45;18554 ; 22.74 ; 74.06 ; 22.54 ; 70.76
15:36:48;18557 ; 22.74 ; 74.06 ; 22.53 ; 70.78
15:36:51;18560 ; 22.73 ; 74.06 ; 22.53 ; 70.77
15:36:54;18563 ; 22.73 ; 74.06 ; 22.55 ; 70.78
15:36:57;18566 ; 22.73 ; 74.07 ; 22.55 ; 70.78
15:37:00;18569 ; 22.73 ; 74.09 ; 22.55 ; 70.78
15:37:03;18572 ; 22.73 ; 74.08 ; 22.54 ; 70.77
15:37:06;18575 ; 22.73 ; 74.09 ; 22.54 ; 70.77
15:37:09;18578 ; 22.73 ; 74.08 ; 22.53 ; 70.78
15:37:12;18581 ; 22.74 ; 74.07 ; 22.55 ; 70.78
15:37:15;18584 ; 22.73 ; 74.08 ; 22.54 ; 70.80
15:37:18;18587 ; 22.73 ; 74.07 ; 22.54 ; 70.80
15:37:21;18590 ; 22.73 ; 74.07 ; 22.54 ; 70.80
15:37:24;18593 ; 22.74 ; 74.08 ; 22.55 ; 70.77
15:37:27;18596 ; 22.74 ; 74.07 ; 22.54 ; 70.80
15:37:30;18599 ; 22.74 ; 74.07 ; 22.53 ; 70.79
15:37:33;18602 ; 22.73 ; 74.06 ; 22.53 ; 70.76
15:37:36;18605 ; 22.73 ; 74.07 ; 22.54 ; 70.77
15:37:39;18608 ; 22.74 ; 74.06 ; 22.53 ; 70.79
15:37:42;18611 ; 22.74 ; 74.06 ; 22.53 ; 70.76
15:37:45;18614 ; 22.74 ; 74.06 ; 22.54 ; 70.75
15:37:48;18617 ; 22.74 ; 74.07 ; 22.54 ; 70.77
15:37:51;18620 ; 22.74 ; 74.06 ; 22.54 ; 70.74
15:37:54;18623 ; 22.74 ; 74.05 ; 22.53 ; 70.79
15:37:57;18626 ; 22.74 ; 74.07 ; 22.54 ; 70.77
15:38:00;18629 ; 22.74 ; 74.06 ; 22.54 ; 70.77
15:38:04;18632 ; 22.73 ; 74.05 ; 22.53 ; 70.76
15:38:07;18635 ; 22.74 ; 74.07 ; 22.54 ; 70.77
15:38:10;18638 ; 22.74 ; 74.06 ; 22.53 ; 70.78
15:38:13;18641 ; 22.74 ; 74.07 ; 22.56 ; 70.77
15:38:16;18644 ; 22.74 ; 74.07 ; 22.54 ; 70.80
15:38:19;18647 ; 22.73 ; 74.06 ; 22.53 ; 70.76
15:38:22;18650 ; 22.74 ; 74.05 ; 22.55 ; 70.76
15:38:25;18653 ; 22.74 ; 74.05 ; 22.55 ; 70.78
15:38:28;18656 ; 22.74 ; 74.06 ; 22.56 ; 70.78
15:38:31;18659 ; 22.74 ; 74.06 ; 22.54 ; 70.76
15:38:34;18662 ; 22.73 ; 74.07 ; 22.55 ; 70.75
15:38:37;18665 ; 22.73 ; 74.07 ; 22.53 ; 70.77
15:38:40;18668 ; 22.74 ; 74.07 ; 22.56 ; 70.79
15:38:43;18671 ; 22.74 ; 74.07 ; 22.53 ; 70.78
15:38:46;18674 ; 22.74 ; 74.05 ; 22.53 ; 70.76
15:38:49;18677 ; 22.74 ; 74.05 ; 22.54 ; 70.75
15:38:52;18680 ; 22.74 ; 74.04 ; 22.53 ; 70.75
15:38:55;18683 ; 22.74 ; 74.06 ; 22.54 ; 70.75
15:38:58;18686 ; 22.74 ; 74.06 ; 22.54 ; 70.75
15:39:01;18689 ; 22.74 ; 74.06 ; 22.53 ; 70.75
15:39:04;18692 ; 22.74 ; 74.05 ; 22.56 ; 70.77
15:39:07;18695 ; 22.74 ; 74.06 ; 22.54 ; 70.77
15:39:10;18698 ; 22.74 ; 74.05 ; 22.53 ; 70.77
15:39:13;18701 ; 22.74 ; 74.06 ; 22.53 ; 70.74
15:39:16;18704 ; 22.74 ; 74.06 ; 22.55 ; 70.76
15:39:19;18707 ; 22.75 ; 74.05 ; 22.54 ; 70.75
15:39:22;18710 ; 22.74 ; 74.06 ; 22.53 ; 70.77
15:39:25;18713 ; 22.74 ; 74.06 ; 22.55 ; 70.79
15:39:28;18716 ; 22.74 ; 74.07 ; 22.53 ; 70.78
15:39:31;18719 ; 22.74 ; 74.06 ; 22.56 ; 70.79
15:39:34;18722 ; 22.73 ; 74.07 ; 22.53 ; 70.75
15:39:37;18725 ; 22.74 ; 74.06 ; 22.56 ; 70.78
15:39:40;18728 ; 22.74 ; 74.05 ; 22.54 ; 70.77
15:39:43;18731 ; 22.73 ; 74.05 ; 22.53 ; 70.75
15:39:46;18734 ; 22.74 ; 74.04 ; 22.56 ; 70.80
15:39:49;18737 ; 22.74 ; 74.09 ; 22.54 ; 70.78
15:39:52;18740 ; 22.74 ; 74.06 ; 22.53 ; 70.75
15:39:55;18743 ; 22.74 ; 74.07 ; 22.54 ; 70.79
15:39:58;18746 ; 22.74 ; 74.05 ; 22.56 ; 70.78
15:40:01;18749 ; 22.73 ; 74.06 ; 22.56 ; 70.77
15:40:04;18752 ; 22.73 ; 74.07 ; 22.54 ; 70.78
15:40:07;18755 ; 22.74 ; 74.07 ; 22.54 ; 70.79
15:40:10;18758 ; 22.74 ; 74.06 ; 22.55 ; 70.79
15:40:13;18761 ; 22.74 ; 74.07 ; 22.55 ; 70.80
15:40:16;18764 ; 22.73 ; 74.07 ; 22.53 ; 70.78
15:40:19;18767 ; 22.74 ; 74.08 ; 22.55 ; 70.76
15:40:22;18770 ; 22.74 ; 74.07 ; 22.55 ; 70.80
15:40:25;18773 ; 22.74 ; 74.07 ; 22.56 ; 70.76
15:40:28;18776 ; 22.74 ; 74.06 ; 22.53 ; 70.79
15:40:31;18779 ; 22.74 ; 74.07 ; 22.54 ; 70.76
15:40:34;18782 ; 22.74 ; 74.07 ; 22.55 ; 70.78
15:40:37;18785 ; 22.74 ; 74.07 ; 22.54 ; 70.78
15:40:40;18788 ; 22.74 ; 74.10 ; 22.54 ; 70.77
15:40:43;18791 ; 22.74 ; 74.09 ; 22.54 ; 70.79
15:40:46;18794 ; 22.74 ; 74.07 ; 22.54 ; 70.79
15:40:49;18797 ; 22.74 ; 74.07 ; 22.53 ; 70.79
15:40:52;18800 ; 22.74 ; 74.06 ; 22.54 ; 70.76
15:40:55;18803 ; 22.74 ; 74.06 ; 22.56 ; 70.78
15:40:58;18806 ; 22.74 ; 74.06 ; 22.54 ; 70.75
15:41:01;18809 ; 22.74 ; 74.08 ; 22.54 ; 70.77
15:41:04;18812 ; 22.75 ; 74.07 ; 22.54 ; 70.77
15:41:07;18815 ; 22.74 ; 74.08 ; 22.53 ; 70.77
15:41:10;18818 ; 22.73 ; 74.07 ; 22.54 ; 70.79
15:41:13;18821 ; 22.74 ; 74.08 ; 22.55 ; 70.78
15:41:16;18824 ; 22.74 ; 74.08 ; 22.54 ; 70.80
15:41:19;18827 ; 22.74 ; 74.08 ; 22.55 ; 70.78
15:41:22;18830 ; 22.74 ; 74.08 ; 22.55 ; 70.78
15:41:25;18833 ; 22.73 ; 74.07 ; 22.54 ; 70.78
15:41:28;18836 ; 22.74 ; 74.07 ; 22.55 ; 70.78
15:41:31;18839 ; 22.74 ; 74.06 ; 22.54 ; 70.77
15:41:34;18842 ; 22.74 ; 74.09 ; 22.55 ; 70.79
15:41:37;18845 ; 22.74 ; 74.07 ; 22.54 ; 70.79
15:41:40;18848 ; 22.74 ; 74.07 ; 22.55 ; 70.77
15:41:43;18851 ; 22.74 ; 74.07 ; 22.53 ; 70.77
15:41:47;18854 ; 22.74 ; 74.07 ; 22.54 ; 70.78
15:41:50;18857 ; 22.74 ; 74.09 ; 22.55 ; 70.79
15:41:53;18860 ; 22.74 ; 74.08 ; 22.54 ; 70.78
15:41:56;18863 ; 22.74 ; 74.08 ; 22.56 ; 70.77
15:41:59;18866 ; 22.74 ; 74.08 ; 22.55 ; 70.78
15:42:02;18869 ; 22.74 ; 74.08 ; 22.54 ; 70.77
15:42:05;18872 ; 22.74 ; 74.08 ; 22.54 ; 70.78
15:42:08;18875 ; 22.74 ; 74.08 ; 22.56 ; 70.80
15:42:11;18878 ; 22.74 ; 74.08 ; 22.54 ; 70.79
15:42:14;18881 ; 22.74 ; 74.08 ; 22.55 ; 70.80
15:42:17;18884 ; 22.74 ; 74.08 ; 22.54 ; 70.78
15:42:20;18887 ; 22.74 ; 74.08 ; 22.56 ; 70.79
15:42:23;18890 ; 22.74 ; 74.09 ; 22.55 ; 70.81
15:42:26;18893 ; 22.74 ; 74.09 ; 22.56 ; 70.81
15:42:29;18896 ; 22.74 ; 74.08 ; 22.56 ; 70.79
15:42:32;18899 ; 22.74 ; 74.10 ; 22.56 ; 70.79
15:42:35;18902 ; 22.74 ; 74.08 ; 22.54 ; 70.81
15:42:38;18905 ; 22.74 ; 74.08 ; 22.55 ; 70.79
15:42:41;18908 ; 22.74 ; 74.09 ; 22.55 ; 70.79
15:42:44;18911 ; 22.74 ; 74.09 ; 22.54 ; 70.82
15:42:47;18914 ; 22.73 ; 74.08 ; 22.54 ; 70.81
15:42:50;18917 ; 22.74 ; 74.08 ; 22.54 ; 70.80
15:42:53;18920 ; 22.74 ; 74.08 ; 22.54 ; 70.79
15:42:56;18923 ; 22.74 ; 74.08 ; 22.54 ; 70.80
15:42:59;18926 ; 22.74 ; 74.08 ; 22.55 ; 70.79
15:43:02;18929 ; 22.74 ; 74.08 ; 22.55 ; 70.79
15:43:05;18932 ; 22.74 ; 74.10 ; 22.54 ; 70.81
15:43:08;18935 ; 22.74 ; 74.10 ; 22.53 ; 70.79
15:43:11;18938 ; 22.74 ; 74.10 ; 22.53 ; 70.83
15:43:14;18941 ; 22.74 ; 74.09 ; 22.53 ; 70.79
15:43:17;18944 ; 22.74 ; 74.10 ; 22.55 ; 70.81
15:43:20;18947 ; 22.74 ; 74.09 ; 22.56 ; 70.82
15:43:23;18950 ; 22.74 ; 74.10 ; 22.56 ; 70.80
15:43:26;18953 ; 22.74 ; 74.10 ; 22.55 ; 70.78
15:43:29;18956 ; 22.74 ; 74.10 ; 22.54 ; 70.81
15:43:32;18959 ; 22.74 ; 74.10 ; 22.52 ; 70.81
15:43:35;18962 ; 22.74 ; 74.08 ; 22.56 ; 70.80
15:43:38;18965 ; 22.75 ; 74.07 ; 22.54 ; 70.79
15:43:41;18968 ; 22.74 ; 74.08 ; 22.55 ; 70.79
15:43:44;18971 ; 22.74 ; 74.08 ; 22.55 ; 70.80
15:43:47;18974 ; 22.74 ; 74.09 ; 22.54 ; 70.79
15:43:50;18977 ; 22.74 ; 74.09 ; 22.56 ; 70.79
15:43:53;18980 ; 22.75 ; 74.08 ; 22.54 ; 70.80
15:43:56;18983 ; 22.75 ; 74.08 ; 22.53 ; 70.79
15:43:59;18986 ; 22.75 ; 74.07 ; 22.52 ; 70.78
15:44:02;18989 ; 22.74 ; 74.09 ; 22.54 ; 70.78
15:44:05;18992 ; 22.75 ; 74.06 ; 22.58 ; 70.82
15:44:08;18995 ; 22.74 ; 74.08 ; 22.54 ; 70.79
15:44:11;18998 ; 22.75 ; 74.08 ; 22.54 ; 70.77
15:44:14;19001 ; 22.75 ; 74.07 ; 22.55 ; 70.80
15:44:17;19004 ; 22.74 ; 74.08 ; 22.55 ; 70.75
15:44:20;19007 ; 22.75 ; 74.07 ; 22.56 ; 70.81
15:44:23;19010 ; 22.75 ; 74.08 ; 22.55 ; 70.79
15:44:26;19013 ; 22.75 ; 74.06 ; 22.53 ; 70.81
15:44:29;19016 ; 22.74 ; 74.09 ; 22.55 ; 70.83
15:44:32;19019 ; 22.75 ; 74.12 ; 22.56 ; 70.78
15:44:35;19022 ; 22.75 ; 74.07 ; 22.54 ; 70.77
15:44:38;19025 ; 22.74 ; 74.08 ; 22.55 ; 70.80
15:44:41;19028 ; 22.74 ; 74.08 ; 22.55 ; 70.79
15:44:44;19031 ; 22.74 ; 74.09 ; 22.55 ; 70.77
15:44:47;19034 ; 22.74 ; 74.08 ; 22.55 ; 70.81
15:44:50;19037 ; 22.74 ; 74.08 ; 22.53 ; 70.79
15:44:53;19040 ; 22.74 ; 74.09 ; 22.54 ; 70.78
15:44:56;19043 ; 22.74 ; 74.09 ; 22.55 ; 70.79
15:44:59;19046 ; 22.74 ; 74.10 ; 22.54 ; 70.83
15:45:02;19049 ; 22.75 ; 74.07 ; 22.56 ; 70.81
15:45:05;19052 ; 22.74 ; 74.09 ; 22.54 ; 70.80
15:45:08;19055 ; 22.75 ; 74.07 ; 22.58 ; 70.80
15:45:11;19058 ; 22.75 ; 74.08 ; 22.54 ; 70.80
15:45:14;19061 ; 22.74 ; 74.08 ; 22.53 ; 70.79
15:45:17;19064 ; 22.75 ; 74.08 ; 22.56 ; 70.80
15:45:20;19067 ; 22.75 ; 74.08 ; 22.54 ; 70.78
15:45:23;19070 ; 22.75 ; 74.08 ; 22.54 ; 70.79
15:45:26;19073 ; 22.75 ; 74.08 ; 22.56 ; 70.79
15:45:30;19076 ; 22.75 ; 74.08 ; 22.56 ; 70.82
15:45:33;19079 ; 22.75 ; 74.09 ; 22.55 ; 70.82
15:45:36;19082 ; 22.75 ; 74.09 ; 22.54 ; 70.81
15:45:39;19085 ; 22.75 ; 74.11 ; 22.55 ; 70.81
15:45:42;19088 ; 22.75 ; 74.09 ; 22.55 ; 70.83
15:45:45;19091 ; 22.75 ; 74.11 ; 22.53 ; 70.83
15:45:48;19094 ; 22.74 ; 74.12 ; 22.55 ; 70.80
15:45:51;19097 ; 22.74 ; 74.09 ; 22.54 ; 70.82
15:45:54;19100 ; 22.74 ; 74.10 ; 22.52 ; 70.80
15:45:57;19103 ; 22.74 ; 74.09 ; 22.53 ; 70.80
15:46:00;19106 ; 22.74 ; 74.12 ; 22.54 ; 70.82
15:46:03;19109 ; 22.74 ; 74.10 ; 22.54 ; 70.82
15:46:06;19112 ; 22.74 ; 74.10 ; 22.54 ; 70.82
15:46:09;19115 ; 22.74 ; 74.10 ; 22.56 ; 70.80
15:46:12;19118 ; 22.74 ; 74.10 ; 22.52 ; 70.81
15:46:15;19121 ; 22.74 ; 74.12 ; 22.54 ; 70.79
15:46:18;19124 ; 22.74 ; 74.12 ; 22.54 ; 70.79
15:46:21;19127 ; 22.74 ; 74.12 ; 22.53 ; 70.80
15:46:24;19130 ; 22.74 ; 74.12 ; 22.55 ; 70.85
15:46:27;19133 ; 22.74 ; 74.08 ; 22.55 ; 70.85
15:46:30;19136 ; 22.74 ; 74.10 ; 22.54 ; 70.81
15:46:33;19139 ; 22.74 ; 74.12 ; 22.53 ; 70.82
15:46:36;19142 ; 22.74 ; 74.10 ; 22.53 ; 70.80
15:46:39;19145 ; 22.74 ; 74.12 ; 22.56 ; 70.80
15:46:42;19148 ; 22.75 ; 74.10 ; 22.54 ; 70.80
15:46:45;19151 ; 22.74 ; 74.10 ; 22.55 ; 70.81
15:46:48;19154 ; 22.74 ; 74.12 ; 22.53 ; 70.82
15:46:51;19157 ; 22.74 ; 74.12 ; 22.54 ; 70.80
15:46:54;19160 ; 22.75 ; 74.10 ; 22.53 ; 70.79
15:46:57;19163 ; 22.75 ; 74.12 ; 22.58 ; 70.82
15:47:00;19166 ; 22.75 ; 74.12 ; 22.56 ; 70.82
15:47:03;19169 ; 22.74 ; 74.12 ; 22.56 ; 70.82
15:47:06;19172 ; 22.74 ; 74.12 ; 22.55 ; 70.82
15:47:09;19175 ; 22.75 ; 74.10 ; 22.54 ; 70.83
15:47:12;19178 ; 22.74 ; 74.12 ; 22.54 ; 70.80
15:47:15;19181 ; 22.74 ; 74.10 ; 22.55 ; 70.81
15:47:18;19184 ; 22.75 ; 74.12 ; 22.52 ; 70.80
15:47:21;19187 ; 22.75 ; 74.10 ; 22.55 ; 70.81
15:47:24;19190 ; 22.75 ; 74.09 ; 22.56 ; 70.81
15:47:27;19193 ; 22.75 ; 74.09 ; 22.55 ; 70.80
15:47:30;19196 ; 22.75 ; 74.13 ; 22.56 ; 70.79
15:47:33;19199 ; 22.74 ; 74.10 ; 22.54 ; 70.82
15:47:36;19202 ; 22.74 ; 74.12 ; 22.53 ; 70.79
15:47:39;19205 ; 22.75 ; 74.11 ; 22.55 ; 70.82
15:47:42;19208 ; 22.74 ; 74.12 ; 22.54 ; 70.79
15:47:45;19211 ; 22.75 ; 74.12 ; 22.56 ; 70.82
15:47:48;19214 ; 22.75 ; 74.09 ; 22.54 ; 70.82
15:47:51;19217 ; 22.75 ; 74.11 ; 22.56 ; 70.80
15:47:54;19220 ; 22.75 ; 74.12 ; 22.56 ; 70.80
15:47:57;19223 ; 22.74 ; 74.12 ; 22.55 ; 70.81
15:48:00;19226 ; 22.74 ; 74.13 ; 22.54 ; 70.82
15:48:03;19229 ; 22.74 ; 74.12 ; 22.56 ; 70.83
15:48:06;19232 ; 22.74 ; 74.12 ; 22.53 ; 70.80
15:48:09;19235 ; 22.75 ; 74.12 ; 22.54 ; 70.82
15:48:12;19238 ; 22.75 ; 74.11 ; 22.56 ; 70.82
15:48:15;19241 ; 22.75 ; 74.10 ; 22.55 ; 70.81
15:48:18;19244 ; 22.74 ; 74.12 ; 22.54 ; 70.82
15:48:21;19247 ; 22.75 ; 74.09 ; 22.58 ; 70.81
15:48:24;19250 ; 22.75 ; 74.13 ; 22.53 ; 70.83
15:48:27;19253 ; 22.74 ; 74.14 ; 22.56 ; 70.81
15:48:30;19256 ; 22.74 ; 74.12 ; 22.56 ; 70.82
15:48:33;19259 ; 22.75 ; 74.10 ; 22.55 ; 70.83
15:48:36;19262 ; 22.75 ; 74.12 ; 22.54 ; 70.80
15:48:39;19265 ; 22.74 ; 74.12 ; 22.58 ; 70.82
15:48:42;19268 ; 22.75 ; 74.11 ; 22.56 ; 70.80
15:48:45;19271 ; 22.75 ; 74.10 ; 22.53 ; 70.80
15:48:48;19274 ; 22.74 ; 74.10 ; 22.56 ; 70.83
15:48:51;19277 ; 22.75 ; 74.09 ; 22.54 ; 70.82
15:48:54;19280 ; 22.74 ; 74.10 ; 22.53 ; 70.81
15:48:57;19283 ; 22.75 ; 74.09 ; 22.53 ; 70.80
15:49:00;19286 ; 22.74 ; 74.09 ; 22.55 ; 70.81
15:49:03;19289 ; 22.74 ; 74.10 ; 22.56 ; 70.80
15:49:06;19292 ; 22.74 ; 74.09 ; 22.56 ; 70.80
15:49:09;19295 ; 22.75 ; 74.08 ; 22.54 ; 70.81
15:49:13;19298 ; 22.74 ; 74.09 ; 22.56 ; 70.80
15:49:16;19301 ; 22.74 ; 74.09 ; 22.54 ; 70.78
15:49:19;19304 ; 22.74 ; 74.10 ; 22.53 ; 70.78
15:49:22;19307 ; 22.74 ; 74.09 ; 22.56 ; 70.81
15:49:25;19310 ; 22.74 ; 74.09 ; 22.55 ; 70.80
15:49:28;19313 ; 22.75 ; 74.13 ; 22.57 ; 70.81
15:49:31;19316 ; 22.74 ; 74.09 ; 22.54 ; 70.79
15:49:34;19319 ; 22.74 ; 74.09 ; 22.55 ; 70.80
15:49:37;19322 ; 22.75 ; 74.09 ; 22.56 ; 70.79
15:49:40;19325 ; 22.75 ; 74.09 ; 22.55 ; 70.79
15:49:43;19328 ; 22.74 ; 74.09 ; 22.54 ; 70.79
15:49:46;19331 ; 22.75 ; 74.08 ; 22.55 ; 70.79
15:49:49;19334 ; 22.74 ; 74.08 ; 22.54 ; 70.80
15:49:52;19337 ; 22.75 ; 74.09 ; 22.56 ; 70.80
15:49:55;19340 ; 22.74 ; 74.09 ; 22.56 ; 70.82
15:49:58;19343 ; 22.75 ; 74.09 ; 22.55 ; 70.79
15:50:01;19346 ; 22.75 ; 74.09 ; 22.54 ; 70.80
15:50:04;19349 ; 22.74 ; 74.10 ; 22.54 ; 70.81
15:50:07;19352 ; 22.74 ; 74.09 ; 22.55 ; 70.81
15:50:10;19355 ; 22.74 ; 74.09 ; 22.53 ; 70.78
15:50:13;19358 ; 22.75 ; 74.07 ; 22.53 ; 70.78
15:50:16;19361 ; 22.74 ; 74.10 ; 22.55 ; 70.79
15:50:19;19364 ; 22.74 ; 74.09 ; 22.54 ; 70.79
15:50:22;19367 ; 22.74 ; 74.09 ; 22.57 ; 70.80
15:50:25;19370 ; 22.74 ; 74.09 ; 22.56 ; 70.78
15:50:28;19373 ; 22.74 ; 74.09 ; 22.52 ; 70.77
15:50:31;19376 ; 22.74 ; 74.09 ; 22.56 ; 70.81
15:50:34;19379 ; 22.74 ; 74.09 ; 22.54 ; 70.77
15:50:37;19382 ; 22.74 ; 74.09 ; 22.57 ; 70.81
15:50:40;19385 ; 22.74 ; 74.08 ; 22.55 ; 70.81
15:50:43;19388 ; 22.74 ; 74.08 ; 22.56 ; 70.79
15:50:46;19391 ; 22.75 ; 74.08 ; 22.55 ; 70.81
15:50:49;19394 ; 22.74 ; 74.08 ; 22.56 ; 70.78
15:50:52;19397 ; 22.74 ; 74.09 ; 22.56 ; 70.80
15:50:55;19400 ; 22.75 ; 74.09 ; 22.56 ; 70.80
15:50:58;19403 ; 22.74 ; 74.09 ; 22.56 ; 70.78
15:51:01;19406 ; 22.74 ; 74.09 ; 22.56 ; 70.80
15:51:04;19409 ; 22.74 ; 74.10 ; 22.54 ; 70.79
15:51:07;19412 ; 22.74 ; 74.10 ; 22.55 ; 70.79
15:51:10;19415 ; 22.74 ; 74.09 ; 22.54 ; 70.80
15:51:13;19418 ; 22.75 ; 74.09 ; 22.54 ; 70.81
15:51:16;19421 ; 22.74 ; 74.10 ; 22.56 ; 70.82
15:51:19;19424 ; 22.74 ; 74.09 ; 22.53 ; 70.81
15:51:22;19427 ; 22.74 ; 74.09 ; 22.55 ; 70.82
15:51:25;19430 ; 22.74 ; 74.09 ; 22.54 ; 70.79
15:51:28;19433 ; 22.74 ; 74.09 ; 22.55 ; 70.79
15:51:31;19436 ; 22.75 ; 74.09 ; 22.53 ; 70.83
15:51:34;19439 ; 22.75 ; 74.08 ; 22.54 ; 70.79
15:51:37;19442 ; 22.74 ; 74.09 ; 22.56 ; 70.80
15:51:40;19445 ; 22.74 ; 74.07 ; 22.54 ; 70.79
15:51:43;19448 ; 22.75 ; 74.07 ; 22.56 ; 70.79
15:51:46;19451 ; 22.75 ; 74.07 ; 22.54 ; 70.82
15:51:49;19454 ; 22.75 ; 74.08 ; 22.54 ; 70.80
15:51:52;19457 ; 22.75 ; 74.09 ; 22.56 ; 70.80
15:51:55;19460 ; 22.75 ; 74.08 ; 22.54 ; 70.83
15:51:58;19463 ; 22.74 ; 74.09 ; 22.55 ; 70.80
15:52:01;19466 ; 22.75 ; 74.09 ; 22.56 ; 70.81
15:52:04;19469 ; 22.75 ; 74.11 ; 22.52 ; 70.79
15:52:07;19472 ; 22.75 ; 74.11 ; 22.54 ; 70.81
15:52:10;19475 ; 22.75 ; 74.09 ; 22.55 ; 70.78
15:52:13;19478 ; 22.75 ; 74.09 ; 22.54 ; 70.80
15:52:16;19481 ; 22.74 ; 74.10 ; 22.56 ; 70.82
15:52:19;19484 ; 22.74 ; 74.10 ; 22.55 ; 70.80
15:52:22;19487 ; 22.75 ; 74.08 ; 22.55 ; 70.82
15:52:25;19490 ; 22.74 ; 74.08 ; 22.55 ; 70.79
15:52:28;19493 ; 22.74 ; 74.10 ; 22.54 ; 70.81
15:52:31;19496 ; 22.74 ; 74.09 ; 22.56 ; 70.82
15:52:34;19499 ; 22.74 ; 74.10 ; 22.55 ; 70.81
15:52:37;19502 ; 22.75 ; 74.09 ; 22.56 ; 70.78
15:52:40;19505 ; 22.75 ; 74.10 ; 22.54 ; 70.80
15:52:43;19508 ; 22.74 ; 74.10 ; 22.55 ; 70.79
15:52:46;19511 ; 22.75 ; 74.09 ; 22.54 ; 70.80
15:52:49;19514 ; 22.75 ; 74.09 ; 22.53 ; 70.79
15:52:52;19517 ; 22.75 ; 74.08 ; 22.55 ; 70.80
15:52:56;19520 ; 22.74 ; 74.09 ; 22.56 ; 70.80
15:52:59;19523 ; 22.74 ; 74.08 ; 22.54 ; 70.80
15:53:02;19526 ; 22.74 ; 74.08 ; 22.55 ; 70.79
15:53:05;19529 ; 22.74 ; 74.10 ; 22.57 ; 70.81
15:53:08;19532 ; 22.74 ; 74.12 ; 22.56 ; 70.81
15:53:11;19535 ; 22.74 ; 74.09 ; 22.53 ; 70.80
15:53:14;19538 ; 22.74 ; 74.08 ; 22.54 ; 70.80
15:53:17;19541 ; 22.74 ; 74.08 ; 22.55 ; 70.78
15:53:20;19544 ; 22.75 ; 74.08 ; 22.53 ; 70.79
15:53:23;19547 ; 22.74 ; 74.09 ; 22.54 ; 70.79
15:53:26;19550 ; 22.74 ; 74.09 ; 22.56 ; 70.81
15:53:29;19553 ; 22.74 ; 74.09 ; 22.54 ; 70.79
15:53:32;19556 ; 22.74 ; 74.08 ; 22.55 ; 70.79
15:53:35;19559 ; 22.75 ; 74.08 ; 22.53 ; 70.81
15:53:38;19562 ; 22.74 ; 74.09 ; 22.54 ; 70.79
15:53:41;19565 ; 22.75 ; 74.08 ; 22.53 ; 70.80
15:53:44;19568 ; 22.75 ; 74.11 ; 22.55 ; 70.81
15:53:47;19571 ; 22.74 ; 74.10 ; 22.55 ; 70.80
15:53:50;19574 ; 22.74 ; 74.10 ; 22.55 ; 70.81
15:53:53;19577 ; 22.74 ; 74.10 ; 22.56 ; 70.82
15:53:56;19580 ; 22.74 ; 74.10 ; 22.54 ; 70.80
15:53:59;19583 ; 22.74 ; 74.10 ; 22.55 ; 70.81
15:54:02;19586 ; 22.74 ; 74.08 ; 22.52 ; 70.80
15:54:05;19589 ; 22.74 ; 74.12 ; 22.54 ; 70.76
15:54:08;19592 ; 22.74 ; 74.09 ; 22.54 ; 70.80
15:54:11;19595 ; 22.74 ; 74.09 ; 22.53 ; 70.77
15:54:14;19598 ; 22.74 ; 74.10 ; 22.54 ; 70.79
15:54:17;19601 ; 22.74 ; 74.09 ; 22.54 ; 70.82
15:54:20;19604 ; 22.74 ; 74.09 ; 22.54 ; 70.81
15:54:23;19607 ; 22.74 ; 74.09 ; 22.56 ; 70.80
15:54:26;19610 ; 22.74 ; 74.10 ; 22.54 ; 70.79
15:54:29;19613 ; 22.74 ; 74.09 ; 22.54 ; 70.79
15:54:32;19616 ; 22.74 ; 74.09 ; 22.53 ; 70.78
15:54:35;19619 ; 22.75 ; 74.08 ; 22.56 ; 70.78
15:54:38;19622 ; 22.74 ; 74.10 ; 22.56 ; 70.81
15:54:41;19625 ; 22.74 ; 74.10 ; 22.55 ; 70.82
15:54:44;19628 ; 22.74 ; 74.10 ; 22.56 ; 70.81
15:54:47;19631 ; 22.75 ; 74.09 ; 22.56 ; 70.82
15:54:50;19634 ; 22.74 ; 74.10 ; 22.54 ; 70.83
15:54:53;19637 ; 22.75 ; 74.09 ; 22.54 ; 70.83
15:54:56;19640 ; 22.74 ; 74.10 ; 22.56 ; 70.81
15:54:59;19643 ; 22.75 ; 74.10 ; 22.55 ; 70.83
15:55:02;19646 ; 22.74 ; 74.10 ; 22.54 ; 70.83
15:55:05;19649 ; 22.74 ; 74.08 ; 22.55 ; 70.80
15:55:08;19652 ; 22.74 ; 74.10 ; 22.54 ; 70.79
15:55:11;19655 ; 22.74 ; 74.12 ; 22.56 ; 70.81
15:55:14;19658 ; 22.74 ; 74.09 ; 22.55 ; 70.83
15:55:17;19661 ; 22.74 ; 74.09 ; 22.55 ; 70.80
15:55:20;19664 ; 22.73 ; 74.10 ; 22.54 ; 70.81
15:55:23;19667 ; 22.74 ; 74.09 ; 22.53 ; 70.80
15:55:26;19670 ; 22.74 ; 74.10 ; 22.53 ; 70.82
15:55:29;19673 ; 22.74 ; 74.09 ; 22.58 ; 70.82
15:55:32;19676 ; 22.74 ; 74.10 ; 22.53 ; 70.81
15:55:35;19679 ; 22.74 ; 74.10 ; 22.56 ; 70.79
15:55:38;19682 ; 22.74 ; 74.10 ; 22.55 ; 70.82
15:55:41;19685 ; 22.74 ; 74.12 ; 22.54 ; 70.82
15:55:44;19688 ; 22.74 ; 74.10 ; 22.56 ; 70.81
15:55:47;19691 ; 22.74 ; 74.12 ; 22.56 ; 70.82
15:55:50;19694 ; 22.74 ; 74.10 ; 22.53 ; 70.78
15:55:53;19697 ; 22.74 ; 74.09 ; 22.53 ; 70.80
15:55:56;19700 ; 22.75 ; 74.07 ; 22.55 ; 70.82
15:55:59;19703 ; 22.74 ; 74.08 ; 22.54 ; 70.81
15:56:02;19706 ; 22.74 ; 74.10 ; 22.54 ; 70.81
15:56:05;19709 ; 22.74 ; 74.10 ; 22.55 ; 70.81
15:56:08;19712 ; 22.74 ; 74.09 ; 22.53 ; 70.82
15:56:11;19715 ; 22.75 ; 74.10 ; 22.54 ; 70.84
15:56:14;19718 ; 22.74 ; 74.10 ; 22.54 ; 70.81
15:56:17;19721 ; 22.75 ; 74.08 ; 22.54 ; 70.81
15:56:20;19724 ; 22.75 ; 74.09 ; 22.55 ; 70.82
15:56:23;19727 ; 22.75 ; 74.11 ; 22.56 ; 70.83
15:56:26;19730 ; 22.75 ; 74.09 ; 22.54 ; 70.80
15:56:29;19733 ; 22.75 ; 74.09 ; 22.55 ; 70.79
15:56:32;19736 ; 22.74 ; 74.09 ; 22.55 ; 70.81
15:56:35;19739 ; 22.74 ; 74.09 ; 22.56 ; 70.82
15:56:39;19742 ; 22.75 ; 74.09 ; 22.56 ; 70.80
15:56:42;19745 ; 22.74 ; 74.10 ; 22.55 ; 70.81
15:56:45;19748 ; 22.74 ; 74.09 ; 22.52 ; 70.80
15:56:48;19751 ; 22.74 ; 74.10 ; 22.54 ; 70.81
15:56:51;19754 ; 22.74 ; 74.09 ; 22.57 ; 70.80
15:56:54;19757 ; 22.74 ; 74.12 ; 22.56 ; 70.80
15:56:57;19760 ; 22.74 ; 74.12 ; 22.56 ; 70.81
15:57:00;19763 ; 22.74 ; 74.12 ; 22.55 ; 70.81
15:57:03;19766 ; 22.74 ; 74.12 ; 22.53 ; 70.81
15:57:06;19769 ; 22.74 ; 74.10 ; 22.56 ; 70.83
15:57:09;19772 ; 22.74 ; 74.10 ; 22.56 ; 70.83
15:57:12;19775 ; 22.74 ; 74.10 ; 22.54 ; 70.79
15:57:15;19778 ; 22.74 ; 74.10 ; 22.55 ; 70.81
15:57:18;19781 ; 22.74 ; 74.12 ; 22.53 ; 70.82
15:57:21;19784 ; 22.74 ; 74.12 ; 22.56 ; 70.84
15:57:24;19787 ; 22.75 ; 74.12 ; 22.56 ; 70.80
15:57:27;19790 ; 22.75 ; 74.13 ; 22.55 ; 70.82
15:57:30;19793 ; 22.75 ; 74.13 ; 22.55 ; 70.82
15:57:33;19796 ; 22.75 ; 74.12 ; 22.54 ; 70.81
15:57:36;19799 ; 22.74 ; 74.13 ; 22.56 ; 70.82
15:57:39;19802 ; 22.74 ; 74.13 ; 22.55 ; 70.82
15:57:42;19805 ; 22.74 ; 74.10 ; 22.51 ; 70.82
15:57:45;19808 ; 22.74 ; 74.13 ; 22.55 ; 70.80
15:57:48;19811 ; 22.74 ; 74.13 ; 22.56 ; 70.83
15:57:51;19814 ; 22.74 ; 74.14 ; 22.56 ; 70.82
15:57:54;19817 ; 22.74 ; 74.13 ; 22.54 ; 70.83
15:57:57;19820 ; 22.74 ; 74.13 ; 22.54 ; 70.80
15:58:00;19823 ; 22.74 ; 74.12 ; 22.54 ; 70.82
15:58:03;19826 ; 22.74 ; 74.12 ; 22.56 ; 70.83
15:58:06;19829 ; 22.74 ; 74.13 ; 22.55 ; 70.83
15:58:09;19832 ; 22.74 ; 74.14 ; 22.55 ; 70.84
15:58:12;19835 ; 22.74 ; 74.13 ; 22.54 ; 70.82
15:58:15;19838 ; 22.74 ; 74.13 ; 22.55 ; 70.83
15:58:18;19841 ; 22.74 ; 74.14 ; 22.55 ; 70.85
15:58:21;19844 ; 22.75 ; 74.12 ; 22.54 ; 70.81
15:58:24;19847 ; 22.75 ; 74.14 ; 22.54 ; 70.81
15:58:27;19850 ; 22.75 ; 74.14 ; 22.54 ; 70.82
15:58:30;19853 ; 22.75 ; 74.14 ; 22.56 ; 70.83
15:58:33;19856 ; 22.74 ; 74.15 ; 22.55 ; 70.83
15:58:36;19859 ; 22.74 ; 74.13 ; 22.56 ; 70.81
15:58:39;19862 ; 22.74 ; 74.10 ; 22.56 ; 70.83
15:58:42;19865 ; 22.75 ; 74.13 ; 22.54 ; 70.83
15:58:45;19868 ; 22.74 ; 74.14 ; 22.56 ; 70.83
15:58:48;19871 ; 22.75 ; 74.14 ; 22.53 ; 70.80
15:58:51;19874 ; 22.74 ; 74.15 ; 22.58 ; 70.85
15:58:54;19877 ; 22.74 ; 74.15 ; 22.56 ; 70.84
15:58:57;19880 ; 22.74 ; 74.14 ; 22.56 ; 70.81
15:59:00;19883 ; 22.74 ; 74.13 ; 22.55 ; 70.84
15:59:03;19886 ; 22.75 ; 74.13 ; 22.54 ; 70.85
15:59:06;19889 ; 22.74 ; 74.15 ; 22.56 ; 70.84
15:59:09;19892 ; 22.74 ; 74.14 ; 22.54 ; 70.82
15:59:12;19895 ; 22.75 ; 74.14 ; 22.54 ; 70.82
15:59:15;19898 ; 22.74 ; 74.14 ; 22.54 ; 70.85
15:59:18;19901 ; 22.74 ; 74.14 ; 22.56 ; 70.84
15:59:21;19904 ; 22.74 ; 74.14 ; 22.54 ; 70.82
15:59:24;19907 ; 22.75 ; 74.13 ; 22.53 ; 70.82
15:59:27;19910 ; 22.74 ; 74.13 ; 22.55 ; 70.84
15:59:30;19913 ; 22.74 ; 74.14 ; 22.56 ; 70.80
15:59:33;19916 ; 22.74 ; 74.12 ; 22.55 ; 70.85
15:59:36;19919 ; 22.74 ; 74.12 ; 22.56 ; 70.81
15:59:39;19922 ; 22.74 ; 74.13 ; 22.56 ; 70.82
15:59:42;19925 ; 22.75 ; 74.10 ; 22.53 ; 70.82
15:59:45;19928 ; 22.75 ; 74.12 ; 22.55 ; 70.84
15:59:48;19931 ; 22.74 ; 74.12 ; 22.53 ; 70.82
15:59:51;19934 ; 22.75 ; 74.12 ; 22.54 ; 70.82
15:59:54;19937 ; 22.75 ; 74.10 ; 22.54 ; 70.82
15:59:57;19940 ; 22.75 ; 74.12 ; 22.55 ; 70.82
16:00:00;19943 ; 22.74 ; 74.12 ; 22.56 ; 70.82
16:00:03;19946 ; 22.75 ; 74.10 ; 22.55 ; 70.82
16:00:06;19949 ; 22.74 ; 74.13 ; 22.55 ; 70.83
16:00:09;19952 ; 22.75 ; 74.12 ; 22.56 ; 70.82
16:00:12;19955 ; 22.74 ; 74.14 ; 22.55 ; 70.83
16:00:15;19958 ; 22.74 ; 74.14 ; 22.54 ; 70.84
16:00:18;19961 ; 22.75 ; 74.14 ; 22.54 ; 70.84
16:00:22;19964 ; 22.74 ; 74.13 ; 22.53 ; 70.83
16:00:25;19967 ; 22.75 ; 74.13 ; 22.53 ; 70.81
16:00:28;19970 ; 22.74 ; 74.14 ; 22.56 ; 70.81
16:00:31;19973 ; 22.74 ; 74.14 ; 22.56 ; 70.83
16:00:34;19976 ; 22.75 ; 74.12 ; 22.56 ; 70.85
16:00:37;19979 ; 22.74 ; 74.13 ; 22.56 ; 70.83
16:00:40;19982 ; 22.75 ; 74.12 ; 22.54 ; 70.83
16:00:43;19985 ; 22.75 ; 74.12 ; 22.57 ; 70.84
16:00:46;19988 ; 22.74 ; 74.12 ; 22.55 ; 70.83
16:00:49;19991 ; 22.74 ; 74.12 ; 22.54 ; 70.81
16:00:52;19994 ; 22.74 ; 74.10 ; 22.55 ; 70.83
16:00:55;19997 ; 22.74 ; 74.10 ; 22.54 ; 70.80
16:00:58;20000 ; 22.74 ; 74.10 ; 22.54 ; 70.81
16:01:01;20003 ; 22.74 ; 74.12 ; 22.55 ; 70.81
16:01:04;20006 ; 22.74 ; 74.10 ; 22.56 ; 70.83
16:01:07;20009 ; 22.74 ; 74.10 ; 22.56 ; 70.81
16:01:10;20012 ; 22.75 ; 74.12 ; 22.55 ; 70.80
16:01:13;20015 ; 22.74 ; 74.12 ; 22.55 ; 70.82
16:01:16;20018 ; 22.75 ; 74.10 ; 22.56 ; 70.81
16:01:19;20021 ; 22.75 ; 74.09 ; 22.56 ; 70.82
16:01:22;20024 ; 22.74 ; 74.10 ; 22.54 ; 70.82
16:01:25;20027 ; 22.74 ; 74.09 ; 22.55 ; 70.81
16:01:28;20030 ; 22.75 ; 74.08 ; 22.56 ; 70.83
16:01:31;20033 ; 22.74 ; 74.10 ; 22.54 ; 70.81
16:01:34;20036 ; 22.74 ; 74.10 ; 22.55 ; 70.81
16:01:37;20039 ; 22.74 ; 74.10 ; 22.55 ; 70.83
16:01:40;20042 ; 22.74 ; 74.10 ; 22.56 ; 70.82
16:01:43;20045 ; 22.75 ; 74.09 ; 22.54 ; 70.80
16:01:46;20048 ; 22.74 ; 74.10 ; 22.55 ; 70.80
16:01:49;20051 ; 22.74 ; 74.10 ; 22.54 ; 70.82
16:01:52;20054 ; 22.74 ; 74.12 ; 22.55 ; 70.83
16:01:55;20057 ; 22.74 ; 74.12 ; 22.55 ; 70.82
16:01:58;20060 ; 22.75 ; 74.12 ; 22.55 ; 70.84
16:02:01;20063 ; 22.74 ; 74.12 ; 22.54 ; 70.82
16:02:04;20066 ; 22.74 ; 74.15 ; 22.55 ; 70.82
16:02:07;20069 ; 22.74 ; 74.15 ; 22.56 ; 70.83
16:02:10;20072 ; 22.75 ; 74.13 ; 22.55 ; 70.84
16:02:13;20075 ; 22.74 ; 74.14 ; 22.55 ; 70.83
16:02:16;20078 ; 22.74 ; 74.12 ; 22.58 ; 70.82
16:02:19;20081 ; 22.74 ; 74.12 ; 22.55 ; 70.82
16:02:22;20084 ; 22.74 ; 74.10 ; 22.54 ; 70.83
16:02:25;20087 ; 22.74 ; 74.10 ; 22.57 ; 70.82
16:02:28;20090 ; 22.74 ; 74.12 ; 22.57 ; 70.83
16:02:31;20093 ; 22.74 ; 74.10 ; 22.56 ; 70.83
16:02:34;20096 ; 22.75 ; 74.08 ; 22.53 ; 70.80
16:02:37;20099 ; 22.75 ; 74.09 ; 22.56 ; 70.81
16:02:40;20102 ; 22.74 ; 74.10 ; 22.56 ; 70.82
16:02:43;20105 ; 22.74 ; 74.10 ; 22.54 ; 70.82
16:02:46;20108 ; 22.75 ; 74.10 ; 22.54 ; 70.81
16:02:49;20111 ; 22.75 ; 74.12 ; 22.53 ; 70.83
16:02:52;20114 ; 22.75 ; 74.11 ; 22.56 ; 70.83
16:02:55;20117 ; 22.74 ; 74.12 ; 22.55 ; 70.83
16:02:58;20120 ; 22.74 ; 74.12 ; 22.57 ; 70.84
16:03:01;20123 ; 22.74 ; 74.12 ; 22.56 ; 70.81
16:03:04;20126 ; 22.74 ; 74.09 ; 22.55 ; 70.83
16:03:07;20129 ; 22.75 ; 74.11 ; 22.57 ; 70.82
16:03:10;20132 ; 22.75 ; 74.10 ; 22.56 ; 70.83
16:03:13;20135 ; 22.75 ; 74.10 ; 22.54 ; 70.83
16:03:16;20138 ; 22.75 ; 74.11 ; 22.55 ; 70.82
16:03:19;20141 ; 22.75 ; 74.12 ; 22.55 ; 70.82
16:03:22;20144 ; 22.75 ; 74.11 ; 22.54 ; 70.80
16:03:25;20147 ; 22.75 ; 74.12 ; 22.55 ; 70.81
16:03:28;20150 ; 22.75 ; 74.12 ; 22.54 ; 70.82
16:03:31;20153 ; 22.75 ; 74.12 ; 22.54 ; 70.84
16:03:34;20156 ; 22.75 ; 74.12 ; 22.55 ; 70.82
16:03:37;20159 ; 22.75 ; 74.12 ; 22.56 ; 70.83
16:03:40;20162 ; 22.75 ; 74.13 ; 22.54 ; 70.82
16:03:43;20165 ; 22.75 ; 74.13 ; 22.55 ; 70.83
16:03:46;20168 ; 22.75 ; 74.13 ; 22.54 ; 70.81
16:03:49;20171 ; 22.75 ; 74.12 ; 22.54 ; 70.82
16:03:52;20174 ; 22.76 ; 74.12 ; 22.54 ; 70.83
16:03:55;20177 ; 22.75 ; 74.12 ; 22.56 ; 70.83
16:03:58;20180 ; 22.75 ; 74.12 ; 22.55 ; 70.79
16:04:01;20183 ; 22.75 ; 74.12 ; 22.54 ; 70.81
16:04:05;20186 ; 22.75 ; 74.12 ; 22.55 ; 70.84
16:04:08;20189 ; 22.75 ; 74.12 ; 22.54 ; 70.82
16:04:11;20192 ; 22.75 ; 74.11 ; 22.55 ; 70.82
16:04:14;20195 ; 22.74 ; 74.12 ; 22.56 ; 70.81
16:04:17;20198 ; 22.75 ; 74.11 ; 22.55 ; 70.82
16:04:20;20201 ; 22.75 ; 74.13 ; 22.55 ; 70.82
16:04:23;20204 ; 22.75 ; 74.11 ; 22.56 ; 70.81
16:04:26;20207 ; 22.75 ; 74.10 ; 22.54 ; 70.83
16:04:29;20210 ; 22.75 ; 74.12 ; 22.56 ; 70.83
16:04:32;20213 ; 22.75 ; 74.12 ; 22.54 ; 70.80
16:04:35;20216 ; 22.75 ; 74.13 ; 22.55 ; 70.83
16:04:38;20219 ; 22.75 ; 74.14 ; 22.57 ; 70.86
16:04:41;20222 ; 22.75 ; 74.12 ; 22.56 ; 70.84
16:04:44;20225 ; 22.75 ; 74.10 ; 22.54 ; 70.83
16:04:47;20228 ; 22.75 ; 74.12 ; 22.54 ; 70.83
16:04:50;20231 ; 22.75 ; 74.12 ; 22.55 ; 70.84
16:04:53;20234 ; 22.75 ; 74.12 ; 22.56 ; 70.82
16:04:56;20237 ; 22.74 ; 74.13 ; 22.54 ; 70.84
16:04:59;20240 ; 22.75 ; 74.12 ; 22.56 ; 70.84
16:05:02;20243 ; 22.75 ; 74.12 ; 22.54 ; 70.83
16:05:05;20246 ; 22.75 ; 74.13 ; 22.56 ; 70.84
16:05:08;20249 ; 22.75 ; 74.13 ; 22.56 ; 70.82
16:05:11;20252 ; 22.75 ; 74.12 ; 22.56 ; 70.85
16:05:14;20255 ; 22.75 ; 74.13 ; 22.54 ; 70.81
16:05:17;20258 ; 22.75 ; 74.13 ; 22.55 ; 70.82
16:05:20;20261 ; 22.75 ; 74.13 ; 22.56 ; 70.82
16:05:23;20264 ; 22.75 ; 74.12 ; 22.54 ; 70.84
16:05:26;20267 ; 22.75 ; 74.12 ; 22.54 ; 70.83
16:05:29;20270 ; 22.75 ; 74.14 ; 22.56 ; 70.84
16:05:32;20273 ; 22.74 ; 74.15 ; 22.57 ; 70.84
16:05:35;20276 ; 22.75 ; 74.13 ; 22.57 ; 70.84
16:05:38;20279 ; 22.75 ; 74.13 ; 22.54 ; 70.82
16:05:41;20282 ; 22.75 ; 74.14 ; 22.56 ; 70.83
16:05:44;20285 ; 22.75 ; 74.12 ; 22.56 ; 70.80
16:05:47;20288 ; 22.75 ; 74.14 ; 22.55 ; 70.82
16:05:50;20291 ; 22.75 ; 74.13 ; 22.54 ; 70.85
16:05:53;20294 ; 22.75 ; 74.13 ; 22.54 ; 70.85
16:05:56;20297 ; 22.75 ; 74.12 ; 22.55 ; 70.84
16:05:59;20300 ; 22.75 ; 74.12 ; 22.56 ; 70.83
16:06:02;20303 ; 22.76 ; 74.11 ; 22.54 ; 70.83
16:06:05;20306 ; 22.75 ; 74.12 ; 22.56 ; 70.83
16:06:08;20309 ; 22.75 ; 74.13 ; 22.56 ; 70.85
16:06:11;20312 ; 22.75 ; 74.12 ; 22.54 ; 70.82
16:06:14;20315 ; 22.75 ; 74.13 ; 22.56 ; 70.83
16:06:17;20318 ; 22.75 ; 74.13 ; 22.54 ; 70.81
16:06:20;20321 ; 22.75 ; 74.13 ; 22.54 ; 70.84
16:06:23;20324 ; 22.76 ; 74.13 ; 22.56 ; 70.84
16:06:26;20327 ; 22.76 ; 74.13 ; 22.54 ; 70.83
16:06:29;20330 ; 22.75 ; 74.12 ; 22.54 ; 70.83
16:06:32;20333 ; 22.75 ; 74.10 ; 22.56 ; 70.83
16:06:35;20336 ; 22.76 ; 74.14 ; 22.55 ; 70.83
16:06:38;20339 ; 22.75 ; 74.09 ; 22.54 ; 70.83
16:06:41;20342 ; 22.75 ; 74.12 ; 22.58 ; 70.84
16:06:44;20345 ; 22.75 ; 74.12 ; 22.56 ; 70.83
16:06:47;20348 ; 22.75 ; 74.12 ; 22.54 ; 70.82
16:06:50;20351 ; 22.75 ; 74.13 ; 22.56 ; 70.83
16:06:53;20354 ; 22.75 ; 74.12 ; 22.56 ; 70.81
16:06:56;20357 ; 22.75 ; 74.12 ; 22.54 ; 70.82
16:06:59;20360 ; 22.75 ; 74.11 ; 22.53 ; 70.80
16:07:02;20363 ; 22.75 ; 74.13 ; 22.58 ; 70.82
16:07:05;20366 ; 22.76 ; 74.11 ; 22.56 ; 70.86
16:07:08;20369 ; 22.75 ; 74.13 ; 22.55 ; 70.82
16:07:11;20372 ; 22.74 ; 74.13 ; 22.55 ; 70.84
16:07:14;20375 ; 22.75 ; 74.13 ; 22.54 ; 70.84
16:07:17;20378 ; 22.75 ; 74.13 ; 22.57 ; 70.83
16:07:20;20381 ; 22.76 ; 74.12 ; 22.54 ; 70.83
16:07:23;20384 ; 22.75 ; 74.12 ; 22.53 ; 70.82
16:07:26;20387 ; 22.76 ; 74.14 ; 22.56 ; 70.83
16:07:29;20390 ; 22.75 ; 74.11 ; 22.56 ; 70.81
16:07:32;20393 ; 22.75 ; 74.15 ; 22.58 ; 70.83
16:07:35;20396 ; 22.75 ; 74.13 ; 22.56 ; 70.82
16:07:38;20399 ; 22.75 ; 74.12 ; 22.56 ; 70.84
16:07:41;20402 ; 22.75 ; 74.13 ; 22.57 ; 70.82
16:07:44;20405 ; 22.75 ; 74.13 ; 22.56 ; 70.82
16:07:48;20408 ; 22.75 ; 74.12 ; 22.56 ; 70.83
16:07:51;20411 ; 22.76 ; 74.12 ; 22.56 ; 70.83
16:07:54;20414 ; 22.76 ; 74.12 ; 22.56 ; 70.80
16:07:57;20417 ; 22.75 ; 74.13 ; 22.56 ; 70.81
16:08:00;20420 ; 22.76 ; 74.13 ; 22.54 ; 70.83
16:08:03;20423 ; 22.75 ; 74.13 ; 22.56 ; 70.84
16:08:06;20426 ; 22.76 ; 74.13 ; 22.57 ; 70.82
16:08:09;20429 ; 22.76 ; 74.13 ; 22.58 ; 70.81
16:08:12;20432 ; 22.76 ; 74.14 ; 22.54 ; 70.85
16:08:15;20435 ; 22.76 ; 74.13 ; 22.56 ; 70.84
16:08:18;20438 ; 22.75 ; 74.14 ; 22.57 ; 70.84
16:08:21;20441 ; 22.75 ; 74.14 ; 22.55 ; 70.82
16:08:24;20444 ; 22.76 ; 74.12 ; 22.54 ; 70.84
16:08:27;20447 ; 22.76 ; 74.15 ; 22.54 ; 70.84
16:08:30;20450 ; 22.76 ; 74.15 ; 22.57 ; 70.86
16:08:33;20453 ; 22.75 ; 74.15 ; 22.56 ; 70.85
16:08:36;20456 ; 22.76 ; 74.14 ; 22.56 ; 70.85
16:08:39;20459 ; 22.76 ; 74.14 ; 22.56 ; 70.83
16:08:42;20462 ; 22.76 ; 74.15 ; 22.56 ; 70.86
16:08:45;20465 ; 22.76 ; 74.14 ; 22.56 ; 70.84
16:08:48;20468 ; 22.76 ; 74.14 ; 22.56 ; 70.87
16:08:51;20471 ; 22.76 ; 74.13 ; 22.55 ; 70.85
16:08:54;20474 ; 22.76 ; 74.14 ; 22.56 ; 70.83
16:08:57;20477 ; 22.76 ; 74.14 ; 22.57 ; 70.83
16:09:00;20480 ; 22.76 ; 74.14 ; 22.56 ; 70.85
16:09:03;20483 ; 22.76 ; 74.14 ; 22.55 ; 70.85
16:09:06;20486 ; 22.76 ; 74.13 ; 22.54 ; 70.84
16:09:09;20489 ; 22.76 ; 74.16 ; 22.56 ; 70.82
16:09:12;20492 ; 22.75 ; 74.13 ; 22.54 ; 70.83
16:09:15;20495 ; 22.76 ; 74.17 ; 22.56 ; 70.84
16:09:18;20498 ; 22.76 ; 74.15 ; 22.55 ; 70.84
16:09:21;20501 ; 22.76 ; 74.16 ; 22.56 ; 70.83
16:09:24;20504 ; 22.75 ; 74.16 ; 22.55 ; 70.84
16:09:27;20507 ; 22.76 ; 74.15 ; 22.56 ; 70.85
16:09:30;20510 ; 22.75 ; 74.14 ; 22.56 ; 70.84
16:09:33;20513 ; 22.75 ; 74.14 ; 22.54 ; 70.87
16:09:36;20516 ; 22.75 ; 74.14 ; 22.55 ; 70.80
16:09:39;20519 ; 22.75 ; 74.14 ; 22.56 ; 70.85
16:09:42;20522 ; 22.76 ; 74.14 ; 22.56 ; 70.82
16:09:45;20525 ; 22.76 ; 74.14 ; 22.56 ; 70.81
16:09:48;20528 ; 22.76 ; 74.13 ; 22.56 ; 70.86
16:09:51;20531 ; 22.76 ; 74.15 ; 22.56 ; 70.87
16:09:54;20534 ; 22.76 ; 74.14 ; 22.56 ; 70.83
16:09:57;20537 ; 22.76 ; 74.14 ; 22.58 ; 70.85
16:10:00;20540 ; 22.76 ; 74.14 ; 22.57 ; 70.85
16:10:03;20543 ; 22.76 ; 74.16 ; 22.56 ; 70.85
16:10:06;20546 ; 22.76 ; 74.15 ; 22.56 ; 70.84
16:10:09;20549 ; 22.76 ; 74.15 ; 22.56 ; 70.85
16:10:12;20552 ; 22.76 ; 74.15 ; 22.56 ; 70.83
16:10:15;20555 ; 22.76 ; 74.15 ; 22.59 ; 70.84
16:10:18;20558 ; 22.76 ; 74.14 ; 22.54 ; 70.85
16:10:21;20561 ; 22.76 ; 74.15 ; 22.59 ; 70.83
16:10:24;20564 ; 22.76 ; 74.15 ; 22.56 ; 70.83
16:10:27;20567 ; 22.76 ; 74.14 ; 22.56 ; 70.83
16:10:30;20570 ; 22.76 ; 74.16 ; 22.55 ; 70.83
16:10:33;20573 ; 22.76 ; 74.13 ; 22.55 ; 70.84
16:10:36;20576 ; 22.77 ; 74.14 ; 22.58 ; 70.86
16:10:39;20579 ; 22.76 ; 74.13 ; 22.58 ; 70.84
16:10:42;20582 ; 22.76 ; 74.14 ; 22.55 ; 70.83
16:10:45;20585 ; 22.76 ; 74.13 ; 22.55 ; 70.85
16:10:48;20588 ; 22.76 ; 74.13 ; 22.55 ; 70.82
16:10:51;20591 ; 22.76 ; 74.15 ; 22.55 ; 70.83
16:10:54;20594 ; 22.76 ; 74.14 ; 22.56 ; 70.82
16:10:57;20597 ; 22.77 ; 74.14 ; 22.56 ; 70.86
16:11:00;20600 ; 22.76 ; 74.13 ; 22.55 ; 70.82
16:11:03;20603 ; 22.75 ; 74.13 ; 22.56 ; 70.83
16:11:06;20606 ; 22.76 ; 74.13 ; 22.54 ; 70.85
16:11:09;20609 ; 22.76 ; 74.14 ; 22.57 ; 70.82
16:11:12;20612 ; 22.76 ; 74.14 ; 22.56 ; 70.84
16:11:15;20615 ; 22.76 ; 74.15 ; 22.55 ; 70.83
16:11:18;20618 ; 22.76 ; 74.15 ; 22.55 ; 70.85
16:11:21;20621 ; 22.76 ; 74.14 ; 22.56 ; 70.83
16:11:24;20624 ; 22.76 ; 74.15 ; 22.54 ; 70.83
16:11:27;20627 ; 22.76 ; 74.15 ; 22.55 ; 70.83
16:11:31;20630 ; 22.76 ; 74.16 ; 22.58 ; 70.84
16:11:34;20633 ; 22.76 ; 74.16 ; 22.56 ; 70.85
16:11:37;20636 ; 22.76 ; 74.16 ; 22.55 ; 70.83
16:11:40;20639 ; 22.76 ; 74.18 ; 22.56 ; 70.87
16:11:43;20642 ; 22.76 ; 74.16 ; 22.56 ; 70.86
16:11:46;20645 ; 22.76 ; 74.14 ; 22.56 ; 70.86
16:11:49;20648 ; 22.76 ; 74.15 ; 22.55 ; 70.84
16:11:52;20651 ; 22.76 ; 74.14 ; 22.58 ; 70.85
16:11:55;20654 ; 22.76 ; 74.16 ; 22.55 ; 70.87
16:11:58;20657 ; 22.76 ; 74.14 ; 22.56 ; 70.87
16:12:01;20660 ; 22.76 ; 74.14 ; 22.58 ; 70.87
16:12:04;20663 ; 22.77 ; 74.14 ; 22.56 ; 70.85
16:12:07;20666 ; 22.77 ; 74.14 ; 22.56 ; 70.85
16:12:10;20669 ; 22.77 ; 74.14 ; 22.57 ; 70.86
16:12:13;20672 ; 22.77 ; 74.14 ; 22.58 ; 70.83
16:12:16;20675 ; 22.77 ; 74.14 ; 22.57 ; 70.81
16:12:19;20678 ; 22.76 ; 74.14 ; 22.57 ; 70.85
16:12:22;20681 ; 22.76 ; 74.14 ; 22.58 ; 70.84
16:12:25;20684 ; 22.76 ; 74.14 ; 22.58 ; 70.86
16:12:28;20687 ; 22.77 ; 74.15 ; 22.56 ; 70.83
16:12:31;20690 ; 22.76 ; 74.13 ; 22.55 ; 70.85
16:12:34;20693 ; 22.76 ; 74.14 ; 22.57 ; 70.86
16:12:37;20696 ; 22.76 ; 74.14 ; 22.58 ; 70.84
16:12:40;20699 ; 22.76 ; 74.18 ; 22.56 ; 70.83
16:12:43;20702 ; 22.77 ; 74.12 ; 22.58 ; 70.84
16:12:46;20705 ; 22.77 ; 74.13 ; 22.58 ; 70.83
16:12:49;20708 ; 22.77 ; 74.13 ; 22.56 ; 70.82
16:12:52;20711 ; 22.76 ; 74.15 ; 22.58 ; 70.81
16:12:55;20714 ; 22.77 ; 74.14 ; 22.58 ; 70.83
16:12:58;20717 ; 22.76 ; 74.13 ; 22.57 ; 70.85
16:13:01;20720 ; 22.77 ; 74.13 ; 22.58 ; 70.86
16:13:04;20723 ; 22.77 ; 74.13 ; 22.56 ; 70.84
16:13:07;20726 ; 22.77 ; 74.14 ; 22.56 ; 70.83
16:13:10;20729 ; 22.76 ; 74.14 ; 22.56 ; 70.85
16:13:13;20732 ; 22.77 ; 74.15 ; 22.57 ; 70.84
16:13:16;20735 ; 22.77 ; 74.14 ; 22.55 ; 70.84
16:13:19;20738 ; 22.76 ; 74.14 ; 22.57 ; 70.86
16:13:22;20741 ; 22.76 ; 74.14 ; 22.58 ; 70.85
16:13:25;20744 ; 22.76 ; 74.12 ; 22.56 ; 70.85
16:13:28;20747 ; 22.76 ; 74.16 ; 22.56 ; 70.85
16:13:31;20750 ; 22.77 ; 74.15 ; 22.56 ; 70.85
16:13:34;20753 ; 22.77 ; 74.15 ; 22.56 ; 70.86
16:13:37;20756 ; 22.77 ; 74.14 ; 22.56 ; 70.85
16:13:40;20759 ; 22.77 ; 74.14 ; 22.56 ; 70.85
16:13:43;20762 ; 22.77 ; 74.14 ; 22.57 ; 70.85
16:13:46;20765 ; 22.76 ; 74.15 ; 22.56 ; 70.84
16:13:49;20768 ; 22.76 ; 74.15 ; 22.55 ; 70.84
16:13:52;20771 ; 22.77 ; 74.14 ; 22.56 ; 70.86
16:13:55;20774 ; 22.77 ; 74.14 ; 22.57 ; 70.83
16:13:58;20777 ; 22.77 ; 74.14 ; 22.57 ; 70.84
16:14:01;20780 ; 22.76 ; 74.14 ; 22.56 ; 70.83
16:14:04;20783 ; 22.76 ; 74.15 ; 22.58 ; 70.85
16:14:07;20786 ; 22.77 ; 74.14 ; 22.59 ; 70.83
16:14:10;20789 ; 22.77 ; 74.15 ; 22.55 ; 70.85
16:14:13;20792 ; 22.77 ; 74.15 ; 22.58 ; 70.86
16:14:16;20795 ; 22.77 ; 74.15 ; 22.57 ; 70.87
16:14:19;20798 ; 22.76 ; 74.15 ; 22.56 ; 70.83
16:14:22;20801 ; 22.76 ; 74.13 ; 22.55 ; 70.85
16:14:25;20804 ; 22.76 ; 74.13 ; 22.59 ; 70.84
16:14:28;20807 ; 22.76 ; 74.14 ; 22.58 ; 70.84
16:14:31;20810 ; 22.77 ; 74.14 ; 22.56 ; 70.84
16:14:34;20813 ; 22.77 ; 74.15 ; 22.56 ; 70.85
16:14:37;20816 ; 22.77 ; 74.14 ; 22.57 ; 70.85
16:14:40;20819 ; 22.77 ; 74.15 ; 22.56 ; 70.86
16:14:43;20822 ; 22.77 ; 74.15 ; 22.56 ; 70.87
16:14:46;20825 ; 22.77 ; 74.16 ; 22.60 ; 70.84
16:14:49;20828 ; 22.77 ; 74.16 ; 22.58 ; 70.86
16:14:52;20831 ; 22.77 ; 74.15 ; 22.58 ; 70.88
16:14:55;20834 ; 22.77 ; 74.15 ; 22.58 ; 70.88
16:14:58;20837 ; 22.77 ; 74.16 ; 22.58 ; 70.85
16:15:01;20840 ; 22.77 ; 74.16 ; 22.57 ; 70.86
16:15:04;20843 ; 22.77 ; 74.15 ; 22.58 ; 70.86
16:15:07;20846 ; 22.77 ; 74.14 ; 22.58 ; 70.83
16:15:10;20849 ; 22.77 ; 74.16 ; 22.58 ; 70.84
16:15:14;20852 ; 22.77 ; 74.15 ; 22.58 ; 70.86
16:15:17;20855 ; 22.77 ; 74.15 ; 22.56 ; 70.86
16:15:20;20858 ; 22.77 ; 74.15 ; 22.56 ; 70.87
16:15:23;20861 ; 22.77 ; 74.14 ; 22.58 ; 70.83
16:15:26;20864 ; 22.77 ; 74.14 ; 22.58 ; 70.84
16:15:29;20867 ; 22.77 ; 74.14 ; 22.58 ; 70.81
16:15:32;20870 ; 22.77 ; 74.15 ; 22.56 ; 70.84
16:15:35;20873 ; 22.77 ; 74.15 ; 22.57 ; 70.84
16:15:38;20876 ; 22.77 ; 74.16 ; 22.58 ; 70.85
16:15:41;20879 ; 22.77 ; 74.16 ; 22.56 ; 70.86
16:15:44;20882 ; 22.77 ; 74.15 ; 22.57 ; 70.84
16:15:47;20885 ; 22.77 ; 74.16 ; 22.59 ; 70.86
16:15:50;20888 ; 22.77 ; 74.16 ; 22.57 ; 70.85
16:15:53;20891 ; 22.77 ; 74.16 ; 22.58 ; 70.88
16:15:56;20894 ; 22.77 ; 74.16 ; 22.58 ; 70.83
16:15:59;20897 ; 22.77 ; 74.16 ; 22.56 ; 70.86
16:16:02;20900 ; 22.77 ; 74.18 ; 22.58 ; 70.89
16:16:05;20903 ; 22.77 ; 74.14 ; 22.57 ; 70.87
16:16:08;20906 ; 22.77 ; 74.16 ; 22.59 ; 70.85
16:16:11;20909 ; 22.77 ; 74.14 ; 22.57 ; 70.83
16:16:14;20912 ; 22.77 ; 74.15 ; 22.58 ; 70.86
16:16:17;20915 ; 22.77 ; 74.15 ; 22.58 ; 70.89
16:16:20;20918 ; 22.77 ; 74.15 ; 22.57 ; 70.86
16:16:23;20921 ; 22.78 ; 74.16 ; 22.58 ; 70.86
16:16:26;20924 ; 22.77 ; 74.15 ; 22.60 ; 70.87
16:16:29;20927 ; 22.77 ; 74.16 ; 22.59 ; 70.86
16:16:32;20930 ; 22.77 ; 74.14 ; 22.59 ; 70.85
16:16:35;20933 ; 22.77 ; 74.15 ; 22.58 ; 70.85
16:16:38;20936 ; 22.78 ; 74.14 ; 22.62 ; 70.87
16:16:41;20939 ; 22.77 ; 74.15 ; 22.60 ; 70.86
16:16:44;20942 ; 22.77 ; 74.14 ; 22.58 ; 70.86
16:16:47;20945 ; 22.77 ; 74.14 ; 22.57 ; 70.84
16:16:50;20948 ; 22.77 ; 74.13 ; 22.57 ; 70.84
16:16:53;20951 ; 22.78 ; 74.16 ; 22.58 ; 70.85
16:16:56;20954 ; 22.78 ; 74.18 ; 22.58 ; 70.84
16:16:59;20957 ; 22.77 ; 74.15 ; 22.59 ; 70.85
16:17:02;20960 ; 22.78 ; 74.14 ; 22.57 ; 70.83
16:17:05;20963 ; 22.78 ; 74.16 ; 22.58 ; 70.86
16:17:08;20966 ; 22.77 ; 74.16 ; 22.57 ; 70.84
16:17:11;20969 ; 22.78 ; 74.16 ; 22.59 ; 70.87
16:17:14;20972 ; 22.78 ; 74.17 ; 22.60 ; 70.85
16:17:17;20975 ; 22.78 ; 74.17 ; 22.61 ; 70.86
16:17:20;20978 ; 22.78 ; 74.17 ; 22.56 ; 70.85
16:17:23;20981 ; 22.78 ; 74.16 ; 22.59 ; 70.86
16:17:26;20984 ; 22.78 ; 74.14 ; 22.58 ; 70.85
16:17:29;20987 ; 22.78 ; 74.16 ; 22.58 ; 70.84
16:17:32;20990 ; 22.78 ; 74.15 ; 22.56 ; 70.88
16:17:35;20993 ; 22.78 ; 74.14 ; 22.57 ; 70.85
16:17:38;20996 ; 22.78 ; 74.15 ; 22.59 ; 70.85
16:17:41;20999 ; 22.78 ; 74.16 ; 22.59 ; 70.86
16:17:44;21002 ; 22.77 ; 74.16 ; 22.58 ; 70.83
16:17:47;21005 ; 22.78 ; 74.18 ; 22.56 ; 70.86
16:17:50;21008 ; 22.78 ; 74.16 ; 22.57 ; 70.85
16:17:53;21011 ; 22.78 ; 74.16 ; 22.57 ; 70.86
16:17:56;21014 ; 22.78 ; 74.15 ; 22.57 ; 70.87
16:17:59;21017 ; 22.78 ; 74.16 ; 22.58 ; 70.83
16:18:02;21020 ; 22.78 ; 74.14 ; 22.58 ; 70.85
16:18:05;21023 ; 22.78 ; 74.14 ; 22.58 ; 70.83
16:18:08;21026 ; 22.77 ; 74.15 ; 22.59 ; 70.85
16:18:11;21029 ; 22.78 ; 74.16 ; 22.58 ; 70.85
16:18:14;21032 ; 22.78 ; 74.17 ; 22.59 ; 70.86
16:18:17;21035 ; 22.78 ; 74.16 ; 22.58 ; 70.86
16:18:20;21038 ; 22.79 ; 74.16 ; 22.60 ; 70.85
16:18:23;21041 ; 22.78 ; 74.16 ; 22.58 ; 70.83
16:18:26;21044 ; 22.78 ; 74.16 ; 22.58 ; 70.85
16:18:29;21047 ; 22.78 ; 74.17 ; 22.59 ; 70.85
16:18:32;21050 ; 22.78 ; 74.16 ; 22.58 ; 70.84
16:18:35;21053 ; 22.78 ; 74.17 ; 22.59 ; 70.86
16:18:38;21056 ; 22.78 ; 74.16 ; 22.58 ; 70.83
16:18:41;21059 ; 22.78 ; 74.15 ; 22.60 ; 70.87
16:18:44;21062 ; 22.78 ; 74.16 ; 22.58 ; 70.84
16:18:47;21065 ; 22.78 ; 74.16 ; 22.59 ; 70.85
16:18:50;21068 ; 22.78 ; 74.16 ; 22.59 ; 70.86
16:18:53;21071 ; 22.78 ; 74.17 ; 22.59 ; 70.84
16:18:57;21074 ; 22.78 ; 74.17 ; 22.58 ; 70.86
16:19:00;21077 ; 22.78 ; 74.16 ; 22.59 ; 70.82
16:19:03;21080 ; 22.78 ; 74.17 ; 22.59 ; 70.85
16:19:06;21083 ; 22.78 ; 74.16 ; 22.57 ; 70.85
16:19:09;21086 ; 22.78 ; 74.16 ; 22.59 ; 70.83
16:19:12;21089 ; 22.78 ; 74.17 ; 22.58 ; 70.86
16:19:15;21092 ; 22.78 ; 74.16 ; 22.59 ; 70.86
16:19:18;21095 ; 22.78 ; 74.16 ; 22.60 ; 70.87
16:19:21;21098 ; 22.78 ; 74.15 ; 22.59 ; 70.86
16:19:24;21101 ; 22.79 ; 74.16 ; 22.59 ; 70.87
16:19:27;21104 ; 22.78 ; 74.17 ; 22.59 ; 70.84
16:19:30;21107 ; 22.79 ; 74.18 ; 22.58 ; 70.83
16:19:33;21110 ; 22.78 ; 74.18 ; 22.58 ; 70.86
16:19:36;21113 ; 22.79 ; 74.16 ; 22.59 ; 70.87
16:19:39;21116 ; 22.78 ; 74.17 ; 22.59 ; 70.85
16:19:42;21119 ; 22.78 ; 74.17 ; 22.59 ; 70.86
16:19:45;21122 ; 22.78 ; 74.16 ; 22.62 ; 70.86
16:19:48;21125 ; 22.78 ; 74.15 ; 22.60 ; 70.86
16:19:51;21128 ; 22.78 ; 74.17 ; 22.59 ; 70.87
16:19:54;21131 ; 22.79 ; 74.16 ; 22.59 ; 70.86
16:19:57;21134 ; 22.78 ; 74.17 ; 22.60 ; 70.87
16:20:00;21137 ; 22.79 ; 74.17 ; 22.58 ; 70.87
16:20:03;21140 ; 22.79 ; 74.17 ; 22.59 ; 70.84
16:20:06;21143 ; 22.78 ; 74.17 ; 22.59 ; 70.85
16:20:09;21146 ; 22.79 ; 74.17 ; 22.58 ; 70.86
16:20:12;21149 ; 22.79 ; 74.17 ; 22.60 ; 70.87
16:20:15;21152 ; 22.78 ; 74.17 ; 22.58 ; 70.85
16:20:18;21155 ; 22.79 ; 74.16 ; 22.59 ; 70.84
16:20:21;21158 ; 22.79 ; 74.16 ; 22.60 ; 70.85
16:20:24;21161 ; 22.79 ; 74.18 ; 22.60 ; 70.84
16:20:27;21164 ; 22.78 ; 74.13 ; 22.58 ; 70.86
16:20:30;21167 ; 22.78 ; 74.16 ; 22.58 ; 70.86
16:20:33;21170 ; 22.79 ; 74.17 ; 22.60 ; 70.86
16:20:36;21173 ; 22.79 ; 74.18 ; 22.60 ; 70.84
16:20:39;21176 ; 22.79 ; 74.16 ; 22.59 ; 70.84
16:20:42;21179 ; 22.79 ; 74.16 ; 22.59 ; 70.85
16:20:45;21182 ; 22.79 ; 74.17 ; 22.59 ; 70.84
16:20:48;21185 ; 22.79 ; 74.17 ; 22.58 ; 70.85
16:20:51;21188 ; 22.79 ; 74.17 ; 22.58 ; 70.85
16:20:54;21191 ; 22.79 ; 74.16 ; 22.60 ; 70.84
16:20:57;21194 ; 22.79 ; 74.17 ; 22.57 ; 70.84
16:21:00;21197 ; 22.79 ; 74.16 ; 22.59 ; 70.83
16:21:03;21200 ; 22.79 ; 74.17 ; 22.60 ; 70.82
16:21:06;21203 ; 22.79 ; 74.16 ; 22.58 ; 70.85
16:21:09;21206 ; 22.79 ; 74.17 ; 22.58 ; 70.87
16:21:12;21209 ; 22.78 ; 74.17 ; 22.59 ; 70.86
16:21:15;21212 ; 22.79 ; 74.17 ; 22.60 ; 70.86
16:21:18;21215 ; 22.79 ; 74.16 ; 22.61 ; 70.85
16:21:21;21218 ; 22.79 ; 74.18 ; 22.59 ; 70.85
16:21:24;21221 ; 22.79 ; 74.17 ; 22.59 ; 70.87
16:21:27;21224 ; 22.79 ; 74.13 ; 22.59 ; 70.84
16:21:30;21227 ; 22.79 ; 74.16 ; 22.58 ; 70.85
16:21:33;21230 ; 22.79 ; 74.17 ; 22.60 ; 70.86
16:21:36;21233 ; 22.79 ; 74.18 ; 22.59 ; 70.84
16:21:39;21236 ; 22.80 ; 74.17 ; 22.59 ; 70.86
16:21:42;21239 ; 22.79 ; 74.18 ; 22.59 ; 70.85
16:21:45;21242 ; 22.79 ; 74.17 ; 22.59 ; 70.84
16:21:48;21245 ; 22.79 ; 74.17 ; 22.60 ; 70.85
16:21:51;21248 ; 22.79 ; 74.17 ; 22.60 ; 70.86
16:21:54;21251 ; 22.79 ; 74.17 ; 22.58 ; 70.86
16:21:57;21254 ; 22.79 ; 74.17 ; 22.60 ; 70.87
16:22:00;21257 ; 22.79 ; 74.16 ; 22.60 ; 70.86
16:22:03;21260 ; 22.79 ; 74.17 ; 22.59 ; 70.82
16:22:06;21263 ; 22.79 ; 74.17 ; 22.59 ; 70.82
16:22:09;21266 ; 22.79 ; 74.16 ; 22.60 ; 70.87
16:22:12;21269 ; 22.79 ; 74.16 ; 22.60 ; 70.85
16:22:15;21272 ; 22.79 ; 74.17 ; 22.58 ; 70.87
16:22:18;21275 ; 22.79 ; 74.16 ; 22.60 ; 70.89
16:22:21;21278 ; 22.79 ; 74.16 ; 22.58 ; 70.86
16:22:24;21281 ; 22.79 ; 74.13 ; 22.60 ; 70.84
16:22:27;21284 ; 22.79 ; 74.16 ; 22.60 ; 70.83
16:22:30;21287 ; 22.79 ; 74.16 ; 22.59 ; 70.83
16:22:33;21290 ; 22.79 ; 74.15 ; 22.61 ; 70.85
16:22:36;21293 ; 22.79 ; 74.16 ; 22.60 ; 70.86
16:22:40;21296 ; 22.79 ; 74.17 ; 22.60 ; 70.89
16:22:43;21299 ; 22.79 ; 74.16 ; 22.58 ; 70.87
16:22:46;21302 ; 22.79 ; 74.13 ; 22.60 ; 70.85
16:22:49;21305 ; 22.78 ; 74.15 ; 22.59 ; 70.83
16:22:52;21308 ; 22.79 ; 74.15 ; 22.61 ; 70.84
16:22:55;21311 ; 22.79 ; 74.15 ; 22.59 ; 70.84
16:22:58;21314 ; 22.79 ; 74.16 ; 22.60 ; 70.86
16:23:01;21317 ; 22.79 ; 74.16 ; 22.59 ; 70.84
16:23:04;21320 ; 22.79 ; 74.16 ; 22.60 ; 70.84
16:23:07;21323 ; 22.79 ; 74.17 ; 22.60 ; 70.87
16:23:10;21326 ; 22.79 ; 74.16 ; 22.59 ; 70.86
16:23:13;21329 ; 22.79 ; 74.17 ; 22.59 ; 70.86
16:23:16;21332 ; 22.79 ; 74.16 ; 22.59 ; 70.87
16:23:19;21335 ; 22.79 ; 74.13 ; 22.58 ; 70.84
16:23:22;21338 ; 22.79 ; 74.17 ; 22.60 ; 70.83
16:23:25;21341 ; 22.79 ; 74.16 ; 22.60 ; 70.84
16:23:28;21344 ; 22.79 ; 74.16 ; 22.59 ; 70.86
16:23:31;21347 ; 22.79 ; 74.16 ; 22.59 ; 70.86
16:23:34;21350 ; 22.79 ; 74.16 ; 22.60 ; 70.87
16:23:37;21353 ; 22.79 ; 74.16 ; 22.59 ; 70.85
16:23:40;21356 ; 22.79 ; 74.15 ; 22.59 ; 70.85
16:23:43;21359 ; 22.79 ; 74.16 ; 22.62 ; 70.87
16:23:46;21362 ; 22.79 ; 74.15 ; 22.60 ; 70.83
16:23:49;21365 ; 22.79 ; 74.15 ; 22.59 ; 70.86
16:23:52;21368 ; 22.79 ; 74.16 ; 22.58 ; 70.85
16:23:55;21371 ; 22.79 ; 74.15 ; 22.60 ; 70.86
16:23:58;21374 ; 22.78 ; 74.17 ; 22.58 ; 70.84
16:24:01;21377 ; 22.79 ; 74.17 ; 22.59 ; 70.86
16:24:04;21380 ; 22.79 ; 74.17 ; 22.61 ; 70.89
16:24:07;21383 ; 22.79 ; 74.15 ; 22.58 ; 70.86
16:24:10;21386 ; 22.79 ; 74.17 ; 22.61 ; 70.84
16:24:13;21389 ; 22.79 ; 74.13 ; 22.57 ; 70.86
16:24:16;21392 ; 22.79 ; 74.16 ; 22.60 ; 70.84
16:24:19;21395 ; 22.79 ; 74.16 ; 22.60 ; 70.85
16:24:22;21398 ; 22.79 ; 74.17 ; 22.59 ; 70.86
16:24:25;21401 ; 22.79 ; 74.17 ; 22.59 ; 70.86
16:24:28;21404 ; 22.79 ; 74.16 ; 22.60 ; 70.85
16:24:31;21407 ; 22.79 ; 74.15 ; 22.59 ; 70.85
16:24:34;21410 ; 22.79 ; 74.16 ; 22.59 ; 70.83
16:24:37;21413 ; 22.80 ; 74.16 ; 22.61 ; 70.85
16:24:40;21416 ; 22.79 ; 74.16 ; 22.60 ; 70.86
16:24:43;21419 ; 22.79 ; 74.16 ; 22.59 ; 70.87
16:24:46;21422 ; 22.78 ; 74.16 ; 22.60 ; 70.84
16:24:49;21425 ; 22.79 ; 74.16 ; 22.59 ; 70.84
16:24:52;21428 ; 22.79 ; 74.17 ; 22.60 ; 70.86
16:24:55;21431 ; 22.79 ; 74.16 ; 22.59 ; 70.86
16:24:58;21434 ; 22.79 ; 74.17 ; 22.59 ; 70.88
16:25:01;21437 ; 22.79 ; 74.17 ; 22.60 ; 70.85
16:25:04;21440 ; 22.79 ; 74.17 ; 22.60 ; 70.84
16:25:07;21443 ; 22.79 ; 74.15 ; 22.61 ; 70.83
16:25:10;21446 ; 22.79 ; 74.16 ; 22.60 ; 70.83
16:25:13;21449 ; 22.79 ; 74.16 ; 22.59 ; 70.84
16:25:16;21452 ; 22.79 ; 74.15 ; 22.61 ; 70.88
16:25:19;21455 ; 22.79 ; 74.16 ; 22.62 ; 70.88
16:25:22;21458 ; 22.79 ; 74.16 ; 22.59 ; 70.84
16:25:25;21461 ; 22.80 ; 74.16 ; 22.62 ; 70.87
16:25:28;21464 ; 22.79 ; 74.15 ; 22.59 ; 70.85
16:25:31;21467 ; 22.80 ; 74.16 ; 22.59 ; 70.84
16:25:34;21470 ; 22.79 ; 74.16 ; 22.58 ; 70.87
16:25:37;21473 ; 22.80 ; 74.15 ; 22.60 ; 70.86
16:25:40;21476 ; 22.79 ; 74.15 ; 22.58 ; 70.85
16:25:43;21479 ; 22.79 ; 74.15 ; 22.60 ; 70.86
16:25:46;21482 ; 22.79 ; 74.16 ; 22.60 ; 70.83
16:25:49;21485 ; 22.80 ; 74.14 ; 22.59 ; 70.85
16:25:52;21488 ; 22.79 ; 74.15 ; 22.62 ; 70.84
16:25:55;21491 ; 22.79 ; 74.15 ; 22.58 ; 70.85
16:25:58;21494 ; 22.79 ; 74.15 ; 22.59 ; 70.83
16:26:01;21497 ; 22.80 ; 74.16 ; 22.60 ; 70.86
16:26:04;21500 ; 22.79 ; 74.15 ; 22.60 ; 70.82
16:26:07;21503 ; 22.79 ; 74.15 ; 22.58 ; 70.83
16:26:10;21506 ; 22.79 ; 74.15 ; 22.58 ; 70.83
16:26:13;21509 ; 22.79 ; 74.13 ; 22.60 ; 70.85
16:26:16;21512 ; 22.79 ; 74.13 ; 22.61 ; 70.85
16:26:19;21515 ; 22.80 ; 74.15 ; 22.60 ; 70.85
16:26:23;21518 ; 22.79 ; 74.15 ; 22.59 ; 70.82
16:26:26;21521 ; 22.79 ; 74.15 ; 22.60 ; 70.86
16:26:29;21524 ; 22.79 ; 74.16 ; 22.60 ; 70.85
16:26:32;21527 ; 22.80 ; 74.16 ; 22.62 ; 70.87
16:26:35;21530 ; 22.80 ; 74.17 ; 22.62 ; 70.87
16:26:38;21533 ; 22.79 ; 74.16 ; 22.60 ; 70.85
16:26:41;21536 ; 22.80 ; 74.16 ; 22.58 ; 70.84
16:26:44;21539 ; 22.80 ; 74.16 ; 22.59 ; 70.81
16:26:47;21542 ; 22.80 ; 74.15 ; 22.59 ; 70.81
16:26:50;21545 ; 22.80 ; 74.12 ; 22.60 ; 70.82
16:26:53;21548 ; 22.80 ; 74.15 ; 22.60 ; 70.82
16:26:56;21551 ; 22.80 ; 74.14 ; 22.61 ; 70.85
16:26:59;21554 ; 22.80 ; 74.15 ; 22.60 ; 70.84
16:27:02;21557 ; 22.80 ; 74.17 ; 22.59 ; 70.85
16:27:05;21560 ; 22.79 ; 74.16 ; 22.59 ; 70.85
16:27:08;21563 ; 22.79 ; 74.13 ; 22.61 ; 70.86
16:27:11;21566 ; 22.80 ; 74.16 ; 22.59 ; 70.84
16:27:14;21569 ; 22.80 ; 74.16 ; 22.60 ; 70.85
16:27:17;21572 ; 22.79 ; 74.15 ; 22.60 ; 70.83
16:27:20;21575 ; 22.80 ; 74.15 ; 22.60 ; 70.87
16:27:23;21578 ; 22.80 ; 74.16 ; 22.60 ; 70.84
16:27:26;21581 ; 22.80 ; 74.16 ; 22.61 ; 70.85
16:27:29;21584 ; 22.80 ; 74.15 ; 22.61 ; 70.85
16:27:32;21587 ; 22.80 ; 74.15 ; 22.60 ; 70.84
16:27:35;21590 ; 22.80 ; 74.16 ; 22.60 ; 70.85
16:27:38;21593 ; 22.79 ; 74.16 ; 22.59 ; 70.86
16:27:41;21596 ; 22.80 ; 74.15 ; 22.62 ; 70.84
16:27:44;21599 ; 22.80 ; 74.12 ; 22.60 ; 70.82
16:27:47;21602 ; 22.79 ; 74.15 ; 22.62 ; 70.84
16:27:50;21605 ; 22.80 ; 74.15 ; 22.60 ; 70.86
16:27:53;21608 ; 22.80 ; 74.15 ; 22.62 ; 70.83
16:27:56;21611 ; 22.80 ; 74.14 ; 22.61 ; 70.83
16:27:59;21614 ; 22.80 ; 74.14 ; 22.60 ; 70.84
16:28:02;21617 ; 22.80 ; 74.15 ; 22.63 ; 70.84
16:28:05;21620 ; 22.80 ; 74.15 ; 22.59 ; 70.86
16:28:08;21623 ; 22.80 ; 74.14 ; 22.61 ; 70.86
16:28:11;21626 ; 22.80 ; 74.15 ; 22.61 ; 70.83
16:28:14;21629 ; 22.80 ; 74.14 ; 22.60 ; 70.83
16:28:17;21632 ; 22.80 ; 74.14 ; 22.60 ; 70.84
16:28:20;21635 ; 22.80 ; 74.12 ; 22.60 ; 70.82
16:28:23;21638 ; 22.80 ; 74.15 ; 22.60 ; 70.85
16:28:26;21641 ; 22.80 ; 74.15 ; 22.60 ; 70.87
16:28:29;21644 ; 22.80 ; 74.15 ; 22.60 ; 70.86
16:28:32;21647 ; 22.80 ; 74.16 ; 22.62 ; 70.84
16:28:35;21650 ; 22.80 ; 74.14 ; 22.61 ; 70.83
16:28:38;21653 ; 22.80 ; 74.14 ; 22.61 ; 70.85
16:28:41;21656 ; 22.80 ; 74.16 ; 22.62 ; 70.87
16:28:44;21659 ; 22.80 ; 74.16 ; 22.60 ; 70.85
16:28:47;21662 ; 22.80 ; 74.15 ; 22.62 ; 70.85
16:28:50;21665 ; 22.79 ; 74.16 ; 22.59 ; 70.85
16:28:53;21668 ; 22.80 ; 74.15 ; 22.61 ; 70.83
16:28:56;21671 ; 22.80 ; 74.17 ; 22.60 ; 70.85
16:28:59;21674 ; 22.80 ; 74.16 ; 22.62 ; 70.85
16:29:02;21677 ; 22.80 ; 74.16 ; 22.60 ; 70.86
16:29:05;21680 ; 22.80 ; 74.16 ; 22.61 ; 70.85
16:29:08;21683 ; 22.81 ; 74.17 ; 22.61 ; 70.85
16:29:11;21686 ; 22.80 ; 74.15 ; 22.62 ; 70.85
16:29:14;21689 ; 22.81 ; 74.15 ; 22.61 ; 70.83
16:29:17;21692 ; 22.81 ; 74.15 ; 22.60 ; 70.83
16:29:20;21695 ; 22.80 ; 74.15 ; 22.60 ; 70.83
16:29:23;21698 ; 22.80 ; 74.14 ; 22.61 ; 70.84
16:29:26;21701 ; 22.80 ; 74.15 ; 22.61 ; 70.86
16:29:29;21704 ; 22.80 ; 74.13 ; 22.61 ; 70.85
16:29:32;21707 ; 22.80 ; 74.14 ; 22.60 ; 70.83
16:29:35;21710 ; 22.81 ; 74.15 ; 22.60 ; 70.85
16:29:38;21713 ; 22.81 ; 74.15 ; 22.63 ; 70.84
16:29:41;21716 ; 22.81 ; 74.16 ; 22.62 ; 70.85
16:29:44;21719 ; 22.81 ; 74.15 ; 22.62 ; 70.85
16:29:47;21722 ; 22.80 ; 74.16 ; 22.63 ; 70.85
16:29:50;21725 ; 22.81 ; 74.17 ; 22.59 ; 70.86
16:29:53;21728 ; 22.80 ; 74.16 ; 22.62 ; 70.85
16:29:56;21731 ; 22.81 ; 74.16 ; 22.62 ; 70.86
16:29:59;21734 ; 22.81 ; 74.16 ; 22.63 ; 70.84
16:30:02;21737 ; 22.81 ; 74.15 ; 22.60 ; 70.85
16:30:06;21740 ; 22.81 ; 74.16 ; 22.60 ; 70.86
16:30:09;21743 ; 22.81 ; 74.15 ; 22.62 ; 70.84
16:30:12;21746 ; 22.81 ; 74.14 ; 22.61 ; 70.83
16:30:15;21749 ; 22.81 ; 74.16 ; 22.62 ; 70.84
16:30:18;21752 ; 22.80 ; 74.14 ; 22.62 ; 70.86
16:30:21;21755 ; 22.80 ; 74.15 ; 22.61 ; 70.84
16:30:24;21758 ; 22.80 ; 74.15 ; 22.60 ; 70.83
16:30:27;21761 ; 22.80 ; 74.14 ; 22.60 ; 70.84
16:30:30;21764 ; 22.81 ; 74.14 ; 22.62 ; 70.84
16:30:33;21767 ; 22.80 ; 74.14 ; 22.62 ; 70.85
16:30:36;21770 ; 22.81 ; 74.13 ; 22.61 ; 70.85
16:30:39;21773 ; 22.81 ; 74.12 ; 22.60 ; 70.81
16:30:42;21776 ; 22.81 ; 74.13 ; 22.60 ; 70.84
16:30:45;21779 ; 22.81 ; 74.13 ; 22.61 ; 70.83
16:30:48;21782 ; 22.81 ; 74.13 ; 22.63 ; 70.84
16:30:51;21785 ; 22.81 ; 74.13 ; 22.63 ; 70.81
16:30:54;21788 ; 22.81 ; 74.12 ; 22.60 ; 70.82
16:30:57;21791 ; 22.81 ; 74.13 ; 22.62 ; 70.84
16:31:00;21794 ; 22.81 ; 74.12 ; 22.60 ; 70.82
16:31:03;21797 ; 22.81 ; 74.12 ; 22.61 ; 70.84
16:31:06;21800 ; 22.81 ; 74.12 ; 22.62 ; 70.86
16:31:09;21803 ; 22.81 ; 74.14 ; 22.61 ; 70.82
16:31:12;21806 ; 22.81 ; 74.12 ; 22.61 ; 70.83
16:31:15;21809 ; 22.81 ; 74.14 ; 22.64 ; 70.83
16:31:18;21812 ; 22.81 ; 74.14 ; 22.62 ; 70.83
16:31:21;21815 ; 22.81 ; 74.13 ; 22.60 ; 70.83
16:31:24;21818 ; 22.81 ; 74.12 ; 22.61 ; 70.82
16:31:27;21821 ; 22.81 ; 74.13 ; 22.60 ; 70.83
16:31:30;21824 ; 22.81 ; 74.11 ; 22.63 ; 70.83
16:31:33;21827 ; 22.81 ; 74.12 ; 22.62 ; 70.83
16:31:36;21830 ; 22.81 ; 74.11 ; 22.63 ; 70.85
16:31:39;21833 ; 22.81 ; 74.11 ; 22.60 ; 70.80
16:31:42;21836 ; 22.81 ; 74.12 ; 22.62 ; 70.83
16:31:45;21839 ; 22.82 ; 74.12 ; 22.62 ; 70.81
16:31:48;21842 ; 22.81 ; 74.12 ; 22.63 ; 70.82
16:31:51;21845 ; 22.81 ; 74.12 ; 22.61 ; 70.83
16:31:54;21848 ; 22.81 ; 74.15 ; 22.60 ; 70.82
16:31:57;21851 ; 22.82 ; 74.13 ; 22.60 ; 70.84
16:32:00;21854 ; 22.82 ; 74.13 ; 22.63 ; 70.81
16:32:03;21857 ; 22.81 ; 74.12 ; 22.61 ; 70.85
16:32:06;21860 ; 22.81 ; 74.13 ; 22.60 ; 70.85
16:32:09;21863 ; 22.82 ; 74.13 ; 22.63 ; 70.84
16:32:12;21866 ; 22.81 ; 74.13 ; 22.62 ; 70.83
16:32:15;21869 ; 22.82 ; 74.13 ; 22.60 ; 70.82
16:32:18;21872 ; 22.81 ; 74.13 ; 22.60 ; 70.83
16:32:21;21875 ; 22.82 ; 74.14 ; 22.62 ; 70.84
16:32:24;21878 ; 22.82 ; 74.13 ; 22.62 ; 70.83
16:32:27;21881 ; 22.82 ; 74.12 ; 22.63 ; 70.83
16:32:30;21884 ; 22.81 ; 74.12 ; 22.62 ; 70.85
16:32:33;21887 ; 22.82 ; 74.12 ; 22.62 ; 70.83
16:32:36;21890 ; 22.82 ; 74.12 ; 22.64 ; 70.82
16:32:39;21893 ; 22.82 ; 74.12 ; 22.62 ; 70.85
16:32:42;21896 ; 22.82 ; 74.12 ; 22.61 ; 70.83
16:32:45;21899 ; 22.82 ; 74.09 ; 22.61 ; 70.83
16:32:48;21902 ; 22.82 ; 74.14 ; 22.62 ; 70.82
16:32:51;21905 ; 22.82 ; 74.12 ; 22.64 ; 70.80
16:32:54;21908 ; 22.81 ; 74.13 ; 22.63 ; 70.82
16:32:57;21911 ; 22.81 ; 74.12 ; 22.59 ; 70.83
16:33:00;21914 ; 22.82 ; 74.13 ; 22.60 ; 70.82
16:33:03;21917 ; 22.82 ; 74.13 ; 22.61 ; 70.83
16:33:06;21920 ; 22.82 ; 74.12 ; 22.62 ; 70.82
16:33:09;21923 ; 22.82 ; 74.12 ; 22.62 ; 70.84
16:33:12;21926 ; 22.82 ; 74.11 ; 22.62 ; 70.83
16:33:15;21929 ; 22.82 ; 74.13 ; 22.60 ; 70.82
16:33:18;21932 ; 22.82 ; 74.13 ; 22.61 ; 70.83
16:33:21;21935 ; 22.83 ; 74.13 ; 22.61 ; 70.86
16:33:24;21938 ; 22.82 ; 74.12 ; 22.61 ; 70.85
16:33:27;21941 ; 22.82 ; 74.12 ; 22.62 ; 70.81
16:33:30;21944 ; 22.82 ; 74.13 ; 22.62 ; 70.85
16:33:33;21947 ; 22.82 ; 74.12 ; 22.60 ; 70.83
16:33:36;21950 ; 22.82 ; 74.11 ; 22.62 ; 70.83
16:33:39;21953 ; 22.82 ; 74.12 ; 22.62 ; 70.82
16:33:42;21956 ; 22.81 ; 74.14 ; 22.62 ; 70.82
16:33:45;21959 ; 22.82 ; 74.13 ; 22.63 ; 70.83
16:33:49;21962 ; 22.82 ; 74.13 ; 22.62 ; 70.87
16:33:52;21965 ; 22.82 ; 74.14 ; 22.60 ; 70.86
16:33:55;21968 ; 22.82 ; 74.14 ; 22.62 ; 70.84
16:33:58;21971 ; 22.82 ; 74.12 ; 22.63 ; 70.86
16:34:01;21974 ; 22.82 ; 74.12 ; 22.61 ; 70.82
16:34:04;21977 ; 22.82 ; 74.12 ; 22.61 ; 70.85
16:34:07;21980 ; 22.82 ; 74.13 ; 22.61 ; 70.83
16:34:10;21983 ; 22.82 ; 74.12 ; 22.62 ; 70.86
16:34:13;21986 ; 22.82 ; 74.13 ; 22.60 ; 70.83
16:34:16;21989 ; 22.82 ; 74.13 ; 22.62 ; 70.82
16:34:19;21992 ; 22.82 ; 74.13 ; 22.62 ; 70.83
16:34:22;21995 ; 22.82 ; 74.12 ; 22.62 ; 70.80
16:34:25;21998 ; 22.82 ; 74.13 ; 22.62 ; 70.85
16:34:28;22001 ; 22.82 ; 74.13 ; 22.62 ; 70.83
16:34:31;22004 ; 22.82 ; 74.12 ; 22.61 ; 70.85
16:34:34;22007 ; 22.82 ; 74.12 ; 22.62 ; 70.81
16:34:37;22010 ; 22.82 ; 74.12 ; 22.62 ; 70.83
16:34:40;22013 ; 22.82 ; 74.13 ; 22.61 ; 70.83
16:34:43;22016 ; 22.82 ; 74.14 ; 22.63 ; 70.86
16:34:46;22019 ; 22.82 ; 74.12 ; 22.63 ; 70.85
16:34:49;22022 ; 22.82 ; 74.12 ; 22.61 ; 70.82
16:34:52;22025 ; 22.82 ; 74.12 ; 22.63 ; 70.83
16:34:55;22028 ; 22.82 ; 74.12 ; 22.62 ; 70.84
16:34:58;22031 ; 22.82 ; 74.12 ; 22.62 ; 70.83
16:35:01;22034 ; 22.82 ; 74.11 ; 22.61 ; 70.83
16:35:04;22037 ; 22.82 ; 74.11 ; 22.62 ; 70.79
16:35:07;22040 ; 22.82 ; 74.13 ; 22.61 ; 70.83
16:35:10;22043 ; 22.82 ; 74.12 ; 22.60 ; 70.83
16:35:13;22046 ; 22.82 ; 74.13 ; 22.61 ; 70.82
16:35:16;22049 ; 22.82 ; 74.13 ; 22.64 ; 70.83
16:35:19;22052 ; 22.82 ; 74.12 ; 22.60 ; 70.84
16:35:22;22055 ; 22.82 ; 74.12 ; 22.62 ; 70.84
16:35:25;22058 ; 22.82 ; 74.13 ; 22.60 ; 70.83
16:35:28;22061 ; 22.82 ; 74.13 ; 22.61 ; 70.82
16:35:31;22064 ; 22.82 ; 74.05 ; 22.62 ; 70.83
16:35:34;22067 ; 22.82 ; 74.11 ; 22.60 ; 70.82
16:35:37;22070 ; 22.82 ; 74.11 ; 22.63 ; 70.83
16:35:40;22073 ; 22.82 ; 74.11 ; 22.61 ; 70.86
16:35:43;22076 ; 22.82 ; 74.13 ; 22.63 ; 70.84
16:35:46;22079 ; 22.82 ; 74.12 ; 22.61 ; 70.83
16:35:49;22082 ; 22.82 ; 74.12 ; 22.62 ; 70.82
16:35:52;22085 ; 22.82 ; 74.12 ; 22.63 ; 70.87
16:35:55;22088 ; 22.82 ; 74.12 ; 22.60 ; 70.83
16:35:58;22091 ; 22.82 ; 74.11 ; 22.63 ; 70.84
16:36:01;22094 ; 22.82 ; 74.12 ; 22.64 ; 70.83
16:36:04;22097 ; 22.83 ; 74.11 ; 22.61 ; 70.83
16:36:07;22100 ; 22.82 ; 74.12 ; 22.62 ; 70.83
16:36:10;22103 ; 22.81 ; 74.13 ; 22.61 ; 70.83
16:36:13;22106 ; 22.82 ; 74.12 ; 22.62 ; 70.83
16:36:16;22109 ; 22.82 ; 74.13 ; 22.63 ; 70.84
16:36:19;22112 ; 22.82 ; 74.13 ; 22.61 ; 70.86
16:36:22;22115 ; 22.82 ; 74.11 ; 22.62 ; 70.85
16:36:25;22118 ; 22.82 ; 74.12 ; 22.63 ; 70.83
16:36:28;22121 ; 22.82 ; 74.12 ; 22.61 ; 70.85
16:36:31;22124 ; 22.82 ; 74.12 ; 22.64 ; 70.82
16:36:34;22127 ; 22.82 ; 74.12 ; 22.64 ; 70.84
16:36:37;22130 ; 22.82 ; 74.13 ; 22.62 ; 70.82
16:36:40;22133 ; 22.82 ; 74.12 ; 22.60 ; 70.82
16:36:43;22136 ; 22.82 ; 74.12 ; 22.62 ; 70.82
16:36:46;22139 ; 22.82 ; 74.12 ; 22.62 ; 70.83
16:36:49;22142 ; 22.82 ; 74.12 ; 22.62 ; 70.83
16:36:52;22145 ; 22.82 ; 74.11 ; 22.61 ; 70.83
16:36:55;22148 ; 22.82 ; 74.11 ; 22.63 ; 70.83
16:36:58;22151 ; 22.82 ; 74.12 ; 22.60 ; 70.82
16:37:01;22154 ; 22.82 ; 74.10 ; 22.62 ; 70.83
16:37:04;22157 ; 22.83 ; 74.12 ; 22.63 ; 70.82
16:37:07;22160 ; 22.82 ; 74.12 ; 22.62 ; 70.83
16:37:10;22163 ; 22.82 ; 74.11 ; 22.62 ; 70.82
16:37:13;22166 ; 22.82 ; 74.09 ; 22.62 ; 70.84
16:37:16;22169 ; 22.82 ; 74.08 ; 22.63 ; 70.83
16:37:19;22172 ; 22.82 ; 74.09 ; 22.62 ; 70.81
16:37:22;22175 ; 22.82 ; 74.11 ; 22.63 ; 70.82
16:37:25;22178 ; 22.82 ; 74.11 ; 22.61 ; 70.80
16:37:28;22181 ; 22.82 ; 74.11 ; 22.62 ; 70.86
16:37:32;22184 ; 22.82 ; 74.09 ; 22.62 ; 70.84
16:37:35;22187 ; 22.82 ; 74.11 ; 22.62 ; 70.80
16:37:38;22190 ; 22.82 ; 74.10 ; 22.61 ; 70.82
16:37:41;22193 ; 22.82 ; 74.10 ; 22.63 ; 70.83
16:37:44;22196 ; 22.82 ; 74.10 ; 22.64 ; 70.83
16:37:47;22199 ; 22.82 ; 74.10 ; 22.62 ; 70.84
16:37:50;22202 ; 22.82 ; 74.08 ; 22.63 ; 70.81
16:37:53;22205 ; 22.82 ; 74.08 ; 22.61 ; 70.80
16:37:56;22208 ; 22.82 ; 74.10 ; 22.63 ; 70.81
16:37:59;22211 ; 22.83 ; 74.10 ; 22.62 ; 70.80
16:38:02;22214 ; 22.82 ; 74.10 ; 22.62 ; 70.81
16:38:05;22217 ; 22.83 ; 74.08 ; 22.62 ; 70.82
16:38:08;22220 ; 22.82 ; 74.07 ; 22.62 ; 70.80
16:38:11;22223 ; 22.83 ; 74.10 ; 22.63 ; 70.81
16:38:14;22226 ; 22.82 ; 74.08 ; 22.63 ; 70.83
16:38:17;22229 ; 22.83 ; 74.10 ; 22.63 ; 70.80
16:38:20;22232 ; 22.82 ; 74.10 ; 22.63 ; 70.79
16:38:23;22235 ; 22.82 ; 74.11 ; 22.61 ; 70.80
16:38:26;22238 ; 22.82 ; 74.11 ; 22.61 ; 70.81
16:38:29;22241 ; 22.82 ; 74.10 ; 22.62 ; 70.80
16:38:32;22244 ; 22.83 ; 74.12 ; 22.63 ; 70.84
16:38:35;22247 ; 22.83 ; 74.11 ; 22.62 ; 70.83
16:38:38;22250 ; 22.83 ; 74.11 ; 22.63 ; 70.82
16:38:41;22253 ; 22.82 ; 74.11 ; 22.62 ; 70.83
16:38:44;22256 ; 22.83 ; 74.11 ; 22.62 ; 70.82
16:38:47;22259 ; 22.83 ; 74.11 ; 22.64 ; 70.83
16:38:50;22262 ; 22.82 ; 74.11 ; 22.63 ; 70.82
16:38:53;22265 ; 22.82 ; 74.11 ; 22.62 ; 70.83
16:38:56;22268 ; 22.82 ; 74.11 ; 22.62 ; 70.83
16:38:59;22271 ; 22.83 ; 74.11 ; 22.63 ; 70.82
16:39:02;22274 ; 22.82 ; 74.11 ; 22.63 ; 70.83
16:39:05;22277 ; 22.83 ; 74.10 ; 22.61 ; 70.82
16:39:08;22280 ; 22.82 ; 74.10 ; 22.64 ; 70.80
16:39:11;22283 ; 22.82 ; 74.10 ; 22.62 ; 70.82
16:39:14;22286 ; 22.82 ; 74.10 ; 22.62 ; 70.82
16:39:17;22289 ; 22.82 ; 74.10 ; 22.64 ; 70.84
16:39:20;22292 ; 22.83 ; 74.10 ; 22.60 ; 70.80
16:39:23;22295 ; 22.83 ; 74.09 ; 22.60 ; 70.80
16:39:26;22298 ; 22.83 ; 74.10 ; 22.60 ; 70.83
16:39:29;22301 ; 22.83 ; 74.08 ; 22.62 ; 70.81
16:39:32;22304 ; 22.83 ; 74.10 ; 22.63 ; 70.83
16:39:35;22307 ; 22.83 ; 74.08 ; 22.62 ; 70.79
16:39:38;22310 ; 22.83 ; 74.10 ; 22.64 ; 70.80
16:39:41;22313 ; 22.83 ; 74.10 ; 22.62 ; 70.82
16:39:44;22316 ; 22.83 ; 74.10 ; 22.63 ; 70.81
16:39:47;22319 ; 22.83 ; 74.08 ; 22.64 ; 70.78
16:39:50;22322 ; 22.83 ; 74.10 ; 22.62 ; 70.80
16:39:53;22325 ; 22.83 ; 74.10 ; 22.62 ; 70.80
16:39:56;22328 ; 22.83 ; 74.10 ; 22.62 ; 70.79
16:39:59;22331 ; 22.83 ; 74.10 ; 22.62 ; 70.80
16:40:02;22334 ; 22.83 ; 74.11 ; 22.63 ; 70.81
16:40:05;22337 ; 22.83 ; 74.11 ; 22.64 ; 70.83
16:40:08;22340 ; 22.82 ; 74.11 ; 22.64 ; 70.81
16:40:11;22343 ; 22.82 ; 74.12 ; 22.61 ; 70.83
16:40:14;22346 ; 22.83 ; 74.10 ; 22.64 ; 70.86
