horodatage;temps_s;TempRTD2 (°C);RTD1 (°C);ADC_temp (°C)
2026-09-27T11:33:02.108+02:00;2.844887;;;23.33
2026-09-27T11:33:02.137+02:00;2.874196;;100.061;
2026-09-27T11:33:02.139+02:00;2.876111;20.907;;
2026-09-27T11:33:05.845+02:00;6.581238;;;23.34
2026-09-27T11:33:05.874+02:00;6.610381;;100.061;
2026-09-27T11:33:05.876+02:00;6.612353;20.907;;
2026-09-27T11:33:09.257+02:00;9.993528;;;23.33
2026-09-27T11:33:09.286+02:00;10.022772;;100.061;
2026-09-27T11:33:09.288+02:00;10.024657;20.907;;
2026-09-27T11:33:12.669+02:00;13.405926;;;23.33
2026-09-27T11:33:12.699+02:00;13.435251;;100.061;
2026-09-27T11:33:12.700+02:00;13.437090;20.907;;
2026-09-27T11:33:16.082+02:00;16.818228;;;23.32
2026-09-27T11:33:16.111+02:00;16.847465;;100.061;
2026-09-27T11:33:16.113+02:00;16.849471;20.906;;
2026-09-27T11:33:19.494+02:00;20.230710;;;23.31
2026-09-27T11:33:19.523+02:00;20.259897;;100.061;
2026-09-27T11:33:19.525+02:00;20.261793;20.906;;
2026-09-27T11:33:22.906+02:00;23.643090;;;23.31
2026-09-27T11:33:22.935+02:00;23.672194;;100.061;
2026-09-27T11:33:22.937+02:00;23.674089;20.904;;
2026-09-27T11:33:26.827+02:00;27.563448;;;23.29
2026-09-27T11:33:26.856+02:00;27.592725;;100.061;
2026-09-27T11:33:26.858+02:00;27.594826;20.906;;
2026-09-27T11:33:30.230+02:00;30.967070;;;23.3
2026-09-27T11:33:30.259+02:00;30.996095;;100.061;
2026-09-27T11:33:30.261+02:00;30.998078;20.905;;
2026-09-27T11:33:33.643+02:00;34.379400;;;23.3
2026-09-27T11:33:33.672+02:00;34.408538;;100.061;
2026-09-27T11:33:33.674+02:00;34.410502;20.903;;
2026-09-27T11:33:37.055+02:00;37.791662;;;23.3
2026-09-27T11:33:37.084+02:00;37.820971;;100.061;
2026-09-27T11:33:37.086+02:00;37.822845;20.902;;
2026-09-27T11:33:40.467+02:00;41.204162;;;23.29
2026-09-27T11:33:40.497+02:00;41.233289;;100.061;
2026-09-27T11:33:40.499+02:00;41.235284;20.898;;
2026-09-27T11:33:43.880+02:00;44.616463;;;23.29
2026-09-27T11:33:43.909+02:00;44.645640;;100.061;
2026-09-27T11:33:43.911+02:00;44.647586;20.895;;
2026-09-27T11:33:47.292+02:00;48.028890;;;23.28
2026-09-27T11:33:47.325+02:00;48.061584;20.892;100.061;
2026-09-27T11:33:51.210+02:00;51.946850;;;23.27
2026-09-27T11:33:51.239+02:00;51.975952;;100.061;
2026-09-27T11:33:51.241+02:00;51.977852;20.892;;
2026-09-27T11:33:54.614+02:00;55.350309;;;23.27
2026-09-27T11:33:54.643+02:00;55.379322;;100.061;
2026-09-27T11:33:54.645+02:00;55.381294;20.891;;
2026-09-27T11:33:58.026+02:00;58.762550;;;23.27
2026-09-27T11:33:58.055+02:00;58.791906;;100.061;
2026-09-27T11:33:58.058+02:00;58.794902;20.891;;
2026-09-27T11:34:01.438+02:00;62.174961;;;23.26
2026-09-27T11:34:01.467+02:00;62.204129;;100.061;
2026-09-27T11:34:01.469+02:00;62.206070;20.891;;
2026-09-27T11:34:04.851+02:00;65.587279;;;23.24
2026-09-27T11:34:04.880+02:00;65.616434;;100.061;
2026-09-27T11:34:04.882+02:00;65.618396;20.891;;
2026-09-27T11:34:08.264+02:00;69.000758;;;23.24
2026-09-27T11:34:08.293+02:00;69.029962;;100.061;
2026-09-27T11:34:08.296+02:00;69.032829;20.891;;
2026-09-27T11:34:11.675+02:00;72.412000;;;23.23
2026-09-27T11:34:11.705+02:00;72.442043;;100.061;
2026-09-27T11:34:11.707+02:00;72.443738;20.891;;
2026-09-27T11:34:15.088+02:00;75.824591;;;23.2
2026-09-27T11:34:15.117+02:00;75.853757;;100.061;
2026-09-27T11:34:15.119+02:00;75.855653;20.864;;
2026-09-27T11:34:18.500+02:00;79.236845;;;23.2
2026-09-27T11:34:18.529+02:00;79.266014;;100.061;
2026-09-27T11:34:18.531+02:00;79.267996;20.843;;
2026-09-27T11:34:21.912+02:00;82.649191;;;23.18
2026-09-27T11:34:21.942+02:00;82.678416;;100.061;
2026-09-27T11:34:21.944+02:00;82.680317;20.826;;
2026-09-27T11:34:25.325+02:00;86.061654;;;23.15
2026-09-27T11:34:25.354+02:00;86.090841;;100.061;
2026-09-27T11:34:25.356+02:00;86.092809;20.81;;
2026-09-27T11:34:28.737+02:00;89.473815;;;23.12
2026-09-27T11:34:28.768+02:00;89.504895;;100.061;
2026-09-27T11:34:28.768+02:00;89.505150;20.794;;
2026-09-27T11:34:32.150+02:00;92.886224;;;23.06
2026-09-27T11:34:32.179+02:00;92.915359;;100.061;
2026-09-27T11:34:32.181+02:00;92.917391;20.775;;
2026-09-27T11:34:35.562+02:00;96.298702;;;23.02
2026-09-27T11:34:35.592+02:00;96.328884;;100.061;
2026-09-27T11:34:35.593+02:00;96.329816;20.746;;
2026-09-27T11:34:38.974+02:00;99.711030;;;22.96
2026-09-27T11:34:39.003+02:00;99.740188;;100.061;
2026-09-27T11:34:39.006+02:00;99.742265;20.713;;
2026-09-27T11:34:42.387+02:00;103.123477;;;22.91
2026-09-27T11:34:42.416+02:00;103.152712;;100.061;
2026-09-27T11:34:42.419+02:00;103.155831;20.677;;
2026-09-27T11:34:45.799+02:00;106.535752;;;22.87
2026-09-27T11:34:45.828+02:00;106.564883;;100.061;
2026-09-27T11:34:45.830+02:00;106.566856;20.64;;
2026-09-27T11:34:49.641+02:00;110.377967;;;22.82
2026-09-27T11:34:49.671+02:00;110.407212;;100.061;
2026-09-27T11:34:49.672+02:00;110.409100;20.594;;
2026-09-27T11:34:53.054+02:00;113.790352;;;22.77
2026-09-27T11:34:53.083+02:00;113.819475;;100.061;
2026-09-27T11:34:53.085+02:00;113.821418;20.548;;
2026-09-27T11:34:56.466+02:00;117.202719;;;22.73
2026-09-27T11:34:56.495+02:00;117.231811;;100.061;
2026-09-27T11:34:56.497+02:00;117.233768;20.511;;
2026-09-27T11:34:59.878+02:00;120.615030;;;22.68
2026-09-27T11:34:59.907+02:00;120.644158;;100.061;
2026-09-27T11:34:59.909+02:00;120.646148;20.47;;
2026-09-27T11:35:03.291+02:00;124.027375;;;22.63
2026-09-27T11:35:03.320+02:00;124.056725;;100.061;
2026-09-27T11:35:03.322+02:00;124.058675;20.428;;
2026-09-27T11:35:06.703+02:00;127.439722;;;22.59
2026-09-27T11:35:06.732+02:00;127.468929;;100.061;
2026-09-27T11:35:06.734+02:00;127.470882;20.387;;
2026-09-27T11:35:10.115+02:00;130.852098;;;22.54
2026-09-27T11:35:10.145+02:00;130.881320;;100.061;
2026-09-27T11:35:10.147+02:00;130.883212;20.341;;
2026-09-27T11:35:13.528+02:00;134.264455;;;22.48
2026-09-27T11:35:13.557+02:00;134.293940;;100.061;
2026-09-27T11:35:13.559+02:00;134.295760;20.3;;
2026-09-27T11:35:16.941+02:00;137.677372;;;22.44
2026-09-27T11:35:16.969+02:00;137.706089;;100.061;
2026-09-27T11:35:16.971+02:00;137.707960;20.255;;
2026-09-27T11:35:20.353+02:00;141.089202;;;22.39
2026-09-27T11:35:20.382+02:00;141.118425;;100.061;
2026-09-27T11:35:20.384+02:00;141.120318;20.209;;
2026-09-27T11:35:23.765+02:00;144.501615;;;22.34
2026-09-27T11:35:23.794+02:00;144.530752;;100.061;
2026-09-27T11:35:23.796+02:00;144.532703;20.165;;
2026-09-27T11:35:27.177+02:00;147.913864;;;22.3
2026-09-27T11:35:27.206+02:00;147.942994;;100.061;
2026-09-27T11:35:27.208+02:00;147.944912;20.119;;
2026-09-27T11:35:30.589+02:00;151.326177;;;22.25
2026-09-27T11:35:30.619+02:00;151.355319;;100.061;
2026-09-27T11:35:30.621+02:00;151.357300;20.075;;
2026-09-27T11:35:34.002+02:00;154.738525;;;22.19
2026-09-27T11:35:34.031+02:00;154.767955;;100.061;
2026-09-27T11:35:34.033+02:00;154.769844;20.03;;
2026-09-27T11:35:37.414+02:00;158.150967;;;22.12
2026-09-27T11:35:37.444+02:00;158.180829;;100.061;
2026-09-27T11:35:37.445+02:00;158.182175;19.979;;
2026-09-27T11:35:41.383+02:00;162.119776;;;22.05
2026-09-27T11:35:41.412+02:00;162.148953;;100.061;
2026-09-27T11:35:41.414+02:00;162.150942;19.935;;
2026-09-27T11:35:44.787+02:00;165.523295;;;22.02
2026-09-27T11:35:44.816+02:00;165.552444;;100.061;
2026-09-27T11:35:44.818+02:00;165.554409;19.883;;
2026-09-27T11:35:48.199+02:00;168.935710;;;21.95
2026-09-27T11:35:48.231+02:00;168.967377;;100.061;
2026-09-27T11:35:48.231+02:00;168.967818;19.84;;
2026-09-27T11:35:51.611+02:00;172.347859;;;21.88
2026-09-27T11:35:51.641+02:00;172.377343;;100.061;
2026-09-27T11:35:51.644+02:00;172.380410;19.797;;
2026-09-27T11:35:55.024+02:00;175.760283;;;21.84
2026-09-27T11:35:55.053+02:00;175.789734;;100.061;
2026-09-27T11:35:55.055+02:00;175.791706;19.751;;
2026-09-27T11:35:58.436+02:00;179.172527;;;21.8
2026-09-27T11:35:58.467+02:00;179.203841;19.706;100.061;
2026-09-27T11:36:01.849+02:00;182.585846;;;21.76
2026-09-27T11:36:01.877+02:00;182.614068;;100.061;
2026-09-27T11:36:01.879+02:00;182.616074;19.663;;
2026-09-27T11:36:05.261+02:00;185.997207;;;21.71
2026-09-27T11:36:05.290+02:00;186.026365;;100.061;
2026-09-27T11:36:05.292+02:00;186.028308;19.618;;
2026-09-27T11:36:08.673+02:00;189.409462;;;21.66
2026-09-27T11:36:08.702+02:00;189.438706;;100.061;
2026-09-27T11:36:08.704+02:00;189.440586;19.576;;
2026-09-27T11:36:12.085+02:00;192.821832;;;21.59
2026-09-27T11:36:12.114+02:00;192.851058;;100.061;
2026-09-27T11:36:12.116+02:00;192.852974;19.535;;
2026-09-27T11:36:15.498+02:00;196.234221;;;21.54
2026-09-27T11:36:15.527+02:00;196.263457;;100.061;
2026-09-27T11:36:15.529+02:00;196.266094;19.494;;
2026-09-27T11:36:18.910+02:00;199.646501;;;21.49
2026-09-27T11:36:18.940+02:00;199.676232;;100.061;
2026-09-27T11:36:18.941+02:00;199.678104;19.453;;
2026-09-27T11:36:22.322+02:00;203.058785;;;21.45
2026-09-27T11:36:22.352+02:00;203.088202;;100.061;
2026-09-27T11:36:22.353+02:00;203.090004;19.412;;
2026-09-27T11:36:25.734+02:00;206.471153;;;21.41
2026-09-27T11:36:25.764+02:00;206.500479;;100.061;
2026-09-27T11:36:25.766+02:00;206.502900;19.369;;
2026-09-27T11:36:29.147+02:00;209.883415;;;21.36
2026-09-27T11:36:29.176+02:00;209.912673;;100.061;
2026-09-27T11:36:29.182+02:00;209.918722;19.329;;
2026-09-27T11:36:32.559+02:00;213.295815;;;21.34
2026-09-27T11:36:32.588+02:00;213.325039;;100.061;
2026-09-27T11:36:32.590+02:00;213.326922;19.29;;
2026-09-27T11:36:35.971+02:00;216.708193;;;21.3
2026-09-27T11:36:36.001+02:00;216.737345;;100.061;
2026-09-27T11:36:36.003+02:00;216.739909;19.254;;
2026-09-27T11:36:39.384+02:00;220.120457;;;21.25
2026-09-27T11:36:39.413+02:00;220.149723;;100.061;
2026-09-27T11:36:39.416+02:00;220.152238;19.238;;
2026-09-27T11:36:42.796+02:00;223.532865;;;21.24
2026-09-27T11:36:42.826+02:00;223.562912;;100.061;
2026-09-27T11:36:42.827+02:00;223.563926;19.238;;
2026-09-27T11:36:46.208+02:00;226.945144;;;21.23
2026-09-27T11:36:46.238+02:00;226.974300;;100.061;
2026-09-27T11:36:46.240+02:00;226.976258;19.229;;
2026-09-27T11:36:49.621+02:00;230.357534;;;21.2
2026-09-27T11:36:49.650+02:00;230.386547;;100.061;
2026-09-27T11:36:49.652+02:00;230.388535;19.207;;
2026-09-27T11:36:53.033+02:00;233.769885;;;21.16
2026-09-27T11:36:53.062+02:00;233.798923;;100.061;
2026-09-27T11:36:53.064+02:00;233.800790;19.189;;
2026-09-27T11:36:56.445+02:00;237.182081;;;21.13
2026-09-27T11:36:56.475+02:00;237.211304;;100.061;
2026-09-27T11:36:56.477+02:00;237.213329;19.173;;
2026-09-27T11:36:59.858+02:00;240.594335;;;21.09
2026-09-27T11:36:59.887+02:00;240.623523;;100.061;
2026-09-27T11:36:59.889+02:00;240.625460;19.154;;
2026-09-27T11:37:03.818+02:00;244.554798;;;21.05
2026-09-27T11:37:03.847+02:00;244.583923;;100.061;
2026-09-27T11:37:03.849+02:00;244.585901;19.125;;
2026-09-27T11:37:07.221+02:00;247.958168;;;21.0
2026-09-27T11:37:07.251+02:00;247.987308;;100.061;
2026-09-27T11:37:07.253+02:00;247.989281;19.092;;
2026-09-27T11:37:10.634+02:00;251.370374;;;20.96
2026-09-27T11:37:10.664+02:00;251.400843;;100.061;
2026-09-27T11:37:10.665+02:00;251.401632;19.063;;
2026-09-27T11:37:14.046+02:00;254.782766;;;20.93
2026-09-27T11:37:14.075+02:00;254.811886;;100.061;
2026-09-27T11:37:14.077+02:00;254.813858;19.031;;
2026-09-27T11:37:17.458+02:00;258.195008;;;20.89
2026-09-27T11:37:17.487+02:00;258.224162;;100.061;
2026-09-27T11:37:17.490+02:00;258.226257;18.998;;
2026-09-27T11:37:20.871+02:00;261.607452;;;20.84
2026-09-27T11:37:20.903+02:00;261.639436;18.961;100.061;
2026-09-27T11:37:24.283+02:00;265.019742;;;20.83
2026-09-27T11:37:24.312+02:00;265.048857;;100.061;
2026-09-27T11:37:24.314+02:00;265.050799;18.922;;
2026-09-27T11:37:27.695+02:00;268.431976;;;20.77
2026-09-27T11:37:27.724+02:00;268.461156;;100.061;
2026-09-27T11:37:27.726+02:00;268.463107;18.879;;
2026-09-27T11:37:31.108+02:00;271.844381;;;20.74
2026-09-27T11:37:31.137+02:00;271.873524;;100.061;
2026-09-27T11:37:31.139+02:00;271.875390;18.839;;
2026-09-27T11:37:34.520+02:00;275.256591;;;20.7
2026-09-27T11:37:34.549+02:00;275.285722;;100.061;
2026-09-27T11:37:34.551+02:00;275.287668;18.793;;
2026-09-27T11:37:37.932+02:00;278.668971;;;20.66
2026-09-27T11:37:37.962+02:00;278.698646;;100.061;
2026-09-27T11:37:37.964+02:00;278.700839;18.749;;
2026-09-27T11:37:41.345+02:00;282.081379;;;20.62
2026-09-27T11:37:41.374+02:00;282.110507;;100.061;
2026-09-27T11:37:41.376+02:00;282.112375;18.703;;
2026-09-27T11:37:45.137+02:00;285.873704;;;20.59
2026-09-27T11:37:45.166+02:00;285.902791;;100.061;
2026-09-27T11:37:45.168+02:00;285.904694;18.648;;
2026-09-27T11:37:48.549+02:00;289.285866;;;20.53
2026-09-27T11:37:48.578+02:00;289.315003;;100.061;
2026-09-27T11:37:48.580+02:00;289.316967;18.598;;
2026-09-27T11:37:51.961+02:00;292.698075;;;20.49
2026-09-27T11:37:51.991+02:00;292.727795;;100.061;
2026-09-27T11:37:51.995+02:00;292.731835;18.544;;
2026-09-27T11:37:55.374+02:00;296.110405;;;20.46
2026-09-27T11:37:55.403+02:00;296.139682;;100.061;
2026-09-27T11:37:55.405+02:00;296.141572;18.494;;
2026-09-27T11:37:58.786+02:00;299.522753;;;20.4
2026-09-27T11:37:58.815+02:00;299.551860;;100.061;
2026-09-27T11:37:58.817+02:00;299.553835;18.443;;
2026-09-27T11:38:02.198+02:00;302.934980;;;20.37
2026-09-27T11:38:02.228+02:00;302.964277;;100.061;
2026-09-27T11:38:02.230+02:00;302.966472;18.393;;
2026-09-27T11:38:05.610+02:00;306.347173;;;20.32
2026-09-27T11:38:05.640+02:00;306.376411;;100.061;
2026-09-27T11:38:05.642+02:00;306.378314;18.341;;
2026-09-27T11:38:09.024+02:00;309.760468;;;20.27
2026-09-27T11:38:09.053+02:00;309.789644;;100.061;
2026-09-27T11:38:09.055+02:00;309.791730;18.29;;
2026-09-27T11:38:12.765+02:00;313.501266;;;20.23
2026-09-27T11:38:12.794+02:00;313.530497;;100.061;
2026-09-27T11:38:12.796+02:00;313.532654;18.231;;
2026-09-27T11:38:16.177+02:00;316.913526;;;20.19
2026-09-27T11:38:16.206+02:00;316.942926;;100.061;
2026-09-27T11:38:16.208+02:00;316.944894;18.177;;
2026-09-27T11:38:19.589+02:00;320.325818;;;20.13
2026-09-27T11:38:19.619+02:00;320.355318;;100.061;
2026-09-27T11:38:19.622+02:00;320.358240;18.125;;
2026-09-27T11:38:23.001+02:00;323.738141;;;20.08
2026-09-27T11:38:23.031+02:00;323.767286;;100.061;
2026-09-27T11:38:23.032+02:00;323.769166;18.073;;
2026-09-27T11:38:26.414+02:00;327.150435;;;20.03
2026-09-27T11:38:26.443+02:00;327.179545;;100.061;
2026-09-27T11:38:26.445+02:00;327.181597;18.017;;
2026-09-27T11:38:29.826+02:00;330.562690;;;19.99
2026-09-27T11:38:29.855+02:00;330.591834;;100.061;
2026-09-27T11:38:29.857+02:00;330.593790;17.966;;
2026-09-27T11:38:33.238+02:00;333.974927;;;19.95
2026-09-27T11:38:33.267+02:00;334.004154;;100.061;
2026-09-27T11:38:33.269+02:00;334.006045;17.912;;
2026-09-27T11:38:36.650+02:00;337.387197;;;19.91
2026-09-27T11:38:36.680+02:00;337.416431;;100.061;
2026-09-27T11:38:36.684+02:00;337.420474;17.856;;
2026-09-27T11:38:40.392+02:00;341.128987;;;19.88
2026-09-27T11:38:40.424+02:00;341.161069;17.8;100.061;
2026-09-27T11:38:43.805+02:00;344.541233;;;19.84
2026-09-27T11:38:43.834+02:00;344.570427;;100.061;
2026-09-27T11:38:43.836+02:00;344.572484;17.744;;
2026-09-27T11:38:47.217+02:00;347.953502;;;19.79
2026-09-27T11:38:47.246+02:00;347.982692;;100.061;
2026-09-27T11:38:47.248+02:00;347.984649;17.695;;
2026-09-27T11:38:51.197+02:00;351.933738;;;19.73
2026-09-27T11:38:51.226+02:00;351.962823;;100.061;
2026-09-27T11:38:51.228+02:00;351.964854;17.644;;
2026-09-27T11:38:54.600+02:00;355.336903;;;19.7
2026-09-27T11:38:54.629+02:00;355.366119;;100.061;
2026-09-27T11:38:54.631+02:00;355.368036;17.583;;
2026-09-27T11:38:58.012+02:00;358.749181;;;19.66
2026-09-27T11:38:58.042+02:00;358.778377;;100.061;
2026-09-27T11:38:58.044+02:00;358.780282;17.532;;
2026-09-27T11:39:01.425+02:00;362.161643;;;19.62
2026-09-27T11:39:01.454+02:00;362.190651;;100.061;
2026-09-27T11:39:01.456+02:00;362.192509;17.479;;
2026-09-27T11:39:04.837+02:00;365.573695;;;19.59
2026-09-27T11:39:04.867+02:00;365.603906;;100.061;
2026-09-27T11:39:04.868+02:00;365.605009;17.429;;
2026-09-27T11:39:08.249+02:00;368.986031;;;19.53
2026-09-27T11:39:08.279+02:00;369.015219;;100.061;
2026-09-27T11:39:08.280+02:00;369.017123;17.378;;
2026-09-27T11:39:11.662+02:00;372.398210;;;19.47
2026-09-27T11:39:11.692+02:00;372.428874;;100.061;
2026-09-27T11:39:11.694+02:00;372.430361;17.324;;
2026-09-27T11:39:15.074+02:00;375.810489;;;19.44
2026-09-27T11:39:15.103+02:00;375.839715;;100.061;
2026-09-27T11:39:15.105+02:00;375.841591;17.27;;
2026-09-27T11:39:18.486+02:00;379.222804;;;19.38
2026-09-27T11:39:18.515+02:00;379.251974;;100.061;
2026-09-27T11:39:18.517+02:00;379.253965;17.219;;
2026-09-27T11:39:21.898+02:00;382.635065;;;19.34
2026-09-27T11:39:21.927+02:00;382.664096;;100.061;
2026-09-27T11:39:21.929+02:00;382.666066;17.173;;
2026-09-27T11:39:25.311+02:00;386.047242;;;19.29
2026-09-27T11:39:25.344+02:00;386.081122;17.127;100.061;
2026-09-27T11:39:28.723+02:00;389.459439;;;19.23
2026-09-27T11:39:28.752+02:00;389.488868;;100.061;
2026-09-27T11:39:28.757+02:00;389.493688;17.076;;
2026-09-27T11:39:32.135+02:00;392.871690;;;19.2
2026-09-27T11:39:32.164+02:00;392.900890;;100.061;
2026-09-27T11:39:32.167+02:00;392.903879;17.027;;
2026-09-27T11:39:35.547+02:00;396.283855;;;19.17
2026-09-27T11:39:35.576+02:00;396.313158;;100.061;
2026-09-27T11:39:35.579+02:00;396.315205;16.978;;
2026-09-27T11:39:38.960+02:00;399.696376;;;19.12
2026-09-27T11:39:38.989+02:00;399.725357;;100.061;
2026-09-27T11:39:38.991+02:00;399.727350;16.93;;
2026-09-27T11:39:42.372+02:00;403.108595;;;19.09
2026-09-27T11:39:42.401+02:00;403.137476;;100.061;
2026-09-27T11:39:42.403+02:00;403.139510;16.881;;
2026-09-27T11:39:45.784+02:00;406.520653;;;19.04
2026-09-27T11:39:45.813+02:00;406.549786;;100.061;
2026-09-27T11:39:45.815+02:00;406.551717;16.835;;
2026-09-27T11:39:49.518+02:00;410.254314;;;19.01
2026-09-27T11:39:49.547+02:00;410.283485;;100.061;
2026-09-27T11:39:49.549+02:00;410.285427;16.784;;
2026-09-27T11:39:53.499+02:00;414.235875;;;18.93
2026-09-27T11:39:53.528+02:00;414.265112;;100.061;
2026-09-27T11:39:53.530+02:00;414.267143;16.737;;
2026-09-27T11:39:56.903+02:00;417.639353;;;18.91
2026-09-27T11:39:56.932+02:00;417.668449;;100.061;
2026-09-27T11:39:56.934+02:00;417.670324;16.685;;
2026-09-27T11:40:00.882+02:00;421.618294;;;18.87
2026-09-27T11:40:00.911+02:00;421.647422;;100.061;
2026-09-27T11:40:00.913+02:00;421.649551;16.637;;
2026-09-27T11:40:04.618+02:00;425.354685;;;18.84
2026-09-27T11:40:04.647+02:00;425.383767;;100.061;
2026-09-27T11:40:04.649+02:00;425.385744;16.578;;
2026-09-27T11:40:08.030+02:00;428.766793;;;18.8
2026-09-27T11:40:08.059+02:00;428.796107;;100.061;
2026-09-27T11:40:08.061+02:00;428.798066;16.531;;
2026-09-27T11:40:11.442+02:00;432.179077;;;18.78
2026-09-27T11:40:11.472+02:00;432.208865;;100.061;
2026-09-27T11:40:11.477+02:00;432.213812;16.487;;
2026-09-27T11:40:14.855+02:00;435.591464;;;18.73
2026-09-27T11:40:14.884+02:00;435.620584;;100.061;
2026-09-27T11:40:14.886+02:00;435.622532;16.443;;
2026-09-27T11:40:18.267+02:00;439.003663;;;18.7
2026-09-27T11:40:18.296+02:00;439.032780;;100.061;
2026-09-27T11:40:18.301+02:00;439.037680;16.399;;
2026-09-27T11:40:21.680+02:00;442.416298;;;18.66
2026-09-27T11:40:21.708+02:00;442.445072;;100.061;
2026-09-27T11:40:21.710+02:00;442.446949;16.355;;
2026-09-27T11:40:25.091+02:00;445.828046;;;18.63
2026-09-27T11:40:25.121+02:00;445.857254;;100.061;
2026-09-27T11:40:25.122+02:00;445.859169;16.312;;
2026-09-27T11:40:28.504+02:00;449.240214;;;18.59
2026-09-27T11:40:28.533+02:00;449.269453;;100.061;
2026-09-27T11:40:28.536+02:00;449.272934;16.27;;
2026-09-27T11:40:31.917+02:00;452.653396;;;18.56
2026-09-27T11:40:31.946+02:00;452.682690;;100.061;
2026-09-27T11:40:31.948+02:00;452.684516;16.228;;
2026-09-27T11:40:35.713+02:00;456.449999;;;18.52
2026-09-27T11:40:35.742+02:00;456.479094;;100.061;
2026-09-27T11:40:35.744+02:00;456.480990;16.184;;
2026-09-27T11:40:39.125+02:00;459.862186;;;18.48
2026-09-27T11:40:39.155+02:00;459.891292;;100.061;
2026-09-27T11:40:39.156+02:00;459.893189;16.143;;
2026-09-27T11:40:42.538+02:00;463.274464;;;18.43
2026-09-27T11:40:42.567+02:00;463.303661;;100.061;
2026-09-27T11:40:42.569+02:00;463.305506;16.104;;
2026-09-27T11:40:45.950+02:00;466.686606;;;18.38
2026-09-27T11:40:45.979+02:00;466.715743;;100.061;
2026-09-27T11:40:45.981+02:00;466.717705;16.066;;
2026-09-27T11:40:49.695+02:00;470.431436;;;18.34
2026-09-27T11:40:49.724+02:00;470.460809;;100.061;
2026-09-27T11:40:49.726+02:00;470.462668;16.026;;
2026-09-27T11:40:53.498+02:00;474.234677;;;18.31
2026-09-27T11:40:53.527+02:00;474.263860;;100.061;
2026-09-27T11:40:53.529+02:00;474.265761;15.984;;
2026-09-27T11:40:56.910+02:00;477.646826;;;18.27
2026-09-27T11:40:56.939+02:00;477.676036;;100.061;
2026-09-27T11:40:56.941+02:00;477.677961;15.949;;
2026-09-27T11:41:00.322+02:00;481.059013;;;18.25
2026-09-27T11:41:00.353+02:00;481.089853;;100.061;
2026-09-27T11:41:00.353+02:00;481.090102;15.911;;
2026-09-27T11:41:03.735+02:00;484.471342;;;18.21
2026-09-27T11:41:03.764+02:00;484.500485;;100.061;
2026-09-27T11:41:03.766+02:00;484.502305;15.873;;
2026-09-27T11:41:07.147+02:00;487.883523;;;18.19
2026-09-27T11:41:07.176+02:00;487.912626;;100.061;
2026-09-27T11:41:07.178+02:00;487.914526;15.837;;
2026-09-27T11:41:10.559+02:00;491.295743;;;18.16
2026-09-27T11:41:10.590+02:00;491.326281;;100.061;
2026-09-27T11:41:10.592+02:00;491.328798;15.798;;
2026-09-27T11:41:13.971+02:00;494.707835;;;18.12
2026-09-27T11:41:14.000+02:00;494.737036;;100.061;
2026-09-27T11:41:14.002+02:00;494.738924;15.763;;
2026-09-27T11:41:17.383+02:00;498.119984;;;18.08
2026-09-27T11:41:17.413+02:00;498.149217;;100.061;
2026-09-27T11:41:17.414+02:00;498.151120;15.723;;
2026-09-27T11:41:20.796+02:00;501.532314;;;18.05
2026-09-27T11:41:20.825+02:00;501.561405;;100.061;
2026-09-27T11:41:20.827+02:00;501.563308;15.688;;
2026-09-27T11:41:24.208+02:00;504.944336;;;18.04
2026-09-27T11:41:24.237+02:00;504.973672;;100.061;
2026-09-27T11:41:24.239+02:00;504.975500;15.653;;
2026-09-27T11:41:27.949+02:00;508.685642;;;17.98
2026-09-27T11:41:27.978+02:00;508.714825;;100.061;
2026-09-27T11:41:27.980+02:00;508.716715;15.614;;
2026-09-27T11:41:31.361+02:00;512.097967;;;17.96
2026-09-27T11:41:31.390+02:00;512.127055;;100.061;
2026-09-27T11:41:31.392+02:00;512.128944;15.578;;
2026-09-27T11:41:34.774+02:00;515.510512;;;17.92
2026-09-27T11:41:34.802+02:00;515.539158;;100.061;
2026-09-27T11:41:34.805+02:00;515.541215;15.545;;
2026-09-27T11:41:38.186+02:00;518.922395;;;17.88
2026-09-27T11:41:38.215+02:00;518.951448;;100.061;
2026-09-27T11:41:38.217+02:00;518.953330;15.513;;
2026-09-27T11:41:41.598+02:00;522.334506;;;17.85
2026-09-27T11:41:41.627+02:00;522.363904;;100.061;
2026-09-27T11:41:41.629+02:00;522.365836;15.479;;
2026-09-27T11:41:45.010+02:00;525.746666;;;17.83
2026-09-27T11:41:45.039+02:00;525.775847;;100.061;
2026-09-27T11:41:45.041+02:00;525.777717;15.442;;
2026-09-27T11:41:48.422+02:00;529.158827;;;17.79
2026-09-27T11:41:48.451+02:00;529.187952;;100.061;
2026-09-27T11:41:48.453+02:00;529.189773;15.408;;
2026-09-27T11:41:51.834+02:00;532.570954;;;17.74
2026-09-27T11:41:51.864+02:00;532.600842;;100.061;
2026-09-27T11:41:51.866+02:00;532.602491;15.372;;
2026-09-27T11:41:55.246+02:00;535.983199;;;17.73
2026-09-27T11:41:55.276+02:00;536.012294;;100.061;
2026-09-27T11:41:55.278+02:00;536.014200;15.339;;
2026-09-27T11:41:58.659+02:00;539.395406;;;17.7
2026-09-27T11:41:58.688+02:00;539.424440;;100.061;
2026-09-27T11:41:58.690+02:00;539.426398;15.309;;
2026-09-27T11:42:02.071+02:00;542.807582;;;17.66
2026-09-27T11:42:02.103+02:00;542.839905;15.277;100.061;
2026-09-27T11:42:05.483+02:00;546.219818;;;17.62
2026-09-27T11:42:05.512+02:00;546.248899;;100.061;
2026-09-27T11:42:05.514+02:00;546.250675;15.243;;
2026-09-27T11:42:08.895+02:00;549.631895;;;17.59
2026-09-27T11:42:08.924+02:00;549.660924;;100.061;
2026-09-27T11:42:08.926+02:00;549.662879;15.212;;
2026-09-27T11:42:12.307+02:00;553.044112;;;17.58
2026-09-27T11:42:12.336+02:00;553.073186;;100.061;
2026-09-27T11:42:12.343+02:00;553.079967;15.181;;
2026-09-27T11:42:16.225+02:00;556.961423;;;17.51
2026-09-27T11:42:16.254+02:00;556.990612;;100.061;
2026-09-27T11:42:16.256+02:00;556.992531;15.146;;
2026-09-27T11:42:19.961+02:00;560.697803;;;17.49
2026-09-27T11:42:19.990+02:00;560.727053;;100.061;
2026-09-27T11:42:19.992+02:00;560.728926;15.109;;
2026-09-27T11:42:23.373+02:00;564.110000;;;17.47
2026-09-27T11:42:23.402+02:00;564.139127;;100.061;
2026-09-27T11:42:23.404+02:00;564.140983;15.077;;
2026-09-27T11:42:26.785+02:00;567.522001;;;17.44
2026-09-27T11:42:26.815+02:00;567.551210;;100.061;
2026-09-27T11:42:26.817+02:00;567.553251;15.045;;
2026-09-27T11:42:30.198+02:00;570.934275;;;17.41
2026-09-27T11:42:30.227+02:00;570.963427;;100.061;
2026-09-27T11:42:30.229+02:00;570.965372;15.018;;
2026-09-27T11:42:33.610+02:00;574.346440;;;17.38
2026-09-27T11:42:33.639+02:00;574.375808;;100.061;
2026-09-27T11:42:33.641+02:00;574.377762;14.986;;
2026-09-27T11:42:37.022+02:00;577.758722;;;17.33
2026-09-27T11:42:37.051+02:00;577.787828;;100.061;
2026-09-27T11:42:37.053+02:00;577.789803;14.956;;
2026-09-27T11:42:40.766+02:00;581.502522;;;17.3
2026-09-27T11:42:40.795+02:00;581.531807;;100.061;
2026-09-27T11:42:40.797+02:00;581.533809;14.927;;
2026-09-27T11:42:44.178+02:00;584.914762;;;17.27
2026-09-27T11:42:44.207+02:00;584.943880;;100.061;
2026-09-27T11:42:44.209+02:00;584.945977;14.898;;
2026-09-27T11:42:47.590+02:00;588.326913;;;17.24
2026-09-27T11:42:47.620+02:00;588.356998;;100.061;
2026-09-27T11:42:47.622+02:00;588.358281;14.869;;
2026-09-27T11:42:51.002+02:00;591.738966;;;17.2
2026-09-27T11:42:51.032+02:00;591.768277;;100.061;
2026-09-27T11:42:51.033+02:00;591.770175;14.84;;
2026-09-27T11:42:54.415+02:00;595.151226;;;17.19
2026-09-27T11:42:54.444+02:00;595.180365;;100.061;
2026-09-27T11:42:54.446+02:00;595.182218;14.818;;
2026-09-27T11:42:57.827+02:00;598.563300;;;17.15
2026-09-27T11:42:57.856+02:00;598.592451;;100.061;
2026-09-27T11:42:57.858+02:00;598.594427;14.789;;
2026-09-27T11:43:01.239+02:00;601.975344;;;17.13
2026-09-27T11:43:01.269+02:00;602.006019;;100.061;
2026-09-27T11:43:01.270+02:00;602.006625;14.759;;
2026-09-27T11:43:04.651+02:00;605.387656;;;17.1
2026-09-27T11:43:04.680+02:00;605.416808;;100.061;
2026-09-27T11:43:04.682+02:00;605.418708;14.733;;
2026-09-27T11:43:08.573+02:00;609.309202;;;17.06
2026-09-27T11:43:08.602+02:00;609.338352;;100.061;
2026-09-27T11:43:08.604+02:00;609.340433;14.705;;
2026-09-27T11:43:11.976+02:00;612.712395;;;17.04
2026-09-27T11:43:12.005+02:00;612.741598;;100.061;
2026-09-27T11:43:12.007+02:00;612.744078;14.673;;
2026-09-27T11:43:15.388+02:00;616.124661;;;17.02
2026-09-27T11:43:15.417+02:00;616.153858;;100.061;
2026-09-27T11:43:15.419+02:00;616.155864;14.652;;
2026-09-27T11:43:19.132+02:00;619.868623;;;16.99
2026-09-27T11:43:19.163+02:00;619.899692;14.623;100.061;
2026-09-27T11:43:22.544+02:00;623.280849;;;16.95
2026-09-27T11:43:22.573+02:00;623.309925;;100.061;
2026-09-27T11:43:22.575+02:00;623.311808;14.594;;
2026-09-27T11:43:25.956+02:00;626.692894;;;16.93
2026-09-27T11:43:25.985+02:00;626.722107;;100.061;
2026-09-27T11:43:25.987+02:00;626.723998;14.573;;
2026-09-27T11:43:29.368+02:00;630.105084;;;16.88
2026-09-27T11:43:29.398+02:00;630.134228;;100.061;
2026-09-27T11:43:29.400+02:00;630.136228;14.543;;
2026-09-27T11:43:32.780+02:00;633.517094;;;16.86
2026-09-27T11:43:32.810+02:00;633.546413;;100.061;
2026-09-27T11:43:32.812+02:00;633.548315;14.525;;
2026-09-27T11:43:36.193+02:00;636.929376;;;16.83
2026-09-27T11:43:36.222+02:00;636.958399;;100.061;
2026-09-27T11:43:36.224+02:00;636.960351;14.495;;
2026-09-27T11:43:39.606+02:00;640.342463;;;16.8
2026-09-27T11:43:39.635+02:00;640.371644;;100.061;
2026-09-27T11:43:39.637+02:00;640.373582;14.473;;
2026-09-27T11:43:43.017+02:00;643.753698;;;16.76
2026-09-27T11:43:43.046+02:00;643.782855;;100.061;
2026-09-27T11:43:43.048+02:00;643.784844;14.446;;
2026-09-27T11:43:46.431+02:00;647.167790;;;16.73
2026-09-27T11:43:46.458+02:00;647.194962;;100.061;
2026-09-27T11:43:46.460+02:00;647.196869;14.426;;
2026-09-27T11:43:49.841+02:00;650.577852;;;16.73
2026-09-27T11:43:49.870+02:00;650.606978;;100.061;
2026-09-27T11:43:49.872+02:00;650.608955;14.397;;
2026-09-27T11:43:53.253+02:00;653.989983;;;16.7
2026-09-27T11:43:53.284+02:00;654.020834;;100.061;
2026-09-27T11:43:53.284+02:00;654.021141;14.373;;
2026-09-27T11:43:56.666+02:00;657.402289;;;16.66
2026-09-27T11:43:56.695+02:00;657.431313;;100.061;
2026-09-27T11:43:56.699+02:00;657.435753;14.348;;
2026-09-27T11:44:00.585+02:00;661.321487;;;16.62
2026-09-27T11:44:00.614+02:00;661.350523;;100.061;
2026-09-27T11:44:00.616+02:00;661.352632;14.324;;
2026-09-27T11:44:03.988+02:00;664.724707;;;16.6
2026-09-27T11:44:04.017+02:00;664.753853;;100.061;
2026-09-27T11:44:04.019+02:00;664.755813;14.298;;
2026-09-27T11:44:07.400+02:00;668.136755;;;16.59
2026-09-27T11:44:07.430+02:00;668.166957;;100.061;
2026-09-27T11:44:07.432+02:00;668.168665;14.275;;
2026-09-27T11:44:10.812+02:00;671.549025;;;16.56
2026-09-27T11:44:10.841+02:00;671.578076;;100.061;
2026-09-27T11:44:10.843+02:00;671.579982;14.251;;
2026-09-27T11:44:14.224+02:00;674.961064;;;16.52
2026-09-27T11:44:14.254+02:00;674.990228;;100.061;
2026-09-27T11:44:14.255+02:00;674.992194;14.232;;
2026-09-27T11:44:17.636+02:00;678.373163;;;16.52
2026-09-27T11:44:17.666+02:00;678.402309;;100.061;
2026-09-27T11:44:17.668+02:00;678.404292;14.204;;
2026-09-27T11:44:21.049+02:00;681.785355;;;16.48
2026-09-27T11:44:21.079+02:00;681.815485;;100.061;
2026-09-27T11:44:21.080+02:00;681.816620;14.186;;
2026-09-27T11:44:24.461+02:00;685.197501;;;16.44
2026-09-27T11:44:24.490+02:00;685.226708;;100.061;
2026-09-27T11:44:24.492+02:00;685.228591;14.156;;
2026-09-27T11:44:27.873+02:00;688.609596;;;16.41
2026-09-27T11:44:27.902+02:00;688.638723;;100.061;
2026-09-27T11:44:27.904+02:00;688.640674;14.138;;
2026-09-27T11:44:31.285+02:00;692.021787;;;16.38
2026-09-27T11:44:31.314+02:00;692.050777;;100.061;
2026-09-27T11:44:31.316+02:00;692.052766;14.115;;
2026-09-27T11:44:34.697+02:00;695.433823;;;16.35
2026-09-27T11:44:34.727+02:00;695.463242;;100.061;
2026-09-27T11:44:34.729+02:00;695.465212;14.089;;
2026-09-27T11:44:38.109+02:00;698.845985;;;16.34
2026-09-27T11:44:38.139+02:00;698.875908;;100.061;
2026-09-27T11:44:38.140+02:00;698.877078;14.069;;
2026-09-27T11:44:41.521+02:00;702.258154;;;16.32
2026-09-27T11:44:41.551+02:00;702.287239;;100.061;
2026-09-27T11:44:41.552+02:00;702.289181;14.041;;
2026-09-27T11:44:45.260+02:00;705.996502;;;16.29
2026-09-27T11:44:45.289+02:00;706.025526;;100.061;
2026-09-27T11:44:45.291+02:00;706.027505;14.022;;
2026-09-27T11:44:48.672+02:00;709.408455;;;16.26
2026-09-27T11:44:48.701+02:00;709.437716;;100.061;
2026-09-27T11:44:48.703+02:00;709.439596;13.995;;
2026-09-27T11:44:52.084+02:00;712.820627;;;16.26
2026-09-27T11:44:52.113+02:00;712.849913;;100.061;
2026-09-27T11:44:52.115+02:00;712.851819;13.976;;
2026-09-27T11:44:55.496+02:00;716.232771;;;16.23
2026-09-27T11:44:55.525+02:00;716.262012;;100.061;
2026-09-27T11:44:55.527+02:00;716.264042;13.957;;
2026-09-27T11:44:58.908+02:00;719.644840;;;16.21
2026-09-27T11:44:58.937+02:00;719.673996;;100.061;
2026-09-27T11:44:58.939+02:00;719.675955;13.93;;
2026-09-27T11:45:02.709+02:00;723.445732;;;16.17
2026-09-27T11:45:02.738+02:00;723.474843;;100.061;
2026-09-27T11:45:02.740+02:00;723.476821;13.911;;
2026-09-27T11:45:06.121+02:00;726.857792;;;16.14
2026-09-27T11:45:06.150+02:00;726.886962;;100.061;
2026-09-27T11:45:06.152+02:00;726.888922;13.886;;
2026-09-27T11:45:09.533+02:00;730.269951;;;16.12
2026-09-27T11:45:09.566+02:00;730.302623;13.863;100.061;
2026-09-27T11:45:12.946+02:00;733.682210;;;16.1
2026-09-27T11:45:12.975+02:00;733.711219;;100.061;
2026-09-27T11:45:12.976+02:00;733.713112;13.843;;
2026-09-27T11:45:16.357+02:00;737.094059;;;16.08
2026-09-27T11:45:16.386+02:00;737.123195;;100.061;
2026-09-27T11:45:16.389+02:00;737.125300;13.815;;
2026-09-27T11:45:19.770+02:00;740.507060;;;16.06
2026-09-27T11:45:19.799+02:00;740.535384;;100.061;
2026-09-27T11:45:19.801+02:00;740.537299;13.798;;
2026-09-27T11:45:23.182+02:00;743.918295;;;16.03
2026-09-27T11:45:23.211+02:00;743.947441;;100.061;
2026-09-27T11:45:23.213+02:00;743.949400;13.778;;
2026-09-27T11:45:26.593+02:00;747.329459;;;16.02
2026-09-27T11:45:26.622+02:00;747.358639;;100.061;
2026-09-27T11:45:26.624+02:00;747.360536;13.753;;
2026-09-27T11:45:30.004+02:00;750.740757;;;15.97
2026-09-27T11:45:30.033+02:00;750.769757;;100.061;
2026-09-27T11:45:30.035+02:00;750.771725;13.734;;
2026-09-27T11:45:33.415+02:00;754.151905;;;15.97
2026-09-27T11:45:33.444+02:00;754.181047;;100.061;
2026-09-27T11:45:33.446+02:00;754.182879;13.717;;
2026-09-27T11:45:37.156+02:00;757.893024;;;15.94
2026-09-27T11:45:37.185+02:00;757.922110;;100.061;
2026-09-27T11:45:37.187+02:00;757.924036;13.694;;
2026-09-27T11:45:40.567+02:00;761.304180;;;15.91
2026-09-27T11:45:40.597+02:00;761.333472;;100.061;
2026-09-27T11:45:40.599+02:00;761.335336;13.669;;
2026-09-27T11:45:43.979+02:00;764.715407;;;15.89
2026-09-27T11:45:44.008+02:00;764.744658;;100.061;
2026-09-27T11:45:44.010+02:00;764.746511;13.653;;
2026-09-27T11:45:47.390+02:00;768.126669;;;15.86
2026-09-27T11:45:47.419+02:00;768.155772;;100.061;
2026-09-27T11:45:47.421+02:00;768.157735;13.636;;
2026-09-27T11:45:50.801+02:00;771.537870;;;15.84
2026-09-27T11:45:50.830+02:00;771.567000;;100.061;
2026-09-27T11:45:50.832+02:00;771.569090;13.618;;
2026-09-27T11:45:54.212+02:00;774.949042;;;15.8
2026-09-27T11:45:54.244+02:00;774.980786;;100.061;
2026-09-27T11:45:54.244+02:00;774.981138;13.596;;
2026-09-27T11:45:57.956+02:00;778.692715;;;15.78
2026-09-27T11:45:57.985+02:00;778.721858;;100.061;
2026-09-27T11:45:57.987+02:00;778.723754;13.571;;
2026-09-27T11:46:01.367+02:00;782.103904;;;15.77
2026-09-27T11:46:01.396+02:00;782.133044;;100.061;
2026-09-27T11:46:01.398+02:00;782.135135;13.556;;
2026-09-27T11:46:04.778+02:00;785.515180;;;15.73
2026-09-27T11:46:04.808+02:00;785.544316;;100.061;
2026-09-27T11:46:04.810+02:00;785.546288;13.537;;
2026-09-27T11:46:08.190+02:00;788.926437;;;15.72
2026-09-27T11:46:08.219+02:00;788.955612;;100.061;
2026-09-27T11:46:08.221+02:00;788.957599;13.513;;
2026-09-27T11:46:11.601+02:00;792.337748;;;15.7
2026-09-27T11:46:11.631+02:00;792.368003;;100.061;
2026-09-27T11:46:11.636+02:00;792.372262;13.491;;
2026-09-27T11:46:15.012+02:00;795.749018;;;15.69
2026-09-27T11:46:15.041+02:00;795.778147;;100.061;
2026-09-27T11:46:15.043+02:00;795.780125;13.475;;
2026-09-27T11:46:18.424+02:00;799.160336;;;15.67
2026-09-27T11:46:18.453+02:00;799.190148;;100.061;
2026-09-27T11:46:18.458+02:00;799.194307;13.459;;
2026-09-27T11:46:21.835+02:00;802.571647;;;15.64
2026-09-27T11:46:21.864+02:00;802.600907;;100.061;
2026-09-27T11:46:21.866+02:00;802.603121;13.442;;
2026-09-27T11:46:25.246+02:00;805.983091;;;15.62
2026-09-27T11:46:25.279+02:00;806.015650;;100.061;
2026-09-27T11:46:25.279+02:00;806.015936;13.424;;
2026-09-27T11:46:28.658+02:00;809.394301;;;15.6
2026-09-27T11:46:28.687+02:00;809.423435;;100.061;
2026-09-27T11:46:28.689+02:00;809.425600;13.407;;
2026-09-27T11:46:32.069+02:00;812.805674;;;15.59
2026-09-27T11:46:32.101+02:00;812.837501;13.391;100.061;
2026-09-27T11:46:36.044+02:00;816.781057;;;15.52
2026-09-27T11:46:36.074+02:00;816.810294;;100.061;
2026-09-27T11:46:36.076+02:00;816.812377;13.376;;
2026-09-27T11:46:39.447+02:00;820.183654;;;15.54
2026-09-27T11:46:39.476+02:00;820.212780;;100.061;
2026-09-27T11:46:39.478+02:00;820.214863;13.348;;
2026-09-27T11:46:43.425+02:00;824.162009;;;15.5
2026-09-27T11:46:43.454+02:00;824.191163;;100.061;
2026-09-27T11:46:43.456+02:00;824.193030;13.33;;
2026-09-27T11:46:47.339+02:00;828.076080;;;15.48
2026-09-27T11:46:47.369+02:00;828.105287;;100.061;
2026-09-27T11:46:47.370+02:00;828.107193;13.313;;
2026-09-27T11:46:50.742+02:00;831.478623;;;15.46
2026-09-27T11:46:50.771+02:00;831.507714;;100.061;
2026-09-27T11:46:50.773+02:00;831.509586;13.295;;
2026-09-27T11:46:54.153+02:00;834.889862;;;15.45
2026-09-27T11:46:54.182+02:00;834.919001;;100.061;
2026-09-27T11:46:54.184+02:00;834.920986;13.279;;
2026-09-27T11:46:57.565+02:00;838.301387;;;15.42
2026-09-27T11:46:57.594+02:00;838.330408;;100.061;
2026-09-27T11:46:57.596+02:00;838.332363;13.261;;
2026-09-27T11:47:00.976+02:00;841.712661;;;15.41
2026-09-27T11:47:01.006+02:00;841.742367;;100.061;
2026-09-27T11:47:01.008+02:00;841.744302;13.243;;
2026-09-27T11:47:04.387+02:00;845.124187;;;15.38
2026-09-27T11:47:04.417+02:00;845.154091;;100.061;
2026-09-27T11:47:04.419+02:00;845.155829;13.227;;
2026-09-27T11:47:07.799+02:00;848.535489;;;15.38
2026-09-27T11:47:07.828+02:00;848.564887;;100.061;
2026-09-27T11:47:07.830+02:00;848.566809;13.207;;
2026-09-27T11:47:11.210+02:00;851.946799;;;15.35
2026-09-27T11:47:11.243+02:00;851.979200;13.19;100.061;
2026-09-27T11:47:14.622+02:00;855.358258;;;15.34
2026-09-27T11:47:14.651+02:00;855.387674;;100.062;
2026-09-27T11:47:14.654+02:00;855.390871;13.172;;
2026-09-27T11:47:18.033+02:00;858.769688;;;15.34
2026-09-27T11:47:18.062+02:00;858.798933;;100.061;
2026-09-27T11:47:18.064+02:00;858.800865;13.16;;
2026-09-27T11:47:21.445+02:00;862.182133;;;15.31
2026-09-27T11:47:21.476+02:00;862.212851;;100.061;
2026-09-27T11:47:21.477+02:00;862.213263;13.145;;
2026-09-27T11:47:24.856+02:00;865.592446;;;15.27
2026-09-27T11:47:24.886+02:00;865.622857;;100.061;
2026-09-27T11:47:24.888+02:00;865.624825;13.129;;
2026-09-27T11:47:28.267+02:00;869.003910;;;15.27
2026-09-27T11:47:28.296+02:00;869.033194;;100.061;
2026-09-27T11:47:28.304+02:00;869.040513;13.112;;
2026-09-27T11:47:31.679+02:00;872.415391;;;15.24
2026-09-27T11:47:31.708+02:00;872.444714;;100.061;
2026-09-27T11:47:31.710+02:00;872.446620;13.097;;
2026-09-27T11:47:35.090+02:00;875.826847;;;15.22
2026-09-27T11:47:35.121+02:00;875.857858;13.081;100.062;
2026-09-27T11:47:38.502+02:00;879.238335;;;15.21
2026-09-27T11:47:38.531+02:00;879.267946;;100.061;
2026-09-27T11:47:38.533+02:00;879.269714;13.066;;
2026-09-27T11:47:41.913+02:00;882.649819;;;15.2
2026-09-27T11:47:41.942+02:00;882.679034;;100.061;
2026-09-27T11:47:41.944+02:00;882.680931;13.047;;
2026-09-27T11:47:45.325+02:00;886.061433;;;15.17
2026-09-27T11:47:45.354+02:00;886.090431;;100.061;
2026-09-27T11:47:45.356+02:00;886.092394;13.03;;
2026-09-27T11:47:48.736+02:00;889.472796;;;15.16
2026-09-27T11:47:48.765+02:00;889.502169;;100.061;
2026-09-27T11:47:48.767+02:00;889.504199;13.015;;
2026-09-27T11:47:52.148+02:00;892.884299;;;15.14
2026-09-27T11:47:52.177+02:00;892.913460;;100.062;
2026-09-27T11:47:52.179+02:00;892.915418;12.998;;
2026-09-27T11:47:55.560+02:00;896.296821;;;15.12
2026-09-27T11:47:55.590+02:00;896.326275;;100.061;
2026-09-27T11:47:55.591+02:00;896.327933;12.981;;
2026-09-27T11:47:58.971+02:00;899.707258;;;15.12
2026-09-27T11:47:59.000+02:00;899.736390;;100.061;
2026-09-27T11:47:59.002+02:00;899.738370;12.967;;
2026-09-27T11:48:02.939+02:00;903.675844;;;15.08
2026-09-27T11:48:02.968+02:00;903.704982;;100.061;
2026-09-27T11:48:02.970+02:00;903.706957;12.952;;
2026-09-27T11:48:06.342+02:00;907.078519;;;15.06
2026-09-27T11:48:06.371+02:00;907.107514;;100.061;
2026-09-27T11:48:06.373+02:00;907.109471;12.933;;
2026-09-27T11:48:09.753+02:00;910.490042;;;15.04
2026-09-27T11:48:09.783+02:00;910.519207;;100.061;
2026-09-27T11:48:09.785+02:00;910.522052;12.917;;
2026-09-27T11:48:13.165+02:00;913.901467;;;15.02
2026-09-27T11:48:13.194+02:00;913.930643;;100.061;
2026-09-27T11:48:13.196+02:00;913.932606;12.907;;
2026-09-27T11:48:16.964+02:00;917.700515;;;15.02
2026-09-27T11:48:16.993+02:00;917.729671;;100.061;
2026-09-27T11:48:16.995+02:00;917.731476;12.889;;
2026-09-27T11:48:20.375+02:00;921.112046;;;14.99
2026-09-27T11:48:20.405+02:00;921.141206;;100.062;
2026-09-27T11:48:20.407+02:00;921.143204;12.873;;
2026-09-27T11:48:23.787+02:00;924.523784;;;14.98
2026-09-27T11:48:23.816+02:00;924.552686;;100.061;
2026-09-27T11:48:23.818+02:00;924.554639;12.86;;
2026-09-27T11:48:27.198+02:00;927.935084;;;14.98
2026-09-27T11:48:27.233+02:00;927.969232;12.843;100.061;
2026-09-27T11:48:30.610+02:00;931.346705;;;14.96
2026-09-27T11:48:30.639+02:00;931.375806;;100.061;
2026-09-27T11:48:30.641+02:00;931.377814;12.827;;
2026-09-27T11:48:34.022+02:00;934.758241;;;14.94
2026-09-27T11:48:34.051+02:00;934.787398;;100.062;
2026-09-27T11:48:34.053+02:00;934.789353;12.811;;
2026-09-27T11:48:37.433+02:00;938.169699;;;14.92
2026-09-27T11:48:37.462+02:00;938.198979;;100.061;
2026-09-27T11:48:37.464+02:00;938.200873;12.796;;
2026-09-27T11:48:40.845+02:00;941.581332;;;14.91
2026-09-27T11:48:40.874+02:00;941.610485;;100.061;
2026-09-27T11:48:40.876+02:00;941.612429;12.782;;
2026-09-27T11:48:44.256+02:00;944.993031;;;14.91
2026-09-27T11:48:44.285+02:00;945.022098;;100.061;
2026-09-27T11:48:44.292+02:00;945.028681;12.766;;
2026-09-27T11:48:47.668+02:00;948.404613;;;14.88
2026-09-27T11:48:47.697+02:00;948.433657;;100.061;
2026-09-27T11:48:47.699+02:00;948.435661;12.755;;
2026-09-27T11:48:51.079+02:00;951.816040;;;14.89
2026-09-27T11:48:51.108+02:00;951.845174;;100.062;
2026-09-27T11:48:51.110+02:00;951.847152;12.741;;
2026-09-27T11:48:54.491+02:00;955.227701;;;14.87
2026-09-27T11:48:54.520+02:00;955.256880;;100.062;
2026-09-27T11:48:54.522+02:00;955.258750;12.728;;
2026-09-27T11:48:58.232+02:00;958.968765;;;14.85
2026-09-27T11:48:58.262+02:00;958.998679;;100.062;
2026-09-27T11:48:58.263+02:00;958.999953;12.713;;
2026-09-27T11:49:01.644+02:00;962.380383;;;14.85
2026-09-27T11:49:01.673+02:00;962.409520;;100.061;
2026-09-27T11:49:01.675+02:00;962.411628;12.698;;
2026-09-27T11:49:05.055+02:00;965.792013;;;14.83
2026-09-27T11:49:05.084+02:00;965.821156;;100.061;
2026-09-27T11:49:05.086+02:00;965.823120;12.682;;
2026-09-27T11:49:08.857+02:00;969.593443;;;14.8
2026-09-27T11:49:08.886+02:00;969.622760;;100.062;
2026-09-27T11:49:08.888+02:00;969.624650;12.667;;
2026-09-27T11:49:12.268+02:00;973.005141;;;14.8
2026-09-27T11:49:12.298+02:00;973.034265;;100.061;
2026-09-27T11:49:12.300+02:00;973.036237;12.652;;
2026-09-27T11:49:15.680+02:00;976.416802;;;14.77
2026-09-27T11:49:15.709+02:00;976.445850;;100.062;
2026-09-27T11:49:15.711+02:00;976.447763;12.637;;
2026-09-27T11:49:19.092+02:00;979.828285;;;14.77
2026-09-27T11:49:19.121+02:00;979.857625;;100.062;
2026-09-27T11:49:19.123+02:00;979.859765;12.629;;
2026-09-27T11:49:22.503+02:00;983.239975;;;14.76
2026-09-27T11:49:22.532+02:00;983.269098;;100.062;
2026-09-27T11:49:22.534+02:00;983.271195;12.615;;
2026-09-27T11:49:25.915+02:00;986.651680;;;14.74
2026-09-27T11:49:25.944+02:00;986.680693;;100.062;
2026-09-27T11:49:25.946+02:00;986.682639;12.602;;
2026-09-27T11:49:29.326+02:00;990.063159;;;14.71
2026-09-27T11:49:29.356+02:00;990.092401;;100.062;
2026-09-27T11:49:29.358+02:00;990.094340;12.585;;
2026-09-27T11:49:32.738+02:00;993.474839;;;14.7
2026-09-27T11:49:32.767+02:00;993.503997;;100.061;
2026-09-27T11:49:32.769+02:00;993.505961;12.57;;
2026-09-27T11:49:36.150+02:00;996.886521;;;14.7
2026-09-27T11:49:36.179+02:00;996.915585;;100.061;
2026-09-27T11:49:36.181+02:00;996.917485;12.557;;
2026-09-27T11:49:39.562+02:00;1000.299001;;;14.69
2026-09-27T11:49:39.592+02:00;1000.328306;;100.061;
2026-09-27T11:49:39.598+02:00;1000.334806;12.547;;
2026-09-27T11:49:42.973+02:00;1003.709788;;;14.68
2026-09-27T11:49:43.002+02:00;1003.738940;;100.062;
2026-09-27T11:49:43.004+02:00;1003.741010;12.533;;
2026-09-27T11:49:46.385+02:00;1007.121324;;;14.66
2026-09-27T11:49:46.414+02:00;1007.150457;;100.062;
2026-09-27T11:49:46.416+02:00;1007.152438;12.519;;
2026-09-27T11:49:49.796+02:00;1010.533002;;;14.66
2026-09-27T11:49:49.825+02:00;1010.562014;;100.062;
2026-09-27T11:49:49.827+02:00;1010.563995;12.504;;
2026-09-27T11:49:53.208+02:00;1013.944507;;;14.64
2026-09-27T11:49:53.237+02:00;1013.973880;;100.061;
2026-09-27T11:49:53.242+02:00;1013.978882;12.488;;
2026-09-27T11:49:56.620+02:00;1017.356387;;;14.62
2026-09-27T11:49:56.649+02:00;1017.385412;;100.061;
2026-09-27T11:49:56.651+02:00;1017.387446;12.473;;
2026-09-27T11:50:00.031+02:00;1020.767968;;;14.61
2026-09-27T11:50:00.060+02:00;1020.797105;;100.062;
2026-09-27T11:50:00.062+02:00;1020.799075;12.456;;
2026-09-27T11:50:03.443+02:00;1024.179552;;;14.59
2026-09-27T11:50:03.472+02:00;1024.208722;;100.061;
2026-09-27T11:50:03.474+02:00;1024.210677;12.448;;
2026-09-27T11:50:06.855+02:00;1027.591227;;;14.59
2026-09-27T11:50:06.884+02:00;1027.620500;;100.061;
2026-09-27T11:50:06.887+02:00;1027.624023;12.438;;
2026-09-27T11:50:10.266+02:00;1031.002865;;;14.57
2026-09-27T11:50:10.295+02:00;1031.032004;;100.062;
2026-09-27T11:50:10.297+02:00;1031.033972;12.425;;
2026-09-27T11:50:13.679+02:00;1034.415540;;;14.55
2026-09-27T11:50:13.708+02:00;1034.445070;;100.062;
2026-09-27T11:50:13.711+02:00;1034.447685;12.409;;
2026-09-27T11:50:17.089+02:00;1037.826172;;;14.52
2026-09-27T11:50:17.119+02:00;1037.855394;;100.061;
2026-09-27T11:50:17.121+02:00;1037.857281;12.394;;
2026-09-27T11:50:20.883+02:00;1041.619276;;;14.53
2026-09-27T11:50:20.912+02:00;1041.648421;;100.062;
2026-09-27T11:50:20.914+02:00;1041.650388;12.382;;
2026-09-27T11:50:24.294+02:00;1045.031026;;;14.52
2026-09-27T11:50:24.323+02:00;1045.060129;;100.062;
2026-09-27T11:50:24.325+02:00;1045.061976;12.372;;
2026-09-27T11:50:28.041+02:00;1048.777216;;;14.52
2026-09-27T11:50:28.070+02:00;1048.806343;;100.062;
2026-09-27T11:50:28.072+02:00;1048.808323;12.358;;
2026-09-27T11:50:31.452+02:00;1052.188922;;;14.5
2026-09-27T11:50:31.481+02:00;1052.217974;;100.061;
2026-09-27T11:50:31.483+02:00;1052.219946;12.344;;
2026-09-27T11:50:34.864+02:00;1055.600493;;;14.48
2026-09-27T11:50:34.893+02:00;1055.629816;;100.061;
2026-09-27T11:50:34.897+02:00;1055.633541;12.334;;
2026-09-27T11:50:38.275+02:00;1059.012183;;;14.47
2026-09-27T11:50:38.305+02:00;1059.041330;;100.061;
2026-09-27T11:50:38.307+02:00;1059.043414;12.325;;
2026-09-27T11:50:42.021+02:00;1062.757703;;;14.45
2026-09-27T11:50:42.050+02:00;1062.786914;;100.061;
2026-09-27T11:50:42.052+02:00;1062.788769;12.311;;
2026-09-27T11:50:45.433+02:00;1066.169272;;;14.45
2026-09-27T11:50:45.462+02:00;1066.198419;;100.061;
2026-09-27T11:50:45.464+02:00;1066.200384;12.299;;
2026-09-27T11:50:48.844+02:00;1069.580898;;;14.43
2026-09-27T11:50:48.875+02:00;1069.611969;;100.061;
2026-09-27T11:50:48.876+02:00;1069.612243;12.293;;
2026-09-27T11:50:52.256+02:00;1072.992732;;;14.41
2026-09-27T11:50:52.285+02:00;1073.021809;;100.061;
2026-09-27T11:50:52.287+02:00;1073.023929;12.277;;
2026-09-27T11:50:55.668+02:00;1076.404301;;;14.39
2026-09-27T11:50:55.697+02:00;1076.433497;;100.062;
2026-09-27T11:50:55.699+02:00;1076.435403;12.267;;
2026-09-27T11:50:59.647+02:00;1080.383785;;;14.34
2026-09-27T11:50:59.676+02:00;1080.412945;;100.061;
2026-09-27T11:50:59.678+02:00;1080.414912;12.26;;
2026-09-27T11:51:03.050+02:00;1083.786661;;;14.34
2026-09-27T11:51:03.079+02:00;1083.815816;;100.061;
2026-09-27T11:51:03.081+02:00;1083.817851;12.246;;
2026-09-27T11:51:07.364+02:00;1088.101088;;;14.33
2026-09-27T11:51:07.394+02:00;1088.130285;;100.061;
2026-09-27T11:51:07.395+02:00;1088.132177;12.229;;
2026-09-27T11:51:10.767+02:00;1091.503818;;;14.33
2026-09-27T11:51:10.796+02:00;1091.532985;;100.062;
2026-09-27T11:51:10.798+02:00;1091.534956;12.216;;
2026-09-27T11:51:14.567+02:00;1095.304079;;;14.33
2026-09-27T11:51:14.601+02:00;1095.337749;12.206;100.062;
2026-09-27T11:51:18.371+02:00;1099.107225;;;14.3
2026-09-27T11:51:18.399+02:00;1099.136118;;100.061;
2026-09-27T11:51:18.401+02:00;1099.138113;12.194;;
2026-09-27T11:51:21.782+02:00;1102.518523;;;14.27
2026-09-27T11:51:21.811+02:00;1102.547679;;100.062;
2026-09-27T11:51:21.813+02:00;1102.549641;12.181;;
2026-09-27T11:51:25.194+02:00;1105.930313;;;14.24
2026-09-27T11:51:25.223+02:00;1105.959454;;100.061;
2026-09-27T11:51:25.225+02:00;1105.961448;12.171;;
2026-09-27T11:51:28.605+02:00;1109.341903;;;14.24
2026-09-27T11:51:28.637+02:00;1109.373485;12.164;100.062;
2026-09-27T11:51:32.017+02:00;1112.753805;;;14.24
2026-09-27T11:51:32.046+02:00;1112.782763;;100.062;
2026-09-27T11:51:32.048+02:00;1112.784745;12.15;;
2026-09-27T11:51:35.429+02:00;1116.165440;;;14.22
2026-09-27T11:51:35.458+02:00;1116.194584;;100.061;
2026-09-27T11:51:35.460+02:00;1116.196678;12.141;;
2026-09-27T11:51:38.840+02:00;1119.577154;;;14.2
2026-09-27T11:51:38.871+02:00;1119.607873;;100.061;
2026-09-27T11:51:38.871+02:00;1119.608188;12.131;;
2026-09-27T11:51:42.252+02:00;1122.988907;;;14.19
2026-09-27T11:51:42.281+02:00;1123.018037;;100.062;
2026-09-27T11:51:42.283+02:00;1123.020011;12.118;;
2026-09-27T11:51:45.664+02:00;1126.400609;;;14.17
2026-09-27T11:51:45.693+02:00;1126.429785;;100.062;
2026-09-27T11:51:45.695+02:00;1126.431694;12.113;;
2026-09-27T11:51:49.075+02:00;1129.812177;;;14.18
2026-09-27T11:51:49.106+02:00;1129.842678;;100.062;
2026-09-27T11:51:49.107+02:00;1129.843383;12.101;;
2026-09-27T11:51:52.487+02:00;1133.223928;;;14.16
2026-09-27T11:51:52.516+02:00;1133.253069;;100.062;
2026-09-27T11:51:52.518+02:00;1133.255037;12.087;;
2026-09-27T11:51:55.900+02:00;1136.636767;;;14.15
2026-09-27T11:51:55.929+02:00;1136.665763;;100.062;
2026-09-27T11:51:55.931+02:00;1136.667728;12.082;;
2026-09-27T11:51:59.311+02:00;1140.047359;;;14.13
2026-09-27T11:51:59.340+02:00;1140.076724;;100.062;
2026-09-27T11:51:59.342+02:00;1140.078589;12.067;;
2026-09-27T11:52:02.722+02:00;1143.459118;;;14.11
2026-09-27T11:52:02.752+02:00;1143.488274;;100.062;
2026-09-27T11:52:02.754+02:00;1143.490222;12.056;;
2026-09-27T11:52:06.134+02:00;1146.870915;;;14.11
2026-09-27T11:52:06.163+02:00;1146.899945;;100.062;
2026-09-27T11:52:06.165+02:00;1146.902056;12.048;;
2026-09-27T11:52:09.546+02:00;1150.282539;;;14.11
2026-09-27T11:52:09.575+02:00;1150.311869;;100.062;
2026-09-27T11:52:09.577+02:00;1150.313662;12.036;;
2026-09-27T11:52:12.959+02:00;1153.695310;;;14.09
2026-09-27T11:52:12.988+02:00;1153.724459;;100.061;
2026-09-27T11:52:12.990+02:00;1153.726411;12.028;;
2026-09-27T11:52:16.369+02:00;1157.106023;;;14.06
2026-09-27T11:52:16.398+02:00;1157.135167;;100.062;
2026-09-27T11:52:16.400+02:00;1157.137145;12.019;;
2026-09-27T11:52:19.781+02:00;1160.517865;;;14.05
2026-09-27T11:52:19.810+02:00;1160.547041;;100.061;
2026-09-27T11:52:19.812+02:00;1160.548827;12.003;;
2026-09-27T11:52:23.193+02:00;1163.929512;;;14.06
2026-09-27T11:52:23.222+02:00;1163.958777;;100.062;
2026-09-27T11:52:23.224+02:00;1163.960779;11.999;;
2026-09-27T11:52:26.605+02:00;1167.341372;;;14.05
2026-09-27T11:52:26.634+02:00;1167.370512;;100.061;
2026-09-27T11:52:26.636+02:00;1167.372465;11.987;;
2026-09-27T11:52:30.016+02:00;1170.753071;;;14.02
2026-09-27T11:52:30.046+02:00;1170.782251;;100.061;
2026-09-27T11:52:30.047+02:00;1170.784194;11.972;;
2026-09-27T11:52:33.428+02:00;1174.164814;;;14.02
2026-09-27T11:52:33.457+02:00;1174.193953;;100.061;
2026-09-27T11:52:33.459+02:00;1174.195907;11.967;;
2026-09-27T11:52:37.400+02:00;1178.136476;;;13.98
2026-09-27T11:52:37.429+02:00;1178.165675;;100.061;
2026-09-27T11:52:37.431+02:00;1178.167641;11.954;;
2026-09-27T11:52:40.803+02:00;1181.539321;;;14.01
2026-09-27T11:52:40.832+02:00;1181.568464;;100.061;
2026-09-27T11:52:40.834+02:00;1181.570595;11.939;;
2026-09-27T11:52:44.214+02:00;1184.951047;;;13.98
2026-09-27T11:52:44.244+02:00;1184.980303;;100.061;
2026-09-27T11:52:44.246+02:00;1184.982505;11.937;;
2026-09-27T11:52:47.626+02:00;1188.362828;;;13.96
2026-09-27T11:52:47.655+02:00;1188.392125;;100.061;
2026-09-27T11:52:47.657+02:00;1188.394032;11.922;;
2026-09-27T11:52:51.038+02:00;1191.774870;;;13.95
2026-09-27T11:52:51.067+02:00;1191.803836;;100.061;
2026-09-27T11:52:51.069+02:00;1191.805730;11.915;;
2026-09-27T11:52:54.451+02:00;1195.187333;;;13.93
2026-09-27T11:52:54.480+02:00;1195.216460;;100.061;
2026-09-27T11:52:54.482+02:00;1195.218424;11.906;;
2026-09-27T11:52:58.427+02:00;1199.163538;;;13.89
2026-09-27T11:52:58.456+02:00;1199.192729;;100.061;
2026-09-27T11:52:58.458+02:00;1199.194671;11.891;;
2026-09-27T11:53:01.830+02:00;1202.566513;;;13.91
2026-09-27T11:53:01.859+02:00;1202.595588;;100.061;
2026-09-27T11:53:01.861+02:00;1202.597513;11.888;;
2026-09-27T11:53:05.242+02:00;1205.978249;;;13.89
2026-09-27T11:53:05.271+02:00;1206.007407;;100.061;
2026-09-27T11:53:05.273+02:00;1206.009387;11.874;;
2026-09-27T11:53:08.653+02:00;1209.389909;;;13.88
2026-09-27T11:53:08.683+02:00;1209.419217;;100.061;
2026-09-27T11:53:08.684+02:00;1209.421124;11.866;;
2026-09-27T11:53:12.065+02:00;1212.801778;;;13.88
2026-09-27T11:53:12.094+02:00;1212.830924;;100.061;
2026-09-27T11:53:12.096+02:00;1212.832819;11.857;;
2026-09-27T11:53:15.477+02:00;1216.213698;;;13.88
2026-09-27T11:53:15.506+02:00;1216.242616;;100.062;
2026-09-27T11:53:15.508+02:00;1216.244581;11.841;;
2026-09-27T11:53:19.275+02:00;1220.012159;;;13.88
2026-09-27T11:53:19.305+02:00;1220.041244;;100.061;
2026-09-27T11:53:19.307+02:00;1220.043292;11.837;;
2026-09-27T11:53:22.687+02:00;1223.423904;;;13.85
2026-09-27T11:53:22.716+02:00;1223.453076;;100.061;
2026-09-27T11:53:22.718+02:00;1223.454932;11.825;;
2026-09-27T11:53:26.099+02:00;1226.835601;;;13.85
2026-09-27T11:53:26.128+02:00;1226.864918;;100.062;
2026-09-27T11:53:26.130+02:00;1226.866794;11.815;;
2026-09-27T11:53:29.511+02:00;1230.247393;;;13.81
2026-09-27T11:53:29.540+02:00;1230.276538;;100.061;
2026-09-27T11:53:29.542+02:00;1230.278525;11.809;;
2026-09-27T11:53:32.922+02:00;1233.659131;;;13.8
2026-09-27T11:53:32.952+02:00;1233.688313;;100.061;
2026-09-27T11:53:32.954+02:00;1233.690243;11.799;;
2026-09-27T11:53:36.334+02:00;1237.070872;;;13.79
2026-09-27T11:53:36.365+02:00;1237.101674;;100.062;
2026-09-27T11:53:36.366+02:00;1237.102275;11.793;;
2026-09-27T11:53:39.746+02:00;1240.482756;;;13.8
2026-09-27T11:53:39.775+02:00;1240.511891;;100.061;
2026-09-27T11:53:39.777+02:00;1240.513766;11.782;;
2026-09-27T11:53:43.546+02:00;1244.282782;;;13.77
2026-09-27T11:53:43.580+02:00;1244.317073;11.776;100.061;
2026-09-27T11:53:46.958+02:00;1247.694762;;;13.77
2026-09-27T11:53:46.987+02:00;1247.724010;;100.061;
2026-09-27T11:53:46.989+02:00;1247.725864;11.76;;
2026-09-27T11:53:50.883+02:00;1251.619858;;;13.73
2026-09-27T11:53:50.912+02:00;1251.649018;;100.061;
2026-09-27T11:53:50.914+02:00;1251.650986;11.755;;
2026-09-27T11:53:54.286+02:00;1255.022660;;;13.75
2026-09-27T11:53:54.315+02:00;1255.051755;;100.062;
2026-09-27T11:53:54.317+02:00;1255.053743;11.743;;
2026-09-27T11:53:57.698+02:00;1258.434342;;;13.73
2026-09-27T11:53:57.727+02:00;1258.463643;;100.061;
2026-09-27T11:53:57.729+02:00;1258.465504;11.734;;
2026-09-27T11:54:01.110+02:00;1261.846240;;;13.73
2026-09-27T11:54:01.139+02:00;1261.875457;;100.061;
2026-09-27T11:54:01.141+02:00;1261.877349;11.728;;
2026-09-27T11:54:04.521+02:00;1265.257999;;;13.7
2026-09-27T11:54:04.550+02:00;1265.287159;;100.062;
2026-09-27T11:54:04.553+02:00;1265.289253;11.716;;
2026-09-27T11:54:07.934+02:00;1268.670700;;;13.69
2026-09-27T11:54:07.964+02:00;1268.700421;;100.061;
2026-09-27T11:54:07.966+02:00;1268.702449;11.711;;
2026-09-27T11:54:11.345+02:00;1272.081524;;;13.66
2026-09-27T11:54:11.374+02:00;1272.110799;;100.062;
2026-09-27T11:54:11.376+02:00;1272.112656;11.701;;
2026-09-27T11:54:14.757+02:00;1275.493266;;;13.66
2026-09-27T11:54:14.786+02:00;1275.522417;;100.062;
2026-09-27T11:54:14.788+02:00;1275.524373;11.695;;
2026-09-27T11:54:18.554+02:00;1279.291176;;;13.64
2026-09-27T11:54:18.584+02:00;1279.320303;;100.062;
2026-09-27T11:54:18.586+02:00;1279.322320;11.685;;
2026-09-27T11:54:21.966+02:00;1282.702896;;;13.63
2026-09-27T11:54:21.996+02:00;1282.732494;;100.061;
2026-09-27T11:54:21.998+02:00;1282.734819;11.678;;
2026-09-27T11:54:25.378+02:00;1286.114864;;;13.62
2026-09-27T11:54:25.407+02:00;1286.143939;;100.062;
2026-09-27T11:54:25.409+02:00;1286.145820;11.664;;
2026-09-27T11:54:28.790+02:00;1289.526637;;;13.62
2026-09-27T11:54:28.819+02:00;1289.555638;;100.062;
2026-09-27T11:54:28.821+02:00;1289.557591;11.662;;
2026-09-27T11:54:32.202+02:00;1292.938360;;;13.6
2026-09-27T11:54:32.231+02:00;1292.967517;;100.062;
2026-09-27T11:54:32.233+02:00;1292.969323;11.647;;
2026-09-27T11:54:36.003+02:00;1296.739486;;;13.61
2026-09-27T11:54:36.032+02:00;1296.768670;;100.062;
2026-09-27T11:54:36.034+02:00;1296.770638;11.645;;
2026-09-27T11:54:39.415+02:00;1300.151220;;;13.61
2026-09-27T11:54:39.444+02:00;1300.180659;;100.061;
2026-09-27T11:54:39.447+02:00;1300.183738;11.631;;
2026-09-27T11:54:42.826+02:00;1303.563061;;;13.59
2026-09-27T11:54:42.855+02:00;1303.592198;;100.062;
2026-09-27T11:54:42.857+02:00;1303.594184;11.623;;
2026-09-27T11:54:46.238+02:00;1306.974820;;;13.59
2026-09-27T11:54:46.267+02:00;1307.003949;;100.061;
2026-09-27T11:54:46.269+02:00;1307.005923;11.615;;
2026-09-27T11:54:49.650+02:00;1310.386615;;;13.59
2026-09-27T11:54:49.679+02:00;1310.415742;;100.062;
2026-09-27T11:54:49.681+02:00;1310.417812;11.609;;
2026-09-27T11:54:53.062+02:00;1313.798283;;;13.58
2026-09-27T11:54:53.091+02:00;1313.827649;;100.061;
2026-09-27T11:54:53.093+02:00;1313.829505;11.599;;
2026-09-27T11:54:56.473+02:00;1317.210147;;;13.56
2026-09-27T11:54:56.503+02:00;1317.239300;;100.061;
2026-09-27T11:54:56.505+02:00;1317.241241;11.594;;
2026-09-27T11:54:59.885+02:00;1320.621853;;;13.55
2026-09-27T11:54:59.915+02:00;1320.651602;;100.061;
2026-09-27T11:54:59.917+02:00;1320.653467;11.583;;
2026-09-27T11:55:03.298+02:00;1324.034684;;;13.53
2026-09-27T11:55:03.329+02:00;1324.066153;11.57;100.061;
2026-09-27T11:55:06.709+02:00;1327.445796;;;13.52
2026-09-27T11:55:06.738+02:00;1327.474689;;100.062;
2026-09-27T11:55:06.740+02:00;1327.476639;11.566;;
2026-09-27T11:55:10.452+02:00;1331.188801;;;13.51
2026-09-27T11:55:10.481+02:00;1331.218027;;100.062;
2026-09-27T11:55:10.483+02:00;1331.219920;11.551;;
2026-09-27T11:55:13.864+02:00;1334.600622;;;13.52
2026-09-27T11:55:13.893+02:00;1334.629792;;100.061;
2026-09-27T11:55:13.895+02:00;1334.631672;11.549;;
2026-09-27T11:55:17.276+02:00;1338.012334;;;13.51
2026-09-27T11:55:17.305+02:00;1338.041468;;100.062;
2026-09-27T11:55:17.307+02:00;1338.043425;11.534;;
2026-09-27T11:55:20.687+02:00;1341.424127;;;13.49
2026-09-27T11:55:20.717+02:00;1341.453307;;100.061;
2026-09-27T11:55:20.719+02:00;1341.455252;11.534;;
2026-09-27T11:55:24.099+02:00;1344.835837;;;13.48
2026-09-27T11:55:24.128+02:00;1344.865135;;100.061;
2026-09-27T11:55:24.130+02:00;1344.867050;11.519;;
2026-09-27T11:55:27.511+02:00;1348.247739;;;13.47
2026-09-27T11:55:27.540+02:00;1348.276909;;100.061;
2026-09-27T11:55:27.542+02:00;1348.278812;11.516;;
2026-09-27T11:55:30.923+02:00;1351.659492;;;13.47
2026-09-27T11:55:30.952+02:00;1351.688517;;100.062;
2026-09-27T11:55:30.954+02:00;1351.690464;11.502;;
2026-09-27T11:55:34.335+02:00;1355.071275;;;13.48
2026-09-27T11:55:34.364+02:00;1355.100301;;100.061;
2026-09-27T11:55:34.366+02:00;1355.102382;11.497;;
2026-09-27T11:55:37.746+02:00;1358.483063;;;13.46
2026-09-27T11:55:37.776+02:00;1358.512314;;100.061;
2026-09-27T11:55:37.777+02:00;1358.514077;11.486;;
2026-09-27T11:55:41.158+02:00;1361.894857;;;13.45
2026-09-27T11:55:41.187+02:00;1361.924000;;100.062;
2026-09-27T11:55:41.189+02:00;1361.925971;11.481;;
2026-09-27T11:55:44.901+02:00;1365.638138;;;13.44
2026-09-27T11:55:44.931+02:00;1365.667387;;100.061;
2026-09-27T11:55:44.933+02:00;1365.669279;11.469;;
2026-09-27T11:55:48.313+02:00;1369.049958;;;13.45
2026-09-27T11:55:48.342+02:00;1369.079093;;100.061;
2026-09-27T11:55:48.344+02:00;1369.081064;11.464;;
2026-09-27T11:55:51.725+02:00;1372.461777;;;13.43
2026-09-27T11:55:51.754+02:00;1372.490895;;100.061;
2026-09-27T11:55:51.756+02:00;1372.492867;11.453;;
2026-09-27T11:55:55.137+02:00;1375.873500;;;13.41
2026-09-27T11:55:55.166+02:00;1375.902991;;100.062;
2026-09-27T11:55:55.168+02:00;1375.904829;11.452;;
2026-09-27T11:55:58.549+02:00;1379.285267;;;13.4
2026-09-27T11:55:58.578+02:00;1379.314626;;100.061;
2026-09-27T11:55:58.580+02:00;1379.316470;11.437;;
2026-09-27T11:56:01.960+02:00;1382.697036;;;13.38
2026-09-27T11:56:01.990+02:00;1382.726395;;100.061;
2026-09-27T11:56:01.992+02:00;1382.728802;11.432;;
2026-09-27T11:56:05.372+02:00;1386.108936;;;13.39
2026-09-27T11:56:05.401+02:00;1386.138077;;100.061;
2026-09-27T11:56:05.403+02:00;1386.140033;11.421;;
2026-09-27T11:56:08.784+02:00;1389.520802;;;13.38
2026-09-27T11:56:08.813+02:00;1389.549874;;100.061;
2026-09-27T11:56:08.815+02:00;1389.551845;11.416;;
2026-09-27T11:56:12.528+02:00;1393.264909;;;13.38
2026-09-27T11:56:12.558+02:00;1393.294899;;100.061;
2026-09-27T11:56:12.560+02:00;1393.296821;11.405;;
2026-09-27T11:56:15.940+02:00;1396.676471;;;13.36
2026-09-27T11:56:15.969+02:00;1396.705896;;100.062;
2026-09-27T11:56:15.971+02:00;1396.707812;11.399;;
2026-09-27T11:56:19.352+02:00;1400.088323;;;13.37
2026-09-27T11:56:19.381+02:00;1400.117682;;100.061;
2026-09-27T11:56:19.384+02:00;1400.120241;11.389;;
2026-09-27T11:56:22.763+02:00;1403.500178;;;13.35
2026-09-27T11:56:22.793+02:00;1403.529434;;100.061;
2026-09-27T11:56:22.795+02:00;1403.531304;11.388;;
2026-09-27T11:56:26.175+02:00;1406.912001;;;13.34
2026-09-27T11:56:26.204+02:00;1406.941149;;100.061;
2026-09-27T11:56:26.206+02:00;1406.943096;11.373;;
2026-09-27T11:56:29.587+02:00;1410.323812;;;13.34
2026-09-27T11:56:29.616+02:00;1410.352938;;100.062;
2026-09-27T11:56:29.618+02:00;1410.354914;11.372;;
2026-09-27T11:56:32.999+02:00;1413.735527;;;13.33
2026-09-27T11:56:33.028+02:00;1413.764754;;100.061;
2026-09-27T11:56:33.030+02:00;1413.766749;11.361;;
2026-09-27T11:56:36.411+02:00;1417.147335;;;13.34
2026-09-27T11:56:36.440+02:00;1417.176675;;100.061;
2026-09-27T11:56:36.442+02:00;1417.178543;11.356;;
2026-09-27T11:56:39.822+02:00;1420.559185;;;13.31
2026-09-27T11:56:39.857+02:00;1420.593267;11.345;100.061;
2026-09-27T11:56:43.234+02:00;1423.970944;;;13.29
2026-09-27T11:56:43.264+02:00;1424.000312;;100.061;
2026-09-27T11:56:43.266+02:00;1424.002285;11.341;;
2026-09-27T11:56:46.646+02:00;1427.382778;;;13.29
2026-09-27T11:56:46.675+02:00;1427.412047;;100.061;
2026-09-27T11:56:46.677+02:00;1427.413977;11.336;;
2026-09-27T11:56:50.058+02:00;1430.794667;;;13.28
2026-09-27T11:56:50.087+02:00;1430.823770;;100.061;
2026-09-27T11:56:50.089+02:00;1430.825738;11.324;;
2026-09-27T11:56:53.471+02:00;1434.207443;;;13.26
2026-09-27T11:56:53.500+02:00;1434.236774;;100.062;
2026-09-27T11:56:53.502+02:00;1434.238750;11.319;;
2026-09-27T11:56:56.881+02:00;1437.618169;;;13.24
2026-09-27T11:56:56.911+02:00;1437.647922;;100.062;
2026-09-27T11:56:56.913+02:00;1437.650103;11.309;;
2026-09-27T11:57:00.293+02:00;1441.030194;;;13.23
2026-09-27T11:57:00.323+02:00;1441.059326;;100.061;
2026-09-27T11:57:00.324+02:00;1441.061181;11.308;;
2026-09-27T11:57:03.705+02:00;1444.441785;;;13.22
2026-09-27T11:57:03.734+02:00;1444.470898;;100.061;
2026-09-27T11:57:03.736+02:00;1444.472850;11.294;;
2026-09-27T11:57:07.117+02:00;1447.853596;;;13.21
2026-09-27T11:57:07.146+02:00;1447.882735;;100.061;
2026-09-27T11:57:07.148+02:00;1447.884705;11.291;;
2026-09-27T11:57:10.530+02:00;1451.266428;;;13.2
2026-09-27T11:57:10.559+02:00;1451.295866;;100.062;
2026-09-27T11:57:10.565+02:00;1451.301888;11.278;;
2026-09-27T11:57:13.940+02:00;1454.677141;;;13.21
2026-09-27T11:57:13.970+02:00;1454.706455;;100.061;
2026-09-27T11:57:13.972+02:00;1454.708465;11.274;;
2026-09-27T11:57:17.352+02:00;1458.088985;;;13.2
2026-09-27T11:57:17.381+02:00;1458.118100;;100.061;
2026-09-27T11:57:17.383+02:00;1458.120016;11.26;;
2026-09-27T11:57:20.764+02:00;1461.500743;;;13.2
2026-09-27T11:57:20.793+02:00;1461.529840;;100.061;
2026-09-27T11:57:20.795+02:00;1461.531804;11.259;;
2026-09-27T11:57:24.176+02:00;1464.912508;;;13.19
2026-09-27T11:57:24.205+02:00;1464.941689;;100.061;
2026-09-27T11:57:24.207+02:00;1464.943663;11.246;;
2026-09-27T11:57:27.589+02:00;1468.325311;;;13.18
2026-09-27T11:57:27.618+02:00;1468.354658;;100.062;
2026-09-27T11:57:27.620+02:00;1468.356628;11.243;;
2026-09-27T11:57:31.561+02:00;1472.297220;;;13.15
2026-09-27T11:57:31.590+02:00;1472.326592;;100.062;
2026-09-27T11:57:31.592+02:00;1472.328393;11.239;;
2026-09-27T11:57:34.963+02:00;1475.700194;;;13.16
2026-09-27T11:57:34.993+02:00;1475.729525;;100.062;
2026-09-27T11:57:34.995+02:00;1475.731731;11.227;;
2026-09-27T11:57:38.943+02:00;1479.679366;;;13.12
2026-09-27T11:57:38.972+02:00;1479.708608;;100.062;
2026-09-27T11:57:38.974+02:00;1479.710538;11.225;;
2026-09-27T11:57:42.346+02:00;1483.082354;;;13.13
2026-09-27T11:57:42.376+02:00;1483.112634;;100.062;
2026-09-27T11:57:42.377+02:00;1483.113620;11.211;;
2026-09-27T11:57:45.757+02:00;1486.494164;;;13.13
2026-09-27T11:57:45.787+02:00;1486.523469;;100.061;
2026-09-27T11:57:45.788+02:00;1486.525192;11.209;;
2026-09-27T11:57:49.169+02:00;1489.906008;;;13.12
2026-09-27T11:57:49.198+02:00;1489.935169;;100.061;
2026-09-27T11:57:49.200+02:00;1489.937144;11.196;;
2026-09-27T11:57:52.581+02:00;1493.317838;;;13.12
2026-09-27T11:57:52.610+02:00;1493.346877;;100.062;
2026-09-27T11:57:52.612+02:00;1493.348855;11.195;;
2026-09-27T11:57:55.993+02:00;1496.729711;;;13.12
2026-09-27T11:57:56.022+02:00;1496.758816;;100.062;
2026-09-27T11:57:56.024+02:00;1496.760667;11.181;;
2026-09-27T11:57:59.405+02:00;1500.141425;;;13.1
2026-09-27T11:57:59.434+02:00;1500.170650;;100.061;
2026-09-27T11:57:59.436+02:00;1500.172510;11.178;;
2026-09-27T11:58:02.817+02:00;1503.553312;;;13.11
2026-09-27T11:58:02.846+02:00;1503.582458;;100.062;
2026-09-27T11:58:02.848+02:00;1503.584434;11.17;;
2026-09-27T11:58:06.228+02:00;1506.965012;;;13.1
2026-09-27T11:58:06.257+02:00;1506.994154;;100.061;
2026-09-27T11:58:06.259+02:00;1506.996121;11.162;;
2026-09-27T11:58:10.149+02:00;1510.885638;;;13.06
2026-09-27T11:58:10.178+02:00;1510.914654;;100.062;
2026-09-27T11:58:10.180+02:00;1510.916602;11.16;;
2026-09-27T11:58:13.552+02:00;1514.288344;;;13.07
2026-09-27T11:58:13.581+02:00;1514.317785;;100.061;
2026-09-27T11:58:13.583+02:00;1514.319949;11.147;;
2026-09-27T11:58:16.963+02:00;1517.700196;;;13.09
2026-09-27T11:58:16.993+02:00;1517.729528;;100.061;
2026-09-27T11:58:16.995+02:00;1517.731398;11.145;;
2026-09-27T11:58:20.375+02:00;1521.112074;;;13.07
2026-09-27T11:58:20.405+02:00;1521.141290;;100.061;
2026-09-27T11:58:20.406+02:00;1521.143188;11.136;;
2026-09-27T11:58:23.787+02:00;1524.523903;;;13.05
2026-09-27T11:58:23.816+02:00;1524.553036;;100.062;
2026-09-27T11:58:23.818+02:00;1524.555023;11.13;;
2026-09-27T11:58:27.200+02:00;1527.936777;;;13.05
2026-09-27T11:58:27.229+02:00;1527.965955;;100.061;
2026-09-27T11:58:27.231+02:00;1527.967974;11.128;;
2026-09-27T11:58:30.998+02:00;1531.734494;;;13.05
2026-09-27T11:58:31.027+02:00;1531.763750;;100.062;
2026-09-27T11:58:31.034+02:00;1531.771070;11.115;;
2026-09-27T11:58:34.410+02:00;1535.146326;;;13.05
2026-09-27T11:58:34.439+02:00;1535.175700;;100.061;
2026-09-27T11:58:34.441+02:00;1535.177587;11.113;;
2026-09-27T11:58:37.822+02:00;1538.558344;;;13.05
2026-09-27T11:58:37.851+02:00;1538.587432;;100.061;
2026-09-27T11:58:37.853+02:00;1538.589341;11.103;;
2026-09-27T11:58:41.233+02:00;1541.970077;;;13.02
2026-09-27T11:58:41.263+02:00;1541.999245;;100.062;
2026-09-27T11:58:41.265+02:00;1542.001310;11.098;;
2026-09-27T11:58:44.645+02:00;1545.381874;;;13.02
2026-09-27T11:58:44.674+02:00;1545.411161;;100.061;
2026-09-27T11:58:44.677+02:00;1545.413749;11.092;;
2026-09-27T11:58:48.057+02:00;1548.793700;;;13.02
2026-09-27T11:58:48.087+02:00;1548.823904;;100.061;
2026-09-27T11:58:48.088+02:00;1548.824947;11.082;;
2026-09-27T11:58:51.469+02:00;1552.205544;;;13.02
2026-09-27T11:58:51.498+02:00;1552.234783;;100.062;
2026-09-27T11:58:51.500+02:00;1552.236684;11.081;;
2026-09-27T11:58:54.881+02:00;1555.617379;;;13.02
2026-09-27T11:58:54.910+02:00;1555.646541;;100.062;
2026-09-27T11:58:54.912+02:00;1555.648641;11.069;;
2026-09-27T11:58:58.294+02:00;1559.030213;;;12.99
2026-09-27T11:58:58.323+02:00;1559.059374;;100.061;
2026-09-27T11:58:58.325+02:00;1559.061327;11.065;;
2026-09-27T11:59:01.704+02:00;1562.441047;;;12.98
2026-09-27T11:59:01.734+02:00;1562.470318;;100.062;
2026-09-27T11:59:01.736+02:00;1562.472310;11.055;;
2026-09-27T11:59:05.627+02:00;1566.363275;;;12.95
2026-09-27T11:59:05.656+02:00;1566.392291;;100.061;
2026-09-27T11:59:05.658+02:00;1566.394253;11.049;;
2026-09-27T11:59:09.029+02:00;1569.766100;;;12.95
2026-09-27T11:59:09.058+02:00;1569.795120;;100.062;
2026-09-27T11:59:09.060+02:00;1569.797082;11.042;;
2026-09-27T11:59:12.441+02:00;1573.177826;;;12.95
2026-09-27T11:59:12.470+02:00;1573.206953;;100.061;
2026-09-27T11:59:12.472+02:00;1573.209046;11.033;;
2026-09-27T11:59:15.853+02:00;1576.589677;;;12.94
2026-09-27T11:59:15.888+02:00;1576.624352;11.033;100.062;
2026-09-27T11:59:19.265+02:00;1580.001478;;;12.93
2026-09-27T11:59:19.294+02:00;1580.030711;;100.062;
2026-09-27T11:59:19.296+02:00;1580.032616;11.024;;
2026-09-27T11:59:22.678+02:00;1583.414447;;;12.93
2026-09-27T11:59:22.707+02:00;1583.443473;;100.061;
2026-09-27T11:59:22.709+02:00;1583.445430;11.017;;
2026-09-27T11:59:26.654+02:00;1587.391035;;;12.91
2026-09-27T11:59:26.683+02:00;1587.420047;;100.061;
2026-09-27T11:59:26.687+02:00;1587.423776;11.016;;
2026-09-27T11:59:30.057+02:00;1590.793957;;;12.93
2026-09-27T11:59:30.086+02:00;1590.823133;;100.061;
2026-09-27T11:59:30.088+02:00;1590.825008;11.007;;
2026-09-27T11:59:33.469+02:00;1594.205763;;;12.91
2026-09-27T11:59:33.498+02:00;1594.234873;;100.061;
2026-09-27T11:59:33.500+02:00;1594.236847;11.001;;
2026-09-27T11:59:36.881+02:00;1597.617537;;;12.91
2026-09-27T11:59:36.910+02:00;1597.646721;;100.061;
2026-09-27T11:59:36.912+02:00;1597.648682;10.999;;
2026-09-27T11:59:40.293+02:00;1601.029394;;;12.89
2026-09-27T11:59:40.322+02:00;1601.058417;;100.061;
2026-09-27T11:59:40.324+02:00;1601.060368;10.987;;
2026-09-27T11:59:43.704+02:00;1604.441144;;;12.9
2026-09-27T11:59:43.734+02:00;1604.470682;;100.061;
2026-09-27T11:59:43.736+02:00;1604.472494;10.984;;
2026-09-27T11:59:47.503+02:00;1608.240136;;;12.88
2026-09-27T11:59:47.533+02:00;1608.269712;;100.061;
2026-09-27T11:59:47.535+02:00;1608.271598;10.982;;
2026-09-27T11:59:50.915+02:00;1611.651878;;;12.88
2026-09-27T11:59:50.945+02:00;1611.681204;;100.062;
2026-09-27T11:59:50.948+02:00;1611.684223;10.971;;
2026-09-27T11:59:54.327+02:00;1615.063719;;;12.87
2026-09-27T11:59:54.357+02:00;1615.093818;;100.062;
2026-09-27T11:59:54.358+02:00;1615.094895;10.968;;
2026-09-27T11:59:57.739+02:00;1618.475542;;;12.87
2026-09-27T11:59:57.769+02:00;1618.506168;;100.061;
2026-09-27T11:59:57.770+02:00;1618.507036;10.965;;
2026-09-27T12:00:01.152+02:00;1621.888926;;;12.88
2026-09-27T12:00:01.180+02:00;1621.916711;;100.061;
2026-09-27T12:00:01.182+02:00;1621.918575;10.956;;
2026-09-27T12:00:04.563+02:00;1625.299268;;;12.88
2026-09-27T12:00:04.592+02:00;1625.328431;;100.061;
2026-09-27T12:00:04.594+02:00;1625.330386;10.952;;
2026-09-27T12:00:07.974+02:00;1628.711125;;;12.88
2026-09-27T12:00:08.004+02:00;1628.740272;;100.061;
2026-09-27T12:00:08.006+02:00;1628.742221;10.94;;
2026-09-27T12:00:11.386+02:00;1632.122957;;;12.86
2026-09-27T12:00:11.415+02:00;1632.152123;;100.061;
2026-09-27T12:00:11.417+02:00;1632.153951;10.936;;
2026-09-27T12:00:14.799+02:00;1635.535818;;;12.84
2026-09-27T12:00:14.829+02:00;1635.565912;;100.061;
2026-09-27T12:00:14.830+02:00;1635.566864;10.935;;
2026-09-27T12:00:18.210+02:00;1638.946458;;;12.85
2026-09-27T12:00:18.239+02:00;1638.975828;;100.062;
2026-09-27T12:00:18.241+02:00;1638.977949;10.923;;
2026-09-27T12:00:21.622+02:00;1642.358338;;;12.85
2026-09-27T12:00:21.651+02:00;1642.387681;;100.061;
2026-09-27T12:00:21.653+02:00;1642.389680;10.92;;
2026-09-27T12:00:25.033+02:00;1645.770120;;;12.84
2026-09-27T12:00:25.064+02:00;1645.800861;;100.062;
2026-09-27T12:00:25.065+02:00;1645.801317;10.919;;
2026-09-27T12:00:28.776+02:00;1649.512923;;;12.84
2026-09-27T12:00:28.805+02:00;1649.542070;;100.062;
2026-09-27T12:00:28.807+02:00;1649.544041;10.905;;
2026-09-27T12:00:32.188+02:00;1652.924767;;;12.83
2026-09-27T12:00:32.217+02:00;1652.953918;;100.061;
2026-09-27T12:00:32.219+02:00;1652.955892;10.904;;
2026-09-27T12:00:35.600+02:00;1656.336632;;;12.82
2026-09-27T12:00:35.630+02:00;1656.366846;;100.061;
2026-09-27T12:00:35.635+02:00;1656.371803;10.901;;
2026-09-27T12:00:39.012+02:00;1659.748372;;;12.82
2026-09-27T12:00:39.041+02:00;1659.777765;;100.062;
2026-09-27T12:00:39.043+02:00;1659.779752;10.888;;
2026-09-27T12:00:42.424+02:00;1663.160228;;;12.84
2026-09-27T12:00:42.454+02:00;1663.190358;;100.061;
2026-09-27T12:00:42.455+02:00;1663.191549;10.887;;
2026-09-27T12:00:45.835+02:00;1666.571946;;;12.8
2026-09-27T12:00:45.865+02:00;1666.601259;;100.062;
2026-09-27T12:00:45.866+02:00;1666.603163;10.882;;
2026-09-27T12:00:49.247+02:00;1669.983935;;;12.8
2026-09-27T12:00:49.276+02:00;1670.013104;;100.062;
2026-09-27T12:00:49.278+02:00;1670.014983;10.874;;
2026-09-27T12:00:52.659+02:00;1673.395841;;;12.79
2026-09-27T12:00:52.688+02:00;1673.424909;;100.062;
2026-09-27T12:00:52.690+02:00;1673.426815;10.871;;
2026-09-27T12:00:56.071+02:00;1676.807601;;;12.79
2026-09-27T12:00:56.100+02:00;1676.836714;;100.062;
2026-09-27T12:00:56.102+02:00;1676.838792;10.871;;
2026-09-27T12:00:59.483+02:00;1680.219417;;;12.78
2026-09-27T12:00:59.512+02:00;1680.248592;;100.062;
2026-09-27T12:00:59.514+02:00;1680.250507;10.865;;
2026-09-27T12:01:02.895+02:00;1683.631229;;;12.77
2026-09-27T12:01:02.924+02:00;1683.660266;;100.062;
2026-09-27T12:01:02.926+02:00;1683.662501;10.857;;
2026-09-27T12:01:06.306+02:00;1687.042867;;;12.77
2026-09-27T12:01:06.337+02:00;1687.073341;;100.061;
2026-09-27T12:01:06.337+02:00;1687.074093;10.855;;
2026-09-27T12:01:09.718+02:00;1690.454823;;;12.77
2026-09-27T12:01:09.747+02:00;1690.484064;;100.062;
2026-09-27T12:01:09.749+02:00;1690.485952;10.853;;
2026-09-27T12:01:13.695+02:00;1694.431889;;;12.75
2026-09-27T12:01:13.724+02:00;1694.460944;;100.062;
2026-09-27T12:01:13.726+02:00;1694.462905;10.842;;
2026-09-27T12:01:17.098+02:00;1697.834811;;;12.74
2026-09-27T12:01:17.127+02:00;1697.863936;;100.062;
2026-09-27T12:01:17.129+02:00;1697.865893;10.839;;
2026-09-27T12:01:20.510+02:00;1701.246657;;;12.74
2026-09-27T12:01:20.539+02:00;1701.275750;;100.062;
2026-09-27T12:01:20.541+02:00;1701.277719;10.834;;
2026-09-27T12:01:23.922+02:00;1704.658445;;;12.73
2026-09-27T12:01:23.951+02:00;1704.687732;;100.062;
2026-09-27T12:01:23.958+02:00;1704.694259;10.823;;
2026-09-27T12:01:27.334+02:00;1708.070252;;;12.73
2026-09-27T12:01:27.363+02:00;1708.099526;;100.062;
2026-09-27T12:01:27.369+02:00;1708.105647;10.822;;
2026-09-27T12:01:31.256+02:00;1711.992421;;;12.72
2026-09-27T12:01:31.285+02:00;1712.021760;;100.062;
2026-09-27T12:01:31.289+02:00;1712.025337;10.816;;
2026-09-27T12:01:35.170+02:00;1715.907091;;;12.7
2026-09-27T12:01:35.200+02:00;1715.936410;;100.062;
2026-09-27T12:01:35.202+02:00;1715.938298;10.807;;
2026-09-27T12:01:38.573+02:00;1719.310066;;;12.71
2026-09-27T12:01:38.603+02:00;1719.339388;;100.062;
2026-09-27T12:01:38.605+02:00;1719.341276;10.806;;
2026-09-27T12:01:41.985+02:00;1722.721903;;;12.73
2026-09-27T12:01:42.015+02:00;1722.751268;;100.061;
2026-09-27T12:01:42.016+02:00;1722.753136;10.796;;
2026-09-27T12:01:45.908+02:00;1726.644844;;;12.71
2026-09-27T12:01:45.937+02:00;1726.674060;;100.062;
2026-09-27T12:01:45.939+02:00;1726.675975;10.791;;
2026-09-27T12:01:49.311+02:00;1730.047820;;;12.72
2026-09-27T12:01:49.340+02:00;1730.076840;;100.061;
2026-09-27T12:01:49.342+02:00;1730.078834;10.79;;
2026-09-27T12:01:52.723+02:00;1733.459591;;;12.71
2026-09-27T12:01:52.752+02:00;1733.488731;;100.061;
2026-09-27T12:01:52.754+02:00;1733.490684;10.785;;
2026-09-27T12:01:56.135+02:00;1736.871406;;;12.7
2026-09-27T12:01:56.164+02:00;1736.900552;;100.061;
2026-09-27T12:01:56.166+02:00;1736.902522;10.775;;
2026-09-27T12:02:00.113+02:00;1740.849898;;;12.66
2026-09-27T12:02:00.142+02:00;1740.879036;;100.062;
2026-09-27T12:02:00.144+02:00;1740.880997;10.774;;
2026-09-27T12:02:03.516+02:00;1744.252877;;;12.67
2026-09-27T12:02:03.545+02:00;1744.281882;;100.062;
2026-09-27T12:02:03.547+02:00;1744.283862;10.768;;
2026-09-27T12:02:06.928+02:00;1747.664646;;;12.67
2026-09-27T12:02:06.957+02:00;1747.693762;;100.061;
2026-09-27T12:02:06.959+02:00;1747.695844;10.76;;
2026-09-27T12:02:10.341+02:00;1751.077374;;;12.68
2026-09-27T12:02:10.370+02:00;1751.106755;;100.062;
2026-09-27T12:02:10.373+02:00;1751.109805;10.758;;
2026-09-27T12:02:13.752+02:00;1754.488235;;;12.66
2026-09-27T12:02:13.781+02:00;1754.517408;;100.061;
2026-09-27T12:02:13.783+02:00;1754.519314;10.758;;
2026-09-27T12:02:17.163+02:00;1757.900012;;;12.65
2026-09-27T12:02:17.193+02:00;1757.929265;;100.062;
2026-09-27T12:02:17.194+02:00;1757.931146;10.753;;
2026-09-27T12:02:20.575+02:00;1761.311869;;;12.64
2026-09-27T12:02:20.604+02:00;1761.341022;;100.061;
2026-09-27T12:02:20.606+02:00;1761.342980;10.743;;
2026-09-27T12:02:23.987+02:00;1764.723637;;;12.64
2026-09-27T12:02:24.016+02:00;1764.752770;;100.062;
2026-09-27T12:02:24.018+02:00;1764.754720;10.742;;
2026-09-27T12:02:27.399+02:00;1768.135598;;;12.62
2026-09-27T12:02:27.428+02:00;1768.164616;;100.062;
2026-09-27T12:02:27.430+02:00;1768.166535;10.739;;
2026-09-27T12:02:31.140+02:00;1771.877193;;;12.63
2026-09-27T12:02:31.170+02:00;1771.906394;;100.061;
2026-09-27T12:02:31.172+02:00;1771.908285;10.729;;
2026-09-27T12:02:34.552+02:00;1775.288813;;;12.63
2026-09-27T12:02:34.581+02:00;1775.317944;;100.062;
2026-09-27T12:02:34.583+02:00;1775.319922;10.726;;
2026-09-27T12:02:37.964+02:00;1778.700441;;;12.62
2026-09-27T12:02:37.993+02:00;1778.729588;;100.062;
2026-09-27T12:02:37.995+02:00;1778.731530;10.725;;
2026-09-27T12:02:41.375+02:00;1782.112034;;;12.62
2026-09-27T12:02:41.407+02:00;1782.143217;;100.061;
2026-09-27T12:02:41.407+02:00;1782.143635;10.721;;
2026-09-27T12:02:44.787+02:00;1785.523518;;;12.61
2026-09-27T12:02:44.817+02:00;1785.553947;;100.062;
2026-09-27T12:02:44.819+02:00;1785.555406;10.712;;
2026-09-27T12:02:48.198+02:00;1788.935149;;;12.61
2026-09-27T12:02:48.228+02:00;1788.964475;;100.062;
2026-09-27T12:02:48.230+02:00;1788.966353;10.71;;
2026-09-27T12:02:51.610+02:00;1792.346740;;;12.59
2026-09-27T12:02:51.639+02:00;1792.375932;;100.062;
2026-09-27T12:02:51.641+02:00;1792.377848;10.708;;
2026-09-27T12:02:55.022+02:00;1795.758358;;;12.59
2026-09-27T12:02:55.051+02:00;1795.787496;;100.062;
2026-09-27T12:02:55.053+02:00;1795.789453;10.699;;
2026-09-27T12:02:58.945+02:00;1799.681370;;;12.55
2026-09-27T12:02:58.974+02:00;1799.710493;;100.061;
2026-09-27T12:02:58.976+02:00;1799.712458;10.694;;
2026-09-27T12:03:02.347+02:00;1803.083982;;;12.59
2026-09-27T12:03:02.382+02:00;1803.118861;;100.062;
2026-09-27T12:03:02.383+02:00;1803.119324;10.693;;
2026-09-27T12:03:05.759+02:00;1806.495680;;;12.57
2026-09-27T12:03:05.788+02:00;1806.524897;;100.062;
2026-09-27T12:03:05.790+02:00;1806.526792;10.683;;
2026-09-27T12:03:09.171+02:00;1809.907271;;;12.57
2026-09-27T12:03:09.200+02:00;1809.936490;;100.061;
2026-09-27T12:03:09.202+02:00;1809.938253;10.677;;
2026-09-27T12:03:12.582+02:00;1813.318933;;;12.57
2026-09-27T12:03:12.611+02:00;1813.347980;;100.061;
2026-09-27T12:03:12.613+02:00;1813.349914;10.677;;
2026-09-27T12:03:15.995+02:00;1816.731443;;;12.56
2026-09-27T12:03:16.024+02:00;1816.760639;;100.061;
2026-09-27T12:03:16.026+02:00;1816.762570;10.677;;
2026-09-27T12:03:19.405+02:00;1820.142019;;;12.54
2026-09-27T12:03:19.435+02:00;1820.171352;;100.061;
2026-09-27T12:03:19.437+02:00;1820.173242;10.671;;
2026-09-27T12:03:22.817+02:00;1823.553718;;;12.55
2026-09-27T12:03:22.846+02:00;1823.582889;;100.062;
2026-09-27T12:03:22.848+02:00;1823.584772;10.662;;
2026-09-27T12:03:26.229+02:00;1826.965271;;;12.53
2026-09-27T12:03:26.258+02:00;1826.994498;;100.061;
2026-09-27T12:03:26.260+02:00;1826.996508;10.661;;
2026-09-27T12:03:29.640+02:00;1830.376823;;;12.53
2026-09-27T12:03:29.669+02:00;1830.405932;;100.061;
2026-09-27T12:03:29.671+02:00;1830.407917;10.661;;
2026-09-27T12:03:33.052+02:00;1833.788617;;;12.55
2026-09-27T12:03:33.081+02:00;1833.817628;;100.061;
2026-09-27T12:03:33.083+02:00;1833.819577;10.652;;
2026-09-27T12:03:36.463+02:00;1837.200121;;;12.53
2026-09-27T12:03:36.493+02:00;1837.229279;;100.061;
2026-09-27T12:03:36.495+02:00;1837.231238;10.647;;
2026-09-27T12:03:39.875+02:00;1840.611795;;;12.52
2026-09-27T12:03:39.904+02:00;1840.640906;;100.062;
2026-09-27T12:03:39.906+02:00;1840.642890;10.645;;
2026-09-27T12:03:43.287+02:00;1844.023283;;;12.51
2026-09-27T12:03:43.316+02:00;1844.052425;;100.061;
2026-09-27T12:03:43.318+02:00;1844.054413;10.645;;
2026-09-27T12:03:47.261+02:00;1847.998038;;;12.48
2026-09-27T12:03:47.290+02:00;1848.027082;;100.062;
2026-09-27T12:03:47.292+02:00;1848.029063;10.64;;
2026-09-27T12:03:50.664+02:00;1851.400668;;;12.49
2026-09-27T12:03:50.693+02:00;1851.429866;;100.061;
2026-09-27T12:03:50.695+02:00;1851.431831;10.629;;
2026-09-27T12:03:54.076+02:00;1854.812304;;;12.48
2026-09-27T12:03:54.105+02:00;1854.841667;;100.061;
2026-09-27T12:03:54.107+02:00;1854.843521;10.629;;
2026-09-27T12:03:57.998+02:00;1858.735141;;;12.47
2026-09-27T12:03:58.028+02:00;1858.764277;;100.061;
2026-09-27T12:03:58.029+02:00;1858.766142;10.629;;
2026-09-27T12:04:01.401+02:00;1862.137729;;;12.49
2026-09-27T12:04:01.430+02:00;1862.166864;;100.061;
2026-09-27T12:04:01.432+02:00;1862.168817;10.614;;
2026-09-27T12:04:04.813+02:00;1865.549350;;;12.49
2026-09-27T12:04:04.842+02:00;1865.578512;;100.062;
2026-09-27T12:04:04.844+02:00;1865.580462;10.613;;
2026-09-27T12:04:08.224+02:00;1868.961126;;;12.5
2026-09-27T12:04:08.253+02:00;1868.990147;;100.062;
2026-09-27T12:04:08.255+02:00;1868.992141;10.611;;
2026-09-27T12:04:11.636+02:00;1872.372508;;;12.51
2026-09-27T12:04:11.665+02:00;1872.401862;;100.062;
2026-09-27T12:04:11.667+02:00;1872.403735;10.605;;
2026-09-27T12:04:15.558+02:00;1876.294752;;;12.48
2026-09-27T12:04:15.587+02:00;1876.323876;;100.062;
2026-09-27T12:04:15.589+02:00;1876.325728;10.597;;
2026-09-27T12:04:18.961+02:00;1879.697390;;;12.49
2026-09-27T12:04:18.990+02:00;1879.726542;;100.062;
2026-09-27T12:04:18.992+02:00;1879.728489;10.597;;
2026-09-27T12:04:22.372+02:00;1883.109052;;;12.48
2026-09-27T12:04:22.401+02:00;1883.138060;;100.062;
2026-09-27T12:04:22.403+02:00;1883.140057;10.596;;
2026-09-27T12:04:25.784+02:00;1886.520600;;;12.48
2026-09-27T12:04:25.814+02:00;1886.550995;;100.061;
2026-09-27T12:04:25.816+02:00;1886.552856;10.592;;
2026-09-27T12:04:29.196+02:00;1889.932323;;;12.48
2026-09-27T12:04:29.225+02:00;1889.961470;;100.062;
2026-09-27T12:04:29.227+02:00;1889.963362;10.586;;
2026-09-27T12:04:32.607+02:00;1893.343970;;;12.48
2026-09-27T12:04:32.636+02:00;1893.373101;;100.062;
2026-09-27T12:04:32.638+02:00;1893.375077;10.58;;
2026-09-27T12:04:36.019+02:00;1896.755514;;;12.47
2026-09-27T12:04:36.048+02:00;1896.784673;;100.062;
2026-09-27T12:04:36.050+02:00;1896.786775;10.58;;
2026-09-27T12:04:39.430+02:00;1900.167167;;;12.47
2026-09-27T12:04:39.460+02:00;1900.196462;;100.062;
2026-09-27T12:04:39.462+02:00;1900.198925;10.576;;
2026-09-27T12:04:42.842+02:00;1903.578795;;;12.45
2026-09-27T12:04:42.871+02:00;1903.608106;;100.062;
2026-09-27T12:04:42.873+02:00;1903.610030;10.57;;
2026-09-27T12:04:46.254+02:00;1906.990414;;;12.45
2026-09-27T12:04:46.283+02:00;1907.019596;;100.062;
2026-09-27T12:04:46.285+02:00;1907.021522;10.565;;
2026-09-27T12:04:50.051+02:00;1910.787862;;;12.45
2026-09-27T12:04:50.080+02:00;1910.817043;;100.062;
2026-09-27T12:04:50.082+02:00;1910.818959;10.564;;
2026-09-27T12:04:53.463+02:00;1914.199503;;;12.45
2026-09-27T12:04:53.492+02:00;1914.228693;;100.062;
2026-09-27T12:04:53.494+02:00;1914.230640;10.561;;
2026-09-27T12:04:56.874+02:00;1917.611171;;;12.42
2026-09-27T12:04:56.904+02:00;1917.640348;;100.062;
2026-09-27T12:04:56.906+02:00;1917.642315;10.552;;
2026-09-27T12:05:00.286+02:00;1921.022709;;;12.41
2026-09-27T12:05:00.316+02:00;1921.052841;;100.062;
2026-09-27T12:05:00.317+02:00;1921.053886;10.549;;
2026-09-27T12:05:03.698+02:00;1924.434423;;;12.41
2026-09-27T12:05:03.727+02:00;1924.463717;;100.061;
2026-09-27T12:05:03.729+02:00;1924.465537;10.548;;
2026-09-27T12:05:07.678+02:00;1928.414688;;;12.38
2026-09-27T12:05:07.707+02:00;1928.443746;;100.062;
2026-09-27T12:05:07.709+02:00;1928.445668;10.542;;
2026-09-27T12:05:11.081+02:00;1931.817336;;;12.42
2026-09-27T12:05:11.110+02:00;1931.846422;;100.062;
2026-09-27T12:05:11.112+02:00;1931.848278;10.536;;
2026-09-27T12:05:14.492+02:00;1935.228868;;;12.41
2026-09-27T12:05:14.521+02:00;1935.257995;;100.062;
2026-09-27T12:05:14.523+02:00;1935.259964;10.532;;
2026-09-27T12:05:17.904+02:00;1938.640438;;;12.4
2026-09-27T12:05:17.933+02:00;1938.669594;;100.061;
2026-09-27T12:05:17.935+02:00;1938.671543;10.531;;
2026-09-27T12:05:21.315+02:00;1942.051990;;;12.38
2026-09-27T12:05:21.345+02:00;1942.081263;;100.061;
2026-09-27T12:05:21.347+02:00;1942.083262;10.528;;
2026-09-27T12:05:24.727+02:00;1945.463779;;;12.39
2026-09-27T12:05:24.756+02:00;1945.492916;;100.063;
2026-09-27T12:05:24.758+02:00;1945.494810;10.522;;
2026-09-27T12:05:28.526+02:00;1949.262765;;;12.41
2026-09-27T12:05:28.555+02:00;1949.291951;;100.062;
2026-09-27T12:05:28.557+02:00;1949.293860;10.516;;
2026-09-27T12:05:31.938+02:00;1952.674305;;;12.4
2026-09-27T12:05:31.967+02:00;1952.703436;;100.062;
2026-09-27T12:05:31.969+02:00;1952.705407;10.516;;
2026-09-27T12:05:35.863+02:00;1956.599489;;;12.38
2026-09-27T12:05:35.892+02:00;1956.628681;;100.062;
2026-09-27T12:05:35.894+02:00;1956.630611;10.515;;
2026-09-27T12:05:39.266+02:00;1960.002238;;;12.4
2026-09-27T12:05:39.295+02:00;1960.031619;;100.062;
2026-09-27T12:05:39.298+02:00;1960.035090;10.506;;
2026-09-27T12:05:43.245+02:00;1963.981293;;;12.37
2026-09-27T12:05:43.274+02:00;1964.010491;;100.061;
2026-09-27T12:05:43.276+02:00;1964.012468;10.5;;
2026-09-27T12:05:46.647+02:00;1967.383977;;;12.38
2026-09-27T12:05:46.678+02:00;1967.414354;;100.061;
2026-09-27T12:05:46.679+02:00;1967.415377;10.5;;
2026-09-27T12:05:50.059+02:00;1970.795789;;;12.39
2026-09-27T12:05:50.088+02:00;1970.824898;;100.062;
2026-09-27T12:05:50.090+02:00;1970.826856;10.497;;
2026-09-27T12:05:53.471+02:00;1974.207466;;;12.38
2026-09-27T12:05:53.500+02:00;1974.236649;;100.062;
2026-09-27T12:05:53.502+02:00;1974.238586;10.488;;
2026-09-27T12:05:56.883+02:00;1977.619380;;;12.38
2026-09-27T12:05:56.917+02:00;1977.654067;10.483;100.062;
2026-09-27T12:06:00.295+02:00;1981.031736;;;12.37
2026-09-27T12:06:00.326+02:00;1981.062256;;100.062;
2026-09-27T12:06:00.326+02:00;1981.062985;10.483;;
2026-09-27T12:06:04.093+02:00;1984.829657;;;12.38
2026-09-27T12:06:04.122+02:00;1984.859002;;100.063;
2026-09-27T12:06:04.129+02:00;1984.866188;10.482;;
2026-09-27T12:06:07.504+02:00;1988.241181;;;12.36
2026-09-27T12:06:07.534+02:00;1988.270420;;100.061;
2026-09-27T12:06:07.536+02:00;1988.272380;10.475;;
2026-09-27T12:06:10.916+02:00;1991.652761;;;12.37
2026-09-27T12:06:10.945+02:00;1991.682090;;100.062;
2026-09-27T12:06:10.948+02:00;1991.684202;10.467;;
2026-09-27T12:06:14.328+02:00;1995.064458;;;12.34
2026-09-27T12:06:14.357+02:00;1995.093855;;100.061;
2026-09-27T12:06:14.359+02:00;1995.095906;10.467;;
2026-09-27T12:06:17.739+02:00;1998.476074;;;12.35
2026-09-27T12:06:17.769+02:00;1998.505354;;100.062;
2026-09-27T12:06:17.771+02:00;1998.507538;10.466;;
2026-09-27T12:06:21.151+02:00;2001.887793;;;12.34
2026-09-27T12:06:21.180+02:00;2001.917088;;100.062;
2026-09-27T12:06:21.183+02:00;2001.919271;10.463;;
2026-09-27T12:06:24.563+02:00;2005.299404;;;12.34
2026-09-27T12:06:24.592+02:00;2005.328793;;100.062;
2026-09-27T12:06:24.594+02:00;2005.330548;10.458;;
2026-09-27T12:06:27.974+02:00;2008.711105;;;12.33
2026-09-27T12:06:28.004+02:00;2008.740267;;100.062;
2026-09-27T12:06:28.006+02:00;2008.742218;10.453;;
2026-09-27T12:06:31.386+02:00;2012.122829;;;12.31
2026-09-27T12:06:31.415+02:00;2012.151981;;100.063;
2026-09-27T12:06:31.417+02:00;2012.153924;10.451;;
2026-09-27T12:06:35.186+02:00;2015.922786;;;12.32
2026-09-27T12:06:35.215+02:00;2015.951913;;100.062;
2026-09-27T12:06:35.217+02:00;2015.953897;10.451;;
2026-09-27T12:06:38.598+02:00;2019.334356;;;12.32
2026-09-27T12:06:38.627+02:00;2019.363515;;100.062;
2026-09-27T12:06:38.629+02:00;2019.365597;10.448;;
2026-09-27T12:06:42.009+02:00;2022.746111;;;12.3
2026-09-27T12:06:42.041+02:00;2022.777738;10.444;100.061;
2026-09-27T12:06:45.421+02:00;2026.157769;;;12.31
2026-09-27T12:06:45.450+02:00;2026.187053;;100.062;
2026-09-27T12:06:45.452+02:00;2026.189034;10.438;;
2026-09-27T12:06:49.346+02:00;2030.082241;;;12.27
2026-09-27T12:06:49.375+02:00;2030.111489;;100.062;
2026-09-27T12:06:49.377+02:00;2030.113373;10.435;;
2026-09-27T12:06:52.748+02:00;2033.485080;;;12.3
2026-09-27T12:06:52.777+02:00;2033.514120;;100.062;
2026-09-27T12:06:52.779+02:00;2033.516064;10.434;;
2026-09-27T12:06:56.160+02:00;2036.896705;;;12.31
2026-09-27T12:06:56.189+02:00;2036.925813;;100.061;
2026-09-27T12:06:56.191+02:00;2036.927780;10.43;;
2026-09-27T12:06:59.572+02:00;2040.308389;;;12.3
2026-09-27T12:06:59.601+02:00;2040.337653;;100.061;
2026-09-27T12:06:59.603+02:00;2040.339506;10.422;;
2026-09-27T12:07:02.983+02:00;2043.720081;;;12.3
2026-09-27T12:07:03.014+02:00;2043.751088;;100.062;
2026-09-27T12:07:03.015+02:00;2043.751511;10.419;;
2026-09-27T12:07:06.395+02:00;2047.131707;;;12.28
2026-09-27T12:07:06.425+02:00;2047.161333;;100.062;
2026-09-27T12:07:06.426+02:00;2047.162953;10.418;;
2026-09-27T12:07:10.194+02:00;2050.930706;;;12.3
2026-09-27T12:07:10.223+02:00;2050.959812;;100.062;
2026-09-27T12:07:10.225+02:00;2050.961791;10.418;;
2026-09-27T12:07:14.175+02:00;2054.912146;;;12.25
2026-09-27T12:07:14.205+02:00;2054.941376;;100.062;
2026-09-27T12:07:14.207+02:00;2054.943372;10.409;;
2026-09-27T12:07:17.578+02:00;2058.314835;;;12.28
2026-09-27T12:07:17.607+02:00;2058.343998;;100.062;
2026-09-27T12:07:17.609+02:00;2058.345948;10.404;;
2026-09-27T12:07:20.990+02:00;2061.726618;;;12.27
2026-09-27T12:07:21.019+02:00;2061.755739;;100.063;
2026-09-27T12:07:21.021+02:00;2061.757678;10.403;;
2026-09-27T12:07:24.402+02:00;2065.138316;;;12.27
2026-09-27T12:07:24.431+02:00;2065.167447;;100.062;
2026-09-27T12:07:24.433+02:00;2065.169389;10.402;;
2026-09-27T12:07:27.813+02:00;2068.549876;;;12.28
2026-09-27T12:07:27.842+02:00;2068.579167;;100.062;
2026-09-27T12:07:27.844+02:00;2068.581129;10.398;;
2026-09-27T12:07:31.225+02:00;2071.961538;;;12.27
2026-09-27T12:07:31.254+02:00;2071.990897;;100.061;
2026-09-27T12:07:31.256+02:00;2071.992789;10.39;;
2026-09-27T12:07:34.637+02:00;2075.373257;;;12.27
2026-09-27T12:07:34.666+02:00;2075.402604;;100.061;
2026-09-27T12:07:34.668+02:00;2075.404468;10.387;;
2026-09-27T12:07:38.048+02:00;2078.784877;;;12.26
2026-09-27T12:07:38.077+02:00;2078.814190;;100.062;
2026-09-27T12:07:38.079+02:00;2078.816196;10.386;;
2026-09-27T12:07:41.460+02:00;2082.196683;;;12.27
2026-09-27T12:07:41.489+02:00;2082.225893;;100.061;
2026-09-27T12:07:41.491+02:00;2082.227770;10.386;;
2026-09-27T12:07:44.872+02:00;2085.608248;;;12.25
2026-09-27T12:07:44.901+02:00;2085.637411;;100.061;
2026-09-27T12:07:44.903+02:00;2085.639357;10.381;;
2026-09-27T12:07:48.283+02:00;2089.019984;;;12.25
2026-09-27T12:07:48.312+02:00;2089.049104;;100.061;
2026-09-27T12:07:48.314+02:00;2089.051102;10.373;;
2026-09-27T12:07:51.695+02:00;2092.431735;;;12.26
2026-09-27T12:07:51.724+02:00;2092.460782;;100.061;
2026-09-27T12:07:51.726+02:00;2092.462693;10.37;;
2026-09-27T12:07:55.107+02:00;2095.843313;;;12.25
2026-09-27T12:07:55.136+02:00;2095.872457;;100.061;
2026-09-27T12:07:55.138+02:00;2095.874439;10.37;;
2026-09-27T12:07:58.518+02:00;2099.254970;;;12.23
2026-09-27T12:07:58.548+02:00;2099.284750;;100.062;
2026-09-27T12:07:58.551+02:00;2099.287760;10.37;;
2026-09-27T12:08:01.930+02:00;2102.666733;;;12.23
2026-09-27T12:08:01.959+02:00;2102.696042;;100.062;
2026-09-27T12:08:01.961+02:00;2102.698050;10.369;;
2026-09-27T12:08:05.342+02:00;2106.078367;;;12.22
2026-09-27T12:08:05.371+02:00;2106.107631;;100.062;
2026-09-27T12:08:05.373+02:00;2106.109471;10.361;;
2026-09-27T12:08:08.753+02:00;2109.490094;;;12.23
2026-09-27T12:08:08.783+02:00;2109.519293;;100.062;
2026-09-27T12:08:08.785+02:00;2109.521225;10.355;;
2026-09-27T12:08:12.493+02:00;2113.229221;;;12.24
2026-09-27T12:08:12.522+02:00;2113.258365;;100.062;
2026-09-27T12:08:12.524+02:00;2113.260818;10.354;;
2026-09-27T12:08:16.295+02:00;2117.032037;;;12.23
2026-09-27T12:08:16.325+02:00;2117.061206;;100.063;
2026-09-27T12:08:16.326+02:00;2117.063196;10.353;;
2026-09-27T12:08:19.707+02:00;2120.443689;;;12.21
2026-09-27T12:08:19.739+02:00;2120.475398;10.345;100.061;
2026-09-27T12:08:23.119+02:00;2123.855361;;;12.21
2026-09-27T12:08:23.148+02:00;2123.884843;;100.062;
2026-09-27T12:08:23.151+02:00;2123.887537;10.341;;
2026-09-27T12:08:26.530+02:00;2127.267079;;;12.2
2026-09-27T12:08:26.560+02:00;2127.296495;;100.062;
2026-09-27T12:08:26.562+02:00;2127.298408;10.338;;
2026-09-27T12:08:29.942+02:00;2130.678787;;;12.19
2026-09-27T12:08:29.971+02:00;2130.707916;;100.062;
2026-09-27T12:08:29.973+02:00;2130.709867;10.338;;
2026-09-27T12:08:33.354+02:00;2134.090499;;;12.19
2026-09-27T12:08:33.383+02:00;2134.119673;;100.062;
2026-09-27T12:08:33.385+02:00;2134.121643;10.337;;
2026-09-27T12:08:36.765+02:00;2137.502036;;;12.18
2026-09-27T12:08:36.795+02:00;2137.531253;;100.062;
2026-09-27T12:08:36.799+02:00;2137.535915;10.331;;
2026-09-27T12:08:40.177+02:00;2140.914025;;;12.17
2026-09-27T12:08:40.206+02:00;2140.943093;;100.062;
2026-09-27T12:08:40.208+02:00;2140.944957;10.324;;
2026-09-27T12:08:43.589+02:00;2144.325624;;;12.17
2026-09-27T12:08:43.618+02:00;2144.354753;;100.063;
2026-09-27T12:08:43.620+02:00;2144.356830;10.322;;
2026-09-27T12:08:47.567+02:00;2148.304144;;;12.16
2026-09-27T12:08:47.597+02:00;2148.333449;;100.062;
2026-09-27T12:08:47.599+02:00;2148.335344;10.321;;
2026-09-27T12:08:50.970+02:00;2151.706968;;;12.18
2026-09-27T12:08:51.000+02:00;2151.736872;;100.062;
2026-09-27T12:08:51.001+02:00;2151.738077;10.32;;
2026-09-27T12:08:54.382+02:00;2155.118711;;;12.18
2026-09-27T12:08:54.411+02:00;2155.147901;;100.062;
2026-09-27T12:08:54.413+02:00;2155.149774;10.319;;
2026-09-27T12:08:57.794+02:00;2158.530429;;;12.16
2026-09-27T12:08:57.823+02:00;2158.559608;;100.062;
2026-09-27T12:08:57.825+02:00;2158.561541;10.308;;
2026-09-27T12:09:01.205+02:00;2161.942128;;;12.16
2026-09-27T12:09:01.235+02:00;2161.971295;;100.061;
2026-09-27T12:09:01.236+02:00;2161.973142;10.307;;
2026-09-27T12:09:04.617+02:00;2165.353909;;;12.17
2026-09-27T12:09:04.646+02:00;2165.382924;;100.062;
2026-09-27T12:09:04.648+02:00;2165.384902;10.306;;
2026-09-27T12:09:08.029+02:00;2168.765500;;;12.16
2026-09-27T12:09:08.058+02:00;2168.794792;;100.062;
2026-09-27T12:09:08.062+02:00;2168.798641;10.306;;
2026-09-27T12:09:11.440+02:00;2172.177191;;;12.15
2026-09-27T12:09:11.470+02:00;2172.206504;;100.061;
2026-09-27T12:09:11.472+02:00;2172.208400;10.305;;
2026-09-27T12:09:14.853+02:00;2175.589958;;;12.13
2026-09-27T12:09:14.881+02:00;2175.618132;;100.061;
2026-09-27T12:09:14.883+02:00;2175.620009;10.302;;
2026-09-27T12:09:18.264+02:00;2179.000661;;;12.14
2026-09-27T12:09:18.293+02:00;2179.029796;;100.062;
2026-09-27T12:09:18.295+02:00;2179.031766;10.291;;
2026-09-27T12:09:21.676+02:00;2182.412249;;;12.13
2026-09-27T12:09:21.705+02:00;2182.441488;;100.062;
2026-09-27T12:09:21.707+02:00;2182.443361;10.289;;
2026-09-27T12:09:25.087+02:00;2185.823992;;;12.12
2026-09-27T12:09:25.116+02:00;2185.853143;;100.061;
2026-09-27T12:09:25.118+02:00;2185.855102;10.289;;
2026-09-27T12:09:28.499+02:00;2189.235632;;;12.12
2026-09-27T12:09:28.528+02:00;2189.265017;;100.062;
2026-09-27T12:09:28.536+02:00;2189.272451;10.288;;
2026-09-27T12:09:32.418+02:00;2193.154948;;;12.11
2026-09-27T12:09:32.447+02:00;2193.184125;;100.062;
2026-09-27T12:09:32.451+02:00;2193.187630;10.28;;
2026-09-27T12:09:35.821+02:00;2196.557790;;;12.12
2026-09-27T12:09:35.850+02:00;2196.586995;;100.061;
2026-09-27T12:09:35.852+02:00;2196.588888;10.274;;
2026-09-27T12:09:39.233+02:00;2199.969484;;;12.13
2026-09-27T12:09:39.262+02:00;2199.998647;;100.062;
2026-09-27T12:09:39.264+02:00;2200.000491;10.273;;
2026-09-27T12:09:42.644+02:00;2203.381113;;;12.13
2026-09-27T12:09:42.674+02:00;2203.410286;;100.062;
2026-09-27T12:09:42.676+02:00;2203.412267;10.273;;
2026-09-27T12:09:46.623+02:00;2207.359650;;;12.11
2026-09-27T12:09:46.652+02:00;2207.388872;;100.061;
2026-09-27T12:09:46.654+02:00;2207.390740;10.268;;
2026-09-27T12:09:50.026+02:00;2210.762363;;;12.14
2026-09-27T12:09:50.055+02:00;2210.791505;;100.062;
2026-09-27T12:09:50.057+02:00;2210.793490;10.263;;
2026-09-27T12:09:53.437+02:00;2214.174131;;;12.13
2026-09-27T12:09:53.467+02:00;2214.203277;;100.061;
2026-09-27T12:09:53.468+02:00;2214.205112;10.259;;
2026-09-27T12:09:56.849+02:00;2217.585844;;;12.13
2026-09-27T12:09:56.880+02:00;2217.616953;10.257;100.062;
2026-09-27T12:10:00.261+02:00;2220.997513;;;12.12
2026-09-27T12:10:00.290+02:00;2221.026691;;100.061;
2026-09-27T12:10:00.292+02:00;2221.028739;10.257;;
2026-09-27T12:10:03.673+02:00;2224.409387;;;12.12
2026-09-27T12:10:03.702+02:00;2224.438516;;100.062;
2026-09-27T12:10:03.704+02:00;2224.440753;10.252;;
2026-09-27T12:10:07.084+02:00;2227.821004;;;12.11
2026-09-27T12:10:07.113+02:00;2227.850151;;100.062;
2026-09-27T12:10:07.115+02:00;2227.852110;10.243;;
2026-09-27T12:10:10.496+02:00;2231.232684;;;12.11
2026-09-27T12:10:10.525+02:00;2231.261801;;100.062;
2026-09-27T12:10:10.527+02:00;2231.263753;10.242;;
2026-09-27T12:10:13.908+02:00;2234.644395;;;12.1
2026-09-27T12:10:13.937+02:00;2234.673688;;100.062;
2026-09-27T12:10:13.939+02:00;2234.675516;10.241;;
2026-09-27T12:10:17.319+02:00;2238.056157;;;12.08
2026-09-27T12:10:17.349+02:00;2238.085295;;100.061;
2026-09-27T12:10:17.351+02:00;2238.087275;10.239;;
2026-09-27T12:10:20.731+02:00;2241.467875;;;12.09
2026-09-27T12:10:20.761+02:00;2241.497468;;100.061;
2026-09-27T12:10:20.762+02:00;2241.499030;10.235;;
2026-09-27T12:10:24.143+02:00;2244.879523;;;12.08
2026-09-27T12:10:24.172+02:00;2244.908691;;100.062;
2026-09-27T12:10:24.174+02:00;2244.910780;10.228;;
2026-09-27T12:10:27.555+02:00;2248.291274;;;12.09
2026-09-27T12:10:27.584+02:00;2248.320610;;100.062;
2026-09-27T12:10:27.586+02:00;2248.322745;10.225;;
2026-09-27T12:10:30.966+02:00;2251.703043;;;12.09
2026-09-27T12:10:30.996+02:00;2251.732209;;100.062;
2026-09-27T12:10:30.997+02:00;2251.734183;10.225;;
2026-09-27T12:10:34.762+02:00;2255.498932;;;12.08
2026-09-27T12:10:34.791+02:00;2255.528092;;100.062;
2026-09-27T12:10:34.793+02:00;2255.530040;10.225;;
2026-09-27T12:10:38.174+02:00;2258.910653;;;12.07
2026-09-27T12:10:38.203+02:00;2258.939928;;100.062;
2026-09-27T12:10:38.205+02:00;2258.941841;10.222;;
2026-09-27T12:10:41.586+02:00;2262.322474;;;12.09
2026-09-27T12:10:41.615+02:00;2262.351657;;100.062;
2026-09-27T12:10:41.617+02:00;2262.353451;10.214;;
2026-09-27T12:10:44.997+02:00;2265.734133;;;12.06
2026-09-27T12:10:45.027+02:00;2265.763339;;100.061;
2026-09-27T12:10:45.029+02:00;2265.765230;10.209;;
2026-09-27T12:10:48.409+02:00;2269.145946;;;12.07
2026-09-27T12:10:48.438+02:00;2269.174999;;100.062;
2026-09-27T12:10:48.440+02:00;2269.176968;10.209;;
2026-09-27T12:10:51.821+02:00;2272.557621;;;12.08
2026-09-27T12:10:51.850+02:00;2272.586908;;100.062;
2026-09-27T12:10:51.852+02:00;2272.588988;10.209;;
2026-09-27T12:10:55.233+02:00;2275.969366;;;12.07
2026-09-27T12:10:55.262+02:00;2275.998403;;100.062;
2026-09-27T12:10:55.264+02:00;2276.000366;10.209;;
2026-09-27T12:10:58.644+02:00;2279.381130;;;12.06
2026-09-27T12:10:58.674+02:00;2279.410310;;100.062;
2026-09-27T12:10:58.675+02:00;2279.412110;10.205;;
2026-09-27T12:11:02.056+02:00;2282.792851;;;12.05
2026-09-27T12:11:02.085+02:00;2282.822036;;100.062;
2026-09-27T12:11:02.087+02:00;2282.823909;10.201;;
2026-09-27T12:11:05.468+02:00;2286.204529;;;12.07
2026-09-27T12:11:05.497+02:00;2286.233708;;100.062;
2026-09-27T12:11:05.499+02:00;2286.235669;10.194;;
2026-09-27T12:11:08.880+02:00;2289.616267;;;12.06
2026-09-27T12:11:08.910+02:00;2289.646506;;100.061;
2026-09-27T12:11:08.911+02:00;2289.647597;10.193;;
2026-09-27T12:11:12.291+02:00;2293.028092;;;12.05
2026-09-27T12:11:12.321+02:00;2293.057208;;100.061;
2026-09-27T12:11:12.323+02:00;2293.059202;10.193;;
2026-09-27T12:11:15.703+02:00;2296.439749;;;12.05
2026-09-27T12:11:15.732+02:00;2296.468851;;100.062;
2026-09-27T12:11:15.734+02:00;2296.470943;10.193;;
2026-09-27T12:11:19.116+02:00;2299.852456;;;12.04
2026-09-27T12:11:19.145+02:00;2299.881716;;100.061;
2026-09-27T12:11:19.147+02:00;2299.883617;10.186;;
2026-09-27T12:11:22.527+02:00;2303.263240;;;12.05
2026-09-27T12:11:22.556+02:00;2303.292377;;100.062;
2026-09-27T12:11:22.558+02:00;2303.294374;10.18;;
2026-09-27T12:11:25.938+02:00;2306.674925;;;12.06
2026-09-27T12:11:25.967+02:00;2306.704129;;100.062;
2026-09-27T12:11:25.969+02:00;2306.706032;10.178;;
2026-09-27T12:11:29.350+02:00;2310.086663;;;12.05
2026-09-27T12:11:29.379+02:00;2310.115790;;100.062;
2026-09-27T12:11:29.381+02:00;2310.117752;10.177;;
2026-09-27T12:11:32.762+02:00;2313.498386;;;12.09
2026-09-27T12:11:32.794+02:00;2313.530885;10.176;100.062;
2026-09-27T12:11:36.173+02:00;2316.910191;;;12.06
2026-09-27T12:11:36.203+02:00;2316.939328;;100.062;
2026-09-27T12:11:36.205+02:00;2316.941289;10.176;;
2026-09-27T12:11:39.585+02:00;2320.321968;;;12.05
2026-09-27T12:11:39.617+02:00;2320.353930;10.173;100.062;
2026-09-27T12:11:42.997+02:00;2323.733637;;;12.07
2026-09-27T12:11:43.026+02:00;2323.762769;;100.063;
2026-09-27T12:11:43.028+02:00;2323.764702;10.165;;
2026-09-27T12:11:46.409+02:00;2327.145362;;;12.05
2026-09-27T12:11:46.438+02:00;2327.174509;;100.062;
2026-09-27T12:11:46.440+02:00;2327.176465;10.162;;
2026-09-27T12:11:49.820+02:00;2330.557135;;;12.05
2026-09-27T12:11:49.850+02:00;2330.586287;;100.062;
2026-09-27T12:11:49.852+02:00;2330.588242;10.161;;
2026-09-27T12:11:53.233+02:00;2333.969832;;;12.05
2026-09-27T12:11:53.262+02:00;2333.999047;;100.062;
2026-09-27T12:11:53.264+02:00;2334.000909;10.16;;
2026-09-27T12:11:56.644+02:00;2337.380543;;;12.05
2026-09-27T12:11:56.673+02:00;2337.409712;;100.062;
2026-09-27T12:11:56.675+02:00;2337.411662;10.16;;
2026-09-27T12:12:00.056+02:00;2340.792277;;;12.05
2026-09-27T12:12:00.085+02:00;2340.821482;;100.062;
2026-09-27T12:12:00.087+02:00;2340.823400;10.16;;
2026-09-27T12:12:03.793+02:00;2344.529943;;;12.05
2026-09-27T12:12:03.822+02:00;2344.559172;;100.062;
2026-09-27T12:12:03.824+02:00;2344.561198;10.16;;
2026-09-27T12:12:07.205+02:00;2347.941648;;;12.05
2026-09-27T12:12:07.234+02:00;2347.970751;;100.062;
2026-09-27T12:12:07.236+02:00;2347.972716;10.158;;
2026-09-27T12:12:10.617+02:00;2351.353303;;;12.03
2026-09-27T12:12:10.646+02:00;2351.382663;;100.062;
2026-09-27T12:12:10.650+02:00;2351.387030;10.153;;
2026-09-27T12:12:14.598+02:00;2355.334406;;;12.02
2026-09-27T12:12:14.627+02:00;2355.363325;;100.061;
2026-09-27T12:12:14.629+02:00;2355.365277;10.147;;
2026-09-27T12:12:18.000+02:00;2358.737056;;;12.03
2026-09-27T12:12:18.029+02:00;2358.766188;;100.061;
2026-09-27T12:12:18.032+02:00;2358.768298;10.145;;
2026-09-27T12:12:21.412+02:00;2362.148749;;;12.03
2026-09-27T12:12:21.441+02:00;2362.178073;;100.061;
2026-09-27T12:12:21.443+02:00;2362.179967;10.144;;
2026-09-27T12:12:24.824+02:00;2365.560655;;;12.04
2026-09-27T12:12:24.853+02:00;2365.589775;;100.061;
2026-09-27T12:12:24.855+02:00;2365.591747;10.144;;
2026-09-27T12:12:28.236+02:00;2368.972231;;;12.03
2026-09-27T12:12:28.265+02:00;2369.001843;;100.061;
2026-09-27T12:12:28.267+02:00;2369.003705;10.144;;
2026-09-27T12:12:31.647+02:00;2372.384156;;;12.03
2026-09-27T12:12:31.676+02:00;2372.413171;;100.061;
2026-09-27T12:12:31.678+02:00;2372.415151;10.144;;
2026-09-27T12:12:35.059+02:00;2375.795829;;;12.02
2026-09-27T12:12:35.089+02:00;2375.825706;;100.061;
2026-09-27T12:12:35.090+02:00;2375.827031;10.144;;
2026-09-27T12:12:38.471+02:00;2379.207611;;;12.04
2026-09-27T12:12:38.500+02:00;2379.236640;;100.062;
2026-09-27T12:12:38.502+02:00;2379.238596;10.143;;
2026-09-27T12:12:41.883+02:00;2382.619237;;;12.03
2026-09-27T12:12:41.912+02:00;2382.648428;;100.061;
2026-09-27T12:12:41.914+02:00;2382.650465;10.14;;
2026-09-27T12:12:45.294+02:00;2386.031176;;;12.04
2026-09-27T12:12:45.324+02:00;2386.060273;;100.061;
2026-09-27T12:12:45.325+02:00;2386.062147;10.134;;
2026-09-27T12:12:49.271+02:00;2390.007293;;;12.0
2026-09-27T12:12:49.300+02:00;2390.036431;;100.061;
2026-09-27T12:12:49.302+02:00;2390.038339;10.13;;
2026-09-27T12:12:52.673+02:00;2393.409954;;;12.02
2026-09-27T12:12:52.702+02:00;2393.439137;;100.061;
2026-09-27T12:12:52.704+02:00;2393.441078;10.128;;
2026-09-27T12:12:56.085+02:00;2396.821702;;;12.03
2026-09-27T12:12:56.115+02:00;2396.851389;;100.062;
2026-09-27T12:12:56.116+02:00;2396.853110;10.128;;
2026-09-27T12:12:59.497+02:00;2400.233502;;;12.02
2026-09-27T12:12:59.526+02:00;2400.262664;;100.062;
2026-09-27T12:12:59.528+02:00;2400.264655;10.128;;
2026-09-27T12:13:02.909+02:00;2403.645253;;;12.02
2026-09-27T12:13:02.938+02:00;2403.674851;;100.062;
2026-09-27T12:13:02.942+02:00;2403.678209;10.128;;
2026-09-27T12:13:06.320+02:00;2407.057066;;;12.01
2026-09-27T12:13:06.350+02:00;2407.086221;;100.062;
2026-09-27T12:13:06.351+02:00;2407.088192;10.127;;
2026-09-27T12:13:09.732+02:00;2410.468817;;;12.02
2026-09-27T12:13:09.761+02:00;2410.497930;;100.062;
2026-09-27T12:13:09.763+02:00;2410.499839;10.124;;
2026-09-27T12:13:13.144+02:00;2413.880445;;;12.01
2026-09-27T12:13:13.173+02:00;2413.909778;;100.062;
2026-09-27T12:13:13.175+02:00;2413.911779;10.114;;
2026-09-27T12:13:16.556+02:00;2417.292268;;;12.02
2026-09-27T12:13:16.585+02:00;2417.321601;;100.061;
2026-09-27T12:13:16.587+02:00;2417.323253;10.112;;
2026-09-27T12:13:19.967+02:00;2420.703948;;;12.02
2026-09-27T12:13:19.996+02:00;2420.733078;;100.062;
2026-09-27T12:13:19.998+02:00;2420.735057;10.112;;
2026-09-27T12:13:23.379+02:00;2424.115764;;;12.01
2026-09-27T12:13:23.408+02:00;2424.144857;;100.062;
2026-09-27T12:13:23.410+02:00;2424.146844;10.111;;
2026-09-27T12:13:26.791+02:00;2427.527313;;;12.02
2026-09-27T12:13:26.820+02:00;2427.557020;;100.062;
2026-09-27T12:13:26.823+02:00;2427.559581;10.11;;
2026-09-27T12:13:30.202+02:00;2430.939169;;;12.0
2026-09-27T12:13:30.232+02:00;2430.968307;;100.061;
2026-09-27T12:13:30.234+02:00;2430.970281;10.103;;
2026-09-27T12:13:33.614+02:00;2434.350760;;;12.0
2026-09-27T12:13:33.643+02:00;2434.380067;;100.061;
2026-09-27T12:13:33.645+02:00;2434.381966;10.098;;
2026-09-27T12:13:37.026+02:00;2437.762649;;;12.01
2026-09-27T12:13:37.055+02:00;2437.791759;;100.062;
2026-09-27T12:13:37.057+02:00;2437.793706;10.096;;
2026-09-27T12:13:40.439+02:00;2441.175238;;;11.99
2026-09-27T12:13:40.469+02:00;2441.206114;;100.062;
2026-09-27T12:13:40.470+02:00;2441.206539;10.096;;
2026-09-27T12:13:43.849+02:00;2444.586046;;;12.0
2026-09-27T12:13:43.878+02:00;2444.615180;;100.062;
2026-09-27T12:13:43.880+02:00;2444.617151;10.095;;
2026-09-27T12:13:47.261+02:00;2447.997837;;;12.0
2026-09-27T12:13:47.290+02:00;2448.026867;;100.061;
2026-09-27T12:13:47.292+02:00;2448.029085;10.095;;
2026-09-27T12:13:50.673+02:00;2451.409420;;;11.98
2026-09-27T12:13:50.702+02:00;2451.438767;;100.061;
2026-09-27T12:13:50.704+02:00;2451.440657;10.095;;
2026-09-27T12:13:54.085+02:00;2454.821271;;;11.99
2026-09-27T12:13:54.114+02:00;2454.850280;;100.061;
2026-09-27T12:13:54.116+02:00;2454.852252;10.091;;
2026-09-27T12:13:57.496+02:00;2458.233077;;;11.98
2026-09-27T12:13:57.525+02:00;2458.262081;;100.062;
2026-09-27T12:13:57.527+02:00;2458.264195;10.084;;
2026-09-27T12:14:00.908+02:00;2461.644695;;;11.98
2026-09-27T12:14:00.937+02:00;2461.673983;;100.062;
2026-09-27T12:14:00.939+02:00;2461.675870;10.082;;
2026-09-27T12:14:04.320+02:00;2465.056400;;;11.98
2026-09-27T12:14:04.349+02:00;2465.085526;;100.062;
2026-09-27T12:14:04.351+02:00;2465.087484;10.08;;
2026-09-27T12:14:07.731+02:00;2468.468178;;;11.98
2026-09-27T12:14:07.761+02:00;2468.497293;;100.062;
2026-09-27T12:14:07.763+02:00;2468.499297;10.079;;
2026-09-27T12:14:11.143+02:00;2471.879860;;;11.97
2026-09-27T12:14:11.172+02:00;2471.909107;;100.061;
2026-09-27T12:14:11.175+02:00;2471.912098;10.079;;
2026-09-27T12:14:14.555+02:00;2475.291659;;;11.97
2026-09-27T12:14:14.584+02:00;2475.320748;;100.062;
2026-09-27T12:14:14.586+02:00;2475.322719;10.079;;
2026-09-27T12:14:17.967+02:00;2478.703279;;;11.98
2026-09-27T12:14:17.996+02:00;2478.732412;;100.061;
2026-09-27T12:14:17.998+02:00;2478.734407;10.079;;
2026-09-27T12:14:21.378+02:00;2482.114891;;;11.97
2026-09-27T12:14:21.408+02:00;2482.144207;;100.061;
2026-09-27T12:14:21.409+02:00;2482.146089;10.074;;
2026-09-27T12:14:24.790+02:00;2485.526750;;;11.96
2026-09-27T12:14:24.819+02:00;2485.555885;;100.062;
2026-09-27T12:14:24.821+02:00;2485.557845;10.069;;
2026-09-27T12:14:28.202+02:00;2488.938531;;;11.96
2026-09-27T12:14:28.231+02:00;2488.967790;;100.062;
2026-09-27T12:14:28.238+02:00;2488.974439;10.064;;
2026-09-27T12:14:32.171+02:00;2492.907843;;;11.95
2026-09-27T12:14:32.200+02:00;2492.936958;;100.062;
2026-09-27T12:14:32.202+02:00;2492.938919;10.063;;
2026-09-27T12:14:35.574+02:00;2496.310711;;;11.96
2026-09-27T12:14:35.609+02:00;2496.346050;;100.061;
2026-09-27T12:14:35.610+02:00;2496.346340;10.063;;
2026-09-27T12:14:38.986+02:00;2499.722442;;;11.96
2026-09-27T12:14:39.015+02:00;2499.751662;;100.061;
2026-09-27T12:14:39.017+02:00;2499.753675;10.063;;
2026-09-27T12:14:42.398+02:00;2503.134287;;;11.95
2026-09-27T12:14:42.427+02:00;2503.163334;;100.061;
2026-09-27T12:14:42.429+02:00;2503.165296;10.063;;
2026-09-27T12:14:45.809+02:00;2506.545956;;;11.94
2026-09-27T12:14:45.839+02:00;2506.575258;;100.062;
2026-09-27T12:14:45.841+02:00;2506.577322;10.063;;
2026-09-27T12:14:49.221+02:00;2509.957884;;;11.93
2026-09-27T12:14:49.250+02:00;2509.986915;;100.061;
2026-09-27T12:14:49.252+02:00;2509.988872;10.063;;
2026-09-27T12:14:52.633+02:00;2513.369551;;;11.93
2026-09-27T12:14:52.662+02:00;2513.398608;;100.061;
2026-09-27T12:14:52.664+02:00;2513.400520;10.059;;
2026-09-27T12:14:56.045+02:00;2516.781200;;;11.95
2026-09-27T12:14:56.074+02:00;2516.810469;;100.061;
2026-09-27T12:14:56.076+02:00;2516.812376;10.058;;
2026-09-27T12:14:59.456+02:00;2520.193008;;;11.92
2026-09-27T12:14:59.485+02:00;2520.222067;;100.061;
2026-09-27T12:14:59.487+02:00;2520.224010;10.049;;
2026-09-27T12:15:02.868+02:00;2523.604674;;;11.92
2026-09-27T12:15:02.901+02:00;2523.637734;10.047;100.062;
2026-09-27T12:15:06.281+02:00;2527.017500;;;11.93
2026-09-27T12:15:06.310+02:00;2527.046620;;100.062;
2026-09-27T12:15:06.312+02:00;2527.048481;10.047;;
2026-09-27T12:15:09.691+02:00;2530.428127;;;11.93
2026-09-27T12:15:09.721+02:00;2530.457295;;100.062;
2026-09-27T12:15:09.723+02:00;2530.459249;10.047;;
2026-09-27T12:15:13.103+02:00;2533.839819;;;11.91
2026-09-27T12:15:13.132+02:00;2533.869096;;100.062;
2026-09-27T12:15:13.134+02:00;2533.871042;10.047;;
2026-09-27T12:15:16.515+02:00;2537.251587;;;11.92
2026-09-27T12:15:16.544+02:00;2537.280865;;100.061;
2026-09-27T12:15:16.548+02:00;2537.285181;10.047;;
2026-09-27T12:15:19.927+02:00;2540.663374;;;11.91
2026-09-27T12:15:19.956+02:00;2540.693197;;100.061;
2026-09-27T12:15:19.958+02:00;2540.694472;10.046;;
2026-09-27T12:15:23.338+02:00;2544.075093;;;11.91
2026-09-27T12:15:23.368+02:00;2544.104265;;100.061;
2026-09-27T12:15:23.369+02:00;2544.106197;10.043;;
2026-09-27T12:15:26.750+02:00;2547.486832;;;11.91
2026-09-27T12:15:26.779+02:00;2547.516041;;100.062;
2026-09-27T12:15:26.781+02:00;2547.517996;10.039;;
2026-09-27T12:15:30.162+02:00;2550.898550;;;11.91
2026-09-27T12:15:30.191+02:00;2550.927809;;100.062;
2026-09-27T12:15:30.193+02:00;2550.929672;10.038;;
2026-09-27T12:15:33.574+02:00;2554.310330;;;11.91
2026-09-27T12:15:33.603+02:00;2554.339529;;100.062;
2026-09-27T12:15:33.605+02:00;2554.341420;10.044;;
2026-09-27T12:15:36.985+02:00;2557.721994;;;11.91
2026-09-27T12:15:37.014+02:00;2557.751140;;100.062;
2026-09-27T12:15:37.016+02:00;2557.753125;10.046;;
2026-09-27T12:15:40.779+02:00;2561.516114;;;11.91
2026-09-27T12:15:40.809+02:00;2561.545275;;100.061;
2026-09-27T12:15:40.811+02:00;2561.547344;10.047;;
2026-09-27T12:15:44.191+02:00;2564.927832;;;11.89
2026-09-27T12:15:44.220+02:00;2564.956998;;100.062;
2026-09-27T12:15:44.222+02:00;2564.958969;10.056;;
2026-09-27T12:15:47.603+02:00;2568.339684;;;11.9
2026-09-27T12:15:47.632+02:00;2568.368708;;100.062;
2026-09-27T12:15:47.634+02:00;2568.370652;10.063;;
2026-09-27T12:15:51.015+02:00;2571.751242;;;11.89
2026-09-27T12:15:51.044+02:00;2571.780579;;100.062;
2026-09-27T12:15:51.046+02:00;2571.782621;10.067;;
2026-09-27T12:15:54.426+02:00;2575.163054;;;11.9
2026-09-27T12:15:54.456+02:00;2575.192245;;100.062;
2026-09-27T12:15:54.458+02:00;2575.194209;10.078;;
2026-09-27T12:15:58.228+02:00;2578.964512;;;11.91
2026-09-27T12:15:58.257+02:00;2578.993701;;100.062;
2026-09-27T12:15:58.259+02:00;2578.995677;10.09;;
2026-09-27T12:16:01.640+02:00;2582.376371;;;11.9
2026-09-27T12:16:01.669+02:00;2582.405616;;100.062;
2026-09-27T12:16:01.671+02:00;2582.407437;10.096;;
2026-09-27T12:16:05.051+02:00;2585.788014;;;11.9
2026-09-27T12:16:05.080+02:00;2585.817138;;100.062;
2026-09-27T12:16:05.082+02:00;2585.819132;10.111;;
2026-09-27T12:16:08.463+02:00;2589.199818;;;11.91
2026-09-27T12:16:08.493+02:00;2589.229288;;100.062;
2026-09-27T12:16:08.495+02:00;2589.231912;10.115;;
2026-09-27T12:16:11.875+02:00;2592.611621;;;11.9
2026-09-27T12:16:11.904+02:00;2592.640659;;100.061;
2026-09-27T12:16:11.906+02:00;2592.642845;10.128;;
2026-09-27T12:16:15.287+02:00;2596.023263;;;11.91
2026-09-27T12:16:15.316+02:00;2596.052414;;100.062;
2026-09-27T12:16:15.318+02:00;2596.054376;10.132;;
2026-09-27T12:16:18.698+02:00;2599.435028;;;11.91
2026-09-27T12:16:18.728+02:00;2599.464543;;100.062;
2026-09-27T12:16:18.730+02:00;2599.466250;10.144;;
2026-09-27T12:16:22.110+02:00;2602.846763;;;11.91
2026-09-27T12:16:22.139+02:00;2602.875908;;100.062;
2026-09-27T12:16:22.141+02:00;2602.877980;10.148;;
2026-09-27T12:16:25.523+02:00;2606.259522;;;11.9
2026-09-27T12:16:25.552+02:00;2606.288840;;100.062;
2026-09-27T12:16:25.554+02:00;2606.290825;10.16;;
2026-09-27T12:16:28.934+02:00;2609.670338;;;11.91
2026-09-27T12:16:28.963+02:00;2609.699501;;100.062;
2026-09-27T12:16:28.965+02:00;2609.701459;10.161;;
2026-09-27T12:16:32.345+02:00;2613.082032;;;11.91
2026-09-27T12:16:32.374+02:00;2613.111181;;100.062;
2026-09-27T12:16:32.376+02:00;2613.113164;10.174;;
2026-09-27T12:16:35.757+02:00;2616.493819;;;11.91
2026-09-27T12:16:35.786+02:00;2616.523075;;100.061;
2026-09-27T12:16:35.788+02:00;2616.524969;10.176;;
2026-09-27T12:16:39.500+02:00;2620.236868;;;11.91
2026-09-27T12:16:39.529+02:00;2620.265918;;100.062;
2026-09-27T12:16:39.531+02:00;2620.267872;10.18;;
2026-09-27T12:16:42.912+02:00;2623.648496;;;11.91
2026-09-27T12:16:42.941+02:00;2623.677815;;100.062;
2026-09-27T12:16:42.943+02:00;2623.679716;10.187;;
2026-09-27T12:16:46.324+02:00;2627.060362;;;11.91
2026-09-27T12:16:46.353+02:00;2627.089512;;100.062;
2026-09-27T12:16:46.355+02:00;2627.091326;10.192;;
2026-09-27T12:16:49.735+02:00;2630.472037;;;11.89
2026-09-27T12:16:49.765+02:00;2630.501205;;100.062;
2026-09-27T12:16:49.766+02:00;2630.503143;10.193;;
2026-09-27T12:16:53.147+02:00;2633.883768;;;11.91
2026-09-27T12:16:53.176+02:00;2633.912959;;100.061;
2026-09-27T12:16:53.178+02:00;2633.914831;10.193;;
2026-09-27T12:16:56.559+02:00;2637.295513;;;11.9
2026-09-27T12:16:56.588+02:00;2637.324683;;100.062;
2026-09-27T12:16:56.590+02:00;2637.326638;10.196;;
2026-09-27T12:16:59.971+02:00;2640.707334;;;11.91
2026-09-27T12:17:00.002+02:00;2640.738774;10.204;100.062;
2026-09-27T12:17:03.382+02:00;2644.118980;;;11.91
2026-09-27T12:17:03.411+02:00;2644.148137;;100.062;
2026-09-27T12:17:03.413+02:00;2644.150110;10.206;;
2026-09-27T12:17:06.797+02:00;2647.533500;;;11.91
2026-09-27T12:17:06.828+02:00;2647.564723;10.208;100.061;
2026-09-27T12:17:10.206+02:00;2650.942644;;;11.91
2026-09-27T12:17:10.235+02:00;2650.971723;;100.062;
2026-09-27T12:17:10.237+02:00;2650.973701;10.209;;
2026-09-27T12:17:13.618+02:00;2654.354260;;;11.91
2026-09-27T12:17:13.647+02:00;2654.383434;;100.062;
2026-09-27T12:17:13.649+02:00;2654.385390;10.209;;
2026-09-27T12:17:17.417+02:00;2658.153690;;;11.91
2026-09-27T12:17:17.446+02:00;2658.182971;;100.061;
2026-09-27T12:17:17.448+02:00;2658.184940;10.209;;
2026-09-27T12:17:20.829+02:00;2661.565491;;;11.91
2026-09-27T12:17:20.858+02:00;2661.594628;;100.062;
2026-09-27T12:17:20.860+02:00;2661.596478;10.209;;
2026-09-27T12:17:24.240+02:00;2664.977153;;;11.91
2026-09-27T12:17:24.270+02:00;2665.006354;;100.062;
2026-09-27T12:17:24.272+02:00;2665.008283;10.209;;
2026-09-27T12:17:27.652+02:00;2668.388802;;;11.91
2026-09-27T12:17:27.681+02:00;2668.418119;;100.062;
2026-09-27T12:17:27.683+02:00;2668.420015;10.208;;
2026-09-27T12:17:31.064+02:00;2671.800679;;;11.91
2026-09-27T12:17:31.093+02:00;2671.829810;;100.061;
2026-09-27T12:17:31.095+02:00;2671.831792;10.209;;
2026-09-27T12:17:34.476+02:00;2675.212363;;;11.91
2026-09-27T12:17:34.505+02:00;2675.241499;;100.062;
2026-09-27T12:17:34.507+02:00;2675.243479;10.208;;
2026-09-27T12:17:37.888+02:00;2678.625063;;;11.9
2026-09-27T12:17:37.918+02:00;2678.654414;;100.062;
2026-09-27T12:17:37.920+02:00;2678.656290;10.208;;
2026-09-27T12:17:41.299+02:00;2682.035931;;;11.91
2026-09-27T12:17:41.328+02:00;2682.064966;;100.062;
2026-09-27T12:17:41.330+02:00;2682.066954;10.206;;
2026-09-27T12:17:44.711+02:00;2685.447683;;;11.91
2026-09-27T12:17:44.740+02:00;2685.476784;;100.061;
2026-09-27T12:17:44.746+02:00;2685.482410;10.205;;
2026-09-27T12:17:48.123+02:00;2688.859306;;;11.91
2026-09-27T12:17:48.152+02:00;2688.888544;;100.062;
2026-09-27T12:17:48.154+02:00;2688.890427;10.2;;
2026-09-27T12:17:51.867+02:00;2692.603240;;;11.91
2026-09-27T12:17:51.896+02:00;2692.632381;;100.062;
2026-09-27T12:17:51.898+02:00;2692.634487;10.199;;
2026-09-27T12:17:55.278+02:00;2696.014915;;;11.91
2026-09-27T12:17:55.307+02:00;2696.044174;;100.061;
2026-09-27T12:17:55.309+02:00;2696.046060;10.195;;
2026-09-27T12:17:58.690+02:00;2699.426744;;;11.91
2026-09-27T12:17:58.719+02:00;2699.455888;;100.062;
2026-09-27T12:17:58.721+02:00;2699.457848;10.193;;
2026-09-27T12:18:02.102+02:00;2702.838390;;;11.91
2026-09-27T12:18:02.135+02:00;2702.871227;10.193;100.061;
2026-09-27T12:18:05.514+02:00;2706.250229;;;11.9
2026-09-27T12:18:05.543+02:00;2706.279457;;100.062;
2026-09-27T12:18:05.545+02:00;2706.281363;10.192;;
2026-09-27T12:18:08.925+02:00;2709.662027;;;11.9
2026-09-27T12:18:08.954+02:00;2709.691041;;100.061;
2026-09-27T12:18:08.956+02:00;2709.693020;10.193;;
2026-09-27T12:18:12.337+02:00;2713.073746;;;11.91
2026-09-27T12:18:12.366+02:00;2713.102866;;100.062;
2026-09-27T12:18:12.368+02:00;2713.104911;10.189;;
2026-09-27T12:18:15.749+02:00;2716.485321;;;11.91
2026-09-27T12:18:15.778+02:00;2716.514677;;100.062;
2026-09-27T12:18:15.780+02:00;2716.516544;10.182;;
2026-09-27T12:18:19.161+02:00;2719.897205;;;11.93
2026-09-27T12:18:19.190+02:00;2719.926357;;100.062;
2026-09-27T12:18:19.192+02:00;2719.928349;10.176;;
2026-09-27T12:18:22.572+02:00;2723.309021;;;11.94
2026-09-27T12:18:22.602+02:00;2723.338749;;100.062;
2026-09-27T12:18:22.608+02:00;2723.344517;10.176;;
2026-09-27T12:18:25.984+02:00;2726.720725;;;11.91
2026-09-27T12:18:26.013+02:00;2726.749908;;100.062;
2026-09-27T12:18:26.015+02:00;2726.751951;10.176;;
2026-09-27T12:18:29.396+02:00;2730.132519;;;11.91
2026-09-27T12:18:29.425+02:00;2730.161694;;100.062;
2026-09-27T12:18:29.427+02:00;2730.163644;10.175;;
2026-09-27T12:18:32.807+02:00;2733.544183;;;11.91
2026-09-27T12:18:32.838+02:00;2733.574528;;100.061;
2026-09-27T12:18:32.839+02:00;2733.575392;10.167;;
2026-09-27T12:18:36.219+02:00;2736.955993;;;11.91
2026-09-27T12:18:36.248+02:00;2736.985139;;100.062;
2026-09-27T12:18:36.250+02:00;2736.987122;10.162;;
2026-09-27T12:18:39.631+02:00;2740.367843;;;11.91
2026-09-27T12:18:39.660+02:00;2740.396860;;100.061;
2026-09-27T12:18:39.662+02:00;2740.398812;10.16;;
2026-09-27T12:18:43.043+02:00;2743.779453;;;11.9
2026-09-27T12:18:43.074+02:00;2743.810422;;100.061;
2026-09-27T12:18:43.074+02:00;2743.810950;10.16;;
2026-09-27T12:18:46.455+02:00;2747.191310;;;11.9
2026-09-27T12:18:46.484+02:00;2747.220458;;100.062;
2026-09-27T12:18:46.486+02:00;2747.222301;10.16;;
2026-09-27T12:18:50.431+02:00;2751.167438;;;11.88
2026-09-27T12:18:50.460+02:00;2751.196507;;100.062;
2026-09-27T12:18:50.462+02:00;2751.198481;10.155;;
2026-09-27T12:18:53.833+02:00;2754.570115;;;11.91
2026-09-27T12:18:53.863+02:00;2754.599413;;100.062;
2026-09-27T12:18:53.865+02:00;2754.601509;10.147;;
2026-09-27T12:18:57.245+02:00;2757.982008;;;11.91
2026-09-27T12:18:57.274+02:00;2758.011157;;100.062;
2026-09-27T12:18:57.276+02:00;2758.013118;10.144;;
2026-09-27T12:19:00.657+02:00;2761.393800;;;11.9
2026-09-27T12:19:00.687+02:00;2761.423215;;100.061;
2026-09-27T12:19:00.694+02:00;2761.430599;10.144;;
2026-09-27T12:19:04.069+02:00;2764.805532;;;11.89
2026-09-27T12:19:04.098+02:00;2764.834758;;100.062;
2026-09-27T12:19:04.100+02:00;2764.836626;10.144;;
2026-09-27T12:19:07.482+02:00;2768.218318;;;11.91
2026-09-27T12:19:07.511+02:00;2768.247457;;100.062;
2026-09-27T12:19:07.513+02:00;2768.249427;10.141;;
2026-09-27T12:19:10.892+02:00;2771.629093;;;11.9
2026-09-27T12:19:10.923+02:00;2771.660123;;100.062;
2026-09-27T12:19:10.924+02:00;2771.660398;10.138;;
2026-09-27T12:19:14.304+02:00;2775.040946;;;11.9
2026-09-27T12:19:14.333+02:00;2775.070177;;100.061;
2026-09-27T12:19:14.335+02:00;2775.071923;10.129;;
2026-09-27T12:19:17.716+02:00;2778.452660;;;11.9
2026-09-27T12:19:17.745+02:00;2778.481785;;100.063;
2026-09-27T12:19:17.747+02:00;2778.483901;10.128;;
2026-09-27T12:19:21.128+02:00;2781.864422;;;11.89
2026-09-27T12:19:21.157+02:00;2781.893605;;100.062;
2026-09-27T12:19:21.159+02:00;2781.895709;10.127;;
2026-09-27T12:19:24.540+02:00;2785.277095;;;11.89
2026-09-27T12:19:24.570+02:00;2785.306315;;100.063;
2026-09-27T12:19:24.572+02:00;2785.308237;10.127;;
2026-09-27T12:19:27.951+02:00;2788.687925;;;11.9
2026-09-27T12:19:27.980+02:00;2788.717077;;100.061;
2026-09-27T12:19:27.982+02:00;2788.719027;10.119;;
2026-09-27T12:19:31.363+02:00;2792.099760;;;11.9
2026-09-27T12:19:31.392+02:00;2792.128940;;100.062;
2026-09-27T12:19:31.395+02:00;2792.131626;10.113;;
2026-09-27T12:19:34.775+02:00;2795.511422;;;11.89
2026-09-27T12:19:34.804+02:00;2795.540606;;100.062;
2026-09-27T12:19:34.806+02:00;2795.542509;10.112;;
2026-09-27T12:19:38.750+02:00;2799.486905;;;11.88
2026-09-27T12:19:38.779+02:00;2799.515490;;100.062;
2026-09-27T12:19:38.781+02:00;2799.517380;10.112;;
2026-09-27T12:19:42.152+02:00;2802.889171;;;11.88
2026-09-27T12:19:42.182+02:00;2802.918320;;100.061;
2026-09-27T12:19:42.184+02:00;2802.920286;10.11;;
2026-09-27T12:19:45.564+02:00;2806.300866;;;11.9
2026-09-27T12:19:45.593+02:00;2806.330025;;100.061;
2026-09-27T12:19:45.595+02:00;2806.331994;10.1;;
2026-09-27T12:19:48.976+02:00;2809.712660;;;11.89
2026-09-27T12:19:49.005+02:00;2809.741923;;100.062;
2026-09-27T12:19:49.007+02:00;2809.743820;10.097;;
2026-09-27T12:19:52.388+02:00;2813.124369;;;11.88
2026-09-27T12:19:52.417+02:00;2813.153511;;100.061;
2026-09-27T12:19:52.419+02:00;2813.155473;10.096;;
2026-09-27T12:19:55.800+02:00;2816.537142;;;11.88
2026-09-27T12:19:55.835+02:00;2816.571547;10.096;100.062;
2026-09-27T12:19:59.211+02:00;2819.947989;;;11.88
2026-09-27T12:19:59.241+02:00;2819.977202;;100.062;
2026-09-27T12:19:59.242+02:00;2819.979110;10.095;;
2026-09-27T12:20:02.623+02:00;2823.359828;;;11.89
2026-09-27T12:20:02.652+02:00;2823.388828;;100.062;
2026-09-27T12:20:02.654+02:00;2823.390805;10.09;;
2026-09-27T12:20:06.035+02:00;2826.771315;;;11.9
2026-09-27T12:20:06.064+02:00;2826.800788;;100.062;
2026-09-27T12:20:06.066+02:00;2826.802890;10.084;;
2026-09-27T12:20:09.447+02:00;2830.183202;;;11.89
2026-09-27T12:20:09.476+02:00;2830.212406;;100.061;
2026-09-27T12:20:09.478+02:00;2830.214308;10.081;;
2026-09-27T12:20:12.859+02:00;2833.596008;;;11.9
2026-09-27T12:20:12.888+02:00;2833.625146;;100.062;
2026-09-27T12:20:12.890+02:00;2833.627132;10.079;;
2026-09-27T12:20:16.270+02:00;2837.006654;;;11.88
2026-09-27T12:20:16.300+02:00;2837.036922;;100.061;
2026-09-27T12:20:16.301+02:00;2837.037945;10.079;;
2026-09-27T12:20:19.682+02:00;2840.418592;;;11.88
2026-09-27T12:20:19.711+02:00;2840.447827;;100.061;
2026-09-27T12:20:19.713+02:00;2840.449807;10.079;;
2026-09-27T12:20:23.094+02:00;2843.830340;;;11.85
2026-09-27T12:20:23.123+02:00;2843.859444;;100.061;
2026-09-27T12:20:23.125+02:00;2843.861424;10.079;;
2026-09-27T12:20:26.505+02:00;2847.242148;;;11.87
2026-09-27T12:20:26.535+02:00;2847.271279;;100.062;
2026-09-27T12:20:26.537+02:00;2847.273257;10.076;;
2026-09-27T12:20:29.917+02:00;2850.653962;;;11.87
2026-09-27T12:20:29.946+02:00;2850.682969;;100.062;
2026-09-27T12:20:29.948+02:00;2850.684942;10.07;;
2026-09-27T12:20:33.329+02:00;2854.065685;;;11.85
2026-09-27T12:20:33.358+02:00;2854.094773;;100.062;
2026-09-27T12:20:33.360+02:00;2854.096637;10.067;;
2026-09-27T12:20:37.247+02:00;2857.983529;;;11.84
2026-09-27T12:20:37.276+02:00;2858.012847;;100.061;
2026-09-27T12:20:37.278+02:00;2858.014746;10.063;;
2026-09-27T12:20:40.650+02:00;2861.386545;;;11.85
2026-09-27T12:20:40.679+02:00;2861.415547;;100.062;
2026-09-27T12:20:40.681+02:00;2861.417538;10.063;;
2026-09-27T12:20:44.062+02:00;2864.798225;;;11.85
2026-09-27T12:20:44.091+02:00;2864.827379;;100.062;
2026-09-27T12:20:44.093+02:00;2864.829455;10.063;;
2026-09-27T12:20:47.473+02:00;2868.209867;;;11.86
2026-09-27T12:20:47.502+02:00;2868.239152;;100.063;
2026-09-27T12:20:47.504+02:00;2868.241056;10.06;;
2026-09-27T12:20:50.885+02:00;2871.621762;;;11.86
2026-09-27T12:20:50.914+02:00;2871.650872;;100.062;
2026-09-27T12:20:50.916+02:00;2871.652838;10.056;;
2026-09-27T12:20:54.297+02:00;2875.033593;;;11.85
2026-09-27T12:20:54.326+02:00;2875.062718;;100.062;
2026-09-27T12:20:54.328+02:00;2875.064670;10.057;;
2026-09-27T12:20:57.708+02:00;2878.445192;;;11.84
2026-09-27T12:20:57.738+02:00;2878.474494;;100.062;
2026-09-27T12:20:57.740+02:00;2878.476378;10.058;;
2026-09-27T12:21:01.120+02:00;2881.857061;;;11.84
2026-09-27T12:21:01.150+02:00;2881.886203;;100.061;
2026-09-27T12:21:01.151+02:00;2881.888176;10.062;;
2026-09-27T12:21:04.919+02:00;2885.655400;;;11.84
2026-09-27T12:21:04.948+02:00;2885.684519;;100.061;
2026-09-27T12:21:04.950+02:00;2885.686495;10.064;;
2026-09-27T12:21:08.330+02:00;2889.067110;;;11.84
2026-09-27T12:21:08.360+02:00;2889.096479;;100.062;
2026-09-27T12:21:08.362+02:00;2889.098676;10.068;;
2026-09-27T12:21:11.742+02:00;2892.478891;;;11.83
2026-09-27T12:21:11.771+02:00;2892.508158;;100.062;
2026-09-27T12:21:11.773+02:00;2892.510030;10.078;;
2026-09-27T12:21:15.154+02:00;2895.890748;;;11.82
2026-09-27T12:21:15.183+02:00;2895.919847;;100.062;
2026-09-27T12:21:15.185+02:00;2895.921827;10.082;;
2026-09-27T12:21:18.566+02:00;2899.302438;;;11.84
2026-09-27T12:21:18.595+02:00;2899.331794;;100.062;
2026-09-27T12:21:18.597+02:00;2899.333525;10.096;;
2026-09-27T12:21:22.546+02:00;2903.282648;;;11.81
2026-09-27T12:21:22.577+02:00;2903.313877;10.108;100.062;
2026-09-27T12:21:25.949+02:00;2906.685532;;;11.83
2026-09-27T12:21:25.978+02:00;2906.714787;;100.062;
2026-09-27T12:21:25.980+02:00;2906.716694;10.115;;
2026-09-27T12:21:29.361+02:00;2910.097377;;;11.84
2026-09-27T12:21:29.390+02:00;2910.126377;;100.062;
2026-09-27T12:21:29.392+02:00;2910.128360;10.128;;
2026-09-27T12:21:32.772+02:00;2913.509034;;;11.84
2026-09-27T12:21:32.802+02:00;2913.538215;;100.062;
2026-09-27T12:21:32.804+02:00;2913.540424;10.141;;
2026-09-27T12:21:36.184+02:00;2916.920763;;;11.84
2026-09-27T12:21:36.213+02:00;2916.949994;;100.062;
2026-09-27T12:21:36.215+02:00;2916.951869;10.147;;
2026-09-27T12:21:39.596+02:00;2920.332736;;;11.85
2026-09-27T12:21:39.625+02:00;2920.361744;;100.062;
2026-09-27T12:21:39.627+02:00;2920.363684;10.159;;
2026-09-27T12:21:43.008+02:00;2923.744354;;;11.84
2026-09-27T12:21:43.040+02:00;2923.777073;10.166;100.062;
2026-09-27T12:21:46.419+02:00;2927.156091;;;11.84
2026-09-27T12:21:46.449+02:00;2927.185325;;100.062;
2026-09-27T12:21:46.451+02:00;2927.187219;10.176;;
2026-09-27T12:21:50.732+02:00;2931.468851;;;11.81
2026-09-27T12:21:50.761+02:00;2931.498154;;100.061;
2026-09-27T12:21:50.763+02:00;2931.499945;10.185;;
2026-09-27T12:21:54.647+02:00;2935.383477;;;11.82
2026-09-27T12:21:54.676+02:00;2935.412670;;100.062;
2026-09-27T12:21:54.678+02:00;2935.414619;10.193;;
2026-09-27T12:21:58.050+02:00;2938.786452;;;11.85
2026-09-27T12:21:58.079+02:00;2938.815623;;100.062;
2026-09-27T12:21:58.081+02:00;2938.817437;10.198;;
2026-09-27T12:22:01.462+02:00;2942.198215;;;11.87
2026-09-27T12:22:01.492+02:00;2942.228504;;100.062;
2026-09-27T12:22:01.493+02:00;2942.229253;10.208;;
2026-09-27T12:22:04.873+02:00;2945.609939;;;11.87
2026-09-27T12:22:04.902+02:00;2945.639134;;100.062;
2026-09-27T12:22:04.904+02:00;2945.641056;10.209;;
2026-09-27T12:22:08.285+02:00;2949.021800;;;11.86
2026-09-27T12:22:08.314+02:00;2949.050775;;100.063;
2026-09-27T12:22:08.316+02:00;2949.052750;10.215;;
2026-09-27T12:22:11.697+02:00;2952.433609;;;11.86
2026-09-27T12:22:11.726+02:00;2952.462650;;100.063;
2026-09-27T12:22:11.728+02:00;2952.464673;10.222;;
2026-09-27T12:22:15.109+02:00;2955.845226;;;11.85
2026-09-27T12:22:15.138+02:00;2955.874522;;100.062;
2026-09-27T12:22:15.140+02:00;2955.876422;10.225;;
2026-09-27T12:22:18.520+02:00;2959.257096;;;11.88
2026-09-27T12:22:18.549+02:00;2959.286187;;100.062;
2026-09-27T12:22:18.551+02:00;2959.288102;10.225;;
2026-09-27T12:22:21.932+02:00;2962.668903;;;11.88
2026-09-27T12:22:21.961+02:00;2962.697957;;100.062;
2026-09-27T12:22:21.963+02:00;2962.699924;10.226;;
2026-09-27T12:22:25.674+02:00;2966.410871;;;11.87
2026-09-27T12:22:25.703+02:00;2966.440151;;100.062;
2026-09-27T12:22:25.705+02:00;2966.442028;10.233;;
2026-09-27T12:22:29.086+02:00;2969.822625;;;11.87
2026-09-27T12:22:29.115+02:00;2969.851797;;100.062;
2026-09-27T12:22:29.117+02:00;2969.853691;10.234;;
2026-09-27T12:22:32.498+02:00;2973.234390;;;11.88
2026-09-27T12:22:32.527+02:00;2973.263580;;100.062;
2026-09-27T12:22:32.529+02:00;2973.265649;10.239;;
2026-09-27T12:22:35.910+02:00;2976.646212;;;11.87
2026-09-27T12:22:35.944+02:00;2976.680969;;100.062;
2026-09-27T12:22:35.945+02:00;2976.681354;10.24;;
2026-09-27T12:22:39.321+02:00;2980.057831;;;11.87
2026-09-27T12:22:39.350+02:00;2980.087166;;100.062;
2026-09-27T12:22:39.352+02:00;2980.089057;10.24;;
2026-09-27T12:22:43.301+02:00;2984.038175;;;11.85
2026-09-27T12:22:43.333+02:00;2984.069853;10.241;100.062;
2026-09-27T12:22:46.705+02:00;2987.441310;;;11.87
2026-09-27T12:22:46.734+02:00;2987.470816;;100.062;
2026-09-27T12:22:46.735+02:00;2987.472075;10.241;;
2026-09-27T12:22:50.116+02:00;2990.852879;;;11.85
2026-09-27T12:22:50.145+02:00;2990.881914;;100.063;
2026-09-27T12:22:50.147+02:00;2990.883993;10.24;;
2026-09-27T12:22:54.039+02:00;2994.775733;;;11.85
2026-09-27T12:22:54.070+02:00;2994.806281;;100.062;
2026-09-27T12:22:54.070+02:00;2994.807147;10.24;;
2026-09-27T12:22:57.442+02:00;2998.178649;;;11.88
2026-09-27T12:22:57.471+02:00;2998.207823;;100.063;
2026-09-27T12:22:57.473+02:00;2998.209704;10.24;;
2026-09-27T12:23:00.854+02:00;3001.590480;;;11.87
2026-09-27T12:23:00.883+02:00;3001.619513;;100.062;
2026-09-27T12:23:00.885+02:00;3001.621460;10.239;;
2026-09-27T12:23:04.265+02:00;3005.002181;;;11.88
2026-09-27T12:23:04.295+02:00;3005.031354;;100.062;
2026-09-27T12:23:04.297+02:00;3005.033295;10.237;;
2026-09-27T12:23:07.677+02:00;3008.413996;;;11.86
2026-09-27T12:23:07.706+02:00;3008.443028;;100.062;
2026-09-27T12:23:07.709+02:00;3008.445642;10.236;;
2026-09-27T12:23:11.089+02:00;3011.825747;;;11.86
2026-09-27T12:23:11.118+02:00;3011.854975;;100.061;
2026-09-27T12:23:11.120+02:00;3011.856840;10.229;;
2026-09-27T12:23:15.067+02:00;3015.803340;;;11.84
2026-09-27T12:23:15.096+02:00;3015.832825;;100.062;
2026-09-27T12:23:15.098+02:00;3015.834733;10.225;;
2026-09-27T12:23:18.470+02:00;3019.206614;;;11.88
2026-09-27T12:23:18.499+02:00;3019.235641;;100.062;
2026-09-27T12:23:18.501+02:00;3019.237629;10.225;;
2026-09-27T12:23:21.881+02:00;3022.618185;;;11.88
2026-09-27T12:23:21.911+02:00;3022.647329;;100.062;
2026-09-27T12:23:21.913+02:00;3022.649287;10.225;;
2026-09-27T12:23:25.293+02:00;3026.029886;;;11.89
2026-09-27T12:23:25.322+02:00;3026.059029;;100.063;
2026-09-27T12:23:25.324+02:00;3026.061018;10.219;;
2026-09-27T12:23:28.705+02:00;3029.441725;;;11.88
2026-09-27T12:23:28.735+02:00;3029.472016;;100.062;
2026-09-27T12:23:28.736+02:00;3029.472917;10.215;;
2026-09-27T12:23:32.117+02:00;3032.853516;;;11.89
2026-09-27T12:23:32.146+02:00;3032.882834;;100.062;
2026-09-27T12:23:32.148+02:00;3032.884657;10.21;;
2026-09-27T12:23:35.529+02:00;3036.265231;;;11.9
2026-09-27T12:23:35.558+02:00;3036.294368;;100.062;
2026-09-27T12:23:35.560+02:00;3036.296322;10.21;;
2026-09-27T12:23:38.940+02:00;3039.677042;;;11.91
2026-09-27T12:23:38.970+02:00;3039.706221;;100.062;
2026-09-27T12:23:38.971+02:00;3039.708158;10.209;;
2026-09-27T12:23:42.353+02:00;3043.089784;;;11.89
2026-09-27T12:23:42.384+02:00;3043.120865;;100.062;
2026-09-27T12:23:42.384+02:00;3043.121199;10.208;;
2026-09-27T12:23:45.764+02:00;3046.500611;;;11.89
2026-09-27T12:23:45.793+02:00;3046.529727;;100.061;
2026-09-27T12:23:45.795+02:00;3046.531705;10.204;;
2026-09-27T12:23:49.176+02:00;3049.912398;;;11.89
2026-09-27T12:23:49.205+02:00;3049.941550;;100.062;
2026-09-27T12:23:49.207+02:00;3049.943516;10.199;;
2026-09-27T12:23:52.587+02:00;3053.324181;;;11.9
2026-09-27T12:23:52.617+02:00;3053.354007;;100.061;
2026-09-27T12:23:52.619+02:00;3053.355466;10.193;;
2026-09-27T12:23:55.999+02:00;3056.735911;;;11.9
2026-09-27T12:23:56.028+02:00;3056.765119;;100.062;
2026-09-27T12:23:56.030+02:00;3056.767037;10.193;;
2026-09-27T12:23:59.920+02:00;3060.656664;;;11.88
2026-09-27T12:23:59.948+02:00;3060.684391;;100.062;
2026-09-27T12:23:59.950+02:00;3060.686477;10.193;;
2026-09-27T12:24:03.321+02:00;3064.058077;;;11.9
2026-09-27T12:24:03.351+02:00;3064.087223;;100.062;
2026-09-27T12:24:03.352+02:00;3064.089192;10.192;;
2026-09-27T12:24:06.733+02:00;3067.469840;;;11.88
2026-09-27T12:24:06.762+02:00;3067.499074;;100.061;
2026-09-27T12:24:06.764+02:00;3067.501023;10.193;;
2026-09-27T12:24:10.145+02:00;3070.881606;;;11.88
2026-09-27T12:24:10.174+02:00;3070.910868;;100.062;
2026-09-27T12:24:10.176+02:00;3070.912747;10.188;;
2026-09-27T12:24:13.557+02:00;3074.293426;;;11.88
2026-09-27T12:24:13.586+02:00;3074.322602;;100.061;
2026-09-27T12:24:13.588+02:00;3074.324542;10.179;;
2026-09-27T12:24:16.969+02:00;3077.705380;;;11.88
2026-09-27T12:24:16.998+02:00;3077.734379;;100.061;
2026-09-27T12:24:17.000+02:00;3077.736337;10.176;;
2026-09-27T12:24:20.946+02:00;3081.683036;;;11.85
2026-09-27T12:24:20.976+02:00;3081.712238;;100.061;
2026-09-27T12:24:20.977+02:00;3081.714076;10.176;;
2026-09-27T12:24:24.349+02:00;3085.085845;;;11.87
2026-09-27T12:24:24.379+02:00;3085.115339;;100.061;
2026-09-27T12:24:24.384+02:00;3085.120352;10.176;;
2026-09-27T12:24:27.761+02:00;3088.498133;;;11.88
2026-09-27T12:24:27.790+02:00;3088.526855;;100.061;
2026-09-27T12:24:27.792+02:00;3088.528740;10.17;;
2026-09-27T12:24:31.173+02:00;3091.909424;;;11.88
2026-09-27T12:24:31.202+02:00;3091.938642;;100.062;
2026-09-27T12:24:31.204+02:00;3091.940545;10.161;;
2026-09-27T12:24:34.585+02:00;3095.321287;;;11.88
2026-09-27T12:24:34.614+02:00;3095.350397;;100.061;
2026-09-27T12:24:34.616+02:00;3095.352356;10.16;;
2026-09-27T12:24:38.507+02:00;3099.243438;;;11.86
2026-09-27T12:24:38.536+02:00;3099.272993;;100.061;
2026-09-27T12:24:38.539+02:00;3099.275702;10.16;;
2026-09-27T12:24:42.421+02:00;3103.158186;;;11.85
2026-09-27T12:24:42.451+02:00;3103.187339;;100.062;
2026-09-27T12:24:42.453+02:00;3103.189433;10.151;;
2026-09-27T12:24:45.824+02:00;3106.561132;;;11.88
2026-09-27T12:24:45.854+02:00;3106.590274;;100.062;
2026-09-27T12:24:45.856+02:00;3106.592245;10.145;;
2026-09-27T12:24:49.236+02:00;3109.972940;;;11.88
2026-09-27T12:24:49.265+02:00;3110.001982;;100.062;
2026-09-27T12:24:49.267+02:00;3110.003953;10.144;;
2026-09-27T12:24:52.648+02:00;3113.384653;;;11.89
2026-09-27T12:24:52.678+02:00;3113.414662;;100.062;
2026-09-27T12:24:52.681+02:00;3113.417918;10.144;;
2026-09-27T12:24:56.060+02:00;3116.796344;;;11.88
2026-09-27T12:24:56.089+02:00;3116.825551;;100.061;
2026-09-27T12:24:56.091+02:00;3116.827477;10.138;;
2026-09-27T12:24:59.472+02:00;3120.208296;;;11.88
2026-09-27T12:24:59.501+02:00;3120.237340;;100.062;
2026-09-27T12:24:59.503+02:00;3120.239285;10.131;;
2026-09-27T12:25:02.883+02:00;3123.620013;;;11.88
2026-09-27T12:25:02.912+02:00;3123.649171;;100.061;
2026-09-27T12:25:02.914+02:00;3123.651116;10.129;;
2026-09-27T12:25:06.295+02:00;3127.031714;;;11.88
2026-09-27T12:25:06.325+02:00;3127.061821;;100.062;
2026-09-27T12:25:06.326+02:00;3127.062964;10.128;;
2026-09-27T12:25:09.707+02:00;3130.443516;;;11.88
2026-09-27T12:25:09.737+02:00;3130.473594;;100.062;
2026-09-27T12:25:09.738+02:00;3130.475194;10.128;;
2026-09-27T12:25:13.119+02:00;3133.855825;;;11.88
2026-09-27T12:25:13.148+02:00;3133.884486;;100.061;
2026-09-27T12:25:13.150+02:00;3133.886332;10.122;;
2026-09-27T12:25:16.531+02:00;3137.268064;;;11.88
2026-09-27T12:25:16.561+02:00;3137.297216;;100.062;
2026-09-27T12:25:16.562+02:00;3137.299176;10.112;;
2026-09-27T12:25:19.942+02:00;3140.678815;;;11.88
2026-09-27T12:25:19.971+02:00;3140.708113;;100.061;
2026-09-27T12:25:19.973+02:00;3140.710022;10.112;;
2026-09-27T12:25:23.354+02:00;3144.090747;;;11.88
2026-09-27T12:25:23.383+02:00;3144.119791;;100.062;
2026-09-27T12:25:23.385+02:00;3144.121706;10.112;;
2026-09-27T12:25:26.766+02:00;3147.502337;;;11.88
2026-09-27T12:25:26.795+02:00;3147.531596;;100.061;
2026-09-27T12:25:26.797+02:00;3147.533513;10.111;;
2026-09-27T12:25:30.178+02:00;3150.914239;;;11.88
2026-09-27T12:25:30.207+02:00;3150.943432;;100.062;
2026-09-27T12:25:30.209+02:00;3150.945507;10.106;;
2026-09-27T12:25:33.589+02:00;3154.326010;;;11.87
2026-09-27T12:25:33.620+02:00;3154.356385;;100.062;
2026-09-27T12:25:33.621+02:00;3154.357218;10.1;;
2026-09-27T12:25:37.001+02:00;3157.737786;;;11.86
2026-09-27T12:25:37.030+02:00;3157.766977;;100.062;
2026-09-27T12:25:37.032+02:00;3157.768898;10.096;;
2026-09-27T12:25:40.413+02:00;3161.149624;;;11.86
2026-09-27T12:25:40.442+02:00;3161.178794;;100.061;
2026-09-27T12:25:40.444+02:00;3161.180705;10.096;;
2026-09-27T12:25:43.825+02:00;3164.561282;;;11.85
2026-09-27T12:25:43.854+02:00;3164.590516;;100.062;
2026-09-27T12:25:43.856+02:00;3164.592720;10.096;;
2026-09-27T12:25:47.236+02:00;3167.973053;;;11.86
2026-09-27T12:25:47.266+02:00;3168.002388;;100.062;
2026-09-27T12:25:47.268+02:00;3168.004260;10.094;;
2026-09-27T12:25:51.209+02:00;3171.945989;;;11.84
2026-09-27T12:25:51.238+02:00;3171.975109;;100.061;
2026-09-27T12:25:51.241+02:00;3171.978010;10.083;;
2026-09-27T12:25:54.612+02:00;3175.348718;;;11.87
2026-09-27T12:25:54.641+02:00;3175.378031;;100.061;
2026-09-27T12:25:54.643+02:00;3175.380057;10.081;;
2026-09-27T12:25:58.024+02:00;3178.760665;;;11.86
2026-09-27T12:25:58.053+02:00;3178.789733;;100.062;
2026-09-27T12:25:58.055+02:00;3178.791616;10.079;;
2026-09-27T12:26:01.436+02:00;3182.172427;;;11.85
2026-09-27T12:26:01.465+02:00;3182.201478;;100.062;
2026-09-27T12:26:01.467+02:00;3182.203439;10.079;;
2026-09-27T12:26:05.414+02:00;3186.150936;;;11.82
2026-09-27T12:26:05.443+02:00;3186.179940;;100.062;
2026-09-27T12:26:05.445+02:00;3186.181930;10.078;;
2026-09-27T12:26:08.817+02:00;3189.553800;;;11.85
2026-09-27T12:26:08.846+02:00;3189.582951;;100.061;
2026-09-27T12:26:08.848+02:00;3189.584862;10.07;;
2026-09-27T12:26:12.229+02:00;3192.965618;;;11.84
2026-09-27T12:26:12.258+02:00;3192.994666;;100.062;
2026-09-27T12:26:12.260+02:00;3192.996611;10.063;;
2026-09-27T12:26:15.641+02:00;3196.377254;;;11.84
2026-09-27T12:26:15.670+02:00;3196.406784;;100.062;
2026-09-27T12:26:15.672+02:00;3196.408731;10.063;;
2026-09-27T12:26:19.052+02:00;3199.788964;;;11.84
2026-09-27T12:26:19.082+02:00;3199.818219;;100.061;
2026-09-27T12:26:19.083+02:00;3199.820169;10.063;;
2026-09-27T12:26:22.465+02:00;3203.201830;;;11.85
2026-09-27T12:26:22.494+02:00;3203.230942;;100.061;
2026-09-27T12:26:22.496+02:00;3203.232916;10.062;;
2026-09-27T12:26:25.876+02:00;3206.612669;;;11.85
2026-09-27T12:26:25.905+02:00;3206.641682;;100.061;
2026-09-27T12:26:25.907+02:00;3206.643748;10.057;;
2026-09-27T12:26:29.288+02:00;3210.024323;;;11.84
2026-09-27T12:26:29.321+02:00;3210.057627;10.049;100.061;
2026-09-27T12:26:32.699+02:00;3213.436127;;;11.84
2026-09-27T12:26:32.729+02:00;3213.465411;;100.061;
2026-09-27T12:26:32.731+02:00;3213.467365;10.047;;
2026-09-27T12:26:36.111+02:00;3216.847866;;;11.85
2026-09-27T12:26:36.140+02:00;3216.877030;;100.061;
2026-09-27T12:26:36.142+02:00;3216.878989;10.047;;
2026-09-27T12:26:39.523+02:00;3220.259718;;;11.84
2026-09-27T12:26:39.552+02:00;3220.288832;;100.062;
2026-09-27T12:26:39.554+02:00;3220.290789;10.045;;
2026-09-27T12:26:42.935+02:00;3223.671482;;;11.84
2026-09-27T12:26:42.964+02:00;3223.700794;;100.061;
2026-09-27T12:26:42.966+02:00;3223.702823;10.039;;
2026-09-27T12:26:46.732+02:00;3227.468421;;;11.85
2026-09-27T12:26:46.762+02:00;3227.498362;;100.062;
2026-09-27T12:26:46.764+02:00;3227.500538;10.034;;
2026-09-27T12:26:50.144+02:00;3230.880203;;;11.84
2026-09-27T12:26:50.173+02:00;3230.909433;;100.062;
2026-09-27T12:26:50.175+02:00;3230.911323;10.031;;
2026-09-27T12:26:53.555+02:00;3234.292028;;;11.84
2026-09-27T12:26:53.584+02:00;3234.321168;;100.062;
2026-09-27T12:26:53.586+02:00;3234.323136;10.031;;
2026-09-27T12:26:56.967+02:00;3237.703858;;;11.84
2026-09-27T12:26:56.996+02:00;3237.732978;;100.061;
2026-09-27T12:26:56.998+02:00;3237.734968;10.031;;
2026-09-27T12:27:00.379+02:00;3241.115707;;;11.84
2026-09-27T12:27:00.408+02:00;3241.144846;;100.061;
2026-09-27T12:27:00.410+02:00;3241.146833;10.031;;
2026-09-27T12:27:03.791+02:00;3244.527365;;;11.84
2026-09-27T12:27:03.820+02:00;3244.556673;;100.061;
2026-09-27T12:27:03.822+02:00;3244.558647;10.031;;
2026-09-27T12:27:07.203+02:00;3247.939208;;;11.84
2026-09-27T12:27:07.232+02:00;3247.968350;;100.061;
2026-09-27T12:27:07.234+02:00;3247.970315;10.031;;
2026-09-27T12:27:10.615+02:00;3251.351922;;;11.84
2026-09-27T12:27:10.644+02:00;3251.381061;;100.062;
2026-09-27T12:27:10.646+02:00;3251.383033;10.032;;
2026-09-27T12:27:14.026+02:00;3254.762712;;;11.85
2026-09-27T12:27:14.056+02:00;3254.792220;;100.061;
2026-09-27T12:27:14.057+02:00;3254.794004;10.042;;
2026-09-27T12:27:17.438+02:00;3258.174596;;;11.84
2026-09-27T12:27:17.467+02:00;3258.203722;;100.061;
2026-09-27T12:27:17.469+02:00;3258.205547;10.047;;
2026-09-27T12:27:20.850+02:00;3261.586270;;;11.84
2026-09-27T12:27:20.879+02:00;3261.615424;;100.061;
2026-09-27T12:27:20.881+02:00;3261.617377;10.052;;
2026-09-27T12:27:24.261+02:00;3264.998100;;;11.85
2026-09-27T12:27:24.291+02:00;3265.027232;;100.062;
2026-09-27T12:27:24.293+02:00;3265.029213;10.063;;
2026-09-27T12:27:27.673+02:00;3268.409916;;;11.87
2026-09-27T12:27:27.708+02:00;3268.444356;;100.062;
2026-09-27T12:27:27.708+02:00;3268.444774;10.072;;
2026-09-27T12:27:31.472+02:00;3272.208337;;;11.85
2026-09-27T12:27:31.501+02:00;3272.237782;;100.062;
2026-09-27T12:27:31.503+02:00;3272.239697;10.082;;
2026-09-27T12:27:34.884+02:00;3275.620221;;;11.85
2026-09-27T12:27:34.913+02:00;3275.649439;;100.061;
2026-09-27T12:27:34.915+02:00;3275.651317;10.096;;
2026-09-27T12:27:38.295+02:00;3279.032054;;;11.84
2026-09-27T12:27:38.324+02:00;3279.061199;;100.062;
2026-09-27T12:27:38.326+02:00;3279.063173;10.1;;
2026-09-27T12:27:41.707+02:00;3282.443791;;;11.83
2026-09-27T12:27:41.736+02:00;3282.472889;;100.062;
2026-09-27T12:27:41.738+02:00;3282.474864;10.112;;
2026-09-27T12:27:45.119+02:00;3285.855537;;;11.84
2026-09-27T12:27:45.148+02:00;3285.884846;;100.061;
2026-09-27T12:27:45.150+02:00;3285.886805;10.124;;
2026-09-27T12:27:48.531+02:00;3289.267286;;;11.84
2026-09-27T12:27:48.560+02:00;3289.296502;;100.062;
2026-09-27T12:27:48.562+02:00;3289.298391;10.128;;
2026-09-27T12:27:51.942+02:00;3292.679134;;;11.84
2026-09-27T12:27:51.972+02:00;3292.708275;;100.062;
2026-09-27T12:27:51.974+02:00;3292.710248;10.138;;
2026-09-27T12:27:55.354+02:00;3296.090770;;;11.84
2026-09-27T12:27:55.387+02:00;3296.123663;;100.062;
2026-09-27T12:27:55.390+02:00;3296.126970;10.144;;
2026-09-27T12:27:58.767+02:00;3299.503672;;;11.84
2026-09-27T12:27:58.796+02:00;3299.532901;;100.062;
2026-09-27T12:27:58.798+02:00;3299.534931;10.149;;
2026-09-27T12:28:02.178+02:00;3302.914366;;;11.84
2026-09-27T12:28:02.207+02:00;3302.943617;;100.061;
2026-09-27T12:28:02.209+02:00;3302.945482;10.157;;
2026-09-27T12:28:05.589+02:00;3306.326194;;;11.84
2026-09-27T12:28:05.619+02:00;3306.355340;;100.061;
2026-09-27T12:28:05.621+02:00;3306.357328;10.16;;
2026-09-27T12:28:09.001+02:00;3309.737872;;;11.84
2026-09-27T12:28:09.031+02:00;3309.767233;;100.062;
2026-09-27T12:28:09.036+02:00;3309.773198;10.161;;
2026-09-27T12:28:12.413+02:00;3313.149737;;;11.85
2026-09-27T12:28:12.442+02:00;3313.178971;;100.062;
2026-09-27T12:28:12.444+02:00;3313.180868;10.163;;
2026-09-27T12:28:15.825+02:00;3316.561593;;;11.86
2026-09-27T12:28:15.854+02:00;3316.590718;;100.062;
2026-09-27T12:28:15.856+02:00;3316.592684;10.17;;
2026-09-27T12:28:19.237+02:00;3319.973402;;;11.87
2026-09-27T12:28:19.266+02:00;3320.002589;;100.062;
2026-09-27T12:28:19.268+02:00;3320.004502;10.176;;
2026-09-27T12:28:22.648+02:00;3323.385088;;;11.86
2026-09-27T12:28:22.678+02:00;3323.415046;;100.061;
2026-09-27T12:28:22.680+02:00;3323.416749;10.176;;
2026-09-27T12:28:26.390+02:00;3327.126817;;;11.84
2026-09-27T12:28:26.419+02:00;3327.155961;;100.062;
2026-09-27T12:28:26.421+02:00;3327.157920;10.176;;
2026-09-27T12:28:29.802+02:00;3330.538686;;;11.86
2026-09-27T12:28:29.831+02:00;3330.567850;;100.062;
2026-09-27T12:28:29.833+02:00;3330.569758;10.18;;
2026-09-27T12:28:33.214+02:00;3333.950473;;;11.88
2026-09-27T12:28:33.243+02:00;3333.979662;;100.061;
2026-09-27T12:28:33.245+02:00;3333.981716;10.181;;
2026-09-27T12:28:36.625+02:00;3337.362181;;;11.87
2026-09-27T12:28:36.655+02:00;3337.391338;;100.062;
2026-09-27T12:28:36.657+02:00;3337.393308;10.186;;
2026-09-27T12:28:40.037+02:00;3340.774007;;;11.87
2026-09-27T12:28:40.066+02:00;3340.803024;;100.062;
2026-09-27T12:28:40.068+02:00;3340.805003;10.189;;
2026-09-27T12:28:43.449+02:00;3344.185742;;;11.87
2026-09-27T12:28:43.478+02:00;3344.214848;;100.062;
2026-09-27T12:28:43.480+02:00;3344.216955;10.189;;
2026-09-27T12:28:46.861+02:00;3347.597464;;;11.87
2026-09-27T12:28:46.891+02:00;3347.627360;;100.061;
2026-09-27T12:28:46.892+02:00;3347.628551;10.191;;
2026-09-27T12:28:50.273+02:00;3351.009262;;;11.85
2026-09-27T12:28:50.302+02:00;3351.038388;;100.061;
2026-09-27T12:28:50.304+02:00;3351.040397;10.191;;
2026-09-27T12:28:53.684+02:00;3354.420967;;;11.85
2026-09-27T12:28:53.713+02:00;3354.449739;;100.061;
2026-09-27T12:28:53.714+02:00;3354.451194;10.191;;
2026-09-27T12:28:57.096+02:00;3357.832806;;;11.84
2026-09-27T12:28:57.125+02:00;3357.861939;;100.061;
2026-09-27T12:28:57.134+02:00;3357.870784;10.188;;
2026-09-27T12:29:00.508+02:00;3361.244428;;;11.84
2026-09-27T12:29:00.537+02:00;3361.273774;;100.062;
2026-09-27T12:29:00.539+02:00;3361.276004;10.187;;
2026-09-27T12:29:03.920+02:00;3364.656306;;;11.84
2026-09-27T12:29:03.949+02:00;3364.685472;;100.062;
2026-09-27T12:29:03.951+02:00;3364.687432;10.186;;
2026-09-27T12:29:07.331+02:00;3368.068032;;;11.86
2026-09-27T12:29:07.360+02:00;3368.097174;;100.061;
2026-09-27T12:29:07.362+02:00;3368.099171;10.183;;
2026-09-27T12:29:10.743+02:00;3371.479846;;;11.86
2026-09-27T12:29:10.775+02:00;3371.511221;;100.062;
2026-09-27T12:29:10.775+02:00;3371.511709;10.184;;
2026-09-27T12:29:14.155+02:00;3374.891589;;;11.87
2026-09-27T12:29:14.184+02:00;3374.920824;;100.061;
2026-09-27T12:29:14.186+02:00;3374.922696;10.178;;
2026-09-27T12:29:17.567+02:00;3378.303397;;;11.87
2026-09-27T12:29:17.596+02:00;3378.332578;;100.062;
2026-09-27T12:29:17.598+02:00;3378.334505;10.178;;
2026-09-27T12:29:20.979+02:00;3381.716118;;;11.85
2026-09-27T12:29:21.009+02:00;3381.745267;;100.061;
2026-09-27T12:29:21.011+02:00;3381.747240;10.176;;
2026-09-27T12:29:24.390+02:00;3385.126925;;;11.84
2026-09-27T12:29:24.419+02:00;3385.156102;;100.062;
2026-09-27T12:29:24.421+02:00;3385.158124;10.177;;
2026-09-27T12:29:27.802+02:00;3388.538749;;;11.84
2026-09-27T12:29:27.831+02:00;3388.568011;;100.062;
2026-09-27T12:29:27.833+02:00;3388.570056;10.176;;
2026-09-27T12:29:31.599+02:00;3392.335300;;;11.85
2026-09-27T12:29:31.628+02:00;3392.364653;;100.062;
2026-09-27T12:29:31.630+02:00;3392.366822;10.176;;
2026-09-27T12:29:35.012+02:00;3395.748329;;;11.84
2026-09-27T12:29:35.041+02:00;3395.777345;;100.062;
2026-09-27T12:29:35.043+02:00;3395.779306;10.176;;
2026-09-27T12:29:38.422+02:00;3399.159018;;;11.84
2026-09-27T12:29:38.451+02:00;3399.188197;;100.062;
2026-09-27T12:29:38.454+02:00;3399.190265;10.174;;
2026-09-27T12:29:41.834+02:00;3402.570763;;;11.85
2026-09-27T12:29:41.863+02:00;3402.600036;;100.061;
2026-09-27T12:29:41.865+02:00;3402.602060;10.164;;
2026-09-27T12:29:45.246+02:00;3405.982551;;;11.85
2026-09-27T12:29:45.275+02:00;3406.011824;;100.062;
2026-09-27T12:29:45.277+02:00;3406.013717;10.161;;
2026-09-27T12:29:49.226+02:00;3409.962850;;;11.84
2026-09-27T12:29:49.255+02:00;3409.992031;;100.062;
2026-09-27T12:29:49.257+02:00;3409.993926;10.16;;
2026-09-27T12:29:52.629+02:00;3413.365938;;;11.87
2026-09-27T12:29:52.658+02:00;3413.394880;;100.062;
2026-09-27T12:29:52.660+02:00;3413.396747;10.16;;
2026-09-27T12:29:56.041+02:00;3416.777472;;;11.88
2026-09-27T12:29:56.070+02:00;3416.806641;;100.062;
2026-09-27T12:29:56.072+02:00;3416.808708;10.156;;
2026-09-27T12:29:59.453+02:00;3420.189254;;;11.86
2026-09-27T12:29:59.482+02:00;3420.218304;;100.062;
2026-09-27T12:29:59.484+02:00;3420.220266;10.146;;
2026-09-27T12:30:02.864+02:00;3423.600933;;;11.86
2026-09-27T12:30:02.894+02:00;3423.630239;;100.062;
2026-09-27T12:30:02.895+02:00;3423.632129;10.144;;
2026-09-27T12:30:06.276+02:00;3427.012837;;;11.87
2026-09-27T12:30:06.305+02:00;3427.041965;;100.062;
2026-09-27T12:30:06.307+02:00;3427.043952;10.144;;
2026-09-27T12:30:09.688+02:00;3430.424686;;;11.88
2026-09-27T12:30:09.717+02:00;3430.453715;;100.061;
2026-09-27T12:30:09.719+02:00;3430.455652;10.141;;
2026-09-27T12:30:13.100+02:00;3433.836381;;;11.87
2026-09-27T12:30:13.129+02:00;3433.865533;;100.062;
2026-09-27T12:30:13.131+02:00;3433.867498;10.134;;
2026-09-27T12:30:16.511+02:00;3437.248144;;;11.87
2026-09-27T12:30:16.541+02:00;3437.277440;;100.061;
2026-09-27T12:30:16.543+02:00;3437.279468;10.129;;
2026-09-27T12:30:19.923+02:00;3440.660018;;;11.85
2026-09-27T12:30:19.952+02:00;3440.689066;;100.062;
2026-09-27T12:30:19.954+02:00;3440.691046;10.128;;
2026-09-27T12:30:23.335+02:00;3444.071769;;;11.87
2026-09-27T12:30:23.364+02:00;3444.100912;;100.062;
2026-09-27T12:30:23.366+02:00;3444.102866;10.128;;
2026-09-27T12:30:26.747+02:00;3447.483509;;;11.88
2026-09-27T12:30:26.776+02:00;3447.512765;;100.061;
2026-09-27T12:30:26.778+02:00;3447.514757;10.126;;
2026-09-27T12:30:30.159+02:00;3450.895214;;;11.87
2026-09-27T12:30:30.188+02:00;3450.924720;;100.061;
2026-09-27T12:30:30.191+02:00;3450.928058;10.125;;
2026-09-27T12:30:33.570+02:00;3454.307058;;;11.88
2026-09-27T12:30:33.600+02:00;3454.336354;;100.063;
2026-09-27T12:30:33.603+02:00;3454.339758;10.12;;
2026-09-27T12:30:36.982+02:00;3457.718833;;;11.86
2026-09-27T12:30:37.011+02:00;3457.748075;;100.061;
2026-09-27T12:30:37.013+02:00;3457.749963;10.115;;
2026-09-27T12:30:40.395+02:00;3461.131691;;;11.87
2026-09-27T12:30:40.424+02:00;3461.160800;;100.062;
2026-09-27T12:30:40.426+02:00;3461.162759;10.112;;
2026-09-27T12:30:44.189+02:00;3464.926133;;;11.86
2026-09-27T12:30:44.219+02:00;3464.955288;;100.062;
2026-09-27T12:30:44.221+02:00;3464.957247;10.112;;
2026-09-27T12:30:47.601+02:00;3468.337978;;;11.87
2026-09-27T12:30:47.630+02:00;3468.367112;;100.062;
2026-09-27T12:30:47.632+02:00;3468.369108;10.112;;
2026-09-27T12:30:51.013+02:00;3471.749701;;;11.86
2026-09-27T12:30:51.042+02:00;3471.779068;;100.062;
2026-09-27T12:30:51.051+02:00;3471.787924;10.11;;
2026-09-27T12:30:54.425+02:00;3475.161464;;;11.87
2026-09-27T12:30:54.457+02:00;3475.193328;10.102;100.062;
2026-09-27T12:30:58.349+02:00;3479.086090;;;11.84
2026-09-27T12:30:58.379+02:00;3479.115260;;100.062;
2026-09-27T12:30:58.381+02:00;3479.117212;10.096;;
2026-09-27T12:31:01.752+02:00;3482.489034;;;11.88
2026-09-27T12:31:01.782+02:00;3482.518200;;100.061;
2026-09-27T12:31:01.784+02:00;3482.520296;10.096;;
2026-09-27T12:31:05.164+02:00;3485.900902;;;11.87
2026-09-27T12:31:05.193+02:00;3485.930030;;100.062;
2026-09-27T12:31:05.195+02:00;3485.932024;10.095;;
2026-09-27T12:31:08.576+02:00;3489.312628;;;11.85
2026-09-27T12:31:08.605+02:00;3489.341748;;100.062;
2026-09-27T12:31:08.607+02:00;3489.343712;10.092;;
2026-09-27T12:31:11.988+02:00;3492.724404;;;11.86
2026-09-27T12:31:12.020+02:00;3492.756288;;100.061;
2026-09-27T12:31:12.020+02:00;3492.756733;10.082;;
2026-09-27T12:31:15.731+02:00;3496.467902;;;11.85
2026-09-27T12:31:15.760+02:00;3496.497048;;100.062;
2026-09-27T12:31:15.762+02:00;3496.499019;10.08;;
2026-09-27T12:31:19.713+02:00;3500.449701;;;11.84
2026-09-27T12:31:19.742+02:00;3500.478755;;100.061;
2026-09-27T12:31:19.744+02:00;3500.480774;10.079;;
2026-09-27T12:31:23.628+02:00;3504.364333;;;11.83
2026-09-27T12:31:23.657+02:00;3504.393501;;100.062;
2026-09-27T12:31:23.659+02:00;3504.395452;10.076;;
2026-09-27T12:31:27.030+02:00;3507.767178;;;11.86
2026-09-27T12:31:27.060+02:00;3507.796324;;100.062;
2026-09-27T12:31:27.062+02:00;3507.798287;10.067;;
2026-09-27T12:31:30.442+02:00;3511.179016;;;11.85
2026-09-27T12:31:30.471+02:00;3511.208174;;100.062;
2026-09-27T12:31:30.473+02:00;3511.210140;10.064;;
2026-09-27T12:31:33.854+02:00;3514.590729;;;11.86
2026-09-27T12:31:33.885+02:00;3514.622117;;100.061;
2026-09-27T12:31:33.886+02:00;3514.622502;10.063;;
2026-09-27T12:31:37.266+02:00;3518.002642;;;11.85
2026-09-27T12:31:37.295+02:00;3518.032072;;100.062;
2026-09-27T12:31:37.297+02:00;3518.033815;10.063;;
2026-09-27T12:31:40.678+02:00;3521.414457;;;11.86
2026-09-27T12:31:40.707+02:00;3521.443651;;100.061;
2026-09-27T12:31:40.709+02:00;3521.445517;10.062;;
2026-09-27T12:31:44.090+02:00;3524.826212;;;11.85
2026-09-27T12:31:44.119+02:00;3524.855480;;100.061;
2026-09-27T12:31:44.121+02:00;3524.857324;10.056;;
2026-09-27T12:31:48.011+02:00;3528.747719;;;11.83
2026-09-27T12:31:48.040+02:00;3528.776728;;100.062;
2026-09-27T12:31:48.042+02:00;3528.778708;10.05;;
2026-09-27T12:31:51.414+02:00;3532.150523;;;11.86
2026-09-27T12:31:51.443+02:00;3532.179708;;100.062;
2026-09-27T12:31:51.445+02:00;3532.181677;10.048;;
2026-09-27T12:31:54.826+02:00;3535.562221;;;11.85
2026-09-27T12:31:54.855+02:00;3535.591379;;100.062;
2026-09-27T12:31:54.857+02:00;3535.593671;10.051;;
2026-09-27T12:31:58.237+02:00;3538.973971;;;11.85
2026-09-27T12:31:58.267+02:00;3539.003341;;100.062;
2026-09-27T12:31:58.269+02:00;3539.005330;10.052;;
2026-09-27T12:32:02.216+02:00;3542.952701;;;11.84
2026-09-27T12:32:02.246+02:00;3542.982810;;100.062;
2026-09-27T12:32:02.247+02:00;3542.983802;10.06;;
2026-09-27T12:32:05.619+02:00;3546.355484;;;11.85
2026-09-27T12:32:05.648+02:00;3546.384775;;100.062;
2026-09-27T12:32:05.650+02:00;3546.386724;10.064;;
2026-09-27T12:32:09.031+02:00;3549.767204;;;11.85
2026-09-27T12:32:09.060+02:00;3549.796791;;100.062;
2026-09-27T12:32:09.062+02:00;3549.798390;10.07;;
2026-09-27T12:32:12.442+02:00;3553.179054;;;11.87
2026-09-27T12:32:12.472+02:00;3553.208308;;100.062;
2026-09-27T12:32:12.473+02:00;3553.210174;10.079;;
2026-09-27T12:32:16.421+02:00;3557.157697;;;11.84
2026-09-27T12:32:16.450+02:00;3557.186810;;100.062;
2026-09-27T12:32:16.452+02:00;3557.188650;10.085;;
2026-09-27T12:32:19.824+02:00;3560.560495;;;11.86
2026-09-27T12:32:19.853+02:00;3560.589775;;100.062;
2026-09-27T12:32:19.855+02:00;3560.591623;10.096;;
2026-09-27T12:32:23.237+02:00;3563.973952;;;11.86
2026-09-27T12:32:23.265+02:00;3564.001496;;100.062;
2026-09-27T12:32:23.267+02:00;3564.003413;10.107;;
2026-09-27T12:32:26.647+02:00;3567.384023;;;11.86
2026-09-27T12:32:26.677+02:00;3567.413332;;100.061;
2026-09-27T12:32:26.680+02:00;3567.417067;10.113;;
2026-09-27T12:32:30.059+02:00;3570.795819;;;11.86
2026-09-27T12:32:30.088+02:00;3570.824910;;100.061;
2026-09-27T12:32:30.090+02:00;3570.826813;10.124;;
2026-09-27T12:32:33.981+02:00;3574.718189;;;11.84
2026-09-27T12:32:34.011+02:00;3574.747216;;100.061;
2026-09-27T12:32:34.012+02:00;3574.749198;10.128;;
2026-09-27T12:32:37.896+02:00;3578.632830;;;11.85
2026-09-27T12:32:37.925+02:00;3578.661945;;100.062;
2026-09-27T12:32:37.927+02:00;3578.663913;10.134;;
2026-09-27T12:32:41.299+02:00;3582.035733;;;11.87
2026-09-27T12:32:41.332+02:00;3582.069105;10.144;100.063;
2026-09-27T12:32:44.711+02:00;3585.447429;;;11.87
2026-09-27T12:32:44.740+02:00;3585.476747;;100.061;
2026-09-27T12:32:44.742+02:00;3585.478647;10.144;;
2026-09-27T12:32:48.123+02:00;3588.859296;;;11.88
2026-09-27T12:32:48.152+02:00;3588.888521;;100.062;
2026-09-27T12:32:48.154+02:00;3588.890397;10.145;;
2026-09-27T12:32:51.534+02:00;3592.271145;;;11.89
2026-09-27T12:32:51.564+02:00;3592.300295;;100.062;
2026-09-27T12:32:51.566+02:00;3592.302262;10.148;;
2026-09-27T12:32:54.946+02:00;3595.682962;;;11.88
2026-09-27T12:32:54.975+02:00;3595.712098;;100.062;
2026-09-27T12:32:54.977+02:00;3595.714069;10.156;;
2026-09-27T12:32:58.358+02:00;3599.094735;;;11.88
2026-09-27T12:32:58.387+02:00;3599.123824;;100.062;
2026-09-27T12:32:58.389+02:00;3599.126043;10.16;;
2026-09-27T12:33:01.770+02:00;3602.506467;;;11.89
2026-09-27T12:33:01.799+02:00;3602.535819;;100.061;
2026-09-27T12:33:01.801+02:00;3602.537802;10.16;;
2026-09-27T12:33:05.181+02:00;3605.918175;;;11.89
2026-09-27T12:33:05.211+02:00;3605.947868;;100.062;
2026-09-27T12:33:05.213+02:00;3605.949363;10.161;;
2026-09-27T12:33:08.593+02:00;3609.329977;;;11.89
2026-09-27T12:33:08.623+02:00;3609.359362;;100.062;
2026-09-27T12:33:08.625+02:00;3609.361205;10.163;;
2026-09-27T12:33:12.006+02:00;3612.742907;;;11.89
2026-09-27T12:33:12.035+02:00;3612.772050;;100.061;
2026-09-27T12:33:12.037+02:00;3612.774024;10.165;;
2026-09-27T12:33:15.417+02:00;3616.153755;;;11.89
2026-09-27T12:33:15.446+02:00;3616.182748;;100.062;
2026-09-27T12:33:15.448+02:00;3616.184713;10.169;;
2026-09-27T12:33:18.829+02:00;3619.565455;;;11.9
2026-09-27T12:33:18.858+02:00;3619.594603;;100.061;
2026-09-27T12:33:18.860+02:00;3619.596691;10.171;;
2026-09-27T12:33:22.240+02:00;3622.977153;;;11.9
2026-09-27T12:33:22.270+02:00;3623.006829;;100.061;
2026-09-27T12:33:22.279+02:00;3623.015920;10.174;;
2026-09-27T12:33:26.215+02:00;3626.952102;;;11.86
2026-09-27T12:33:26.245+02:00;3626.981277;;100.061;
2026-09-27T12:33:26.247+02:00;3626.983242;10.175;;
2026-09-27T12:33:29.618+02:00;3630.355073;;;11.88
2026-09-27T12:33:29.647+02:00;3630.384123;;100.062;
2026-09-27T12:33:29.649+02:00;3630.386069;10.176;;
2026-09-27T12:33:33.030+02:00;3633.766810;;;11.89
2026-09-27T12:33:33.059+02:00;3633.795920;;100.061;
2026-09-27T12:33:33.061+02:00;3633.798037;10.176;;
2026-09-27T12:33:36.442+02:00;3637.178656;;;11.89
2026-09-27T12:33:36.471+02:00;3637.207930;;100.061;
2026-09-27T12:33:36.473+02:00;3637.210191;10.176;;
2026-09-27T12:33:39.854+02:00;3640.590355;;;11.89
2026-09-27T12:33:39.883+02:00;3640.619493;;100.062;
2026-09-27T12:33:39.885+02:00;3640.621455;10.175;;
2026-09-27T12:33:43.266+02:00;3644.002308;;;11.89
2026-09-27T12:33:43.295+02:00;3644.031324;;100.061;
2026-09-27T12:33:43.297+02:00;3644.033815;10.175;;
2026-09-27T12:33:46.677+02:00;3647.413937;;;11.88
2026-09-27T12:33:46.709+02:00;3647.445744;10.174;100.062;
2026-09-27T12:33:50.089+02:00;3650.825766;;;11.88
2026-09-27T12:33:50.118+02:00;3650.854892;;100.062;
2026-09-27T12:33:50.120+02:00;3650.856827;10.175;;
2026-09-27T12:33:53.501+02:00;3654.237495;;;11.89
2026-09-27T12:33:53.530+02:00;3654.267021;;100.061;
2026-09-27T12:33:53.532+02:00;3654.268727;10.174;;
2026-09-27T12:33:56.913+02:00;3657.649228;;;11.9
2026-09-27T12:33:56.942+02:00;3657.678516;;100.062;
2026-09-27T12:33:56.944+02:00;3657.680408;10.17;;
2026-09-27T12:34:00.325+02:00;3661.062090;;;11.89
2026-09-27T12:34:00.355+02:00;3661.091355;;100.061;
2026-09-27T12:34:00.357+02:00;3661.093232;10.165;;
2026-09-27T12:34:03.736+02:00;3664.472821;;;11.89
2026-09-27T12:34:03.765+02:00;3664.501959;;100.062;
2026-09-27T12:34:03.767+02:00;3664.503924;10.162;;
2026-09-27T12:34:07.148+02:00;3667.884702;;;11.89
2026-09-27T12:34:07.177+02:00;3667.913697;;100.062;
2026-09-27T12:34:07.179+02:00;3667.915674;10.164;;
2026-09-27T12:34:10.560+02:00;3671.296379;;;11.89
2026-09-27T12:34:10.589+02:00;3671.325521;;100.061;
2026-09-27T12:34:10.591+02:00;3671.327489;10.162;;
2026-09-27T12:34:13.971+02:00;3674.708124;;;11.89
2026-09-27T12:34:14.001+02:00;3674.737445;;100.062;
2026-09-27T12:34:14.003+02:00;3674.739336;10.16;;
2026-09-27T12:34:17.384+02:00;3678.120847;;;11.89
2026-09-27T12:34:17.413+02:00;3678.150136;;100.062;
2026-09-27T12:34:17.415+02:00;3678.152174;10.16;;
2026-09-27T12:34:20.795+02:00;3681.531816;;;11.88
2026-09-27T12:34:20.824+02:00;3681.560993;;100.062;
2026-09-27T12:34:20.826+02:00;3681.562865;10.16;;
2026-09-27T12:34:24.713+02:00;3685.449948;;;11.88
2026-09-27T12:34:24.742+02:00;3685.478889;;100.062;
2026-09-27T12:34:24.744+02:00;3685.480840;10.16;;
2026-09-27T12:34:28.116+02:00;3688.852705;;;11.88
2026-09-27T12:34:28.145+02:00;3688.881874;;100.062;
2026-09-27T12:34:28.147+02:00;3688.883778;10.153;;
2026-09-27T12:34:31.528+02:00;3692.264512;;;11.89
2026-09-27T12:34:31.557+02:00;3692.293686;;100.061;
2026-09-27T12:34:31.559+02:00;3692.295644;10.147;;
2026-09-27T12:34:35.451+02:00;3696.187404;;;11.88
2026-09-27T12:34:35.481+02:00;3696.217878;;100.062;
2026-09-27T12:34:35.482+02:00;3696.218656;10.144;;
2026-09-27T12:34:38.854+02:00;3699.590226;;;11.89
2026-09-27T12:34:38.883+02:00;3699.619469;;100.061;
2026-09-27T12:34:38.885+02:00;3699.621343;10.144;;
2026-09-27T12:34:42.265+02:00;3703.002022;;;11.89
2026-09-27T12:34:42.295+02:00;3703.031274;;100.061;
2026-09-27T12:34:42.296+02:00;3703.033148;10.143;;
2026-09-27T12:34:45.677+02:00;3706.413959;;;11.9
2026-09-27T12:34:45.706+02:00;3706.442899;;100.062;
2026-09-27T12:34:45.708+02:00;3706.444852;10.14;;
2026-09-27T12:34:49.089+02:00;3709.825615;;;11.91
2026-09-27T12:34:49.118+02:00;3709.854738;;100.062;
2026-09-27T12:34:49.120+02:00;3709.856692;10.134;;
2026-09-27T12:34:52.501+02:00;3713.237420;;;11.89
2026-09-27T12:34:52.530+02:00;3713.266622;;100.062;
2026-09-27T12:34:52.539+02:00;3713.276069;10.128;;
2026-09-27T12:34:55.912+02:00;3716.649171;;;11.91
2026-09-27T12:34:55.942+02:00;3716.678402;;100.061;
2026-09-27T12:34:55.946+02:00;3716.682307;10.128;;
2026-09-27T12:34:59.324+02:00;3720.060892;;;11.9
2026-09-27T12:34:59.354+02:00;3720.090821;;100.061;
2026-09-27T12:34:59.356+02:00;3720.092223;10.127;;
2026-09-27T12:35:02.737+02:00;3723.473712;;;11.88
2026-09-27T12:35:02.766+02:00;3723.502909;;100.062;
2026-09-27T12:35:02.768+02:00;3723.504840;10.123;;
2026-09-27T12:35:06.148+02:00;3726.884489;;;11.89
2026-09-27T12:35:06.177+02:00;3726.913689;;100.062;
2026-09-27T12:35:06.179+02:00;3726.915479;10.115;;
2026-09-27T12:35:09.560+02:00;3730.296232;;;11.9
2026-09-27T12:35:09.589+02:00;3730.325385;;100.063;
2026-09-27T12:35:09.591+02:00;3730.327455;10.112;;
2026-09-27T12:35:12.971+02:00;3733.707934;;;11.89
2026-09-27T12:35:13.000+02:00;3733.737066;;100.062;
2026-09-27T12:35:13.002+02:00;3733.739038;10.112;;
2026-09-27T12:35:16.383+02:00;3737.119725;;;11.89
2026-09-27T12:35:16.412+02:00;3737.149194;;100.062;
2026-09-27T12:35:16.415+02:00;3737.151465;10.112;;
2026-09-27T12:35:19.795+02:00;3740.531474;;;11.89
2026-09-27T12:35:19.824+02:00;3740.560668;;100.062;
2026-09-27T12:35:19.826+02:00;3740.562715;10.109;;
2026-09-27T12:35:23.207+02:00;3743.943308;;;11.91
2026-09-27T12:35:23.236+02:00;3743.972336;;100.062;
2026-09-27T12:35:23.238+02:00;3743.974308;10.1;;
2026-09-27T12:35:26.618+02:00;3747.355086;;;11.9
2026-09-27T12:35:26.649+02:00;3747.385826;;100.062;
2026-09-27T12:35:26.649+02:00;3747.386096;10.098;;
2026-09-27T12:35:30.030+02:00;3750.766851;;;11.89
2026-09-27T12:35:30.059+02:00;3750.795963;;100.061;
2026-09-27T12:35:30.061+02:00;3750.797999;10.096;;
2026-09-27T12:35:33.442+02:00;3754.178598;;;11.89
2026-09-27T12:35:33.471+02:00;3754.207742;;100.062;
2026-09-27T12:35:33.473+02:00;3754.209694;10.096;;
2026-09-27T12:35:36.854+02:00;3757.590368;;;11.9
2026-09-27T12:35:36.883+02:00;3757.619430;;100.062;
2026-09-27T12:35:36.885+02:00;3757.621397;10.095;;
2026-09-27T12:35:40.265+02:00;3761.001907;;;11.88
2026-09-27T12:35:40.295+02:00;3761.031295;;100.061;
2026-09-27T12:35:40.297+02:00;3761.033370;10.087;;
2026-09-27T12:35:44.060+02:00;3764.796528;;;11.88
2026-09-27T12:35:44.095+02:00;3764.831671;10.082;100.062;
2026-09-27T12:35:47.472+02:00;3768.208359;;;11.91
2026-09-27T12:35:47.501+02:00;3768.237741;;100.062;
2026-09-27T12:35:47.503+02:00;3768.239612;10.079;;
2026-09-27T12:35:50.884+02:00;3771.620255;;;11.9
2026-09-27T12:35:50.913+02:00;3771.649355;;100.061;
2026-09-27T12:35:50.915+02:00;3771.651268;10.079;;
2026-09-27T12:35:54.295+02:00;3775.031986;;;11.9
2026-09-27T12:35:54.324+02:00;3775.061127;;100.062;
2026-09-27T12:35:54.326+02:00;3775.062984;10.078;;
2026-09-27T12:35:57.707+02:00;3778.443834;;;11.89
2026-09-27T12:35:57.736+02:00;3778.472832;;100.062;
2026-09-27T12:35:57.738+02:00;3778.474787;10.069;;
2026-09-27T12:36:01.119+02:00;3781.855541;;;11.89
2026-09-27T12:36:01.148+02:00;3781.884588;;100.061;
2026-09-27T12:36:01.150+02:00;3781.886797;10.063;;
2026-09-27T12:36:04.531+02:00;3785.267205;;;11.89
2026-09-27T12:36:04.560+02:00;3785.296506;;100.062;
2026-09-27T12:36:04.562+02:00;3785.298490;10.063;;
2026-09-27T12:36:07.943+02:00;3788.680008;;;11.89
2026-09-27T12:36:07.974+02:00;3788.710811;;100.061;
2026-09-27T12:36:07.974+02:00;3788.711186;10.062;;
2026-09-27T12:36:11.354+02:00;3792.090804;;;11.88
2026-09-27T12:36:11.383+02:00;3792.120047;;100.062;
2026-09-27T12:36:11.385+02:00;3792.122056;10.059;;
2026-09-27T12:36:14.766+02:00;3795.502674;;;11.88
2026-09-27T12:36:14.795+02:00;3795.531835;;100.061;
2026-09-27T12:36:14.797+02:00;3795.533775;10.05;;
2026-09-27T12:36:18.178+02:00;3798.914471;;;11.91
2026-09-27T12:36:18.207+02:00;3798.943516;;100.062;
2026-09-27T12:36:18.209+02:00;3798.945451;10.048;;
2026-09-27T12:36:21.589+02:00;3802.326177;;;11.9
2026-09-27T12:36:21.619+02:00;3802.355314;;100.061;
2026-09-27T12:36:21.621+02:00;3802.357300;10.047;;
2026-09-27T12:36:25.002+02:00;3805.738863;;;11.89
2026-09-27T12:36:25.034+02:00;3805.771028;10.047;100.061;
2026-09-27T12:36:28.979+02:00;3809.715274;;;11.87
2026-09-27T12:36:29.008+02:00;3809.744505;;100.062;
2026-09-27T12:36:29.010+02:00;3809.746464;10.047;;
2026-09-27T12:36:32.382+02:00;3813.118313;;;11.88
2026-09-27T12:36:32.411+02:00;3813.147469;;100.061;
2026-09-27T12:36:32.413+02:00;3813.149595;10.046;;
2026-09-27T12:36:35.793+02:00;3816.530022;;;11.91
2026-09-27T12:36:35.823+02:00;3816.559296;;100.062;
2026-09-27T12:36:35.825+02:00;3816.561339;10.042;;
2026-09-27T12:36:39.205+02:00;3819.941444;;;11.9
2026-09-27T12:36:39.234+02:00;3819.970863;;100.062;
2026-09-27T12:36:39.236+02:00;3819.972691;10.04;;
2026-09-27T12:36:43.004+02:00;3823.740946;;;11.88
2026-09-27T12:36:43.033+02:00;3823.770066;;100.062;
2026-09-27T12:36:43.035+02:00;3823.772090;10.035;;
2026-09-27T12:36:46.416+02:00;3827.152310;;;11.9
2026-09-27T12:36:46.445+02:00;3827.181453;;100.062;
2026-09-27T12:36:46.447+02:00;3827.183440;10.031;;
2026-09-27T12:36:49.827+02:00;3830.563622;;;11.91
2026-09-27T12:36:49.856+02:00;3830.592945;;100.061;
2026-09-27T12:36:49.858+02:00;3830.594918;10.031;;
2026-09-27T12:36:53.238+02:00;3833.975098;;;11.91
2026-09-27T12:36:53.268+02:00;3834.004399;;100.062;
2026-09-27T12:36:53.270+02:00;3834.006364;10.031;;
2026-09-27T12:36:56.650+02:00;3837.386545;;;11.88
2026-09-27T12:36:56.679+02:00;3837.415852;;100.061;
2026-09-27T12:36:56.681+02:00;3837.417763;10.03;;
2026-09-27T12:37:00.061+02:00;3840.797880;;;11.88
2026-09-27T12:37:00.090+02:00;3840.827169;;100.062;
2026-09-27T12:37:00.092+02:00;3840.829086;10.029;;
2026-09-27T12:37:03.473+02:00;3844.209450;;;11.88
2026-09-27T12:37:03.502+02:00;3844.238460;;100.062;
2026-09-27T12:37:03.504+02:00;3844.240434;10.026;;
2026-09-27T12:37:06.884+02:00;3847.620795;;;11.9
2026-09-27T12:37:06.913+02:00;3847.650064;;100.062;
2026-09-27T12:37:06.915+02:00;3847.652178;10.027;;
2026-09-27T12:37:10.297+02:00;3851.033258;;;11.88
2026-09-27T12:37:10.326+02:00;3851.062602;;100.062;
2026-09-27T12:37:10.328+02:00;3851.064283;10.029;;
2026-09-27T12:37:13.707+02:00;3854.443892;;;11.89
2026-09-27T12:37:13.736+02:00;3854.472845;;100.062;
2026-09-27T12:37:13.738+02:00;3854.474784;10.03;;
2026-09-27T12:37:17.118+02:00;3857.855167;;;11.88
2026-09-27T12:37:17.148+02:00;3857.884299;;100.062;
2026-09-27T12:37:17.150+02:00;3857.886417;10.031;;
2026-09-27T12:37:20.530+02:00;3861.266664;;;11.88
2026-09-27T12:37:20.559+02:00;3861.295705;;100.061;
2026-09-27T12:37:20.561+02:00;3861.297658;10.04;;
2026-09-27T12:37:23.941+02:00;3864.678006;;;11.89
2026-09-27T12:37:23.978+02:00;3864.714288;10.048;100.061;
2026-09-27T12:37:27.354+02:00;3868.090459;;;11.88
2026-09-27T12:37:27.383+02:00;3868.119714;;100.062;
2026-09-27T12:37:27.385+02:00;3868.121793;10.055;;
2026-09-27T12:37:30.764+02:00;3871.500840;;;11.88
2026-09-27T12:37:30.793+02:00;3871.530131;;100.061;
2026-09-27T12:37:30.795+02:00;3871.532028;10.063;;
2026-09-27T12:37:34.176+02:00;3874.912280;;;11.88
2026-09-27T12:37:34.205+02:00;3874.941522;;100.061;
2026-09-27T12:37:34.207+02:00;3874.943381;10.076;;
2026-09-27T12:37:37.587+02:00;3878.323805;;;11.89
2026-09-27T12:37:37.616+02:00;3878.352897;;100.062;
2026-09-27T12:37:37.618+02:00;3878.354904;10.084;;
2026-09-27T12:37:40.998+02:00;3881.735165;;;11.89
2026-09-27T12:37:41.028+02:00;3881.764313;;100.062;
2026-09-27T12:37:41.030+02:00;3881.766268;10.096;;
2026-09-27T12:37:44.410+02:00;3885.146699;;;11.89
2026-09-27T12:37:44.439+02:00;3885.175783;;100.061;
2026-09-27T12:37:44.441+02:00;3885.177749;10.109;;
2026-09-27T12:37:47.821+02:00;3888.558136;;;11.88
2026-09-27T12:37:47.858+02:00;3888.594342;10.112;100.062;
2026-09-27T12:37:51.233+02:00;3891.969466;;;11.88
2026-09-27T12:37:51.266+02:00;3892.002779;10.127;100.062;
2026-09-27T12:37:54.644+02:00;3895.380874;;;11.89
2026-09-27T12:37:54.674+02:00;3895.410313;;100.062;
2026-09-27T12:37:54.678+02:00;3895.414863;10.129;;
2026-09-27T12:37:58.056+02:00;3898.792269;;;11.89
2026-09-27T12:37:58.085+02:00;3898.821634;;100.062;
2026-09-27T12:37:58.087+02:00;3898.823465;10.142;;
2026-09-27T12:38:01.469+02:00;3902.205242;;;11.88
2026-09-27T12:38:01.497+02:00;3902.234079;;100.063;
2026-09-27T12:38:01.499+02:00;3902.235958;10.144;;
2026-09-27T12:38:05.206+02:00;3905.942601;;;11.89
2026-09-27T12:38:05.235+02:00;3905.971730;;100.062;
2026-09-27T12:38:05.237+02:00;3905.973694;10.154;;
2026-09-27T12:38:08.617+02:00;3909.353961;;;11.9
2026-09-27T12:38:08.646+02:00;3909.383103;;100.063;
2026-09-27T12:38:08.648+02:00;3909.385094;10.16;;
2026-09-27T12:38:12.029+02:00;3912.765420;;;11.9
2026-09-27T12:38:12.058+02:00;3912.794786;;100.062;
2026-09-27T12:38:12.060+02:00;3912.796815;10.161;;
2026-09-27T12:38:15.440+02:00;3916.176944;;;11.9
2026-09-27T12:38:15.470+02:00;3916.206270;;100.062;
2026-09-27T12:38:15.472+02:00;3916.208290;10.168;;
2026-09-27T12:38:18.852+02:00;3919.588371;;;11.91
2026-09-27T12:38:18.881+02:00;3919.617703;;100.063;
2026-09-27T12:38:18.883+02:00;3919.619586;10.175;;
2026-09-27T12:38:22.264+02:00;3923.000997;;;11.91
2026-09-27T12:38:22.293+02:00;3923.029200;;100.063;
2026-09-27T12:38:22.294+02:00;3923.031073;10.176;;
2026-09-27T12:38:25.675+02:00;3926.411357;;;11.9
2026-09-27T12:38:25.704+02:00;3926.440633;;100.063;
2026-09-27T12:38:25.706+02:00;3926.442603;10.177;;
2026-09-27T12:38:29.086+02:00;3929.822885;;;11.9
2026-09-27T12:38:29.115+02:00;3929.851934;;100.062;
2026-09-27T12:38:29.117+02:00;3929.853875;10.182;;
2026-09-27T12:38:32.498+02:00;3933.234293;;;11.9
2026-09-27T12:38:32.527+02:00;3933.263429;;100.062;
2026-09-27T12:38:32.529+02:00;3933.265396;10.189;;
2026-09-27T12:38:35.909+02:00;3936.645717;;;11.9
2026-09-27T12:38:35.938+02:00;3936.674834;;100.062;
2026-09-27T12:38:35.940+02:00;3936.676932;10.193;;
2026-09-27T12:38:39.320+02:00;3940.057198;;;11.91
2026-09-27T12:38:39.350+02:00;3940.086383;;100.062;
2026-09-27T12:38:39.352+02:00;3940.088324;10.193;;
2026-09-27T12:38:42.732+02:00;3943.468681;;;11.89
2026-09-27T12:38:42.764+02:00;3943.500277;;100.062;
2026-09-27T12:38:42.765+02:00;3943.501316;10.193;;
2026-09-27T12:38:46.143+02:00;3946.880148;;;11.91
2026-09-27T12:38:46.173+02:00;3946.909315;;100.062;
2026-09-27T12:38:46.175+02:00;3946.911499;10.193;;
2026-09-27T12:38:49.556+02:00;3950.292599;;;11.9
2026-09-27T12:38:49.585+02:00;3950.321805;;100.062;
2026-09-27T12:38:49.587+02:00;3950.323712;10.195;;
2026-09-27T12:38:52.966+02:00;3953.703140;;;11.91
2026-09-27T12:38:52.996+02:00;3953.732278;;100.063;
2026-09-27T12:38:52.998+02:00;3953.734276;10.195;;
2026-09-27T12:38:56.378+02:00;3957.114537;;;11.91
2026-09-27T12:38:56.407+02:00;3957.143725;;100.061;
2026-09-27T12:38:56.409+02:00;3957.145674;10.197;;
2026-09-27T12:38:59.789+02:00;3960.526102;;;11.91
2026-09-27T12:38:59.819+02:00;3960.555258;;100.062;
2026-09-27T12:38:59.821+02:00;3960.557226;10.198;;
2026-09-27T12:39:03.201+02:00;3963.937520;;;11.92
2026-09-27T12:39:03.230+02:00;3963.966797;;100.062;
2026-09-27T12:39:03.232+02:00;3963.968651;10.2;;
2026-09-27T12:39:06.612+02:00;3967.349186;;;11.91
2026-09-27T12:39:06.641+02:00;3967.378195;;100.062;
2026-09-27T12:39:06.643+02:00;3967.380199;10.198;;
2026-09-27T12:39:10.412+02:00;3971.148664;;;11.91
2026-09-27T12:39:10.442+02:00;3971.179142;;100.062;
2026-09-27T12:39:10.443+02:00;3971.179981;10.198;;
2026-09-27T12:39:13.823+02:00;3974.560060;;;11.91
2026-09-27T12:39:13.857+02:00;3974.593933;10.195;100.063;
2026-09-27T12:39:17.567+02:00;3978.303294;;;11.91
2026-09-27T12:39:17.596+02:00;3978.332538;;100.064;
2026-09-27T12:39:17.598+02:00;3978.334430;10.193;;
2026-09-27T12:39:20.978+02:00;3981.714793;;;11.92
2026-09-27T12:39:21.007+02:00;3981.744100;;100.062;
2026-09-27T12:39:21.009+02:00;3981.745984;10.193;;
2026-09-27T12:39:24.390+02:00;3985.126345;;;11.9
2026-09-27T12:39:24.419+02:00;3985.155698;;100.062;
2026-09-27T12:39:24.421+02:00;3985.157551;10.193;;
2026-09-27T12:39:27.801+02:00;3988.537933;;;11.91
2026-09-27T12:39:27.830+02:00;3988.567138;;100.062;
2026-09-27T12:39:27.833+02:00;3988.569221;10.192;;
2026-09-27T12:39:31.547+02:00;3992.283494;;;11.91
2026-09-27T12:39:31.576+02:00;3992.312732;;100.062;
2026-09-27T12:39:31.578+02:00;3992.314659;10.193;;
2026-09-27T12:39:34.958+02:00;3995.694933;;;11.92
2026-09-27T12:39:34.987+02:00;3995.724099;;100.062;
2026-09-27T12:39:34.989+02:00;3995.726063;10.193;;
2026-09-27T12:39:38.370+02:00;3999.106377;;;11.91
2026-09-27T12:39:38.399+02:00;3999.135523;;100.063;
2026-09-27T12:39:38.401+02:00;3999.137497;10.19;;
2026-09-27T12:39:41.781+02:00;4002.517927;;;11.9
2026-09-27T12:39:41.810+02:00;4002.547078;;100.061;
2026-09-27T12:39:41.812+02:00;4002.549037;10.189;;
2026-09-27T12:39:45.527+02:00;4006.263638;;;11.91
2026-09-27T12:39:45.556+02:00;4006.292895;;100.061;
2026-09-27T12:39:45.558+02:00;4006.294874;10.187;;
2026-09-27T12:39:49.330+02:00;4010.066200;;;11.91
2026-09-27T12:39:49.359+02:00;4010.095602;;100.062;
2026-09-27T12:39:49.361+02:00;4010.097510;10.181;;
2026-09-27T12:39:53.132+02:00;4013.868791;;;11.91
2026-09-27T12:39:53.161+02:00;4013.897962;;100.062;
2026-09-27T12:39:53.163+02:00;4013.899981;10.178;;
2026-09-27T12:39:56.935+02:00;4017.671492;;;11.91
2026-09-27T12:39:56.964+02:00;4017.700673;;100.062;
2026-09-27T12:39:56.966+02:00;4017.702482;10.178;;
2026-09-27T12:40:00.346+02:00;4021.082869;;;11.91
2026-09-27T12:40:00.376+02:00;4021.112221;;100.062;
2026-09-27T12:40:00.377+02:00;4021.114184;10.175;;
2026-09-27T12:40:03.758+02:00;4024.494449;;;11.9
2026-09-27T12:40:03.787+02:00;4024.523811;;100.062;
2026-09-27T12:40:03.789+02:00;4024.525829;10.175;;
2026-09-27T12:40:07.169+02:00;4027.906024;;;11.91
2026-09-27T12:40:07.199+02:00;4027.935223;;100.062;
2026-09-27T12:40:07.200+02:00;4027.937198;10.167;;
2026-09-27T12:40:10.581+02:00;4031.317463;;;11.89
2026-09-27T12:40:10.616+02:00;4031.353051;10.161;100.062;
2026-09-27T12:40:13.992+02:00;4034.728971;;;11.89
2026-09-27T12:40:14.028+02:00;4034.764376;10.161;100.061;
2026-09-27T12:40:17.404+02:00;4038.140528;;;11.89
2026-09-27T12:40:17.437+02:00;4038.173911;10.16;100.062;
2026-09-27T12:40:20.815+02:00;4041.552014;;;11.89
2026-09-27T12:40:20.844+02:00;4041.581164;;100.062;
2026-09-27T12:40:20.847+02:00;4041.583479;10.16;;
2026-09-27T12:40:24.739+02:00;4045.475224;;;11.88
2026-09-27T12:40:24.768+02:00;4045.504496;;100.062;
2026-09-27T12:40:24.777+02:00;4045.513378;10.156;;
2026-09-27T12:40:28.141+02:00;4048.877735;;;11.89
2026-09-27T12:40:28.170+02:00;4048.906928;;100.062;
2026-09-27T12:40:28.172+02:00;4048.908921;10.147;;
2026-09-27T12:40:31.941+02:00;4052.677946;;;11.88
2026-09-27T12:40:31.970+02:00;4052.707139;;100.062;
2026-09-27T12:40:31.972+02:00;4052.709096;10.144;;
2026-09-27T12:40:35.353+02:00;4056.089482;;;11.9
2026-09-27T12:40:35.382+02:00;4056.118857;;100.061;
2026-09-27T12:40:35.384+02:00;4056.120833;10.144;;
2026-09-27T12:40:38.764+02:00;4059.501105;;;11.9
2026-09-27T12:40:38.794+02:00;4059.530281;;100.062;
2026-09-27T12:40:38.796+02:00;4059.532474;10.144;;
2026-09-27T12:40:42.176+02:00;4062.912588;;;11.9
2026-09-27T12:40:42.205+02:00;4062.942133;;100.062;
2026-09-27T12:40:42.213+02:00;4062.949899;10.132;;
2026-09-27T12:40:45.587+02:00;4066.324004;;;11.91
2026-09-27T12:40:45.617+02:00;4066.353325;;100.062;
2026-09-27T12:40:45.619+02:00;4066.355224;10.132;;
2026-09-27T12:40:48.999+02:00;4069.735641;;;11.91
2026-09-27T12:40:49.030+02:00;4069.766287;;100.062;
2026-09-27T12:40:49.030+02:00;4069.766962;10.128;;
2026-09-27T12:40:52.410+02:00;4073.147106;;;11.9
2026-09-27T12:40:52.440+02:00;4073.176383;;100.062;
2026-09-27T12:40:52.442+02:00;4073.178246;10.128;;
2026-09-27T12:40:55.822+02:00;4076.558753;;;11.89
2026-09-27T12:40:55.851+02:00;4076.587925;;100.063;
2026-09-27T12:40:55.853+02:00;4076.589844;10.127;;
2026-09-27T12:40:59.234+02:00;4079.970319;;;11.88
2026-09-27T12:40:59.263+02:00;4079.999489;;100.062;
2026-09-27T12:40:59.265+02:00;4080.001434;10.124;;
2026-09-27T12:41:02.645+02:00;4083.381964;;;11.88
2026-09-27T12:41:02.674+02:00;4083.410939;;100.062;
2026-09-27T12:41:02.676+02:00;4083.413014;10.119;;
2026-09-27T12:41:06.057+02:00;4086.793385;;;11.88
2026-09-27T12:41:06.086+02:00;4086.822522;;100.062;
2026-09-27T12:41:06.088+02:00;4086.824474;10.114;;
2026-09-27T12:41:09.468+02:00;4090.204837;;;11.89
2026-09-27T12:41:09.497+02:00;4090.234146;;100.063;
2026-09-27T12:41:09.503+02:00;4090.239687;10.112;;
2026-09-27T12:41:12.880+02:00;4093.616432;;;11.91
2026-09-27T12:41:12.909+02:00;4093.645620;;100.062;
2026-09-27T12:41:12.918+02:00;4093.655174;10.111;;
2026-09-27T12:41:16.291+02:00;4097.027870;;;11.88
2026-09-27T12:41:16.322+02:00;4097.058932;;100.062;
2026-09-27T12:41:16.323+02:00;4097.059336;10.107;;
2026-09-27T12:41:19.703+02:00;4100.439412;;;11.87
2026-09-27T12:41:19.732+02:00;4100.468598;;100.062;
2026-09-27T12:41:19.734+02:00;4100.470493;10.102;;
2026-09-27T12:41:23.114+02:00;4103.851006;;;11.88
2026-09-27T12:41:23.143+02:00;4103.880156;;100.062;
2026-09-27T12:41:23.145+02:00;4103.882126;10.099;;
2026-09-27T12:41:26.526+02:00;4107.262490;;;11.88
2026-09-27T12:41:26.555+02:00;4107.291656;;100.061;
2026-09-27T12:41:26.557+02:00;4107.293635;10.096;;
2026-09-27T12:41:29.937+02:00;4110.673997;;;11.89
2026-09-27T12:41:29.967+02:00;4110.703361;;100.063;
2026-09-27T12:41:29.969+02:00;4110.705234;10.096;;
2026-09-27T12:41:33.349+02:00;4114.085489;;;11.9
2026-09-27T12:41:33.378+02:00;4114.114724;;100.062;
2026-09-27T12:41:33.380+02:00;4114.116688;10.096;;
2026-09-27T12:41:36.760+02:00;4117.497100;;;11.88
2026-09-27T12:41:36.790+02:00;4117.526255;;100.062;
2026-09-27T12:41:36.792+02:00;4117.529080;10.091;;
2026-09-27T12:41:40.172+02:00;4120.908602;;;11.88
2026-09-27T12:41:40.201+02:00;4120.937902;;100.061;
2026-09-27T12:41:40.203+02:00;4120.939868;10.085;;
2026-09-27T12:41:43.584+02:00;4124.320233;;;11.88
2026-09-27T12:41:43.613+02:00;4124.349389;;100.062;
2026-09-27T12:41:43.615+02:00;4124.351262;10.079;;
2026-09-27T12:41:46.996+02:00;4127.732887;;;11.88
2026-09-27T12:41:47.025+02:00;4127.761966;;100.062;
2026-09-27T12:41:47.027+02:00;4127.763878;10.079;;
2026-09-27T12:41:50.407+02:00;4131.143378;;;11.88
2026-09-27T12:41:50.436+02:00;4131.172522;;100.062;
2026-09-27T12:41:50.438+02:00;4131.174343;10.079;;
2026-09-27T12:41:53.818+02:00;4134.554979;;;11.89
2026-09-27T12:41:53.847+02:00;4134.584018;;100.061;
2026-09-27T12:41:53.849+02:00;4134.585980;10.079;;
2026-09-27T12:41:57.230+02:00;4137.966464;;;11.88
2026-09-27T12:41:57.259+02:00;4137.995481;;100.062;
2026-09-27T12:41:57.261+02:00;4137.997458;10.078;;
2026-09-27T12:42:00.641+02:00;4141.377931;;;11.88
2026-09-27T12:42:00.675+02:00;4141.411447;10.07;100.062;
2026-09-27T12:42:04.053+02:00;4144.789697;;;11.88
2026-09-27T12:42:04.090+02:00;4144.826670;;100.062;
2026-09-27T12:42:04.090+02:00;4144.827059;10.064;;
2026-09-27T12:42:07.464+02:00;4148.201153;;;11.88
2026-09-27T12:42:07.494+02:00;4148.230324;;100.062;
2026-09-27T12:42:07.496+02:00;4148.232782;10.063;;
2026-09-27T12:42:10.876+02:00;4151.612817;;;11.87
2026-09-27T12:42:10.905+02:00;4151.641988;;100.062;
2026-09-27T12:42:10.915+02:00;4151.651467;10.063;;
2026-09-27T12:42:14.288+02:00;4155.024304;;;11.87
2026-09-27T12:42:14.317+02:00;4155.053459;;100.062;
2026-09-27T12:42:14.319+02:00;4155.055405;10.061;;
2026-09-27T12:42:17.699+02:00;4158.435808;;;11.86
2026-09-27T12:42:17.728+02:00;4158.465177;;100.062;
2026-09-27T12:42:17.731+02:00;4158.467902;10.058;;
2026-09-27T12:42:21.112+02:00;4161.848359;;;11.85
2026-09-27T12:42:21.141+02:00;4161.877749;;100.061;
2026-09-27T12:42:21.143+02:00;4161.879722;10.049;;
2026-09-27T12:42:24.522+02:00;4165.258956;;;11.86
2026-09-27T12:42:24.556+02:00;4165.292898;10.048;100.062;
2026-09-27T12:42:27.934+02:00;4168.670489;;;11.87
2026-09-27T12:42:27.963+02:00;4168.699811;;100.062;
2026-09-27T12:42:27.972+02:00;4168.708851;10.047;;
2026-09-27T12:42:31.345+02:00;4172.082109;;;11.88
2026-09-27T12:42:31.375+02:00;4172.111301;;100.062;
2026-09-27T12:42:31.377+02:00;4172.113700;10.047;;
2026-09-27T12:42:34.757+02:00;4175.493695;;;11.85
2026-09-27T12:42:34.786+02:00;4175.522833;;100.061;
2026-09-27T12:42:34.789+02:00;4175.525255;10.046;;
2026-09-27T12:42:38.169+02:00;4178.905364;;;11.86
2026-09-27T12:42:38.198+02:00;4178.934438;;100.063;
2026-09-27T12:42:38.200+02:00;4178.936394;10.044;;
2026-09-27T12:42:41.580+02:00;4182.316883;;;11.86
2026-09-27T12:42:41.610+02:00;4182.346345;;100.062;
2026-09-27T12:42:41.616+02:00;4182.352227;10.034;;
2026-09-27T12:42:44.992+02:00;4185.728338;;;11.86
2026-09-27T12:42:45.021+02:00;4185.757777;;100.062;
2026-09-27T12:42:45.023+02:00;4185.760074;10.031;;
2026-09-27T12:42:48.403+02:00;4189.140051;;;11.87
2026-09-27T12:42:48.433+02:00;4189.169664;;100.062;
2026-09-27T12:42:48.440+02:00;4189.176937;10.031;;
2026-09-27T12:42:51.815+02:00;4192.551490;;;11.87
2026-09-27T12:42:51.844+02:00;4192.581005;;100.062;
2026-09-27T12:42:51.848+02:00;4192.584632;10.03;;
2026-09-27T12:42:55.226+02:00;4195.963115;;;11.86
2026-09-27T12:42:55.256+02:00;4195.992323;;100.062;
2026-09-27T12:42:55.266+02:00;4196.002486;10.025;;
2026-09-27T12:42:58.638+02:00;4199.374669;;;11.86
2026-09-27T12:42:58.667+02:00;4199.404020;;100.061;
2026-09-27T12:42:58.669+02:00;4199.406043;10.02;;
2026-09-27T12:43:02.050+02:00;4202.786390;;;11.88
2026-09-27T12:43:02.079+02:00;4202.815473;;100.062;
2026-09-27T12:43:02.081+02:00;4202.817431;10.016;;
2026-09-27T12:43:05.461+02:00;4206.197951;;;11.87
2026-09-27T12:43:05.492+02:00;4206.228313;;100.062;
2026-09-27T12:43:05.492+02:00;4206.229075;10.015;;
2026-09-27T12:43:08.873+02:00;4209.609474;;;11.86
2026-09-27T12:43:08.908+02:00;4209.645125;10.015;100.062;
2026-09-27T12:43:12.284+02:00;4213.021104;;;11.86
2026-09-27T12:43:12.313+02:00;4213.050133;;100.062;
2026-09-27T12:43:12.315+02:00;4213.052107;10.014;;
2026-09-27T12:43:15.696+02:00;4216.432666;;;11.88
2026-09-27T12:43:15.731+02:00;4216.467884;10.011;100.062;
2026-09-27T12:43:19.107+02:00;4219.844084;;;11.87
2026-09-27T12:43:19.140+02:00;4219.876605;10.004;100.062;
2026-09-27T12:43:22.519+02:00;4223.255750;;;11.86
2026-09-27T12:43:22.547+02:00;4223.283803;;100.062;
2026-09-27T12:43:22.549+02:00;4223.285771;9.999;;
2026-09-27T12:43:25.931+02:00;4226.667348;;;11.88
2026-09-27T12:43:25.960+02:00;4226.696681;;100.061;
2026-09-27T12:43:25.962+02:00;4226.698718;10.0;;
2026-09-27T12:43:29.342+02:00;4230.078885;;;11.87
2026-09-27T12:43:29.370+02:00;4230.107196;;100.062;
2026-09-27T12:43:29.373+02:00;4230.109246;9.999;;
2026-09-27T12:43:33.306+02:00;4234.042211;;;11.84
2026-09-27T12:43:33.334+02:00;4234.070460;;100.061;
2026-09-27T12:43:33.336+02:00;4234.072454;9.999;;
2026-09-27T12:43:36.708+02:00;4237.445024;;;11.85
2026-09-27T12:43:36.737+02:00;4237.473251;;100.062;
2026-09-27T12:43:36.739+02:00;4237.475219;9.999;;
2026-09-27T12:43:40.120+02:00;4240.856644;;;11.86
2026-09-27T12:43:40.149+02:00;4240.885749;;100.062;
2026-09-27T12:43:40.151+02:00;4240.887709;10.005;;
2026-09-27T12:43:43.532+02:00;4244.268241;;;11.87
2026-09-27T12:43:43.561+02:00;4244.297263;;100.062;
2026-09-27T12:43:43.563+02:00;4244.299243;10.012;;
2026-09-27T12:43:46.943+02:00;4247.679888;;;11.88
2026-09-27T12:43:46.972+02:00;4247.709141;;100.062;
2026-09-27T12:43:46.974+02:00;4247.711094;10.015;;
2026-09-27T12:43:50.356+02:00;4251.092364;;;11.88
2026-09-27T12:43:50.386+02:00;4251.122203;;100.061;
2026-09-27T12:43:50.387+02:00;4251.124074;10.022;;
2026-09-27T12:43:53.766+02:00;4254.503091;;;11.88
2026-09-27T12:43:53.796+02:00;4254.532321;;100.062;
2026-09-27T12:43:53.797+02:00;4254.534084;10.031;;
2026-09-27T12:43:57.178+02:00;4257.914493;;;11.88
2026-09-27T12:43:57.207+02:00;4257.943737;;100.062;
2026-09-27T12:43:57.209+02:00;4257.945636;10.045;;
2026-09-27T12:44:00.589+02:00;4261.326049;;;11.88
2026-09-27T12:44:00.619+02:00;4261.355355;;100.062;
2026-09-27T12:44:00.621+02:00;4261.357259;10.049;;
2026-09-27T12:44:04.331+02:00;4265.068128;;;11.87
2026-09-27T12:44:04.361+02:00;4265.097347;;100.061;
2026-09-27T12:44:04.363+02:00;4265.099375;10.063;;
2026-09-27T12:44:07.743+02:00;4268.479817;;;11.88
2026-09-27T12:44:07.772+02:00;4268.508807;;100.061;
2026-09-27T12:44:07.774+02:00;4268.510753;10.072;;
2026-09-27T12:44:11.155+02:00;4271.891317;;;11.87
2026-09-27T12:44:11.184+02:00;4271.920329;;100.061;
2026-09-27T12:44:11.186+02:00;4271.922295;10.079;;
2026-09-27T12:44:14.566+02:00;4275.302848;;;11.87
2026-09-27T12:44:14.595+02:00;4275.331989;;100.061;
2026-09-27T12:44:14.597+02:00;4275.334102;10.092;;
2026-09-27T12:44:17.978+02:00;4278.714415;;;11.88
2026-09-27T12:44:18.007+02:00;4278.743666;;100.062;
2026-09-27T12:44:18.009+02:00;4278.745676;10.096;;
2026-09-27T12:44:21.389+02:00;4282.125957;;;11.88
2026-09-27T12:44:21.419+02:00;4282.155922;;100.062;
2026-09-27T12:44:21.421+02:00;4282.157976;10.108;;
2026-09-27T12:44:24.801+02:00;4285.537504;;;11.88
2026-09-27T12:44:24.830+02:00;4285.566810;;100.062;
2026-09-27T12:44:24.832+02:00;4285.569155;10.112;;
2026-09-27T12:44:28.212+02:00;4288.949171;;;11.88
2026-09-27T12:44:28.242+02:00;4288.978356;;100.061;
2026-09-27T12:44:28.244+02:00;4288.980319;10.113;;
2026-09-27T12:44:31.624+02:00;4292.360803;;;11.89
2026-09-27T12:44:31.657+02:00;4292.393546;;100.061;
2026-09-27T12:44:31.657+02:00;4292.393967;10.126;;
2026-09-27T12:44:35.036+02:00;4295.772358;;;11.88
2026-09-27T12:44:35.071+02:00;4295.808177;10.128;100.061;
2026-09-27T12:44:38.447+02:00;4299.183921;;;11.9
2026-09-27T12:44:38.476+02:00;4299.213178;;100.062;
2026-09-27T12:44:38.485+02:00;4299.221852;10.134;;
2026-09-27T12:44:41.859+02:00;4302.595633;;;11.9
2026-09-27T12:44:41.888+02:00;4302.624663;;100.062;
2026-09-27T12:44:41.890+02:00;4302.626601;10.144;;
2026-09-27T12:44:45.270+02:00;4306.007107;;;11.92
2026-09-27T12:44:45.302+02:00;4306.038920;;100.062;
2026-09-27T12:44:45.303+02:00;4306.039209;10.144;;
2026-09-27T12:44:48.682+02:00;4309.418805;;;11.91
2026-09-27T12:44:48.716+02:00;4309.452939;10.146;100.062;
2026-09-27T12:44:52.094+02:00;4312.830275;;;11.91
2026-09-27T12:44:52.127+02:00;4312.863412;;100.061;
2026-09-27T12:44:52.127+02:00;4312.863839;10.155;;
2026-09-27T12:44:55.505+02:00;4316.242010;;;11.91
2026-09-27T12:44:55.541+02:00;4316.277417;10.159;100.061;
2026-09-27T12:44:58.917+02:00;4319.653525;;;11.93
2026-09-27T12:44:58.946+02:00;4319.682731;;100.062;
2026-09-27T12:44:58.948+02:00;4319.684682;10.16;;
2026-09-27T12:45:02.328+02:00;4323.065194;;;11.91
2026-09-27T12:45:02.358+02:00;4323.094660;;100.061;
2026-09-27T12:45:02.360+02:00;4323.096445;10.16;;
2026-09-27T12:45:05.740+02:00;4326.476814;;;11.93
2026-09-27T12:45:05.770+02:00;4326.506943;;100.062;
2026-09-27T12:45:05.771+02:00;4326.507950;10.16;;
2026-09-27T12:45:09.152+02:00;4329.888367;;;11.91
2026-09-27T12:45:09.187+02:00;4329.923747;10.16;100.062;
2026-09-27T12:45:12.563+02:00;4333.299924;;;11.92
2026-09-27T12:45:12.592+02:00;4333.329133;;100.062;
2026-09-27T12:45:12.595+02:00;4333.331210;10.164;;
2026-09-27T12:45:15.975+02:00;4336.711549;;;11.92
2026-09-27T12:45:16.004+02:00;4336.740669;;100.061;
2026-09-27T12:45:16.006+02:00;4336.742633;10.163;;
2026-09-27T12:45:19.386+02:00;4340.123158;;;11.91
2026-09-27T12:45:19.421+02:00;4340.157982;10.165;100.061;
2026-09-27T12:45:22.799+02:00;4343.535812;;;11.93
2026-09-27T12:45:22.828+02:00;4343.565093;;100.062;
2026-09-27T12:45:22.838+02:00;4343.574856;10.162;;
2026-09-27T12:45:26.210+02:00;4346.946293;;;11.91
2026-09-27T12:45:26.239+02:00;4346.975530;;100.062;
2026-09-27T12:45:26.241+02:00;4346.977492;10.162;;
2026-09-27T12:45:29.621+02:00;4350.358024;;;11.91
2026-09-27T12:45:29.651+02:00;4350.387261;;100.062;
2026-09-27T12:45:29.653+02:00;4350.389791;10.161;;
2026-09-27T12:45:33.033+02:00;4353.769512;;;11.92
2026-09-27T12:45:33.062+02:00;4353.798739;;100.062;
2026-09-27T12:45:33.064+02:00;4353.800713;10.161;;
2026-09-27T12:45:36.445+02:00;4357.181275;;;11.92
2026-09-27T12:45:36.474+02:00;4357.210625;;100.062;
2026-09-27T12:45:36.483+02:00;4357.219640;10.16;;
2026-09-27T12:45:39.857+02:00;4360.593825;;;11.92
2026-09-27T12:45:39.886+02:00;4360.622968;;100.062;
2026-09-27T12:45:39.888+02:00;4360.624923;10.16;;
2026-09-27T12:45:43.268+02:00;4364.004496;;;11.93
2026-09-27T12:45:43.297+02:00;4364.033660;;100.062;
2026-09-27T12:45:43.299+02:00;4364.035645;10.16;;
2026-09-27T12:45:46.679+02:00;4367.416057;;;11.91
2026-09-27T12:45:46.709+02:00;4367.445207;;100.061;
2026-09-27T12:45:46.710+02:00;4367.447167;10.16;;
2026-09-27T12:45:50.091+02:00;4370.827751;;;11.92
2026-09-27T12:45:50.120+02:00;4370.856906;;100.062;
2026-09-27T12:45:50.122+02:00;4370.858845;10.16;;
2026-09-27T12:45:53.503+02:00;4374.239282;;;11.94
2026-09-27T12:45:53.541+02:00;4374.277490;10.16;100.062;
2026-09-27T12:45:56.914+02:00;4377.650951;;;11.93
2026-09-27T12:45:56.943+02:00;4377.680109;;100.061;
2026-09-27T12:45:56.945+02:00;4377.681960;10.16;;
2026-09-27T12:46:00.326+02:00;4381.062601;;;11.94
2026-09-27T12:46:00.356+02:00;4381.092766;;100.062;
2026-09-27T12:46:00.357+02:00;4381.093774;10.157;;
2026-09-27T12:46:03.737+02:00;4384.474095;;;11.94
2026-09-27T12:46:03.767+02:00;4384.503720;;100.062;
2026-09-27T12:46:03.769+02:00;4384.506105;10.158;;
2026-09-27T12:46:07.149+02:00;4387.885712;;;11.94
2026-09-27T12:46:07.178+02:00;4387.915125;;100.062;
2026-09-27T12:46:07.180+02:00;4387.916954;10.151;;
2026-09-27T12:46:10.561+02:00;4391.297397;;;11.94
2026-09-27T12:46:10.590+02:00;4391.326720;;100.061;
2026-09-27T12:46:10.592+02:00;4391.328960;10.15;;
2026-09-27T12:46:13.972+02:00;4394.709050;;;11.94
2026-09-27T12:46:14.001+02:00;4394.738093;;100.061;
2026-09-27T12:46:14.012+02:00;4394.748217;10.146;;
2026-09-27T12:46:17.384+02:00;4398.120600;;;11.94
2026-09-27T12:46:17.413+02:00;4398.149804;;100.062;
2026-09-27T12:46:17.415+02:00;4398.151753;10.145;;
2026-09-27T12:46:20.796+02:00;4401.532340;;;11.93
2026-09-27T12:46:20.825+02:00;4401.561370;;100.061;
2026-09-27T12:46:20.827+02:00;4401.563310;10.144;;
2026-09-27T12:46:24.207+02:00;4404.943889;;;11.94
2026-09-27T12:46:24.236+02:00;4404.973025;;100.062;
2026-09-27T12:46:24.238+02:00;4404.974993;10.144;;
2026-09-27T12:46:27.619+02:00;4408.355448;;;11.93
2026-09-27T12:46:27.648+02:00;4408.384674;;100.063;
2026-09-27T12:46:27.651+02:00;4408.388112;10.143;;
2026-09-27T12:46:31.031+02:00;4411.768128;;;11.93
2026-09-27T12:46:31.061+02:00;4411.797277;;100.062;
2026-09-27T12:46:31.063+02:00;4411.799419;10.137;;
2026-09-27T12:46:34.442+02:00;4415.178843;;;11.91
2026-09-27T12:46:34.471+02:00;4415.207929;;100.062;
2026-09-27T12:46:34.473+02:00;4415.209825;10.129;;
2026-09-27T12:46:37.854+02:00;4418.590396;;;11.94
2026-09-27T12:46:37.883+02:00;4418.619656;;100.062;
2026-09-27T12:46:37.885+02:00;4418.621478;10.133;;
2026-09-27T12:46:41.265+02:00;4422.001941;;;11.93
2026-09-27T12:46:41.294+02:00;4422.031073;;100.062;
2026-09-27T12:46:41.296+02:00;4422.033083;10.128;;
2026-09-27T12:46:44.677+02:00;4425.413548;;;11.94
2026-09-27T12:46:44.707+02:00;4425.443388;;100.061;
2026-09-27T12:46:44.709+02:00;4425.445359;10.128;;
2026-09-27T12:46:48.089+02:00;4428.825312;;;11.95
2026-09-27T12:46:48.118+02:00;4428.854336;;100.062;
2026-09-27T12:46:48.120+02:00;4428.856290;10.127;;
2026-09-27T12:46:51.500+02:00;4432.236872;;;11.95
2026-09-27T12:46:51.529+02:00;4432.266171;;100.061;
2026-09-27T12:46:51.538+02:00;4432.274407;10.124;;
2026-09-27T12:46:54.912+02:00;4435.648495;;;11.94
2026-09-27T12:46:54.943+02:00;4435.679782;10.118;100.062;
2026-09-27T12:46:58.323+02:00;4439.060140;;;11.95
2026-09-27T12:46:58.353+02:00;4439.089279;;100.061;
2026-09-27T12:46:58.355+02:00;4439.091378;10.112;;
2026-09-27T12:47:01.735+02:00;4442.471817;;;11.94
2026-09-27T12:47:01.765+02:00;4442.501278;;100.061;
2026-09-27T12:47:01.768+02:00;4442.504259;10.112;;
2026-09-27T12:47:05.147+02:00;4445.883923;;;11.95
2026-09-27T12:47:05.176+02:00;4445.912650;;100.062;
2026-09-27T12:47:05.178+02:00;4445.914511;10.112;;
2026-09-27T12:47:08.558+02:00;4449.295195;;;11.95
2026-09-27T12:47:08.588+02:00;4449.324206;;100.062;
2026-09-27T12:47:08.590+02:00;4449.326219;10.112;;
2026-09-27T12:47:11.970+02:00;4452.706754;;;11.97
2026-09-27T12:47:12.003+02:00;4452.739847;10.111;100.062;
2026-09-27T12:47:15.382+02:00;4456.118467;;;11.95
2026-09-27T12:47:15.411+02:00;4456.147731;;100.062;
2026-09-27T12:47:15.413+02:00;4456.149432;10.101;;
2026-09-27T12:47:18.793+02:00;4459.530161;;;11.95
2026-09-27T12:47:18.822+02:00;4459.559162;;100.061;
2026-09-27T12:47:18.824+02:00;4459.561141;10.097;;
2026-09-27T12:47:22.205+02:00;4462.941802;;;11.96
2026-09-27T12:47:22.235+02:00;4462.971399;;100.062;
2026-09-27T12:47:22.237+02:00;4462.973807;10.096;;
2026-09-27T12:47:25.617+02:00;4466.353401;;;11.96
2026-09-27T12:47:25.646+02:00;4466.382596;;100.062;
2026-09-27T12:47:25.648+02:00;4466.384494;10.096;;
2026-09-27T12:47:29.028+02:00;4469.764991;;;11.94
2026-09-27T12:47:29.057+02:00;4469.794124;;100.061;
2026-09-27T12:47:29.059+02:00;4469.796095;10.096;;
2026-09-27T12:47:32.440+02:00;4473.176489;;;11.95
2026-09-27T12:47:32.469+02:00;4473.205820;;100.062;
2026-09-27T12:47:32.471+02:00;4473.207822;10.096;;
2026-09-27T12:47:35.852+02:00;4476.588248;;;11.95
2026-09-27T12:47:35.881+02:00;4476.617366;;100.062;
2026-09-27T12:47:35.883+02:00;4476.619338;10.095;;
2026-09-27T12:47:39.263+02:00;4479.999933;;;11.95
2026-09-27T12:47:39.292+02:00;4480.028943;;100.062;
2026-09-27T12:47:39.294+02:00;4480.030914;10.089;;
2026-09-27T12:47:42.675+02:00;4483.411439;;;11.95
2026-09-27T12:47:42.705+02:00;4483.441516;;100.062;
2026-09-27T12:47:42.707+02:00;4483.444067;10.081;;
2026-09-27T12:47:46.087+02:00;4486.823201;;;11.95
2026-09-27T12:47:46.116+02:00;4486.852336;;100.062;
2026-09-27T12:47:46.118+02:00;4486.854328;10.08;;
2026-09-27T12:47:49.498+02:00;4490.234802;;;11.94
2026-09-27T12:47:49.527+02:00;4490.263920;;100.062;
2026-09-27T12:47:49.529+02:00;4490.265899;10.079;;
2026-09-27T12:47:52.910+02:00;4493.646603;;;11.93
2026-09-27T12:47:52.939+02:00;4493.675789;;100.062;
2026-09-27T12:47:52.941+02:00;4493.678178;10.079;;
2026-09-27T12:47:56.321+02:00;4497.058188;;;11.94
2026-09-27T12:47:56.351+02:00;4497.087304;;100.062;
2026-09-27T12:47:56.353+02:00;4497.089400;10.079;;
2026-09-27T12:47:59.733+02:00;4500.469887;;;11.95
2026-09-27T12:47:59.762+02:00;4500.499008;;100.062;
2026-09-27T12:47:59.764+02:00;4500.500882;10.079;;
2026-09-27T12:48:03.145+02:00;4503.881456;;;11.95
2026-09-27T12:48:03.174+02:00;4503.910622;;100.061;
2026-09-27T12:48:03.176+02:00;4503.912590;10.077;;
2026-09-27T12:48:06.556+02:00;4507.292980;;;11.94
2026-09-27T12:48:06.586+02:00;4507.322291;;100.062;
2026-09-27T12:48:06.588+02:00;4507.324389;10.072;;
2026-09-27T12:48:09.968+02:00;4510.704756;;;11.95
2026-09-27T12:48:09.997+02:00;4510.733853;;100.061;
2026-09-27T12:48:09.999+02:00;4510.735827;10.068;;
2026-09-27T12:48:13.380+02:00;4514.116435;;;11.95
2026-09-27T12:48:13.409+02:00;4514.145710;;100.062;
2026-09-27T12:48:13.411+02:00;4514.147532;10.064;;
2026-09-27T12:48:16.791+02:00;4517.527929;;;11.94
2026-09-27T12:48:16.820+02:00;4517.557182;;100.061;
2026-09-27T12:48:16.822+02:00;4517.559108;10.064;;
2026-09-27T12:48:20.203+02:00;4520.939599;;;11.94
2026-09-27T12:48:20.235+02:00;4520.971660;;100.062;
2026-09-27T12:48:20.238+02:00;4520.974591;10.063;;
2026-09-27T12:48:23.615+02:00;4524.351286;;;11.92
2026-09-27T12:48:23.644+02:00;4524.380429;;100.061;
2026-09-27T12:48:23.646+02:00;4524.382394;10.063;;
2026-09-27T12:48:27.026+02:00;4527.762982;;;11.93
2026-09-27T12:48:27.055+02:00;4527.792132;;100.062;
2026-09-27T12:48:27.057+02:00;4527.794109;10.062;;
2026-09-27T12:48:30.438+02:00;4531.174703;;;11.91
2026-09-27T12:48:30.469+02:00;4531.205893;10.061;100.062;
2026-09-27T12:48:33.850+02:00;4534.586271;;;11.91
2026-09-27T12:48:33.879+02:00;4534.615423;;100.061;
2026-09-27T12:48:33.881+02:00;4534.617254;10.056;;
2026-09-27T12:48:37.261+02:00;4537.997866;;;11.91
2026-09-27T12:48:37.290+02:00;4538.027014;;100.062;
2026-09-27T12:48:37.292+02:00;4538.028974;10.052;;
2026-09-27T12:48:40.673+02:00;4541.409423;;;11.92
2026-09-27T12:48:40.702+02:00;4541.438696;;100.062;
2026-09-27T12:48:40.704+02:00;4541.440616;10.049;;
2026-09-27T12:48:44.084+02:00;4544.821143;;;11.91
2026-09-27T12:48:44.114+02:00;4544.850289;;100.062;
2026-09-27T12:48:44.116+02:00;4544.852255;10.047;;
2026-09-27T12:48:47.497+02:00;4548.233838;;;11.93
2026-09-27T12:48:47.533+02:00;4548.269426;10.047;100.062;
2026-09-27T12:48:50.908+02:00;4551.644335;;;11.93
2026-09-27T12:48:50.937+02:00;4551.673540;;100.062;
2026-09-27T12:48:50.939+02:00;4551.675398;10.046;;
2026-09-27T12:48:54.319+02:00;4555.056004;;;11.93
2026-09-27T12:48:54.348+02:00;4555.085151;;100.062;
2026-09-27T12:48:54.350+02:00;4555.087128;10.047;;
2026-09-27T12:48:57.731+02:00;4558.467725;;;11.93
2026-09-27T12:48:57.761+02:00;4558.497430;;100.062;
2026-09-27T12:48:57.763+02:00;4558.499754;10.045;;
2026-09-27T12:49:01.143+02:00;4561.879299;;;11.93
2026-09-27T12:49:01.172+02:00;4561.908510;;100.061;
2026-09-27T12:49:01.174+02:00;4561.910580;10.04;;
2026-09-27T12:49:04.554+02:00;4565.291017;;;11.91
2026-09-27T12:49:04.583+02:00;4565.320149;;100.062;
2026-09-27T12:49:04.585+02:00;4565.322131;10.035;;
2026-09-27T12:49:07.966+02:00;4568.702635;;;11.91
2026-09-27T12:49:07.995+02:00;4568.731758;;100.062;
2026-09-27T12:49:07.997+02:00;4568.733704;10.032;;
2026-09-27T12:49:11.378+02:00;4572.114223;;;11.91
2026-09-27T12:49:11.407+02:00;4572.143546;;100.062;
2026-09-27T12:49:11.409+02:00;4572.145444;10.031;;
2026-09-27T12:49:14.789+02:00;4575.525885;;;11.91
2026-09-27T12:49:14.818+02:00;4575.555028;;100.061;
2026-09-27T12:49:14.820+02:00;4575.557005;10.031;;
2026-09-27T12:49:18.201+02:00;4578.937476;;;11.91
2026-09-27T12:49:18.233+02:00;4578.970055;;100.061;
2026-09-27T12:49:18.234+02:00;4578.970607;10.031;;
2026-09-27T12:49:21.613+02:00;4582.350162;;;11.92
2026-09-27T12:49:21.643+02:00;4582.379438;;100.062;
2026-09-27T12:49:21.645+02:00;4582.381295;10.031;;
2026-09-27T12:49:25.024+02:00;4585.760825;;;11.91
2026-09-27T12:49:25.053+02:00;4585.789919;;100.061;
2026-09-27T12:49:25.055+02:00;4585.791892;10.036;;
2026-09-27T12:49:28.436+02:00;4589.172370;;;11.91
2026-09-27T12:49:28.465+02:00;4589.201524;;100.062;
2026-09-27T12:49:28.467+02:00;4589.203483;10.046;;
2026-09-27T12:49:31.848+02:00;4592.584350;;;11.91
2026-09-27T12:49:31.877+02:00;4592.613312;;100.061;
2026-09-27T12:49:31.878+02:00;4592.615187;10.048;;
2026-09-27T12:49:35.259+02:00;4595.995826;;;11.9
2026-09-27T12:49:35.288+02:00;4596.024805;;100.062;
2026-09-27T12:49:35.290+02:00;4596.026770;10.059;;
2026-09-27T12:49:38.672+02:00;4599.408353;;;11.92
2026-09-27T12:49:38.707+02:00;4599.443812;10.063;100.061;
2026-09-27T12:49:42.082+02:00;4602.818959;;;11.91
2026-09-27T12:49:42.111+02:00;4602.848122;;100.061;
2026-09-27T12:49:42.113+02:00;4602.850083;10.079;;
2026-09-27T12:49:45.494+02:00;4606.230730;;;11.91
2026-09-27T12:49:45.523+02:00;4606.259806;;100.061;
2026-09-27T12:49:45.525+02:00;4606.261796;10.087;;
2026-09-27T12:49:48.906+02:00;4609.642234;;;11.91
2026-09-27T12:49:48.935+02:00;4609.671527;;100.061;
2026-09-27T12:49:48.937+02:00;4609.673413;10.097;;
2026-09-27T12:49:52.317+02:00;4613.053962;;;11.91
2026-09-27T12:49:52.346+02:00;4613.083131;;100.062;
2026-09-27T12:49:52.348+02:00;4613.085100;10.11;;
2026-09-27T12:49:55.729+02:00;4616.465759;;;11.92
2026-09-27T12:49:55.758+02:00;4616.494730;;100.062;
2026-09-27T12:49:55.760+02:00;4616.497090;10.113;;
2026-09-27T12:49:59.141+02:00;4619.877316;;;11.91
2026-09-27T12:49:59.170+02:00;4619.906449;;100.061;
2026-09-27T12:49:59.172+02:00;4619.908402;10.126;;
2026-09-27T12:50:02.552+02:00;4623.288898;;;11.92
2026-09-27T12:50:02.581+02:00;4623.318031;;100.061;
2026-09-27T12:50:02.583+02:00;4623.320009;10.131;;
2026-09-27T12:50:05.964+02:00;4626.700620;;;11.91
2026-09-27T12:50:05.993+02:00;4626.730184;;100.061;
2026-09-27T12:50:05.996+02:00;4626.732846;10.144;;
2026-09-27T12:50:09.375+02:00;4630.112189;;;11.93
2026-09-27T12:50:09.405+02:00;4630.141332;;100.062;
2026-09-27T12:50:09.407+02:00;4630.143294;10.148;;
2026-09-27T12:50:12.787+02:00;4633.523925;;;11.92
2026-09-27T12:50:12.816+02:00;4633.553063;;100.061;
2026-09-27T12:50:12.818+02:00;4633.555057;10.159;;
2026-09-27T12:50:16.199+02:00;4636.935464;;;11.92
2026-09-27T12:50:16.228+02:00;4636.964848;;100.061;
2026-09-27T12:50:16.231+02:00;4636.967892;10.161;;
2026-09-27T12:50:19.610+02:00;4640.347099;;;11.94
2026-09-27T12:50:19.642+02:00;4640.378271;;100.061;
2026-09-27T12:50:19.642+02:00;4640.378706;10.174;;
2026-09-27T12:50:23.022+02:00;4643.758822;;;11.93
2026-09-27T12:50:23.051+02:00;4643.787970;;100.061;
2026-09-27T12:50:23.053+02:00;4643.789937;10.176;;
2026-09-27T12:50:26.434+02:00;4647.170544;;;11.94
2026-09-27T12:50:26.463+02:00;4647.199724;;100.062;
2026-09-27T12:50:26.465+02:00;4647.202114;10.178;;
2026-09-27T12:50:29.846+02:00;4650.582275;;;11.93
2026-09-27T12:50:29.875+02:00;4650.611276;;100.062;
2026-09-27T12:50:29.877+02:00;4650.613257;10.189;;
2026-09-27T12:50:33.257+02:00;4653.993772;;;11.93
2026-09-27T12:50:33.286+02:00;4654.023121;;100.062;
2026-09-27T12:50:33.288+02:00;4654.024999;10.193;;
2026-09-27T12:50:36.669+02:00;4657.405544;;;11.94
2026-09-27T12:50:36.698+02:00;4657.434690;;100.062;
2026-09-27T12:50:36.700+02:00;4657.436598;10.193;;
2026-09-27T12:50:40.080+02:00;4660.817180;;;11.95
2026-09-27T12:50:40.110+02:00;4660.846327;;100.061;
2026-09-27T12:50:40.112+02:00;4660.848299;10.198;;
2026-09-27T12:50:43.492+02:00;4664.228882;;;11.94
2026-09-27T12:50:43.521+02:00;4664.258089;;100.061;
2026-09-27T12:50:43.524+02:00;4664.260832;10.206;;
2026-09-27T12:50:46.904+02:00;4667.640671;;;11.94
2026-09-27T12:50:46.933+02:00;4667.669679;;100.061;
2026-09-27T12:50:46.935+02:00;4667.671623;10.208;;
2026-09-27T12:50:50.315+02:00;4671.052088;;;11.94
2026-09-27T12:50:50.345+02:00;4671.081238;;100.062;
2026-09-27T12:50:50.347+02:00;4671.083212;10.209;;
2026-09-27T12:50:53.727+02:00;4674.463817;;;11.94
2026-09-27T12:50:53.756+02:00;4674.493077;;100.061;
2026-09-27T12:50:53.758+02:00;4674.494979;10.209;;
2026-09-27T12:50:57.139+02:00;4677.875591;;;11.95
2026-09-27T12:50:57.168+02:00;4677.904727;;100.061;
2026-09-27T12:50:57.170+02:00;4677.906678;10.209;;
2026-09-27T12:51:00.550+02:00;4681.287108;;;11.93
2026-09-27T12:51:00.583+02:00;4681.320171;10.21;100.061;
2026-09-27T12:51:03.963+02:00;4684.699876;;;11.93
2026-09-27T12:51:03.992+02:00;4684.729008;;100.062;
2026-09-27T12:51:03.994+02:00;4684.730985;10.211;;
2026-09-27T12:51:07.374+02:00;4688.110619;;;11.94
2026-09-27T12:51:07.403+02:00;4688.139640;;100.062;
2026-09-27T12:51:07.405+02:00;4688.141581;10.212;;
2026-09-27T12:51:10.785+02:00;4691.522162;;;11.95
2026-09-27T12:51:10.818+02:00;4691.554939;;100.061;
2026-09-27T12:51:10.819+02:00;4691.555392;10.21;;
2026-09-27T12:51:14.197+02:00;4694.933910;;;11.94
2026-09-27T12:51:14.226+02:00;4694.963006;;100.061;
2026-09-27T12:51:14.228+02:00;4694.964915;10.213;;
2026-09-27T12:51:17.609+02:00;4698.345522;;;11.95
2026-09-27T12:51:17.638+02:00;4698.374691;;100.061;
2026-09-27T12:51:17.640+02:00;4698.376647;10.212;;
2026-09-27T12:51:21.020+02:00;4701.757165;;;11.95
2026-09-27T12:51:21.051+02:00;4701.787643;;100.061;
2026-09-27T12:51:21.052+02:00;4701.788233;10.209;;
2026-09-27T12:51:24.432+02:00;4705.168855;;;11.95
2026-09-27T12:51:24.461+02:00;4705.198055;;100.062;
2026-09-27T12:51:24.463+02:00;4705.199830;10.209;;
2026-09-27T12:51:27.844+02:00;4708.580462;;;11.95
2026-09-27T12:51:27.873+02:00;4708.609636;;100.062;
2026-09-27T12:51:27.875+02:00;4708.611542;10.209;;
2026-09-27T12:51:31.255+02:00;4711.992100;;;11.95
2026-09-27T12:51:31.285+02:00;4712.021448;;100.062;
2026-09-27T12:51:31.289+02:00;4712.025849;10.209;;
2026-09-27T12:51:34.667+02:00;4715.403810;;;11.95
2026-09-27T12:51:34.696+02:00;4715.432926;;100.062;
2026-09-27T12:51:34.698+02:00;4715.434901;10.209;;
2026-09-27T12:51:38.079+02:00;4718.815504;;;11.95
2026-09-27T12:51:38.108+02:00;4718.844669;;100.061;
2026-09-27T12:51:38.110+02:00;4718.846667;10.209;;
2026-09-27T12:51:41.490+02:00;4722.227038;;;11.96
2026-09-27T12:51:41.521+02:00;4722.257858;;100.061;
2026-09-27T12:51:41.521+02:00;4722.258184;10.209;;
2026-09-27T12:51:44.902+02:00;4725.638843;;;11.95
2026-09-27T12:51:44.931+02:00;4725.668019;;100.062;
2026-09-27T12:51:44.933+02:00;4725.670065;10.208;;
2026-09-27T12:51:48.314+02:00;4729.050599;;;11.96
2026-09-27T12:51:48.343+02:00;4729.079613;;100.061;
2026-09-27T12:51:48.345+02:00;4729.081526;10.208;;
2026-09-27T12:51:51.725+02:00;4732.462159;;;11.95
2026-09-27T12:51:51.760+02:00;4732.496578;10.202;100.062;
2026-09-27T12:51:55.137+02:00;4735.873980;;;11.95
2026-09-27T12:51:55.166+02:00;4735.902975;;100.061;
2026-09-27T12:51:55.168+02:00;4735.905012;10.194;;
2026-09-27T12:51:58.549+02:00;4739.285508;;;11.96
2026-09-27T12:51:58.578+02:00;4739.314666;;100.061;
2026-09-27T12:51:58.580+02:00;4739.316622;10.194;;
2026-09-27T12:52:01.960+02:00;4742.697106;;;11.95
2026-09-27T12:52:01.990+02:00;4742.726873;;100.062;
2026-09-27T12:52:01.995+02:00;4742.731307;10.193;;
2026-09-27T12:52:05.372+02:00;4746.108843;;;11.95
2026-09-27T12:52:05.401+02:00;4746.137978;;100.062;
2026-09-27T12:52:05.403+02:00;4746.139955;10.193;;
2026-09-27T12:52:08.784+02:00;4749.520621;;;11.95
2026-09-27T12:52:08.813+02:00;4749.549737;;100.062;
2026-09-27T12:52:08.815+02:00;4749.551683;10.19;;
2026-09-27T12:52:12.196+02:00;4752.933114;;;11.94
2026-09-27T12:52:12.226+02:00;4752.962417;;100.061;
2026-09-27T12:52:12.228+02:00;4752.964308;10.186;;
2026-09-27T12:52:15.607+02:00;4756.343919;;;11.94
2026-09-27T12:52:15.636+02:00;4756.372930;;100.061;
2026-09-27T12:52:15.638+02:00;4756.374906;10.178;;
2026-09-27T12:52:19.019+02:00;4759.755650;;;11.95
2026-09-27T12:52:19.048+02:00;4759.785081;;100.061;
2026-09-27T12:52:19.051+02:00;4759.787304;10.176;;
2026-09-27T12:52:22.431+02:00;4763.167277;;;11.94
2026-09-27T12:52:22.460+02:00;4763.196481;;100.062;
2026-09-27T12:52:22.462+02:00;4763.198355;10.176;;
2026-09-27T12:52:25.842+02:00;4766.578965;;;11.95
2026-09-27T12:52:25.871+02:00;4766.607999;;100.062;
2026-09-27T12:52:25.873+02:00;4766.609971;10.176;;
2026-09-27T12:52:29.254+02:00;4769.990511;;;11.94
2026-09-27T12:52:29.287+02:00;4770.023303;;100.061;
2026-09-27T12:52:29.287+02:00;4770.023724;10.174;;
2026-09-27T12:52:32.666+02:00;4773.402200;;;11.95
2026-09-27T12:52:32.695+02:00;4773.431413;;100.062;
2026-09-27T12:52:32.697+02:00;4773.433338;10.166;;
2026-09-27T12:52:36.077+02:00;4776.813932;;;11.95
2026-09-27T12:52:36.106+02:00;4776.843085;;100.062;
2026-09-27T12:52:36.108+02:00;4776.844929;10.165;;
2026-09-27T12:52:39.489+02:00;4780.225637;;;11.96
2026-09-27T12:52:39.518+02:00;4780.255128;;100.061;
2026-09-27T12:52:39.522+02:00;4780.259196;10.161;;
2026-09-27T12:52:42.901+02:00;4783.637279;;;11.95
2026-09-27T12:52:42.930+02:00;4783.666415;;100.062;
2026-09-27T12:52:42.932+02:00;4783.668399;10.161;;
2026-09-27T12:52:46.652+02:00;4787.388546;;;11.95
2026-09-27T12:52:46.680+02:00;4787.417132;;100.062;
2026-09-27T12:52:46.682+02:00;4787.419009;10.16;;
2026-09-27T12:52:50.063+02:00;4790.799668;;;11.95
2026-09-27T12:52:50.092+02:00;4790.828778;;100.061;
2026-09-27T12:52:50.094+02:00;4790.830730;10.16;;
2026-09-27T12:52:53.475+02:00;4794.211235;;;11.94
2026-09-27T12:52:53.504+02:00;4794.240378;;100.062;
2026-09-27T12:52:53.506+02:00;4794.242343;10.159;;
2026-09-27T12:52:56.886+02:00;4797.622774;;;11.95
2026-09-27T12:52:56.915+02:00;4797.652093;;100.062;
2026-09-27T12:52:56.917+02:00;4797.653993;10.155;;
2026-09-27T12:53:00.811+02:00;4801.547589;;;11.94
2026-09-27T12:53:00.840+02:00;4801.576727;;100.062;
2026-09-27T12:53:00.842+02:00;4801.578692;10.151;;
2026-09-27T12:53:04.214+02:00;4804.950242;;;11.95
2026-09-27T12:53:04.243+02:00;4804.979776;;100.061;
2026-09-27T12:53:04.245+02:00;4804.981643;10.145;;
2026-09-27T12:53:07.625+02:00;4808.361930;;;11.95
2026-09-27T12:53:07.654+02:00;4808.391157;;100.062;
2026-09-27T12:53:07.656+02:00;4808.393037;10.144;;
2026-09-27T12:53:11.037+02:00;4811.773700;;;11.95
2026-09-27T12:53:11.066+02:00;4811.802787;;100.061;
2026-09-27T12:53:11.068+02:00;4811.804769;10.144;;
2026-09-27T12:53:14.449+02:00;4815.185327;;;11.96
2026-09-27T12:53:14.478+02:00;4815.214524;;100.061;
2026-09-27T12:53:14.480+02:00;4815.216650;10.144;;
2026-09-27T12:53:17.860+02:00;4818.597140;;;11.95
2026-09-27T12:53:17.889+02:00;4818.626162;;100.062;
2026-09-27T12:53:17.891+02:00;4818.628130;10.139;;
2026-09-27T12:53:21.272+02:00;4822.008780;;;11.95
2026-09-27T12:53:21.301+02:00;4822.037900;;100.061;
2026-09-27T12:53:21.303+02:00;4822.039877;10.13;;
2026-09-27T12:53:24.684+02:00;4825.420416;;;11.95
2026-09-27T12:53:24.713+02:00;4825.449753;;100.061;
2026-09-27T12:53:24.715+02:00;4825.451649;10.128;;
2026-09-27T12:53:28.095+02:00;4828.832101;;;11.94
2026-09-27T12:53:28.125+02:00;4828.861246;;100.062;
2026-09-27T12:53:28.127+02:00;4828.863235;10.128;;
2026-09-27T12:53:31.507+02:00;4832.243822;;;11.94
2026-09-27T12:53:31.536+02:00;4832.272884;;100.062;
2026-09-27T12:53:31.538+02:00;4832.274826;10.127;;
2026-09-27T12:53:34.919+02:00;4835.655386;;;11.93
2026-09-27T12:53:34.949+02:00;4835.685906;;100.062;
2026-09-27T12:53:34.950+02:00;4835.686616;10.126;;
2026-09-27T12:53:38.330+02:00;4839.067192;;;11.94
2026-09-27T12:53:38.360+02:00;4839.096332;;100.062;
2026-09-27T12:53:38.362+02:00;4839.098292;10.122;;
2026-09-27T12:53:41.742+02:00;4842.478822;;;11.95
2026-09-27T12:53:41.771+02:00;4842.508018;;100.063;
2026-09-27T12:53:41.782+02:00;4842.518901;10.117;;
2026-09-27T12:53:45.154+02:00;4845.890434;;;11.96
2026-09-27T12:53:45.183+02:00;4845.919784;;100.062;
2026-09-27T12:53:45.185+02:00;4845.921522;10.112;;
2026-09-27T12:53:48.565+02:00;4849.302154;;;11.95
2026-09-27T12:53:48.595+02:00;4849.331303;;100.062;
2026-09-27T12:53:48.597+02:00;4849.333277;10.112;;
2026-09-27T12:53:51.977+02:00;4852.714021;;;11.95
2026-09-27T12:53:52.006+02:00;4852.743042;;100.062;
2026-09-27T12:53:52.009+02:00;4852.745380;10.111;;
2026-09-27T12:53:55.389+02:00;4856.125678;;;11.95
2026-09-27T12:53:55.418+02:00;4856.154915;;100.063;
2026-09-27T12:53:55.420+02:00;4856.156784;10.111;;
2026-09-27T12:53:58.801+02:00;4859.537246;;;11.95
2026-09-27T12:53:58.830+02:00;4859.566410;;100.062;
2026-09-27T12:53:58.832+02:00;4859.568489;10.11;;
2026-09-27T12:54:02.212+02:00;4862.948967;;;11.95
2026-09-27T12:54:02.242+02:00;4862.978231;;100.062;
2026-09-27T12:54:02.244+02:00;4862.980735;10.105;;
2026-09-27T12:54:05.624+02:00;4866.360767;;;11.95
2026-09-27T12:54:05.653+02:00;4866.389847;;100.062;
2026-09-27T12:54:05.655+02:00;4866.391721;10.101;;
2026-09-27T12:54:09.037+02:00;4869.773365;;;11.94
2026-09-27T12:54:09.066+02:00;4869.802515;;100.062;
2026-09-27T12:54:09.068+02:00;4869.804490;10.097;;
2026-09-27T12:54:12.447+02:00;4873.184126;;;11.94
2026-09-27T12:54:12.477+02:00;4873.213248;;100.062;
2026-09-27T12:54:12.479+02:00;4873.215211;10.096;;
2026-09-27T12:54:16.419+02:00;4877.156128;;;11.92
2026-09-27T12:54:16.449+02:00;4877.185237;;100.062;
2026-09-27T12:54:16.459+02:00;4877.196108;10.096;;
2026-09-27T12:54:19.822+02:00;4880.558969;;;11.95
2026-09-27T12:54:19.851+02:00;4880.588095;;100.062;
2026-09-27T12:54:19.853+02:00;4880.590062;10.096;;
2026-09-27T12:54:23.234+02:00;4883.970610;;;11.95
2026-09-27T12:54:23.263+02:00;4883.999719;;100.061;
2026-09-27T12:54:23.265+02:00;4884.001700;10.091;;
2026-09-27T12:54:26.645+02:00;4887.382118;;;11.95
2026-09-27T12:54:26.675+02:00;4887.411447;;100.062;
2026-09-27T12:54:26.677+02:00;4887.413470;10.082;;
2026-09-27T12:54:30.624+02:00;4891.360803;;;11.92
2026-09-27T12:54:30.653+02:00;4891.389840;;100.062;
2026-09-27T12:54:30.655+02:00;4891.391799;10.079;;
2026-09-27T12:54:34.360+02:00;4895.096722;;;11.93
2026-09-27T12:54:34.391+02:00;4895.127882;10.08;100.062;
2026-09-27T12:54:37.772+02:00;4898.508305;;;11.95
2026-09-27T12:54:37.801+02:00;4898.537450;;100.062;
2026-09-27T12:54:37.803+02:00;4898.539397;10.079;;
2026-09-27T12:54:41.183+02:00;4901.919996;;;11.95
2026-09-27T12:54:41.212+02:00;4901.949191;;100.062;
2026-09-27T12:54:41.214+02:00;4901.951155;10.078;;
2026-09-27T12:54:44.595+02:00;4905.331644;;;11.95
2026-09-27T12:54:44.624+02:00;4905.360938;;100.062;
2026-09-27T12:54:44.626+02:00;4905.362913;10.074;;
2026-09-27T12:54:48.007+02:00;4908.743396;;;11.96
2026-09-27T12:54:48.036+02:00;4908.772699;;100.062;
2026-09-27T12:54:48.038+02:00;4908.774511;10.064;;
2026-09-27T12:54:51.418+02:00;4912.155037;;;11.96
2026-09-27T12:54:51.447+02:00;4912.184179;;100.062;
2026-09-27T12:54:51.449+02:00;4912.186156;10.064;;
2026-09-27T12:54:54.830+02:00;4915.566801;;;11.96
2026-09-27T12:54:54.859+02:00;4915.595893;;100.062;
2026-09-27T12:54:54.861+02:00;4915.597886;10.064;;
2026-09-27T12:54:58.242+02:00;4918.978450;;;11.95
2026-09-27T12:54:58.271+02:00;4919.007794;;100.063;
2026-09-27T12:54:58.274+02:00;4919.010652;10.063;;
2026-09-27T12:55:01.653+02:00;4922.390132;;;11.96
2026-09-27T12:55:01.683+02:00;4922.419344;;100.062;
2026-09-27T12:55:01.685+02:00;4922.421524;10.063;;
2026-09-27T12:55:05.065+02:00;4925.801794;;;11.96
2026-09-27T12:55:05.094+02:00;4925.830894;;100.062;
2026-09-27T12:55:05.096+02:00;4925.832877;10.062;;
2026-09-27T12:55:08.477+02:00;4929.213516;;;11.95
2026-09-27T12:55:08.506+02:00;4929.242668;;100.063;
2026-09-27T12:55:08.508+02:00;4929.244504;10.06;;
2026-09-27T12:55:11.888+02:00;4932.625053;;;11.95
2026-09-27T12:55:11.918+02:00;4932.654407;;100.061;
2026-09-27T12:55:11.922+02:00;4932.658336;10.058;;
2026-09-27T12:55:15.300+02:00;4936.036880;;;11.95
2026-09-27T12:55:15.329+02:00;4936.066094;;100.062;
2026-09-27T12:55:15.331+02:00;4936.067998;10.049;;
2026-09-27T12:55:18.713+02:00;4939.449492;;;11.95
2026-09-27T12:55:18.742+02:00;4939.478654;;100.061;
2026-09-27T12:55:18.744+02:00;4939.480636;10.048;;
2026-09-27T12:55:22.123+02:00;4942.860175;;;11.95
2026-09-27T12:55:22.157+02:00;4942.893622;10.047;100.062;
2026-09-27T12:55:25.535+02:00;4946.271873;;;11.95
2026-09-27T12:55:25.564+02:00;4946.301121;;100.062;
2026-09-27T12:55:25.566+02:00;4946.302998;10.047;;
2026-09-27T12:55:28.947+02:00;4949.683656;;;11.95
2026-09-27T12:55:28.976+02:00;4949.712773;;100.062;
2026-09-27T12:55:28.978+02:00;4949.714740;10.047;;
2026-09-27T12:55:32.359+02:00;4953.095234;;;11.96
2026-09-27T12:55:32.388+02:00;4953.124381;;100.062;
2026-09-27T12:55:32.390+02:00;4953.126338;10.047;;
2026-09-27T12:55:35.770+02:00;4956.506990;;;11.95
2026-09-27T12:55:35.800+02:00;4956.536307;;100.062;
2026-09-27T12:55:35.803+02:00;4956.539883;10.045;;
2026-09-27T12:55:39.182+02:00;4959.918649;;;11.95
2026-09-27T12:55:39.211+02:00;4959.947740;;100.062;
2026-09-27T12:55:39.213+02:00;4959.949712;10.041;;
2026-09-27T12:55:42.594+02:00;4963.330366;;;11.95
2026-09-27T12:55:42.623+02:00;4963.359496;;100.061;
2026-09-27T12:55:42.625+02:00;4963.361454;10.036;;
2026-09-27T12:55:46.005+02:00;4966.741981;;;11.95
2026-09-27T12:55:46.034+02:00;4966.771139;;100.061;
2026-09-27T12:55:46.036+02:00;4966.773084;10.031;;
2026-09-27T12:55:49.417+02:00;4970.153545;;;11.95
2026-09-27T12:55:49.446+02:00;4970.182862;;100.063;
2026-09-27T12:55:49.448+02:00;4970.184769;10.032;;
2026-09-27T12:55:52.829+02:00;4973.565484;;;11.95
2026-09-27T12:55:52.858+02:00;4973.594482;;100.062;
2026-09-27T12:55:52.860+02:00;4973.596479;10.031;;
2026-09-27T12:55:56.240+02:00;4976.977097;;;11.95
2026-09-27T12:55:56.270+02:00;4977.006276;;100.062;
2026-09-27T12:55:56.272+02:00;4977.008352;10.031;;
2026-09-27T12:55:59.652+02:00;4980.388774;;;11.94
2026-09-27T12:55:59.681+02:00;4980.417868;;100.062;
2026-09-27T12:55:59.683+02:00;4980.419836;10.031;;
2026-09-27T12:56:03.064+02:00;4983.800470;;;11.92
2026-09-27T12:56:03.093+02:00;4983.830058;;100.062;
2026-09-27T12:56:03.095+02:00;4983.831732;10.031;;
2026-09-27T12:56:06.475+02:00;4987.212088;;;11.92
2026-09-27T12:56:06.505+02:00;4987.241878;;100.062;
2026-09-27T12:56:06.507+02:00;4987.243944;10.027;;
2026-09-27T12:56:09.887+02:00;4990.623838;;;11.93
2026-09-27T12:56:09.916+02:00;4990.652869;;100.062;
2026-09-27T12:56:09.918+02:00;4990.654836;10.024;;
2026-09-27T12:56:13.299+02:00;4994.035398;;;11.93
2026-09-27T12:56:13.328+02:00;4994.064787;;100.062;
2026-09-27T12:56:13.330+02:00;4994.066658;10.019;;
2026-09-27T12:56:16.711+02:00;4997.447774;;;11.95
2026-09-27T12:56:16.740+02:00;4997.476252;;100.063;
2026-09-27T12:56:16.742+02:00;4997.478785;10.018;;
2026-09-27T12:56:20.122+02:00;5000.858737;;;11.94
2026-09-27T12:56:20.151+02:00;5000.887879;;100.062;
2026-09-27T12:56:20.153+02:00;5000.889853;10.017;;
2026-09-27T12:56:23.534+02:00;5004.270454;;;11.95
2026-09-27T12:56:23.571+02:00;5004.307352;10.016;100.062;
2026-09-27T12:56:26.945+02:00;5007.682167;;;11.94
2026-09-27T12:56:26.975+02:00;5007.711695;;100.062;
2026-09-27T12:56:26.977+02:00;5007.713904;10.016;;
2026-09-27T12:56:30.357+02:00;5011.093859;;;11.94
2026-09-27T12:56:30.386+02:00;5011.123027;;100.061;
2026-09-27T12:56:30.388+02:00;5011.124986;10.015;;
2026-09-27T12:56:33.769+02:00;5014.505482;;;11.94
2026-09-27T12:56:33.798+02:00;5014.534652;;100.062;
2026-09-27T12:56:33.800+02:00;5014.536613;10.018;;
2026-09-27T12:56:37.181+02:00;5017.917214;;;11.94
2026-09-27T12:56:37.211+02:00;5017.947261;;100.062;
2026-09-27T12:56:37.212+02:00;5017.948487;10.028;;
2026-09-27T12:56:40.592+02:00;5021.328907;;;11.94
2026-09-27T12:56:40.621+02:00;5021.358075;;100.062;
2026-09-27T12:56:40.623+02:00;5021.359983;10.031;;
2026-09-27T12:56:44.505+02:00;5025.242103;;;11.92
2026-09-27T12:56:44.534+02:00;5025.271136;;100.061;
2026-09-27T12:56:44.536+02:00;5025.273118;10.033;;
2026-09-27T12:56:47.908+02:00;5028.644773;;;11.94
2026-09-27T12:56:47.937+02:00;5028.673883;;100.062;
2026-09-27T12:56:47.939+02:00;5028.675849;10.047;;
2026-09-27T12:56:51.320+02:00;5032.056432;;;11.93
2026-09-27T12:56:51.349+02:00;5032.085798;;100.063;
2026-09-27T12:56:51.351+02:00;5032.087529;10.052;;
2026-09-27T12:56:54.731+02:00;5035.468119;;;11.93
2026-09-27T12:56:54.761+02:00;5035.497347;;100.062;
2026-09-27T12:56:54.763+02:00;5035.499361;10.063;;
2026-09-27T12:56:58.143+02:00;5038.879874;;;11.94
2026-09-27T12:56:58.172+02:00;5038.908897;;100.061;
2026-09-27T12:56:58.174+02:00;5038.910857;10.072;;
2026-09-27T12:57:01.556+02:00;5042.292448;;;11.95
2026-09-27T12:57:01.585+02:00;5042.321817;;100.061;
2026-09-27T12:57:01.587+02:00;5042.324112;10.08;;
2026-09-27T12:57:04.966+02:00;5045.703177;;;11.95
2026-09-27T12:57:04.997+02:00;5045.733819;;100.062;
2026-09-27T12:57:04.998+02:00;5045.734378;10.094;;
2026-09-27T12:57:08.378+02:00;5049.114907;;;11.94
2026-09-27T12:57:08.407+02:00;5049.144110;;100.062;
2026-09-27T12:57:08.409+02:00;5049.146000;10.099;;
2026-09-27T12:57:11.790+02:00;5052.526689;;;11.94
2026-09-27T12:57:11.819+02:00;5052.555780;;100.061;
2026-09-27T12:57:11.821+02:00;5052.557751;10.112;;
2026-09-27T12:57:15.202+02:00;5055.938269;;;11.94
2026-09-27T12:57:15.231+02:00;5055.967431;;100.062;
2026-09-27T12:57:15.233+02:00;5055.969388;10.116;;
2026-09-27T12:57:18.614+02:00;5059.350978;;;11.94
2026-09-27T12:57:18.644+02:00;5059.380341;;100.061;
2026-09-27T12:57:18.646+02:00;5059.382259;10.127;;
2026-09-27T12:57:22.025+02:00;5062.761689;;;11.93
2026-09-27T12:57:22.054+02:00;5062.790857;;100.061;
2026-09-27T12:57:22.056+02:00;5062.792780;10.132;;
2026-09-27T12:57:25.437+02:00;5066.173431;;;11.93
2026-09-27T12:57:25.466+02:00;5066.202601;;100.061;
2026-09-27T12:57:25.468+02:00;5066.204527;10.144;;
2026-09-27T12:57:28.848+02:00;5069.585043;;;11.95
2026-09-27T12:57:28.877+02:00;5069.614181;;100.061;
2026-09-27T12:57:28.879+02:00;5069.616152;10.148;;
2026-09-27T12:57:32.260+02:00;5072.996746;;;11.95
2026-09-27T12:57:32.289+02:00;5073.026050;;100.062;
2026-09-27T12:57:32.291+02:00;5073.027951;10.159;;
2026-09-27T12:57:35.672+02:00;5076.408550;;;11.94
2026-09-27T12:57:35.701+02:00;5076.437677;;100.062;
2026-09-27T12:57:35.703+02:00;5076.439587;10.16;;
2026-09-27T12:57:39.083+02:00;5079.820181;;;11.95
2026-09-27T12:57:39.113+02:00;5079.849325;;100.062;
2026-09-27T12:57:39.115+02:00;5079.851412;10.167;;
2026-09-27T12:57:42.495+02:00;5083.231805;;;11.95
2026-09-27T12:57:42.524+02:00;5083.261103;;100.061;
2026-09-27T12:57:42.526+02:00;5083.263088;10.174;;
2026-09-27T12:57:45.907+02:00;5086.643548;;;11.95
2026-09-27T12:57:45.936+02:00;5086.672855;;100.061;
2026-09-27T12:57:45.938+02:00;5086.674744;10.176;;
2026-09-27T12:57:49.319+02:00;5090.055210;;;11.95
2026-09-27T12:57:49.348+02:00;5090.084352;;100.062;
2026-09-27T12:57:49.350+02:00;5090.086445;10.176;;
2026-09-27T12:57:52.731+02:00;5093.467951;;;11.95
2026-09-27T12:57:52.760+02:00;5093.497116;;100.062;
2026-09-27T12:57:52.762+02:00;5093.499063;10.179;;
2026-09-27T12:57:56.142+02:00;5096.878740;;;11.97
2026-09-27T12:57:56.172+02:00;5096.908240;;100.063;
2026-09-27T12:57:56.174+02:00;5096.910602;10.182;;
2026-09-27T12:57:59.554+02:00;5100.290272;;;11.97
2026-09-27T12:57:59.583+02:00;5100.319667;;100.062;
2026-09-27T12:57:59.586+02:00;5100.322273;10.187;;
2026-09-27T12:58:02.965+02:00;5103.702009;;;11.97
2026-09-27T12:58:02.996+02:00;5103.732846;;100.061;
2026-09-27T12:58:02.996+02:00;5103.733087;10.191;;
2026-09-27T12:58:06.377+02:00;5107.113767;;;11.98
2026-09-27T12:58:06.406+02:00;5107.142886;;100.062;
2026-09-27T12:58:06.408+02:00;5107.144853;10.192;;
2026-09-27T12:58:09.790+02:00;5110.526676;;;11.98
2026-09-27T12:58:09.819+02:00;5110.555767;;100.061;
2026-09-27T12:58:09.821+02:00;5110.557622;10.193;;
2026-09-27T12:58:13.201+02:00;5113.937258;;;11.96
2026-09-27T12:58:13.230+02:00;5113.966417;;100.062;
2026-09-27T12:58:13.232+02:00;5113.968471;10.193;;
2026-09-27T12:58:16.612+02:00;5117.348888;;;11.98
2026-09-27T12:58:16.641+02:00;5117.378017;;100.062;
2026-09-27T12:58:16.643+02:00;5117.380010;10.193;;
2026-09-27T12:58:20.024+02:00;5120.760688;;;11.96
2026-09-27T12:58:20.053+02:00;5120.789783;;100.061;
2026-09-27T12:58:20.055+02:00;5120.791629;10.195;;
2026-09-27T12:58:23.436+02:00;5124.172283;;;11.97
2026-09-27T12:58:23.465+02:00;5124.201434;;100.062;
2026-09-27T12:58:23.467+02:00;5124.203501;10.194;;
2026-09-27T12:58:26.847+02:00;5127.583932;;;11.98
2026-09-27T12:58:26.880+02:00;5127.616705;;100.062;
2026-09-27T12:58:26.885+02:00;5127.621812;10.196;;
2026-09-27T12:58:30.259+02:00;5130.995687;;;11.98
2026-09-27T12:58:30.288+02:00;5131.024917;;100.062;
2026-09-27T12:58:30.290+02:00;5131.026762;10.195;;
2026-09-27T12:58:33.671+02:00;5134.407304;;;11.98
2026-09-27T12:58:33.700+02:00;5134.436457;;100.061;
2026-09-27T12:58:33.702+02:00;5134.438521;10.194;;
2026-09-27T12:58:37.082+02:00;5137.819055;;;11.98
2026-09-27T12:58:37.111+02:00;5137.848185;;100.062;
2026-09-27T12:58:37.113+02:00;5137.850154;10.193;;
2026-09-27T12:58:40.494+02:00;5141.230678;;;12.0
2026-09-27T12:58:40.523+02:00;5141.259938;;100.062;
2026-09-27T12:58:40.525+02:00;5141.261837;10.193;;
2026-09-27T12:58:43.906+02:00;5144.642450;;;12.01
2026-09-27T12:58:43.935+02:00;5144.671616;;100.062;
2026-09-27T12:58:43.937+02:00;5144.673588;10.193;;
2026-09-27T12:58:47.317+02:00;5148.054066;;;12.0
2026-09-27T12:58:47.347+02:00;5148.083235;;100.062;
2026-09-27T12:58:47.349+02:00;5148.085209;10.193;;
2026-09-27T12:58:50.729+02:00;5151.465664;;;11.99
2026-09-27T12:58:50.758+02:00;5151.495095;;100.062;
2026-09-27T12:58:50.760+02:00;5151.496938;10.193;;
2026-09-27T12:58:54.141+02:00;5154.877511;;;11.99
2026-09-27T12:58:54.170+02:00;5154.906685;;100.062;
2026-09-27T12:58:54.172+02:00;5154.908592;10.193;;
2026-09-27T12:58:57.552+02:00;5158.289106;;;12.0
2026-09-27T12:58:57.582+02:00;5158.318246;;100.062;
2026-09-27T12:58:57.584+02:00;5158.320226;10.193;;
2026-09-27T12:59:00.964+02:00;5161.700864;;;11.99
2026-09-27T12:59:00.993+02:00;5161.730024;;100.062;
2026-09-27T12:59:00.995+02:00;5161.731977;10.192;;
2026-09-27T12:59:04.376+02:00;5165.112441;;;11.98
2026-09-27T12:59:04.405+02:00;5165.141746;;100.061;
2026-09-27T12:59:04.407+02:00;5165.143666;10.188;;
2026-09-27T12:59:07.788+02:00;5168.524263;;;11.98
2026-09-27T12:59:07.817+02:00;5168.553473;;100.062;
2026-09-27T12:59:07.819+02:00;5168.555399;10.181;;
2026-09-27T12:59:11.199+02:00;5171.935894;;;11.98
2026-09-27T12:59:11.228+02:00;5171.965042;;100.061;
2026-09-27T12:59:11.230+02:00;5171.967012;10.177;;
2026-09-27T12:59:14.611+02:00;5175.347666;;;11.98
2026-09-27T12:59:14.640+02:00;5175.376920;;100.062;
2026-09-27T12:59:14.642+02:00;5175.378932;10.177;;
2026-09-27T12:59:18.024+02:00;5178.760314;;;11.97
2026-09-27T12:59:18.053+02:00;5178.789535;;100.062;
2026-09-27T12:59:18.055+02:00;5178.791400;10.176;;
2026-09-27T12:59:21.434+02:00;5182.171054;;;11.98
2026-09-27T12:59:21.463+02:00;5182.200194;;100.062;
2026-09-27T12:59:21.465+02:00;5182.202163;10.176;;
2026-09-27T12:59:24.846+02:00;5185.582825;;;11.98
2026-09-27T12:59:24.875+02:00;5185.611856;;100.062;
2026-09-27T12:59:24.877+02:00;5185.613798;10.176;;
2026-09-27T12:59:28.258+02:00;5188.994387;;;11.99
2026-09-27T12:59:28.287+02:00;5189.023727;;100.061;
2026-09-27T12:59:28.289+02:00;5189.025734;10.174;;
2026-09-27T12:59:31.669+02:00;5192.406141;;;11.99
2026-09-27T12:59:31.699+02:00;5192.435361;;100.061;
2026-09-27T12:59:31.701+02:00;5192.437215;10.167;;
2026-09-27T12:59:35.081+02:00;5195.817839;;;11.98
2026-09-27T12:59:35.110+02:00;5195.846999;;100.061;
2026-09-27T12:59:35.112+02:00;5195.848954;10.162;;
2026-09-27T12:59:38.493+02:00;5199.229597;;;11.98
2026-09-27T12:59:38.529+02:00;5199.265958;10.16;100.062;
2026-09-27T12:59:41.904+02:00;5202.641166;;;11.98
2026-09-27T12:59:41.934+02:00;5202.670487;;100.061;
2026-09-27T12:59:41.936+02:00;5202.672384;10.16;;
2026-09-27T12:59:45.316+02:00;5206.052991;;;11.98
2026-09-27T12:59:45.345+02:00;5206.082156;;100.061;
2026-09-27T12:59:45.347+02:00;5206.084116;10.16;;
2026-09-27T12:59:48.728+02:00;5209.464693;;;11.98
2026-09-27T12:59:48.757+02:00;5209.493838;;100.062;
2026-09-27T12:59:48.759+02:00;5209.495750;10.16;;
2026-09-27T12:59:52.141+02:00;5212.877349;;;11.97
2026-09-27T12:59:52.170+02:00;5212.906683;;100.062;
2026-09-27T12:59:52.172+02:00;5212.908542;10.16;;
2026-09-27T12:59:55.551+02:00;5216.288167;;;11.98
2026-09-27T12:59:55.581+02:00;5216.317307;;100.061;
2026-09-27T12:59:55.582+02:00;5216.319149;10.151;;
2026-09-27T12:59:58.963+02:00;5219.699819;;;11.98
2026-09-27T12:59:58.992+02:00;5219.728925;;100.062;
2026-09-27T12:59:58.994+02:00;5219.730909;10.145;;
2026-09-27T13:00:02.375+02:00;5223.111370;;;11.98
2026-09-27T13:00:02.407+02:00;5223.144032;;100.061;
2026-09-27T13:00:02.410+02:00;5223.146379;10.144;;
2026-09-27T13:00:05.787+02:00;5226.523200;;;11.98
2026-09-27T13:00:05.819+02:00;5226.556163;10.144;100.062;
2026-09-27T13:00:09.198+02:00;5229.934960;;;11.98
2026-09-27T13:00:09.227+02:00;5229.963978;;100.062;
2026-09-27T13:00:09.229+02:00;5229.965959;10.142;;
2026-09-27T13:00:12.610+02:00;5233.346641;;;11.96
2026-09-27T13:00:12.639+02:00;5233.375740;;100.062;
2026-09-27T13:00:12.641+02:00;5233.377842;10.133;;
2026-09-27T13:00:16.022+02:00;5236.758209;;;11.96
2026-09-27T13:00:16.056+02:00;5236.792418;10.129;100.061;
2026-09-27T13:00:19.433+02:00;5240.169929;;;11.97
2026-09-27T13:00:19.463+02:00;5240.199601;;100.062;
2026-09-27T13:00:19.467+02:00;5240.203840;10.128;;
2026-09-27T13:00:22.845+02:00;5243.581800;;;11.98
2026-09-27T13:00:22.874+02:00;5243.610901;;100.062;
2026-09-27T13:00:22.876+02:00;5243.612876;10.127;;
2026-09-27T13:00:26.257+02:00;5246.993383;;;11.98
2026-09-27T13:00:26.286+02:00;5247.022533;;100.062;
2026-09-27T13:00:26.288+02:00;5247.024482;10.126;;
2026-09-27T13:00:29.668+02:00;5250.405137;;;11.97
2026-09-27T13:00:29.698+02:00;5250.434318;;100.062;
2026-09-27T13:00:29.700+02:00;5250.436268;10.126;;
2026-09-27T13:00:33.080+02:00;5253.816753;;;11.98
2026-09-27T13:00:33.109+02:00;5253.846061;;100.061;
2026-09-27T13:00:33.111+02:00;5253.847952;10.117;;
2026-09-27T13:00:36.492+02:00;5257.228606;;;11.96
2026-09-27T13:00:36.521+02:00;5257.257723;;100.061;
2026-09-27T13:00:36.523+02:00;5257.259683;10.115;;
2026-09-27T13:00:39.904+02:00;5260.640242;;;11.97
2026-09-27T13:00:39.935+02:00;5260.672115;;100.062;
2026-09-27T13:00:39.936+02:00;5260.672528;10.112;;
2026-09-27T13:00:43.315+02:00;5264.052078;;;11.98
2026-09-27T13:00:43.344+02:00;5264.081173;;100.061;
2026-09-27T13:00:43.346+02:00;5264.083080;10.113;;
2026-09-27T13:00:46.727+02:00;5267.463694;;;11.98
2026-09-27T13:00:46.756+02:00;5267.492893;;100.062;
2026-09-27T13:00:46.758+02:00;5267.494973;10.112;;
2026-09-27T13:00:50.139+02:00;5270.875353;;;11.97
2026-09-27T13:00:50.168+02:00;5270.904515;;100.061;
2026-09-27T13:00:50.170+02:00;5270.906946;10.111;;
2026-09-27T13:00:53.550+02:00;5274.287050;;;11.97
2026-09-27T13:00:53.580+02:00;5274.316405;;100.062;
2026-09-27T13:00:53.582+02:00;5274.318429;10.11;;
2026-09-27T13:00:56.962+02:00;5277.698809;;;11.97
2026-09-27T13:00:56.991+02:00;5277.727986;;100.062;
2026-09-27T13:00:56.993+02:00;5277.730026;10.106;;
2026-09-27T13:01:00.375+02:00;5281.111541;;;11.97
2026-09-27T13:01:00.404+02:00;5281.140724;;100.061;
2026-09-27T13:01:00.406+02:00;5281.142671;10.098;;
2026-09-27T13:01:03.786+02:00;5284.522307;;;11.98
2026-09-27T13:01:03.815+02:00;5284.551308;;100.062;
2026-09-27T13:01:03.817+02:00;5284.553290;10.096;;
2026-09-27T13:01:07.197+02:00;5287.933904;;;11.98
2026-09-27T13:01:07.226+02:00;5287.963164;;100.061;
2026-09-27T13:01:07.228+02:00;5287.965073;10.096;;
2026-09-27T13:01:10.609+02:00;5291.345617;;;11.97
2026-09-27T13:01:10.638+02:00;5291.374806;;100.062;
2026-09-27T13:01:10.640+02:00;5291.376693;10.096;;
2026-09-27T13:01:14.021+02:00;5294.757339;;;11.98
2026-09-27T13:01:14.050+02:00;5294.786472;;100.063;
2026-09-27T13:01:14.052+02:00;5294.788435;10.096;;
2026-09-27T13:01:17.432+02:00;5298.168990;;;11.98
2026-09-27T13:01:17.461+02:00;5298.198142;;100.062;
2026-09-27T13:01:17.463+02:00;5298.200110;10.096;;
2026-09-27T13:01:20.844+02:00;5301.580768;;;11.97
2026-09-27T13:01:20.873+02:00;5301.609887;;100.062;
2026-09-27T13:01:20.875+02:00;5301.611882;10.095;;
2026-09-27T13:01:24.256+02:00;5304.992302;;;11.97
2026-09-27T13:01:24.285+02:00;5305.021665;;100.062;
2026-09-27T13:01:24.287+02:00;5305.023508;10.091;;
2026-09-27T13:01:27.667+02:00;5308.404161;;;11.98
2026-09-27T13:01:27.697+02:00;5308.433322;;100.062;
2026-09-27T13:01:27.699+02:00;5308.435252;10.083;;
2026-09-27T13:01:31.079+02:00;5311.815826;;;11.98
2026-09-27T13:01:31.108+02:00;5311.844955;;100.062;
2026-09-27T13:01:31.110+02:00;5311.846914;10.08;;
2026-09-27T13:01:34.491+02:00;5315.227704;;;11.97
2026-09-27T13:01:34.528+02:00;5315.264967;10.079;100.061;
2026-09-27T13:01:37.903+02:00;5318.639299;;;11.96
2026-09-27T13:01:37.932+02:00;5318.668445;;100.062;
2026-09-27T13:01:37.934+02:00;5318.670295;10.079;;
2026-09-27T13:01:41.314+02:00;5322.050948;;;11.96
2026-09-27T13:01:41.343+02:00;5322.080110;;100.062;
2026-09-27T13:01:41.346+02:00;5322.082214;10.079;;
2026-09-27T13:01:44.726+02:00;5325.462756;;;11.95
2026-09-27T13:01:44.755+02:00;5325.491756;;100.062;
2026-09-27T13:01:44.757+02:00;5325.493719;10.075;;
2026-09-27T13:01:48.138+02:00;5328.874344;;;11.96
2026-09-27T13:01:48.168+02:00;5328.905070;;100.062;
2026-09-27T13:01:48.169+02:00;5328.905494;10.074;;
2026-09-27T13:01:51.550+02:00;5332.287137;;;11.97
2026-09-27T13:01:51.580+02:00;5332.316218;;100.062;
2026-09-27T13:01:51.582+02:00;5332.318254;10.066;;
2026-09-27T13:01:54.961+02:00;5335.697821;;;11.97
2026-09-27T13:01:54.990+02:00;5335.726929;;100.061;
2026-09-27T13:01:54.992+02:00;5335.728896;10.063;;
2026-09-27T13:01:58.373+02:00;5339.109403;;;11.97
2026-09-27T13:01:58.409+02:00;5339.145698;10.064;100.062;
2026-09-27T13:02:01.784+02:00;5342.521120;;;11.96
2026-09-27T13:02:01.814+02:00;5342.550410;;100.061;
2026-09-27T13:02:01.816+02:00;5342.552321;10.063;;
2026-09-27T13:02:05.196+02:00;5345.932936;;;11.96
2026-09-27T13:02:05.225+02:00;5345.962146;;100.062;
2026-09-27T13:02:05.227+02:00;5345.963951;10.063;;
2026-09-27T13:02:08.608+02:00;5349.344613;;;11.97
2026-09-27T13:02:08.637+02:00;5349.373748;;100.061;
2026-09-27T13:02:08.639+02:00;5349.375701;10.059;;
2026-09-27T13:02:12.020+02:00;5352.756339;;;11.97
2026-09-27T13:02:12.056+02:00;5352.792934;10.058;100.062;
2026-09-27T13:02:15.431+02:00;5356.167904;;;11.98
2026-09-27T13:02:15.461+02:00;5356.197247;;100.062;
2026-09-27T13:02:15.462+02:00;5356.199145;10.053;;
2026-09-27T13:02:18.843+02:00;5359.579780;;;11.96
2026-09-27T13:02:18.872+02:00;5359.608891;;100.062;
2026-09-27T13:02:18.874+02:00;5359.610864;10.049;;
2026-09-27T13:02:22.666+02:00;5363.402807;;;11.96
2026-09-27T13:02:22.695+02:00;5363.431933;;100.062;
2026-09-27T13:02:22.697+02:00;5363.433915;10.048;;
2026-09-27T13:02:26.078+02:00;5366.814390;;;11.98
2026-09-27T13:02:26.107+02:00;5366.843721;;100.063;
2026-09-27T13:02:26.109+02:00;5366.845711;10.047;;
2026-09-27T13:02:29.489+02:00;5370.226187;;;11.97
2026-09-27T13:02:29.519+02:00;5370.255405;;100.062;
2026-09-27T13:02:29.521+02:00;5370.257427;10.047;;
2026-09-27T13:02:32.901+02:00;5373.637821;;;11.98
2026-09-27T13:02:32.930+02:00;5373.666972;;100.062;
2026-09-27T13:02:32.932+02:00;5373.668937;10.047;;
2026-09-27T13:02:36.313+02:00;5377.049625;;;11.98
2026-09-27T13:02:36.347+02:00;5377.084067;;100.062;
2026-09-27T13:02:36.348+02:00;5377.084623;10.047;;
2026-09-27T13:02:39.725+02:00;5380.461240;;;11.96
2026-09-27T13:02:39.754+02:00;5380.490390;;100.062;
2026-09-27T13:02:39.756+02:00;5380.492482;10.046;;
2026-09-27T13:02:43.136+02:00;5383.872926;;;11.98
2026-09-27T13:02:43.166+02:00;5383.903064;;100.063;
2026-09-27T13:02:43.168+02:00;5383.904242;10.045;;
2026-09-27T13:02:46.548+02:00;5387.284699;;;11.96
2026-09-27T13:02:46.577+02:00;5387.313900;;100.062;
2026-09-27T13:02:46.579+02:00;5387.315761;10.04;;
2026-09-27T13:02:50.471+02:00;5391.207845;;;11.95
2026-09-27T13:02:50.502+02:00;5391.238878;;100.062;
2026-09-27T13:02:50.502+02:00;5391.239156;10.036;;
2026-09-27T13:02:53.874+02:00;5394.610699;;;11.98
2026-09-27T13:02:53.903+02:00;5394.639936;;100.062;
2026-09-27T13:02:53.905+02:00;5394.641810;10.032;;
2026-09-27T13:02:57.286+02:00;5398.022453;;;11.98
2026-09-27T13:02:57.315+02:00;5398.051641;;100.062;
2026-09-27T13:02:57.317+02:00;5398.053589;10.031;;
2026-09-27T13:03:00.698+02:00;5401.434214;;;11.96
2026-09-27T13:03:00.727+02:00;5401.463270;;100.062;
2026-09-27T13:03:00.729+02:00;5401.465217;10.031;;
2026-09-27T13:03:04.109+02:00;5404.845801;;;11.95
2026-09-27T13:03:04.138+02:00;5404.875117;;100.062;
2026-09-27T13:03:04.140+02:00;5404.877096;10.031;;
2026-09-27T13:03:07.521+02:00;5408.257770;;;11.95
2026-09-27T13:03:07.550+02:00;5408.286839;;100.062;
2026-09-27T13:03:07.552+02:00;5408.288753;10.031;;
2026-09-27T13:03:10.933+02:00;5411.669405;;;11.95
2026-09-27T13:03:10.962+02:00;5411.698593;;100.062;
2026-09-27T13:03:10.964+02:00;5411.700663;10.03;;
2026-09-27T13:03:14.344+02:00;5415.081030;;;11.95
2026-09-27T13:03:14.381+02:00;5415.118131;;100.061;
2026-09-27T13:03:14.382+02:00;5415.118515;10.029;;
2026-09-27T13:03:17.756+02:00;5418.492817;;;11.95
2026-09-27T13:03:17.786+02:00;5418.522871;;100.062;
2026-09-27T13:03:17.787+02:00;5418.523963;10.026;;
2026-09-27T13:03:21.168+02:00;5421.904620;;;11.95
2026-09-27T13:03:21.197+02:00;5421.933787;;100.063;
2026-09-27T13:03:21.199+02:00;5421.935699;10.021;;
2026-09-27T13:03:24.580+02:00;5425.316348;;;11.95
2026-09-27T13:03:24.609+02:00;5425.345358;;100.062;
2026-09-27T13:03:24.611+02:00;5425.347315;10.015;;
2026-09-27T13:03:27.991+02:00;5428.727993;;;11.95
2026-09-27T13:03:28.020+02:00;5428.757130;;100.062;
2026-09-27T13:03:28.022+02:00;5428.759109;10.017;;
2026-09-27T13:03:31.403+02:00;5432.139605;;;11.94
2026-09-27T13:03:31.432+02:00;5432.168968;;100.062;
2026-09-27T13:03:31.436+02:00;5432.172869;10.015;;
2026-09-27T13:03:34.815+02:00;5435.551396;;;11.95
2026-09-27T13:03:34.844+02:00;5435.580604;;100.062;
2026-09-27T13:03:34.846+02:00;5435.582503;10.015;;
2026-09-27T13:03:38.226+02:00;5438.963167;;;11.97
2026-09-27T13:03:38.256+02:00;5438.992309;;100.062;
2026-09-27T13:03:38.258+02:00;5438.994278;10.015;;
2026-09-27T13:03:41.638+02:00;5442.374871;;;11.95
2026-09-27T13:03:41.668+02:00;5442.404243;;100.061;
2026-09-27T13:03:41.669+02:00;5442.406033;10.014;;
2026-09-27T13:03:45.050+02:00;5445.786714;;;11.95
2026-09-27T13:03:45.079+02:00;5445.815738;;100.062;
2026-09-27T13:03:45.081+02:00;5445.817831;10.014;;
2026-09-27T13:03:48.462+02:00;5449.198351;;;11.95
2026-09-27T13:03:48.491+02:00;5449.227494;;100.062;
2026-09-27T13:03:48.493+02:00;5449.229468;10.011;;
2026-09-27T13:03:52.435+02:00;5453.171746;;;11.91
2026-09-27T13:03:52.464+02:00;5453.200926;;100.063;
2026-09-27T13:03:52.466+02:00;5453.202933;10.003;;
2026-09-27T13:03:55.838+02:00;5456.574518;;;11.95
2026-09-27T13:03:55.866+02:00;5456.602693;;100.062;
2026-09-27T13:03:55.868+02:00;5456.604640;9.999;;
2026-09-27T13:03:59.249+02:00;5459.986141;;;11.94
2026-09-27T13:03:59.278+02:00;5460.015021;;100.062;
2026-09-27T13:03:59.283+02:00;5460.019733;9.999;;
2026-09-27T13:04:02.661+02:00;5463.398121;;;11.94
2026-09-27T13:04:02.689+02:00;5463.426195;;100.062;
2026-09-27T13:04:02.691+02:00;5463.428061;9.999;;
2026-09-27T13:04:06.073+02:00;5466.809747;;;11.94
2026-09-27T13:04:06.101+02:00;5466.837854;;100.061;
2026-09-27T13:04:06.103+02:00;5466.839954;9.999;;
2026-09-27T13:04:09.485+02:00;5470.221483;;;11.94
2026-09-27T13:04:09.513+02:00;5470.249653;;100.061;
2026-09-27T13:04:09.515+02:00;5470.251623;9.999;;
2026-09-27T13:04:12.896+02:00;5473.633023;;;11.91
2026-09-27T13:04:12.925+02:00;5473.661386;;100.061;
2026-09-27T13:04:12.927+02:00;5473.663637;9.999;;
2026-09-27T13:04:16.308+02:00;5477.044881;;;11.95
2026-09-27T13:04:16.336+02:00;5477.073095;;100.062;
2026-09-27T13:04:16.338+02:00;5477.075013;9.999;;
2026-09-27T13:04:19.720+02:00;5480.456690;;;11.94
2026-09-27T13:04:19.748+02:00;5480.484707;;100.062;
2026-09-27T13:04:19.750+02:00;5480.486661;9.998;;
2026-09-27T13:04:23.132+02:00;5483.868305;;;11.94
2026-09-27T13:04:23.160+02:00;5483.896459;;100.062;
2026-09-27T13:04:23.162+02:00;5483.898400;9.998;;
2026-09-27T13:04:26.543+02:00;5487.279873;;;11.94
2026-09-27T13:04:26.571+02:00;5487.308192;;100.062;
2026-09-27T13:04:26.573+02:00;5487.310109;9.991;;
2026-09-27T13:04:29.955+02:00;5490.691614;;;11.95
2026-09-27T13:04:29.983+02:00;5490.719746;;100.062;
2026-09-27T13:04:29.985+02:00;5490.721710;9.992;;
2026-09-27T13:04:33.367+02:00;5494.103288;;;11.94
2026-09-27T13:04:33.396+02:00;5494.132334;;100.061;
2026-09-27T13:04:33.397+02:00;5494.133501;9.996;;
2026-09-27T13:04:36.779+02:00;5497.515953;;;11.94
2026-09-27T13:04:36.808+02:00;5497.544206;;100.062;
2026-09-27T13:04:36.809+02:00;5497.546119;9.999;;
2026-09-27T13:04:40.190+02:00;5500.926804;;;11.95
2026-09-27T13:04:40.218+02:00;5500.954908;;100.061;
2026-09-27T13:04:40.220+02:00;5500.956934;9.999;;
2026-09-27T13:04:43.602+02:00;5504.338405;;;11.95
2026-09-27T13:04:43.631+02:00;5504.367736;;100.061;
2026-09-27T13:04:43.633+02:00;5504.369857;10.0;;
2026-09-27T13:04:47.013+02:00;5507.750187;;;11.95
2026-09-27T13:04:47.043+02:00;5507.779402;;100.062;
2026-09-27T13:04:47.045+02:00;5507.781304;10.012;;
2026-09-27T13:04:50.425+02:00;5511.161841;;;11.95
2026-09-27T13:04:50.454+02:00;5511.190985;;100.062;
2026-09-27T13:04:50.456+02:00;5511.192950;10.016;;
2026-09-27T13:04:53.837+02:00;5514.573654;;;11.95
2026-09-27T13:04:53.866+02:00;5514.602764;;100.062;
2026-09-27T13:04:53.872+02:00;5514.608312;10.028;;
2026-09-27T13:04:57.249+02:00;5517.985308;;;11.95
2026-09-27T13:04:57.278+02:00;5518.014497;;100.062;
2026-09-27T13:04:57.280+02:00;5518.016399;10.038;;
2026-09-27T13:05:00.660+02:00;5521.397040;;;11.95
2026-09-27T13:05:00.689+02:00;5521.426184;;100.062;
2026-09-27T13:05:00.692+02:00;5521.428262;10.049;;
2026-09-27T13:05:04.072+02:00;5524.808721;;;11.95
2026-09-27T13:05:04.101+02:00;5524.837814;;100.062;
2026-09-27T13:05:04.103+02:00;5524.839801;10.063;;
2026-09-27T13:05:07.484+02:00;5528.220447;;;11.95
2026-09-27T13:05:07.517+02:00;5528.253791;10.07;100.062;
2026-09-27T13:05:10.895+02:00;5531.632147;;;11.95
2026-09-27T13:05:10.925+02:00;5531.661346;;100.062;
2026-09-27T13:05:10.927+02:00;5531.663345;10.079;;
2026-09-27T13:05:14.867+02:00;5535.603689;;;11.93
2026-09-27T13:05:14.896+02:00;5535.632991;;100.061;
2026-09-27T13:05:14.898+02:00;5535.634988;10.092;;
2026-09-27T13:05:18.270+02:00;5539.006474;;;11.95
2026-09-27T13:05:18.299+02:00;5539.035788;;100.061;
2026-09-27T13:05:18.301+02:00;5539.037680;10.098;;
2026-09-27T13:05:21.682+02:00;5542.418290;;;11.96
2026-09-27T13:05:21.711+02:00;5542.447547;;100.062;
2026-09-27T13:05:21.713+02:00;5542.449400;10.111;;
2026-09-27T13:05:25.093+02:00;5545.830059;;;11.97
2026-09-27T13:05:25.123+02:00;5545.859205;;100.061;
2026-09-27T13:05:25.124+02:00;5545.861162;10.114;;
2026-09-27T13:05:28.505+02:00;5549.241674;;;11.98
2026-09-27T13:05:28.536+02:00;5549.272326;;100.061;
2026-09-27T13:05:28.536+02:00;5549.272833;10.127;;
2026-09-27T13:05:31.917+02:00;5552.653638;;;11.98
2026-09-27T13:05:31.946+02:00;5552.682709;;100.062;
2026-09-27T13:05:31.948+02:00;5552.684595;10.128;;
2026-09-27T13:05:35.329+02:00;5556.065253;;;11.98
2026-09-27T13:05:35.358+02:00;5556.094405;;100.062;
2026-09-27T13:05:35.360+02:00;5556.096496;10.136;;
2026-09-27T13:05:38.740+02:00;5559.476889;;;11.98
2026-09-27T13:05:38.771+02:00;5559.507308;;100.062;
2026-09-27T13:05:38.771+02:00;5559.508179;10.144;;
2026-09-27T13:05:42.152+02:00;5562.888705;;;11.99
2026-09-27T13:05:42.181+02:00;5562.917916;;100.062;
2026-09-27T13:05:42.183+02:00;5562.919786;10.147;;
2026-09-27T13:05:45.564+02:00;5566.300297;;;12.01
2026-09-27T13:05:45.593+02:00;5566.329455;;100.061;
2026-09-27T13:05:45.595+02:00;5566.331525;10.157;;
2026-09-27T13:05:49.540+02:00;5570.276756;;;11.98
2026-09-27T13:05:49.569+02:00;5570.305890;;100.062;
2026-09-27T13:05:49.571+02:00;5570.307839;10.16;;
2026-09-27T13:05:52.943+02:00;5573.679503;;;11.99
2026-09-27T13:05:52.972+02:00;5573.708683;;100.062;
2026-09-27T13:05:52.974+02:00;5573.710629;10.162;;
2026-09-27T13:05:56.743+02:00;5577.479827;;;12.0
2026-09-27T13:05:56.772+02:00;5577.509052;;100.061;
2026-09-27T13:05:56.774+02:00;5577.511009;10.173;;
2026-09-27T13:06:00.155+02:00;5580.891815;;;11.98
2026-09-27T13:06:00.184+02:00;5580.920918;;100.062;
2026-09-27T13:06:00.186+02:00;5580.922769;10.176;;
2026-09-27T13:06:03.567+02:00;5584.303445;;;12.01
2026-09-27T13:06:03.596+02:00;5584.332614;;100.062;
2026-09-27T13:06:03.598+02:00;5584.334709;10.176;;
2026-09-27T13:06:06.978+02:00;5587.715071;;;12.0
2026-09-27T13:06:07.008+02:00;5587.744214;;100.062;
2026-09-27T13:06:07.009+02:00;5587.746185;10.176;;
2026-09-27T13:06:10.390+02:00;5591.126772;;;12.0
2026-09-27T13:06:10.420+02:00;5591.156339;;100.062;
2026-09-27T13:06:10.422+02:00;5591.158718;10.179;;
2026-09-27T13:06:13.802+02:00;5594.538488;;;12.0
2026-09-27T13:06:13.831+02:00;5594.567770;;100.062;
2026-09-27T13:06:13.833+02:00;5594.569752;10.179;;
2026-09-27T13:06:17.214+02:00;5597.950271;;;12.0
2026-09-27T13:06:17.243+02:00;5597.979431;;100.061;
2026-09-27T13:06:17.245+02:00;5597.981373;10.18;;
2026-09-27T13:06:20.626+02:00;5601.363001;;;12.01
2026-09-27T13:06:20.655+02:00;5601.392066;;100.062;
2026-09-27T13:06:20.660+02:00;5601.396307;10.181;;
2026-09-27T13:06:24.037+02:00;5604.773741;;;12.0
2026-09-27T13:06:24.066+02:00;5604.802946;;100.061;
2026-09-27T13:06:24.068+02:00;5604.804801;10.182;;
2026-09-27T13:06:27.449+02:00;5608.185349;;;12.01
2026-09-27T13:06:27.478+02:00;5608.214508;;100.062;
2026-09-27T13:06:27.480+02:00;5608.216452;10.182;;
2026-09-27T13:06:30.860+02:00;5611.596977;;;12.02
2026-09-27T13:06:30.889+02:00;5611.626126;;100.062;
2026-09-27T13:06:30.891+02:00;5611.628100;10.183;;
2026-09-27T13:06:34.272+02:00;5615.008734;;;12.02
2026-09-27T13:06:34.305+02:00;5615.041505;10.186;100.063;
2026-09-27T13:06:37.685+02:00;5618.421400;;;12.02
2026-09-27T13:06:37.714+02:00;5618.450591;;100.062;
2026-09-27T13:06:37.716+02:00;5618.452527;10.185;;
2026-09-27T13:06:41.095+02:00;5621.832175;;;12.02
2026-09-27T13:06:41.125+02:00;5621.861325;;100.062;
2026-09-27T13:06:41.127+02:00;5621.863285;10.183;;
2026-09-27T13:06:44.507+02:00;5625.243753;;;12.02
2026-09-27T13:06:44.536+02:00;5625.273089;;100.063;
2026-09-27T13:06:44.539+02:00;5625.275272;10.181;;
2026-09-27T13:06:47.919+02:00;5628.655622;;;12.0
2026-09-27T13:06:47.948+02:00;5628.684710;;100.063;
2026-09-27T13:06:47.950+02:00;5628.686619;10.186;;
2026-09-27T13:06:51.331+02:00;5632.067242;;;12.0
2026-09-27T13:06:51.360+02:00;5632.096379;;100.062;
2026-09-27T13:06:51.362+02:00;5632.098360;10.184;;
2026-09-27T13:06:54.742+02:00;5635.479022;;;12.01
2026-09-27T13:06:54.771+02:00;5635.508073;;100.062;
2026-09-27T13:06:54.773+02:00;5635.510017;10.183;;
2026-09-27T13:06:58.154+02:00;5638.890672;;;12.01
2026-09-27T13:06:58.183+02:00;5638.919962;;100.063;
2026-09-27T13:06:58.185+02:00;5638.921924;10.182;;
2026-09-27T13:07:01.566+02:00;5642.302431;;;12.0
2026-09-27T13:07:01.595+02:00;5642.331511;;100.062;
2026-09-27T13:07:01.597+02:00;5642.333401;10.18;;
2026-09-27T13:07:04.977+02:00;5645.714178;;;12.02
2026-09-27T13:07:05.007+02:00;5645.743209;;100.062;
2026-09-27T13:07:05.009+02:00;5645.745206;10.179;;
2026-09-27T13:07:08.389+02:00;5649.125759;;;12.01
2026-09-27T13:07:08.418+02:00;5649.155065;;100.062;
2026-09-27T13:07:08.425+02:00;5649.161456;10.177;;
2026-09-27T13:07:11.801+02:00;5652.537506;;;12.02
2026-09-27T13:07:11.830+02:00;5652.566758;;100.062;
2026-09-27T13:07:11.832+02:00;5652.568672;10.176;;
2026-09-27T13:07:15.212+02:00;5655.949148;;;12.02
2026-09-27T13:07:15.242+02:00;5655.978317;;100.062;
2026-09-27T13:07:15.244+02:00;5655.980283;10.176;;
2026-09-27T13:07:18.624+02:00;5659.360940;;;12.02
2026-09-27T13:07:18.653+02:00;5659.390068;;100.062;
2026-09-27T13:07:18.655+02:00;5659.392181;10.176;;
2026-09-27T13:07:22.036+02:00;5662.772540;;;12.02
2026-09-27T13:07:22.068+02:00;5662.804286;10.174;100.062;
2026-09-27T13:07:25.774+02:00;5666.511112;;;12.02
2026-09-27T13:07:25.804+02:00;5666.540288;;100.062;
2026-09-27T13:07:25.806+02:00;5666.542223;10.171;;
2026-09-27T13:07:29.186+02:00;5669.922777;;;12.02
2026-09-27T13:07:29.215+02:00;5669.951908;;100.062;
2026-09-27T13:07:29.217+02:00;5669.953862;10.169;;
2026-09-27T13:07:32.598+02:00;5673.334500;;;12.02
2026-09-27T13:07:32.627+02:00;5673.363827;;100.062;
2026-09-27T13:07:32.629+02:00;5673.365832;10.165;;
2026-09-27T13:07:36.009+02:00;5676.746171;;;12.01
2026-09-27T13:07:36.039+02:00;5676.775384;;100.062;
2026-09-27T13:07:36.041+02:00;5676.777276;10.162;;
2026-09-27T13:07:39.421+02:00;5680.157839;;;12.02
2026-09-27T13:07:39.450+02:00;5680.186977;;100.062;
2026-09-27T13:07:39.452+02:00;5680.188939;10.162;;
2026-09-27T13:07:42.833+02:00;5683.569619;;;12.02
2026-09-27T13:07:42.862+02:00;5683.598751;;100.062;
2026-09-27T13:07:42.874+02:00;5683.610295;10.16;;
2026-09-27T13:07:46.245+02:00;5686.981368;;;12.02
2026-09-27T13:07:46.274+02:00;5687.010464;;100.062;
2026-09-27T13:07:46.276+02:00;5687.012341;10.16;;
2026-09-27T13:07:49.656+02:00;5690.393003;;;12.01
2026-09-27T13:07:49.685+02:00;5690.422181;;100.062;
2026-09-27T13:07:49.687+02:00;5690.424139;10.16;;
2026-09-27T13:07:53.068+02:00;5693.804818;;;12.01
2026-09-27T13:07:53.097+02:00;5693.833809;;100.061;
2026-09-27T13:07:53.099+02:00;5693.835809;10.16;;
2026-09-27T13:07:56.480+02:00;5697.216425;;;12.02
2026-09-27T13:07:56.509+02:00;5697.245797;;100.061;
2026-09-27T13:07:56.511+02:00;5697.247710;10.158;;
2026-09-27T13:07:59.892+02:00;5700.628214;;;12.02
2026-09-27T13:07:59.921+02:00;5700.657359;;100.063;
2026-09-27T13:07:59.923+02:00;5700.659431;10.152;;
2026-09-27T13:08:03.303+02:00;5704.039882;;;12.03
2026-09-27T13:08:03.332+02:00;5704.069014;;100.062;
2026-09-27T13:08:03.334+02:00;5704.071006;10.151;;
2026-09-27T13:08:06.715+02:00;5707.451616;;;12.02
2026-09-27T13:08:06.744+02:00;5707.480719;;100.061;
2026-09-27T13:08:06.747+02:00;5707.483334;10.147;;
2026-09-27T13:08:10.127+02:00;5710.863398;;;12.02
2026-09-27T13:08:10.156+02:00;5710.892531;;100.062;
2026-09-27T13:08:10.158+02:00;5710.894527;10.146;;
2026-09-27T13:08:13.538+02:00;5714.274941;;;12.02
2026-09-27T13:08:13.567+02:00;5714.304099;;100.062;
2026-09-27T13:08:13.569+02:00;5714.306062;10.144;;
2026-09-27T13:08:16.950+02:00;5717.686753;;;12.02
2026-09-27T13:08:16.979+02:00;5717.715876;;100.061;
2026-09-27T13:08:16.981+02:00;5717.717830;10.144;;
2026-09-27T13:08:20.362+02:00;5721.098414;;;12.02
2026-09-27T13:08:20.391+02:00;5721.127892;;100.062;
2026-09-27T13:08:20.393+02:00;5721.129779;10.143;;
2026-09-27T13:08:23.773+02:00;5724.510150;;;12.02
2026-09-27T13:08:23.803+02:00;5724.539352;;100.062;
2026-09-27T13:08:23.805+02:00;5724.541266;10.136;;
2026-09-27T13:08:27.185+02:00;5727.921904;;;12.02
2026-09-27T13:08:27.214+02:00;5727.951037;;100.061;
2026-09-27T13:08:27.216+02:00;5727.953080;10.131;;
2026-09-27T13:08:30.597+02:00;5731.333539;;;12.0
2026-09-27T13:08:30.626+02:00;5731.363106;;100.061;
2026-09-27T13:08:30.629+02:00;5731.365495;10.128;;
2026-09-27T13:08:34.009+02:00;5734.745344;;;11.99
2026-09-27T13:08:34.038+02:00;5734.774623;;100.062;
2026-09-27T13:08:34.040+02:00;5734.776443;10.128;;
2026-09-27T13:08:37.420+02:00;5738.157123;;;12.01
2026-09-27T13:08:37.449+02:00;5738.186136;;100.062;
2026-09-27T13:08:37.451+02:00;5738.188111;10.128;;
2026-09-27T13:08:40.832+02:00;5741.568785;;;12.01
2026-09-27T13:08:40.861+02:00;5741.597927;;100.062;
2026-09-27T13:08:40.872+02:00;5741.608369;10.127;;
2026-09-27T13:08:44.245+02:00;5744.981451;;;12.0
2026-09-27T13:08:44.274+02:00;5745.010692;;100.062;
2026-09-27T13:08:44.276+02:00;5745.012693;10.121;;
2026-09-27T13:08:47.655+02:00;5748.392175;;;12.02
2026-09-27T13:08:47.685+02:00;5748.421341;;100.062;
2026-09-27T13:08:47.687+02:00;5748.423292;10.115;;
2026-09-27T13:08:51.067+02:00;5751.803840;;;12.01
2026-09-27T13:08:51.096+02:00;5751.832978;;100.062;
2026-09-27T13:08:51.098+02:00;5751.834958;10.112;;
2026-09-27T13:08:54.479+02:00;5755.215652;;;12.02
2026-09-27T13:08:54.508+02:00;5755.245110;;100.063;
2026-09-27T13:08:54.520+02:00;5755.256325;10.112;;
2026-09-27T13:08:57.891+02:00;5758.627296;;;12.0
2026-09-27T13:08:57.920+02:00;5758.656496;;100.062;
2026-09-27T13:08:57.922+02:00;5758.658374;10.112;;
2026-09-27T13:09:01.303+02:00;5762.040038;;;12.01
2026-09-27T13:09:01.332+02:00;5762.069167;;100.062;
2026-09-27T13:09:01.334+02:00;5762.071160;10.112;;
2026-09-27T13:09:04.714+02:00;5765.450823;;;12.0
2026-09-27T13:09:04.743+02:00;5765.479967;;100.062;
2026-09-27T13:09:04.745+02:00;5765.481942;10.111;;
2026-09-27T13:09:08.126+02:00;5768.862434;;;12.0
2026-09-27T13:09:08.155+02:00;5768.891870;;100.062;
2026-09-27T13:09:08.157+02:00;5768.893937;10.108;;
2026-09-27T13:09:11.538+02:00;5772.274241;;;12.0
2026-09-27T13:09:11.567+02:00;5772.303477;;100.061;
2026-09-27T13:09:11.569+02:00;5772.305376;10.101;;
2026-09-27T13:09:14.949+02:00;5775.686004;;;11.99
2026-09-27T13:09:14.978+02:00;5775.715157;;100.061;
2026-09-27T13:09:14.980+02:00;5775.717113;10.096;;
2026-09-27T13:09:18.361+02:00;5779.097804;;;12.0
2026-09-27T13:09:18.390+02:00;5779.126823;;100.062;
2026-09-27T13:09:18.392+02:00;5779.128778;10.096;;
2026-09-27T13:09:21.773+02:00;5782.509372;;;12.01
2026-09-27T13:09:21.802+02:00;5782.538741;;100.062;
2026-09-27T13:09:21.804+02:00;5782.540642;10.096;;
2026-09-27T13:09:25.185+02:00;5785.921219;;;12.02
2026-09-27T13:09:25.214+02:00;5785.950234;;100.062;
2026-09-27T13:09:25.216+02:00;5785.952215;10.096;;
2026-09-27T13:09:28.596+02:00;5789.332872;;;12.01
2026-09-27T13:09:28.625+02:00;5789.362030;;100.062;
2026-09-27T13:09:28.627+02:00;5789.364120;10.095;;
2026-09-27T13:09:32.008+02:00;5792.744610;;;12.02
2026-09-27T13:09:32.038+02:00;5792.774244;;100.062;
2026-09-27T13:09:32.039+02:00;5792.775791;10.088;;
2026-09-27T13:09:35.420+02:00;5796.156418;;;12.02
2026-09-27T13:09:35.449+02:00;5796.185431;;100.062;
2026-09-27T13:09:35.451+02:00;5796.187412;10.082;;
2026-09-27T13:09:38.831+02:00;5799.568075;;;12.02
2026-09-27T13:09:38.861+02:00;5799.597231;;100.062;
2026-09-27T13:09:38.862+02:00;5799.599195;10.079;;
2026-09-27T13:09:42.243+02:00;5802.979819;;;12.02
2026-09-27T13:09:42.273+02:00;5803.009269;;100.061;
2026-09-27T13:09:42.275+02:00;5803.011532;10.079;;
2026-09-27T13:09:45.655+02:00;5806.391411;;;12.02
2026-09-27T13:09:45.684+02:00;5806.420748;;100.061;
2026-09-27T13:09:45.686+02:00;5806.422664;10.079;;
2026-09-27T13:09:49.067+02:00;5809.803272;;;12.02
2026-09-27T13:09:49.096+02:00;5809.832413;;100.062;
2026-09-27T13:09:49.098+02:00;5809.834363;10.079;;
2026-09-27T13:09:52.479+02:00;5813.216053;;;12.02
2026-09-27T13:09:52.508+02:00;5813.245179;;100.062;
2026-09-27T13:09:52.511+02:00;5813.247289;10.078;;
2026-09-27T13:09:55.890+02:00;5816.626695;;;12.01
2026-09-27T13:09:55.919+02:00;5816.655987;;100.061;
2026-09-27T13:09:55.921+02:00;5816.657973;10.078;;
2026-09-27T13:09:59.302+02:00;5820.038458;;;12.01
2026-09-27T13:09:59.331+02:00;5820.067711;;100.062;
2026-09-27T13:09:59.333+02:00;5820.069614;10.073;;
2026-09-27T13:10:02.713+02:00;5823.450105;;;12.01
2026-09-27T13:10:02.743+02:00;5823.479257;;100.062;
2026-09-27T13:10:02.745+02:00;5823.481360;10.072;;
2026-09-27T13:10:06.125+02:00;5826.861887;;;12.0
2026-09-27T13:10:06.157+02:00;5826.894089;10.066;100.062;
2026-09-27T13:10:09.537+02:00;5830.273689;;;12.01
2026-09-27T13:10:09.566+02:00;5830.302801;;100.062;
2026-09-27T13:10:09.568+02:00;5830.304689;10.064;;
2026-09-27T13:10:12.949+02:00;5833.685321;;;12.01
2026-09-27T13:10:12.978+02:00;5833.714459;;100.061;
2026-09-27T13:10:12.980+02:00;5833.716420;10.063;;
2026-09-27T13:10:16.360+02:00;5837.096985;;;12.02
2026-09-27T13:10:16.389+02:00;5837.126123;;100.062;
2026-09-27T13:10:16.391+02:00;5837.128089;10.063;;
2026-09-27T13:10:19.772+02:00;5840.508783;;;12.02
2026-09-27T13:10:19.801+02:00;5840.537895;;100.062;
2026-09-27T13:10:19.803+02:00;5840.539869;10.063;;
2026-09-27T13:10:23.184+02:00;5843.920317;;;12.02
2026-09-27T13:10:23.216+02:00;5843.952224;10.063;100.061;
2026-09-27T13:10:26.595+02:00;5847.332179;;;12.02
2026-09-27T13:10:26.625+02:00;5847.361322;;100.061;
2026-09-27T13:10:26.627+02:00;5847.363306;10.063;;
2026-09-27T13:10:30.007+02:00;5850.743856;;;12.02
2026-09-27T13:10:30.036+02:00;5850.773036;;100.061;
2026-09-27T13:10:30.038+02:00;5850.774947;10.063;;
2026-09-27T13:10:33.419+02:00;5854.155648;;;12.03
2026-09-27T13:10:33.448+02:00;5854.184672;;100.062;
2026-09-27T13:10:33.450+02:00;5854.186636;10.059;;
2026-09-27T13:10:36.830+02:00;5857.567192;;;12.03
2026-09-27T13:10:36.860+02:00;5857.596619;;100.061;
2026-09-27T13:10:36.867+02:00;5857.603810;10.058;;
2026-09-27T13:10:40.793+02:00;5861.529428;;;12.0
2026-09-27T13:10:40.822+02:00;5861.558603;;100.061;
2026-09-27T13:10:40.824+02:00;5861.560655;10.053;;
2026-09-27T13:10:44.195+02:00;5864.932156;;;12.02
2026-09-27T13:10:44.225+02:00;5864.961315;;100.062;
2026-09-27T13:10:44.227+02:00;5864.963292;10.049;;
2026-09-27T13:10:47.607+02:00;5868.343840;;;12.01
2026-09-27T13:10:47.637+02:00;5868.373951;;100.062;
2026-09-27T13:10:47.638+02:00;5868.375060;10.048;;
2026-09-27T13:10:51.019+02:00;5871.755672;;;12.02
2026-09-27T13:10:51.048+02:00;5871.784791;;100.061;
2026-09-27T13:10:51.050+02:00;5871.786730;10.047;;
2026-09-27T13:10:54.430+02:00;5875.167189;;;12.02
2026-09-27T13:10:54.460+02:00;5875.196346;;100.061;
2026-09-27T13:10:54.462+02:00;5875.198326;10.047;;
2026-09-27T13:10:57.842+02:00;5878.578902;;;12.02
2026-09-27T13:10:57.875+02:00;5878.612175;10.047;100.062;
2026-09-27T13:11:01.254+02:00;5881.990673;;;12.02
2026-09-27T13:11:01.283+02:00;5882.019747;;100.062;
2026-09-27T13:11:01.285+02:00;5882.021661;10.047;;
2026-09-27T13:11:04.666+02:00;5885.402234;;;12.01
2026-09-27T13:11:04.695+02:00;5885.431397;;100.062;
2026-09-27T13:11:04.697+02:00;5885.433463;10.047;;
2026-09-27T13:11:08.077+02:00;5888.813959;;;12.01
2026-09-27T13:11:08.106+02:00;5888.843104;;100.061;
2026-09-27T13:11:08.108+02:00;5888.845073;10.046;;
2026-09-27T13:11:11.489+02:00;5892.225689;;;12.02
2026-09-27T13:11:11.521+02:00;5892.257684;;100.061;
2026-09-27T13:11:11.521+02:00;5892.258125;10.043;;
2026-09-27T13:11:14.901+02:00;5895.637317;;;12.02
2026-09-27T13:11:14.932+02:00;5895.668233;;100.061;
2026-09-27T13:11:14.932+02:00;5895.668794;10.04;;
2026-09-27T13:11:18.312+02:00;5899.048953;;;12.01
2026-09-27T13:11:18.342+02:00;5899.078234;;100.062;
2026-09-27T13:11:18.343+02:00;5899.080106;10.037;;
2026-09-27T13:11:21.724+02:00;5902.460587;;;12.01
2026-09-27T13:11:21.753+02:00;5902.489785;;100.061;
2026-09-27T13:11:21.755+02:00;5902.491685;10.036;;
2026-09-27T13:11:25.136+02:00;5905.872271;;;12.0
2026-09-27T13:11:25.165+02:00;5905.901419;;100.062;
2026-09-27T13:11:25.167+02:00;5905.903380;10.033;;
2026-09-27T13:11:28.547+02:00;5909.283894;;;12.02
2026-09-27T13:11:28.576+02:00;5909.313021;;100.062;
2026-09-27T13:11:28.578+02:00;5909.314997;10.034;;
2026-09-27T13:11:31.959+02:00;5912.695645;;;12.01
2026-09-27T13:11:31.988+02:00;5912.724767;;100.061;
2026-09-27T13:11:31.990+02:00;5912.726733;10.032;;
2026-09-27T13:11:35.371+02:00;5916.107262;;;12.02
2026-09-27T13:11:35.400+02:00;5916.136471;;100.061;
2026-09-27T13:11:35.402+02:00;5916.138841;10.031;;
2026-09-27T13:11:38.782+02:00;5919.518887;;;12.01
2026-09-27T13:11:38.813+02:00;5919.549616;;100.062;
2026-09-27T13:11:38.814+02:00;5919.550228;10.031;;
2026-09-27T13:11:42.194+02:00;5922.930700;;;11.99
2026-09-27T13:11:42.223+02:00;5922.959887;;100.061;
2026-09-27T13:11:42.225+02:00;5922.961773;10.031;;
2026-09-27T13:11:45.606+02:00;5926.342235;;;11.99
2026-09-27T13:11:45.635+02:00;5926.371391;;100.062;
2026-09-27T13:11:45.637+02:00;5926.373327;10.031;;
2026-09-27T13:11:49.017+02:00;5929.753949;;;12.01
2026-09-27T13:11:49.046+02:00;5929.783117;;100.062;
2026-09-27T13:11:49.048+02:00;5929.785081;10.031;;
2026-09-27T13:11:52.429+02:00;5933.165584;;;11.98
2026-09-27T13:11:52.458+02:00;5933.194717;;100.062;
2026-09-27T13:11:52.460+02:00;5933.196675;10.031;;
2026-09-27T13:11:55.841+02:00;5936.577262;;;11.98
2026-09-27T13:11:55.871+02:00;5936.607844;;100.062;
2026-09-27T13:11:55.872+02:00;5936.608441;10.031;;
2026-09-27T13:11:59.252+02:00;5939.988817;;;11.98
2026-09-27T13:11:59.281+02:00;5940.018119;;100.061;
2026-09-27T13:11:59.283+02:00;5940.020012;10.031;;
2026-09-27T13:12:02.664+02:00;5943.400634;;;11.98
2026-09-27T13:12:02.693+02:00;5943.429859;;100.061;
2026-09-27T13:12:02.695+02:00;5943.431713;10.028;;
2026-09-27T13:12:06.076+02:00;5946.812325;;;11.98
2026-09-27T13:12:06.105+02:00;5946.841348;;100.062;
2026-09-27T13:12:06.107+02:00;5946.843304;10.026;;
2026-09-27T13:12:09.487+02:00;5950.223932;;;11.97
2026-09-27T13:12:09.516+02:00;5950.253065;;100.062;
2026-09-27T13:12:09.518+02:00;5950.255053;10.022;;
2026-09-27T13:12:12.899+02:00;5953.635503;;;11.97
2026-09-27T13:12:12.934+02:00;5953.670433;10.017;100.062;
2026-09-27T13:12:16.869+02:00;5957.605553;;;11.96
2026-09-27T13:12:16.898+02:00;5957.634672;;100.062;
2026-09-27T13:12:16.900+02:00;5957.636610;10.016;;
2026-09-27T13:12:20.272+02:00;5961.008344;;;11.98
2026-09-27T13:12:20.301+02:00;5961.037475;;100.062;
2026-09-27T13:12:20.303+02:00;5961.039439;10.015;;
2026-09-27T13:12:23.683+02:00;5964.419931;;;11.98
2026-09-27T13:12:23.719+02:00;5964.456051;;100.061;
2026-09-27T13:12:23.720+02:00;5964.456347;10.015;;
2026-09-27T13:12:27.095+02:00;5967.831781;;;11.98
2026-09-27T13:12:27.124+02:00;5967.860927;;100.062;
2026-09-27T13:12:27.127+02:00;5967.863219;10.015;;
2026-09-27T13:12:30.507+02:00;5971.243325;;;11.98
2026-09-27T13:12:30.536+02:00;5971.272668;;100.063;
2026-09-27T13:12:30.539+02:00;5971.275829;10.015;;
2026-09-27T13:12:33.918+02:00;5974.655109;;;11.97
2026-09-27T13:12:33.947+02:00;5974.684185;;100.062;
2026-09-27T13:12:33.949+02:00;5974.686111;10.015;;
2026-09-27T13:12:37.330+02:00;5978.066745;;;11.97
2026-09-27T13:12:37.359+02:00;5978.095877;;100.062;
2026-09-27T13:12:37.361+02:00;5978.097844;10.014;;
2026-09-27T13:12:40.742+02:00;5981.478325;;;11.98
2026-09-27T13:12:40.771+02:00;5981.507483;;100.062;
2026-09-27T13:12:40.773+02:00;5981.509448;10.012;;
2026-09-27T13:12:44.154+02:00;5984.891051;;;11.98
2026-09-27T13:12:44.183+02:00;5984.920199;;100.062;
2026-09-27T13:12:44.185+02:00;5984.922177;10.011;;
2026-09-27T13:12:47.565+02:00;5988.301757;;;11.98
2026-09-27T13:12:47.594+02:00;5988.331044;;100.062;
2026-09-27T13:12:47.597+02:00;5988.333413;10.008;;
2026-09-27T13:12:50.977+02:00;5991.713312;;;11.98
2026-09-27T13:12:51.006+02:00;5991.742890;;100.062;
2026-09-27T13:12:51.009+02:00;5991.745542;10.008;;
2026-09-27T13:12:54.388+02:00;5995.125006;;;12.0
2026-09-27T13:12:54.418+02:00;5995.154354;;100.062;
2026-09-27T13:12:54.419+02:00;5995.156121;10.002;;
2026-09-27T13:12:57.800+02:00;5998.536737;;;11.98
2026-09-27T13:12:57.828+02:00;5998.564914;;100.062;
2026-09-27T13:12:57.830+02:00;5998.566819;9.999;;
2026-09-27T13:13:01.212+02:00;6001.948441;;;11.99
2026-09-27T13:13:01.241+02:00;6001.977446;;100.062;
2026-09-27T13:13:01.243+02:00;6001.979536;10.0;;
2026-09-27T13:13:04.623+02:00;6005.360007;;;11.98
2026-09-27T13:13:04.651+02:00;6005.388193;;100.061;
2026-09-27T13:13:04.653+02:00;6005.390170;9.999;;
2026-09-27T13:13:08.035+02:00;6008.771688;;;11.98
2026-09-27T13:13:08.073+02:00;6008.809608;9.999;100.061;
2026-09-27T13:13:11.447+02:00;6012.183326;;;11.98
2026-09-27T13:13:11.476+02:00;6012.212672;;100.061;
2026-09-27T13:13:11.479+02:00;6012.216143;10.001;;
2026-09-27T13:13:14.858+02:00;6015.595104;;;11.98
2026-09-27T13:13:14.888+02:00;6015.624220;;100.062;
2026-09-27T13:13:14.889+02:00;6015.626125;10.006;;
2026-09-27T13:13:18.270+02:00;6019.006741;;;11.99
2026-09-27T13:13:18.299+02:00;6019.035881;;100.062;
2026-09-27T13:13:18.301+02:00;6019.037830;10.014;;
2026-09-27T13:13:21.682+02:00;6022.418430;;;11.97
2026-09-27T13:13:21.711+02:00;6022.447606;;100.062;
2026-09-27T13:13:21.713+02:00;6022.449438;10.015;;
2026-09-27T13:13:25.093+02:00;6025.830044;;;11.98
2026-09-27T13:13:25.122+02:00;6025.859198;;100.061;
2026-09-27T13:13:25.124+02:00;6025.861182;10.03;;
2026-09-27T13:13:28.831+02:00;6029.567885;;;11.98
2026-09-27T13:13:28.860+02:00;6029.597061;;100.061;
2026-09-27T13:13:28.862+02:00;6029.599029;10.032;;
2026-09-27T13:13:32.243+02:00;6032.979662;;;11.98
2026-09-27T13:13:32.272+02:00;6033.008775;;100.061;
2026-09-27T13:13:32.274+02:00;6033.010740;10.047;;
2026-09-27T13:13:35.655+02:00;6036.391250;;;11.98
2026-09-27T13:13:35.684+02:00;6036.420396;;100.061;
2026-09-27T13:13:35.686+02:00;6036.422336;10.058;;
2026-09-27T13:13:39.066+02:00;6039.802945;;;11.98
2026-09-27T13:13:39.096+02:00;6039.832947;;100.062;
2026-09-27T13:13:39.098+02:00;6039.834475;10.064;;
2026-09-27T13:13:42.478+02:00;6043.214511;;;11.99
2026-09-27T13:13:42.507+02:00;6043.243854;;100.061;
2026-09-27T13:13:42.509+02:00;6043.245748;10.078;;
2026-09-27T13:13:45.890+02:00;6046.626316;;;11.99
2026-09-27T13:13:45.919+02:00;6046.655523;;100.063;
2026-09-27T13:13:45.921+02:00;6046.657289;10.088;;
2026-09-27T13:13:49.302+02:00;6050.038925;;;12.01
2026-09-27T13:13:49.331+02:00;6050.068086;;100.062;
2026-09-27T13:13:49.333+02:00;6050.070051;10.096;;
2026-09-27T13:13:52.713+02:00;6053.449697;;;11.99
2026-09-27T13:13:52.742+02:00;6053.478792;;100.062;
2026-09-27T13:13:52.744+02:00;6053.480754;10.109;;
2026-09-27T13:13:56.125+02:00;6056.861318;;;11.99
2026-09-27T13:13:56.156+02:00;6056.892843;10.113;100.062;
2026-09-27T13:13:59.536+02:00;6060.272962;;;12.0
2026-09-27T13:13:59.569+02:00;6060.305402;;100.062;
2026-09-27T13:13:59.569+02:00;6060.305727;10.127;;
2026-09-27T13:14:02.948+02:00;6063.684768;;;12.01
2026-09-27T13:14:02.977+02:00;6063.713870;;100.062;
2026-09-27T13:14:02.979+02:00;6063.715834;10.13;;
2026-09-27T13:14:06.360+02:00;6067.096274;;;12.02
2026-09-27T13:14:06.389+02:00;6067.125711;;100.062;
2026-09-27T13:14:06.392+02:00;6067.128404;10.141;;
2026-09-27T13:14:10.106+02:00;6070.842609;;;12.01
2026-09-27T13:14:10.135+02:00;6070.871819;;100.062;
2026-09-27T13:14:10.138+02:00;6070.874814;10.145;;
2026-09-27T13:14:13.518+02:00;6074.254310;;;12.02
2026-09-27T13:14:13.547+02:00;6074.283522;;100.062;
2026-09-27T13:14:13.549+02:00;6074.285293;10.157;;
2026-09-27T13:14:16.929+02:00;6077.665927;;;12.02
2026-09-27T13:14:16.958+02:00;6077.695065;;100.062;
2026-09-27T13:14:16.960+02:00;6077.697164;10.16;;
2026-09-27T13:14:20.341+02:00;6081.077687;;;12.02
2026-09-27T13:14:20.370+02:00;6081.106698;;100.062;
2026-09-27T13:14:20.372+02:00;6081.108677;10.17;;
2026-09-27T13:14:23.753+02:00;6084.489243;;;12.02
2026-09-27T13:14:23.782+02:00;6084.518948;;100.063;
2026-09-27T13:14:23.785+02:00;6084.521993;10.176;;
2026-09-27T13:14:27.164+02:00;6087.900900;;;12.02
2026-09-27T13:14:27.193+02:00;6087.930116;;100.062;
2026-09-27T13:14:27.195+02:00;6087.932122;10.177;;
2026-09-27T13:14:30.576+02:00;6091.312664;;;12.03
2026-09-27T13:14:30.605+02:00;6091.341768;;100.062;
2026-09-27T13:14:30.607+02:00;6091.343724;10.181;;
2026-09-27T13:14:33.988+02:00;6094.724360;;;12.02
2026-09-27T13:14:34.017+02:00;6094.753360;;100.062;
2026-09-27T13:14:34.019+02:00;6094.755331;10.19;;
2026-09-27T13:14:37.399+02:00;6098.135957;;;12.01
2026-09-27T13:14:37.428+02:00;6098.165090;;100.061;
2026-09-27T13:14:37.430+02:00;6098.167081;10.193;;
2026-09-27T13:14:40.811+02:00;6101.547709;;;12.02
2026-09-27T13:14:40.841+02:00;6101.577476;;100.061;
2026-09-27T13:14:40.842+02:00;6101.579052;10.193;;
2026-09-27T13:14:44.730+02:00;6105.467149;;;12.01
2026-09-27T13:14:44.760+02:00;6105.496315;;100.062;
2026-09-27T13:14:44.762+02:00;6105.498200;10.196;;
2026-09-27T13:14:48.133+02:00;6108.869745;;;12.04
2026-09-27T13:14:48.162+02:00;6108.899056;;100.062;
2026-09-27T13:14:48.164+02:00;6108.901088;10.202;;
2026-09-27T13:14:51.545+02:00;6112.281526;;;12.03
2026-09-27T13:14:51.574+02:00;6112.310797;;100.062;
2026-09-27T13:14:51.576+02:00;6112.312531;10.207;;
2026-09-27T13:14:54.957+02:00;6115.693248;;;12.03
2026-09-27T13:14:54.986+02:00;6115.722296;;100.062;
2026-09-27T13:14:54.988+02:00;6115.724267;10.209;;
2026-09-27T13:14:58.368+02:00;6119.104881;;;12.03
2026-09-27T13:14:58.397+02:00;6119.134016;;100.062;
2026-09-27T13:14:58.399+02:00;6119.135994;10.209;;
2026-09-27T13:15:01.781+02:00;6122.517661;;;12.03
2026-09-27T13:15:01.813+02:00;6122.549764;;100.063;
2026-09-27T13:15:01.813+02:00;6122.550147;10.209;;
2026-09-27T13:15:05.192+02:00;6125.928339;;;12.05
2026-09-27T13:15:05.221+02:00;6125.957468;;100.061;
2026-09-27T13:15:05.223+02:00;6125.959368;10.209;;
2026-09-27T13:15:08.603+02:00;6129.339975;;;12.03
2026-09-27T13:15:08.632+02:00;6129.369176;;100.062;
2026-09-27T13:15:08.634+02:00;6129.371098;10.209;;
2026-09-27T13:15:12.015+02:00;6132.751628;;;12.05
2026-09-27T13:15:12.044+02:00;6132.780741;;100.062;
2026-09-27T13:15:12.046+02:00;6132.782698;10.21;;
2026-09-27T13:15:15.427+02:00;6136.163310;;;12.05
2026-09-27T13:15:15.456+02:00;6136.192473;;100.062;
2026-09-27T13:15:15.458+02:00;6136.194442;10.21;;
2026-09-27T13:15:18.839+02:00;6139.576040;;;12.05
2026-09-27T13:15:18.869+02:00;6139.605224;;100.062;
2026-09-27T13:15:18.871+02:00;6139.607221;10.212;;
2026-09-27T13:15:22.250+02:00;6142.986635;;;12.04
2026-09-27T13:15:22.279+02:00;6143.015902;;100.062;
2026-09-27T13:15:22.281+02:00;6143.017950;10.21;;
2026-09-27T13:15:25.662+02:00;6146.398406;;;12.05
2026-09-27T13:15:25.691+02:00;6146.427666;;100.062;
2026-09-27T13:15:25.693+02:00;6146.429524;10.212;;
2026-09-27T13:15:29.073+02:00;6149.810026;;;12.05
2026-09-27T13:15:29.102+02:00;6149.839180;;100.061;
2026-09-27T13:15:29.104+02:00;6149.841156;10.212;;
2026-09-27T13:15:32.485+02:00;6153.221796;;;12.05
2026-09-27T13:15:32.514+02:00;6153.250915;;100.062;
2026-09-27T13:15:32.517+02:00;6153.253265;10.212;;
2026-09-27T13:15:35.898+02:00;6156.634504;;;12.05
2026-09-27T13:15:35.927+02:00;6156.663817;;100.062;
2026-09-27T13:15:35.929+02:00;6156.665529;10.21;;
2026-09-27T13:15:39.308+02:00;6160.045119;;;12.04
2026-09-27T13:15:39.338+02:00;6160.074368;;100.063;
2026-09-27T13:15:39.340+02:00;6160.076254;10.209;;
2026-09-27T13:15:42.720+02:00;6163.456891;;;12.04
2026-09-27T13:15:42.749+02:00;6163.486039;;100.062;
2026-09-27T13:15:42.751+02:00;6163.487999;10.209;;
2026-09-27T13:15:46.694+02:00;6167.430299;;;12.02
2026-09-27T13:15:46.723+02:00;6167.459537;;100.062;
2026-09-27T13:15:46.725+02:00;6167.461354;10.209;;
2026-09-27T13:15:50.096+02:00;6170.833110;;;12.04
2026-09-27T13:15:50.126+02:00;6170.862256;;100.062;
2026-09-27T13:15:50.128+02:00;6170.864221;10.209;;
2026-09-27T13:15:53.508+02:00;6174.244848;;;12.04
2026-09-27T13:15:53.537+02:00;6174.273994;;100.061;
2026-09-27T13:15:53.539+02:00;6174.275954;10.209;;
2026-09-27T13:15:56.920+02:00;6177.656605;;;12.05
2026-09-27T13:15:56.949+02:00;6177.685954;;100.062;
2026-09-27T13:15:56.954+02:00;6177.690627;10.207;;
2026-09-27T13:16:00.331+02:00;6181.068145;;;12.06
2026-09-27T13:16:00.361+02:00;6181.097473;;100.061;
2026-09-27T13:16:00.363+02:00;6181.099354;10.208;;
2026-09-27T13:16:03.743+02:00;6184.479951;;;12.05
2026-09-27T13:16:03.772+02:00;6184.509162;;100.061;
2026-09-27T13:16:03.774+02:00;6184.511077;10.206;;
2026-09-27T13:16:07.155+02:00;6187.891615;;;12.05
2026-09-27T13:16:07.184+02:00;6187.920725;;100.062;
2026-09-27T13:16:07.186+02:00;6187.922822;10.2;;
2026-09-27T13:16:10.567+02:00;6191.303303;;;12.06
2026-09-27T13:16:10.596+02:00;6191.332445;;100.062;
2026-09-27T13:16:10.598+02:00;6191.334397;10.199;;
2026-09-27T13:16:13.978+02:00;6194.714984;;;12.05
2026-09-27T13:16:14.012+02:00;6194.748406;10.193;100.061;
2026-09-27T13:16:17.390+02:00;6198.126643;;;12.05
2026-09-27T13:16:17.419+02:00;6198.155946;;100.062;
2026-09-27T13:16:17.421+02:00;6198.157807;10.193;;
2026-09-27T13:16:20.802+02:00;6201.538413;;;12.07
2026-09-27T13:16:20.831+02:00;6201.567648;;100.062;
2026-09-27T13:16:20.833+02:00;6201.569534;10.193;;
2026-09-27T13:16:24.213+02:00;6204.950145;;;12.06
2026-09-27T13:16:24.243+02:00;6204.979300;;100.062;
2026-09-27T13:16:24.244+02:00;6204.981154;10.191;;
2026-09-27T13:16:27.625+02:00;6208.361883;;;12.05
2026-09-27T13:16:27.654+02:00;6208.390929;;100.062;
2026-09-27T13:16:27.656+02:00;6208.392913;10.191;;
2026-09-27T13:16:31.038+02:00;6211.774475;;;12.06
2026-09-27T13:16:31.068+02:00;6211.804658;;100.062;
2026-09-27T13:16:31.069+02:00;6211.805779;10.191;;
2026-09-27T13:16:34.448+02:00;6215.185153;;;12.05
2026-09-27T13:16:34.478+02:00;6215.214399;;100.062;
2026-09-27T13:16:34.480+02:00;6215.216262;10.189;;
2026-09-27T13:16:37.860+02:00;6218.596890;;;12.05
2026-09-27T13:16:37.889+02:00;6218.626039;;100.062;
2026-09-27T13:16:37.891+02:00;6218.627994;10.183;;
2026-09-27T13:16:41.272+02:00;6222.008676;;;12.05
2026-09-27T13:16:41.301+02:00;6222.037772;;100.062;
2026-09-27T13:16:41.303+02:00;6222.039770;10.179;;
2026-09-27T13:16:44.684+02:00;6225.420385;;;12.08
2026-09-27T13:16:44.713+02:00;6225.449610;;100.061;
2026-09-27T13:16:44.715+02:00;6225.451487;10.177;;
2026-09-27T13:16:48.095+02:00;6228.832081;;;12.07
2026-09-27T13:16:48.125+02:00;6228.861280;;100.061;
2026-09-27T13:16:48.127+02:00;6228.863242;10.176;;
2026-09-27T13:16:51.507+02:00;6232.243797;;;12.07
2026-09-27T13:16:51.536+02:00;6232.272992;;100.062;
2026-09-27T13:16:51.538+02:00;6232.274877;10.176;;
2026-09-27T13:16:54.919+02:00;6235.655483;;;12.06
2026-09-27T13:16:54.948+02:00;6235.684666;;100.062;
2026-09-27T13:16:54.950+02:00;6235.686717;10.176;;
2026-09-27T13:16:58.331+02:00;6239.067232;;;12.05
2026-09-27T13:16:58.360+02:00;6239.096278;;100.062;
2026-09-27T13:16:58.362+02:00;6239.098232;10.175;;
2026-09-27T13:17:01.742+02:00;6242.478846;;;12.05
2026-09-27T13:17:01.771+02:00;6242.508030;;100.062;
2026-09-27T13:17:01.773+02:00;6242.509966;10.172;;
2026-09-27T13:17:05.154+02:00;6245.890547;;;12.05
2026-09-27T13:17:05.183+02:00;6245.919904;;100.061;
2026-09-27T13:17:05.185+02:00;6245.922139;10.163;;
2026-09-27T13:17:08.565+02:00;6249.302155;;;12.06
2026-09-27T13:17:08.595+02:00;6249.331460;;100.062;
2026-09-27T13:17:08.597+02:00;6249.333358;10.16;;
2026-09-27T13:17:12.302+02:00;6253.038460;;;12.06
2026-09-27T13:17:12.331+02:00;6253.067485;;100.062;
2026-09-27T13:17:12.333+02:00;6253.069438;10.16;;
2026-09-27T13:17:15.713+02:00;6256.450085;;;12.05
2026-09-27T13:17:15.743+02:00;6256.479225;;100.062;
2026-09-27T13:17:15.744+02:00;6256.481192;10.16;;
2026-09-27T13:17:19.125+02:00;6259.861845;;;12.05
2026-09-27T13:17:19.154+02:00;6259.890997;;100.062;
2026-09-27T13:17:19.156+02:00;6259.893060;10.159;;
2026-09-27T13:17:22.537+02:00;6263.273498;;;12.05
2026-09-27T13:17:22.566+02:00;6263.302912;;100.062;
2026-09-27T13:17:22.568+02:00;6263.304940;10.157;;
2026-09-27T13:17:25.949+02:00;6266.685216;;;12.06
2026-09-27T13:17:25.978+02:00;6266.714451;;100.062;
2026-09-27T13:17:25.980+02:00;6266.716340;10.153;;
2026-09-27T13:17:29.360+02:00;6270.096973;;;12.05
2026-09-27T13:17:29.389+02:00;6270.126039;;100.062;
2026-09-27T13:17:29.391+02:00;6270.127966;10.15;;
2026-09-27T13:17:32.772+02:00;6273.508615;;;12.05
2026-09-27T13:17:32.801+02:00;6273.537740;;100.061;
2026-09-27T13:17:32.803+02:00;6273.539691;10.145;;
2026-09-27T13:17:36.185+02:00;6276.921326;;;12.05
2026-09-27T13:17:36.214+02:00;6276.950453;;100.062;
2026-09-27T13:17:36.216+02:00;6276.952414;10.144;;
2026-09-27T13:17:39.595+02:00;6280.332074;;;12.04
2026-09-27T13:17:39.631+02:00;6280.367684;10.144;100.061;
2026-09-27T13:17:43.007+02:00;6283.743787;;;12.05
2026-09-27T13:17:43.038+02:00;6283.774418;;100.062;
2026-09-27T13:17:43.038+02:00;6283.774847;10.144;;
2026-09-27T13:17:46.419+02:00;6287.155445;;;12.06
2026-09-27T13:17:46.448+02:00;6287.184695;;100.062;
2026-09-27T13:17:46.450+02:00;6287.186692;10.143;;
2026-09-27T13:17:49.830+02:00;6290.567160;;;12.05
2026-09-27T13:17:49.869+02:00;6290.605930;10.14;100.062;
2026-09-27T13:17:53.242+02:00;6293.978890;;;12.05
2026-09-27T13:17:53.271+02:00;6294.008091;;100.062;
2026-09-27T13:17:53.273+02:00;6294.010068;10.134;;
2026-09-27T13:17:56.654+02:00;6297.390499;;;12.05
2026-09-27T13:17:56.683+02:00;6297.419840;;100.063;
2026-09-27T13:17:56.685+02:00;6297.421732;10.129;;
2026-09-27T13:18:00.066+02:00;6300.802333;;;12.05
2026-09-27T13:18:00.095+02:00;6300.831467;;100.063;
2026-09-27T13:18:00.097+02:00;6300.833410;10.129;;
2026-09-27T13:18:03.477+02:00;6304.213929;;;12.06
2026-09-27T13:18:03.514+02:00;6304.250274;;100.062;
2026-09-27T13:18:03.516+02:00;6304.252540;10.128;;
2026-09-27T13:18:06.889+02:00;6307.625665;;;12.05
2026-09-27T13:18:06.919+02:00;6307.655215;;100.061;
2026-09-27T13:18:06.921+02:00;6307.658039;10.128;;
2026-09-27T13:18:10.301+02:00;6311.037363;;;12.06
2026-09-27T13:18:10.330+02:00;6311.066744;;100.062;
2026-09-27T13:18:10.332+02:00;6311.068755;10.128;;
2026-09-27T13:18:13.712+02:00;6314.449065;;;12.06
2026-09-27T13:18:13.742+02:00;6314.478322;;100.061;
2026-09-27T13:18:13.743+02:00;6314.480186;10.126;;
2026-09-27T13:18:17.124+02:00;6317.860840;;;12.05
2026-09-27T13:18:17.153+02:00;6317.889834;;100.062;
2026-09-27T13:18:17.155+02:00;6317.891806;10.124;;
2026-09-27T13:18:20.536+02:00;6321.272441;;;12.05
2026-09-27T13:18:20.565+02:00;6321.301609;;100.062;
2026-09-27T13:18:20.567+02:00;6321.303699;10.118;;
2026-09-27T13:18:23.948+02:00;6324.684202;;;12.05
2026-09-27T13:18:23.977+02:00;6324.713356;;100.061;
2026-09-27T13:18:23.979+02:00;6324.715500;10.117;;
2026-09-27T13:18:27.359+02:00;6328.095885;;;12.06
2026-09-27T13:18:27.392+02:00;6328.128984;10.113;100.062;
2026-09-27T13:18:30.771+02:00;6331.507697;;;12.07
2026-09-27T13:18:30.801+02:00;6331.537417;;100.061;
2026-09-27T13:18:30.804+02:00;6331.540908;10.112;;
2026-09-27T13:18:34.183+02:00;6334.919312;;;12.06
2026-09-27T13:18:34.212+02:00;6334.948594;;100.062;
2026-09-27T13:18:34.214+02:00;6334.950416;10.112;;
2026-09-27T13:18:37.594+02:00;6338.331057;;;12.05
2026-09-27T13:18:37.623+02:00;6338.360199;;100.062;
2026-09-27T13:18:37.625+02:00;6338.362169;10.112;;
2026-09-27T13:18:41.006+02:00;6341.742769;;;12.04
2026-09-27T13:18:41.035+02:00;6341.771944;;100.062;
2026-09-27T13:18:41.037+02:00;6341.773928;10.112;;
2026-09-27T13:18:44.418+02:00;6345.154601;;;12.05
2026-09-27T13:18:44.453+02:00;6345.189621;10.112;100.062;
2026-09-27T13:18:47.829+02:00;6348.566106;;;12.05
2026-09-27T13:18:47.859+02:00;6348.595889;;100.062;
2026-09-27T13:18:47.861+02:00;6348.597431;10.111;;
2026-09-27T13:18:51.241+02:00;6351.977948;;;12.04
2026-09-27T13:18:51.270+02:00;6352.007076;;100.061;
2026-09-27T13:18:51.272+02:00;6352.009063;10.11;;
2026-09-27T13:18:54.653+02:00;6355.389692;;;12.05
2026-09-27T13:18:54.682+02:00;6355.418975;;100.061;
2026-09-27T13:18:54.684+02:00;6355.420921;10.105;;
2026-09-27T13:18:58.065+02:00;6358.801505;;;12.05
2026-09-27T13:18:58.094+02:00;6358.830725;;100.062;
2026-09-27T13:18:58.096+02:00;6358.832713;10.098;;
2026-09-27T13:19:01.476+02:00;6362.213185;;;12.05
2026-09-27T13:19:01.506+02:00;6362.242217;;100.063;
2026-09-27T13:19:01.507+02:00;6362.244191;10.096;;
2026-09-27T13:19:05.446+02:00;6366.182973;;;12.02
2026-09-27T13:19:05.475+02:00;6366.212198;;100.062;
2026-09-27T13:19:05.477+02:00;6366.214094;10.096;;
2026-09-27T13:19:08.849+02:00;6369.585865;;;12.05
2026-09-27T13:19:08.878+02:00;6369.615089;;100.062;
2026-09-27T13:19:08.880+02:00;6369.616957;10.096;;
2026-09-27T13:19:12.261+02:00;6372.997607;;;12.05
2026-09-27T13:19:12.290+02:00;6373.026744;;100.062;
2026-09-27T13:19:12.292+02:00;6373.028704;10.095;;
2026-09-27T13:19:15.673+02:00;6376.409314;;;12.05
2026-09-27T13:19:15.702+02:00;6376.438346;;100.062;
2026-09-27T13:19:15.704+02:00;6376.440316;10.095;;
2026-09-27T13:19:19.084+02:00;6379.820968;;;12.06
2026-09-27T13:19:19.113+02:00;6379.850110;;100.062;
2026-09-27T13:19:19.115+02:00;6379.852077;10.094;;
2026-09-27T13:19:22.497+02:00;6383.233750;;;12.05
2026-09-27T13:19:22.526+02:00;6383.262769;;100.061;
2026-09-27T13:19:22.528+02:00;6383.264699;10.088;;
2026-09-27T13:19:25.908+02:00;6386.644430;;;12.05
2026-09-27T13:19:25.940+02:00;6386.676920;;100.062;
2026-09-27T13:19:25.943+02:00;6386.679496;10.083;;
2026-09-27T13:19:29.319+02:00;6390.056019;;;12.04
2026-09-27T13:19:29.349+02:00;6390.085355;;100.062;
2026-09-27T13:19:29.351+02:00;6390.087381;10.08;;
2026-09-27T13:19:32.732+02:00;6393.468285;;;12.03
2026-09-27T13:19:32.760+02:00;6393.497094;;100.062;
2026-09-27T13:19:32.762+02:00;6393.498971;10.079;;
2026-09-27T13:19:36.143+02:00;6396.879468;;;12.04
2026-09-27T13:19:36.172+02:00;6396.908650;;100.062;
2026-09-27T13:19:36.174+02:00;6396.910735;10.08;;
2026-09-27T13:19:39.555+02:00;6400.291221;;;12.03
2026-09-27T13:19:39.584+02:00;6400.320401;;100.061;
2026-09-27T13:19:39.586+02:00;6400.322329;10.079;;
2026-09-27T13:19:42.966+02:00;6403.703026;;;12.02
2026-09-27T13:19:42.995+02:00;6403.731997;;100.062;
2026-09-27T13:19:42.997+02:00;6403.734058;10.079;;
2026-09-27T13:19:46.378+02:00;6407.114612;;;12.03
2026-09-27T13:19:46.407+02:00;6407.143908;;100.062;
2026-09-27T13:19:46.409+02:00;6407.145861;10.079;;
2026-09-27T13:19:49.790+02:00;6410.526372;;;12.04
2026-09-27T13:19:49.819+02:00;6410.555509;;100.062;
2026-09-27T13:19:49.821+02:00;6410.557340;10.078;;
2026-09-27T13:19:53.201+02:00;6413.937942;;;12.04
2026-09-27T13:19:53.231+02:00;6413.967285;;100.063;
2026-09-27T13:19:53.233+02:00;6413.969257;10.076;;
2026-09-27T13:19:56.613+02:00;6417.349787;;;12.05
2026-09-27T13:19:56.642+02:00;6417.378983;;100.062;
2026-09-27T13:19:56.644+02:00;6417.380890;10.076;;
2026-09-27T13:20:00.025+02:00;6420.761361;;;12.05
2026-09-27T13:20:00.054+02:00;6420.790666;;100.062;
2026-09-27T13:20:00.056+02:00;6420.792481;10.076;;
2026-09-27T13:20:03.436+02:00;6424.173112;;;12.04
2026-09-27T13:20:03.476+02:00;6424.212411;10.072;100.062;
2026-09-27T13:20:06.848+02:00;6427.584839;;;12.04
2026-09-27T13:20:06.878+02:00;6427.614717;;100.062;
2026-09-27T13:20:06.879+02:00;6427.616155;10.067;;
2026-09-27T13:20:10.587+02:00;6431.323266;;;12.04
2026-09-27T13:20:10.616+02:00;6431.352410;;100.061;
2026-09-27T13:20:10.618+02:00;6431.354365;10.064;;
2026-09-27T13:20:13.998+02:00;6434.735037;;;12.05
2026-09-27T13:20:14.027+02:00;6434.764045;;100.062;
2026-09-27T13:20:14.029+02:00;6434.766023;10.063;;
2026-09-27T13:20:17.410+02:00;6438.146801;;;12.03
2026-09-27T13:20:17.439+02:00;6438.175943;;100.062;
2026-09-27T13:20:17.448+02:00;6438.185164;10.063;;
2026-09-27T13:20:20.822+02:00;6441.558391;;;12.04
2026-09-27T13:20:20.851+02:00;6441.587584;;100.062;
2026-09-27T13:20:20.853+02:00;6441.589492;10.063;;
2026-09-27T13:20:24.233+02:00;6444.970142;;;12.03
2026-09-27T13:20:24.263+02:00;6444.999388;;100.062;
2026-09-27T13:20:24.265+02:00;6445.001491;10.063;;
2026-09-27T13:20:27.646+02:00;6448.382928;;;12.04
2026-09-27T13:20:27.674+02:00;6448.411188;;100.062;
2026-09-27T13:20:27.676+02:00;6448.413055;10.063;;
2026-09-27T13:20:31.057+02:00;6451.793532;;;12.05
2026-09-27T13:20:31.086+02:00;6451.822734;;100.062;
2026-09-27T13:20:31.088+02:00;6451.824774;10.063;;
2026-09-27T13:20:34.469+02:00;6455.205294;;;12.02
2026-09-27T13:20:34.498+02:00;6455.234453;;100.062;
2026-09-27T13:20:34.500+02:00;6455.236272;10.063;;
2026-09-27T13:20:37.881+02:00;6458.618064;;;12.04
2026-09-27T13:20:37.911+02:00;6458.647222;;100.062;
2026-09-27T13:20:37.919+02:00;6458.655629;10.063;;
2026-09-27T13:20:41.292+02:00;6462.028660;;;12.03
2026-09-27T13:20:41.321+02:00;6462.057971;;100.062;
2026-09-27T13:20:41.323+02:00;6462.059917;10.061;;
2026-09-27T13:20:44.705+02:00;6465.441754;;;12.03
2026-09-27T13:20:44.733+02:00;6465.469740;;100.062;
2026-09-27T13:20:44.735+02:00;6465.471589;10.058;;
2026-09-27T13:20:48.115+02:00;6468.852097;;;12.04
2026-09-27T13:20:48.145+02:00;6468.881251;;100.062;
2026-09-27T13:20:48.147+02:00;6468.883203;10.053;;
2026-09-27T13:20:51.527+02:00;6472.263857;;;12.05
2026-09-27T13:20:51.556+02:00;6472.292984;;100.061;
2026-09-27T13:20:51.558+02:00;6472.294957;10.051;;
2026-09-27T13:20:54.939+02:00;6475.675643;;;12.04
2026-09-27T13:20:54.968+02:00;6475.704763;;100.062;
2026-09-27T13:20:54.970+02:00;6475.706828;10.049;;
2026-09-27T13:20:58.351+02:00;6479.087310;;;12.04
2026-09-27T13:20:58.380+02:00;6479.116758;;100.062;
2026-09-27T13:20:58.382+02:00;6479.118677;10.049;;
2026-09-27T13:21:01.762+02:00;6482.498979;;;12.04
2026-09-27T13:21:01.791+02:00;6482.528190;;100.061;
2026-09-27T13:21:01.793+02:00;6482.530112;10.051;;
2026-09-27T13:21:05.174+02:00;6485.910751;;;12.04
2026-09-27T13:21:05.203+02:00;6485.939890;;100.062;
2026-09-27T13:21:05.205+02:00;6485.941857;10.049;;
2026-09-27T13:21:08.586+02:00;6489.322506;;;12.05
2026-09-27T13:21:08.615+02:00;6489.351673;;100.063;
2026-09-27T13:21:08.617+02:00;6489.353648;10.048;;
2026-09-27T13:21:11.998+02:00;6492.734247;;;12.03
2026-09-27T13:21:12.027+02:00;6492.763397;;100.062;
2026-09-27T13:21:12.029+02:00;6492.765371;10.047;;
2026-09-27T13:21:15.409+02:00;6496.145987;;;12.04
2026-09-27T13:21:15.440+02:00;6496.176930;;100.062;
2026-09-27T13:21:15.441+02:00;6496.177203;10.047;;
2026-09-27T13:21:18.821+02:00;6499.557673;;;12.05
2026-09-27T13:21:18.850+02:00;6499.587004;;100.062;
2026-09-27T13:21:18.853+02:00;6499.590101;10.047;;
2026-09-27T13:21:22.233+02:00;6502.969405;;;12.03
2026-09-27T13:21:22.262+02:00;6502.998590;;100.062;
2026-09-27T13:21:22.264+02:00;6503.000525;10.047;;
2026-09-27T13:21:25.644+02:00;6506.381168;;;12.02
2026-09-27T13:21:25.674+02:00;6506.410318;;100.061;
2026-09-27T13:21:25.675+02:00;6506.412141;10.047;;
2026-09-27T13:21:29.056+02:00;6509.792906;;;12.03
2026-09-27T13:21:29.085+02:00;6509.821924;;100.062;
2026-09-27T13:21:29.087+02:00;6509.823919;10.047;;
2026-09-27T13:21:32.468+02:00;6513.204546;;;12.02
2026-09-27T13:21:32.498+02:00;6513.234200;;100.062;
2026-09-27T13:21:32.501+02:00;6513.238001;10.047;;
2026-09-27T13:21:35.880+02:00;6516.616234;;;12.02
2026-09-27T13:21:35.909+02:00;6516.645636;;100.061;
2026-09-27T13:21:35.911+02:00;6516.647428;10.046;;
2026-09-27T13:21:39.291+02:00;6520.027995;;;12.02
2026-09-27T13:21:39.320+02:00;6520.057175;;100.061;
2026-09-27T13:21:39.322+02:00;6520.059093;10.047;;
2026-09-27T13:21:42.703+02:00;6523.439736;;;12.0
2026-09-27T13:21:42.732+02:00;6523.468920;;100.061;
2026-09-27T13:21:42.734+02:00;6523.470950;10.046;;
2026-09-27T13:21:46.115+02:00;6526.851470;;;12.0
2026-09-27T13:21:46.144+02:00;6526.880633;;100.061;
2026-09-27T13:21:46.146+02:00;6526.882546;10.044;;
2026-09-27T13:21:49.526+02:00;6530.263194;;;12.02
2026-09-27T13:21:49.556+02:00;6530.292236;;100.062;
2026-09-27T13:21:49.558+02:00;6530.294209;10.041;;
2026-09-27T13:21:52.938+02:00;6533.674816;;;12.0
2026-09-27T13:21:52.969+02:00;6533.706134;;100.062;
2026-09-27T13:21:52.970+02:00;6533.706401;10.04;;
2026-09-27T13:21:56.350+02:00;6537.086660;;;12.02
2026-09-27T13:21:56.379+02:00;6537.115857;;100.062;
2026-09-27T13:21:56.381+02:00;6537.117749;10.039;;
2026-09-27T13:21:59.762+02:00;6540.498232;;;12.01
2026-09-27T13:21:59.791+02:00;6540.527375;;100.061;
2026-09-27T13:21:59.793+02:00;6540.529335;10.035;;
2026-09-27T13:22:03.173+02:00;6543.910000;;;12.0
2026-09-27T13:22:03.202+02:00;6543.939151;;100.062;
2026-09-27T13:22:03.204+02:00;6543.941119;10.035;;
2026-09-27T13:22:06.585+02:00;6547.321646;;;12.01
2026-09-27T13:22:06.614+02:00;6547.350965;;100.062;
2026-09-27T13:22:06.616+02:00;6547.352936;10.032;;
2026-09-27T13:22:09.997+02:00;6550.733388;;;12.02
2026-09-27T13:22:10.026+02:00;6550.762619;;100.062;
2026-09-27T13:22:10.028+02:00;6550.764491;10.033;;
2026-09-27T13:22:13.408+02:00;6554.145161;;;12.02
2026-09-27T13:22:13.437+02:00;6554.174194;;100.062;
2026-09-27T13:22:13.439+02:00;6554.176148;10.032;;
2026-09-27T13:22:16.820+02:00;6557.556739;;;12.01
2026-09-27T13:22:16.849+02:00;6557.585916;;100.061;
2026-09-27T13:22:16.851+02:00;6557.588019;10.031;;
2026-09-27T13:22:20.232+02:00;6560.968507;;;12.02
2026-09-27T13:22:20.261+02:00;6560.997904;;100.062;
2026-09-27T13:22:20.263+02:00;6560.999688;10.031;;
2026-09-27T13:22:23.643+02:00;6564.380087;;;12.03
2026-09-27T13:22:23.673+02:00;6564.409868;;100.061;
2026-09-27T13:22:23.675+02:00;6564.411388;10.031;;
2026-09-27T13:22:27.055+02:00;6567.791914;;;12.02
2026-09-27T13:22:27.084+02:00;6567.821092;;100.061;
2026-09-27T13:22:27.086+02:00;6567.823040;10.031;;
2026-09-27T13:22:30.467+02:00;6571.203613;;;12.02
2026-09-27T13:22:30.496+02:00;6571.232752;;100.062;
2026-09-27T13:22:30.498+02:00;6571.234692;10.031;;
2026-09-27T13:22:33.879+02:00;6574.615325;;;12.01
2026-09-27T13:22:33.908+02:00;6574.644464;;100.062;
2026-09-27T13:22:33.910+02:00;6574.646442;10.031;;
2026-09-27T13:22:37.290+02:00;6578.027077;;;12.02
2026-09-27T13:22:37.324+02:00;6578.060678;;100.061;
2026-09-27T13:22:37.326+02:00;6578.062952;10.031;;
2026-09-27T13:22:40.702+02:00;6581.438835;;;12.01
2026-09-27T13:22:40.731+02:00;6581.467987;;100.061;
2026-09-27T13:22:40.733+02:00;6581.470152;10.031;;
2026-09-27T13:22:44.114+02:00;6584.850414;;;12.0
2026-09-27T13:22:44.143+02:00;6584.879780;;100.061;
2026-09-27T13:22:44.145+02:00;6584.881662;10.031;;
2026-09-27T13:22:47.526+02:00;6588.262256;;;12.0
2026-09-27T13:22:47.555+02:00;6588.291457;;100.061;
2026-09-27T13:22:47.557+02:00;6588.293227;10.031;;
2026-09-27T13:22:50.937+02:00;6591.674011;;;12.0
2026-09-27T13:22:50.966+02:00;6591.703039;;100.062;
2026-09-27T13:22:50.968+02:00;6591.705122;10.031;;
2026-09-27T13:22:54.350+02:00;6595.086684;;;11.99
2026-09-27T13:22:54.379+02:00;6595.115787;;100.061;
2026-09-27T13:22:54.381+02:00;6595.117746;10.03;;
2026-09-27T13:22:57.761+02:00;6598.497283;;;12.0
2026-09-27T13:22:57.793+02:00;6598.529995;;100.061;
2026-09-27T13:22:57.794+02:00;6598.530329;10.03;;
2026-09-27T13:23:01.172+02:00;6601.908960;;;12.01
2026-09-27T13:23:01.202+02:00;6601.938302;;100.061;
2026-09-27T13:23:01.204+02:00;6601.940527;10.031;;
2026-09-27T13:23:04.584+02:00;6605.320707;;;12.01
2026-09-27T13:23:04.613+02:00;6605.349900;;100.062;
2026-09-27T13:23:04.615+02:00;6605.351797;10.03;;
2026-09-27T13:23:07.996+02:00;6608.732437;;;12.0
2026-09-27T13:23:08.025+02:00;6608.761618;;100.061;
2026-09-27T13:23:08.027+02:00;6608.763597;10.03;;
2026-09-27T13:23:11.408+02:00;6612.145196;;;11.99
2026-09-27T13:23:11.438+02:00;6612.174330;;100.061;
2026-09-27T13:23:11.439+02:00;6612.176178;10.031;;
2026-09-27T13:23:14.819+02:00;6615.555844;;;11.99
2026-09-27T13:23:14.848+02:00;6615.584969;;100.062;
2026-09-27T13:23:14.850+02:00;6615.586937;10.03;;
2026-09-27T13:23:18.231+02:00;6618.967595;;;11.99
2026-09-27T13:23:18.261+02:00;6618.997949;;100.062;
2026-09-27T13:23:18.262+02:00;6618.998841;10.029;;
2026-09-27T13:23:21.643+02:00;6622.379294;;;12.02
2026-09-27T13:23:21.672+02:00;6622.408713;;100.061;
2026-09-27T13:23:21.674+02:00;6622.410491;10.029;;
2026-09-27T13:23:25.054+02:00;6625.790982;;;12.0
2026-09-27T13:23:25.083+02:00;6625.820175;;100.061;
2026-09-27T13:23:25.086+02:00;6625.822240;10.028;;
2026-09-27T13:23:28.467+02:00;6629.203770;;;12.03
2026-09-27T13:23:28.496+02:00;6629.232904;;100.061;
2026-09-27T13:23:28.498+02:00;6629.234880;10.026;;
2026-09-27T13:23:31.878+02:00;6632.614388;;;12.04
2026-09-27T13:23:31.907+02:00;6632.643539;;100.062;
2026-09-27T13:23:31.909+02:00;6632.645488;10.026;;
2026-09-27T13:23:35.289+02:00;6636.026135;;;12.02
2026-09-27T13:23:35.322+02:00;6636.058322;;100.061;
2026-09-27T13:23:35.323+02:00;6636.059643;10.026;;
2026-09-27T13:23:38.701+02:00;6639.437807;;;12.02
2026-09-27T13:23:38.730+02:00;6639.467007;;100.061;
2026-09-27T13:23:38.732+02:00;6639.468923;10.021;;
2026-09-27T13:23:42.113+02:00;6642.849542;;;12.02
2026-09-27T13:23:42.142+02:00;6642.878768;;100.062;
2026-09-27T13:23:42.144+02:00;6642.880695;10.019;;
2026-09-27T13:23:45.526+02:00;6646.262439;;;12.02
2026-09-27T13:23:45.555+02:00;6646.291456;;100.062;
2026-09-27T13:23:45.557+02:00;6646.293420;10.019;;
2026-09-27T13:23:48.936+02:00;6649.673063;;;12.02
2026-09-27T13:23:48.966+02:00;6649.702212;;100.062;
2026-09-27T13:23:48.968+02:00;6649.704324;10.017;;
2026-09-27T13:23:52.348+02:00;6653.084705;;;12.02
2026-09-27T13:23:52.377+02:00;6653.114007;;100.062;
2026-09-27T13:23:52.380+02:00;6653.116478;10.016;;
2026-09-27T13:23:56.362+02:00;6657.098756;;;11.98
2026-09-27T13:23:56.391+02:00;6657.128025;;100.063;
2026-09-27T13:23:56.393+02:00;6657.129892;10.015;;
2026-09-27T13:23:59.765+02:00;6660.501635;;;12.01
2026-09-27T13:23:59.794+02:00;6660.530756;;100.062;
2026-09-27T13:23:59.796+02:00;6660.532726;10.015;;
2026-09-27T13:24:03.177+02:00;6663.913240;;;12.01
2026-09-27T13:24:03.206+02:00;6663.942391;;100.062;
2026-09-27T13:24:03.208+02:00;6663.944330;10.015;;
2026-09-27T13:24:06.588+02:00;6667.324956;;;12.0
2026-09-27T13:24:06.618+02:00;6667.354793;;100.062;
2026-09-27T13:24:06.621+02:00;6667.357392;10.015;;
2026-09-27T13:24:10.000+02:00;6670.736695;;;12.01
2026-09-27T13:24:10.029+02:00;6670.765797;;100.062;
2026-09-27T13:24:10.031+02:00;6670.767765;10.015;;
2026-09-27T13:24:13.412+02:00;6674.148407;;;12.02
2026-09-27T13:24:13.441+02:00;6674.177548;;100.061;
2026-09-27T13:24:13.443+02:00;6674.179532;10.015;;
2026-09-27T13:24:16.823+02:00;6677.560118;;;12.02
2026-09-27T13:24:16.853+02:00;6677.589432;;100.062;
2026-09-27T13:24:16.855+02:00;6677.591533;10.015;;
2026-09-27T13:24:20.235+02:00;6680.971819;;;12.02
2026-09-27T13:24:20.264+02:00;6681.001012;;100.062;
2026-09-27T13:24:20.266+02:00;6681.002914;10.015;;
2026-09-27T13:24:23.647+02:00;6684.383587;;;12.02
2026-09-27T13:24:23.676+02:00;6684.412734;;100.062;
2026-09-27T13:24:23.678+02:00;6684.414686;10.015;;
2026-09-27T13:24:27.059+02:00;6687.795346;;;12.01
2026-09-27T13:24:27.088+02:00;6687.824491;;100.062;
2026-09-27T13:24:27.090+02:00;6687.826588;10.014;;
2026-09-27T13:24:30.470+02:00;6691.206948;;;12.01
2026-09-27T13:24:30.500+02:00;6691.236710;;100.062;
2026-09-27T13:24:30.503+02:00;6691.239813;10.013;;
2026-09-27T13:24:33.882+02:00;6694.618784;;;12.02
2026-09-27T13:24:33.911+02:00;6694.647997;;100.062;
2026-09-27T13:24:33.913+02:00;6694.649856;10.014;;
2026-09-27T13:24:37.294+02:00;6698.030373;;;12.02
2026-09-27T13:24:37.323+02:00;6698.059523;;100.063;
2026-09-27T13:24:37.325+02:00;6698.061480;10.013;;
2026-09-27T13:24:40.705+02:00;6701.442123;;;12.01
2026-09-27T13:24:40.735+02:00;6701.471272;;100.062;
2026-09-27T13:24:40.737+02:00;6701.473238;10.008;;
2026-09-27T13:24:44.117+02:00;6704.853896;;;12.01
2026-09-27T13:24:44.146+02:00;6704.882905;;100.062;
2026-09-27T13:24:44.148+02:00;6704.884878;10.006;;
2026-09-27T13:24:47.529+02:00;6708.265536;;;11.99
2026-09-27T13:24:47.560+02:00;6708.297104;10.002;100.062;
2026-09-27T13:24:50.941+02:00;6711.677274;;;12.01
2026-09-27T13:24:50.979+02:00;6711.715367;10.001;100.062;
2026-09-27T13:24:54.352+02:00;6715.089016;;;12.0
2026-09-27T13:24:54.385+02:00;6715.121917;10.003;100.062;
2026-09-27T13:24:57.764+02:00;6718.500706;;;12.0
2026-09-27T13:24:57.793+02:00;6718.529944;;100.062;
2026-09-27T13:24:57.795+02:00;6718.531922;10.0;;
2026-09-27T13:25:01.176+02:00;6721.912490;;;12.0
2026-09-27T13:25:01.205+02:00;6721.941723;;100.062;
2026-09-27T13:25:01.207+02:00;6721.943591;10.001;;
2026-09-27T13:25:04.587+02:00;6725.324100;;;12.01
2026-09-27T13:25:04.616+02:00;6725.352240;;100.062;
2026-09-27T13:25:04.618+02:00;6725.354231;9.999;;
2026-09-27T13:25:07.999+02:00;6728.735796;;;12.02
2026-09-27T13:25:08.028+02:00;6728.764884;;100.062;
2026-09-27T13:25:08.030+02:00;6728.766866;10.0;;
2026-09-27T13:25:11.411+02:00;6732.147492;;;12.01
2026-09-27T13:25:11.440+02:00;6732.176966;;100.062;
2026-09-27T13:25:11.442+02:00;6732.179088;10.0;;
2026-09-27T13:25:14.823+02:00;6735.560199;;;12.02
2026-09-27T13:25:14.852+02:00;6735.588537;;100.062;
2026-09-27T13:25:14.854+02:00;6735.590919;9.999;;
2026-09-27T13:25:18.234+02:00;6738.970944;;;12.02
2026-09-27T13:25:18.262+02:00;6738.999137;;100.061;
2026-09-27T13:25:18.264+02:00;6739.001024;9.999;;
2026-09-27T13:25:22.149+02:00;6742.886034;;;11.99
2026-09-27T13:25:22.177+02:00;6742.914177;;100.062;
2026-09-27T13:25:22.179+02:00;6742.916158;9.999;;
2026-09-27T13:25:25.552+02:00;6746.288830;;;12.0
2026-09-27T13:25:25.580+02:00;6746.316944;;100.061;
2026-09-27T13:25:25.582+02:00;6746.318911;9.999;;
2026-09-27T13:25:28.964+02:00;6749.700598;;;12.01
2026-09-27T13:25:28.992+02:00;6749.728728;;100.062;
2026-09-27T13:25:28.994+02:00;6749.730705;9.999;;
2026-09-27T13:25:32.887+02:00;6753.623513;;;12.0
2026-09-27T13:25:32.915+02:00;6753.651973;;100.062;
2026-09-27T13:25:32.918+02:00;6753.655002;9.999;;
2026-09-27T13:25:36.290+02:00;6757.026631;;;12.01
2026-09-27T13:25:36.318+02:00;6757.054466;;100.062;
2026-09-27T13:25:36.320+02:00;6757.056336;9.999;;
2026-09-27T13:25:39.701+02:00;6760.437922;;;12.0
2026-09-27T13:25:39.730+02:00;6760.466229;;100.062;
2026-09-27T13:25:39.731+02:00;6760.468121;9.999;;
2026-09-27T13:25:43.113+02:00;6763.849811;;;11.99
2026-09-27T13:25:43.141+02:00;6763.877883;;100.062;
2026-09-27T13:25:43.143+02:00;6763.879759;9.999;;
2026-09-27T13:25:46.525+02:00;6767.261470;;;12.01
2026-09-27T13:25:46.553+02:00;6767.289530;;100.061;
2026-09-27T13:25:46.555+02:00;6767.291509;9.999;;
2026-09-27T13:25:49.936+02:00;6770.673005;;;12.01
2026-09-27T13:25:49.965+02:00;6770.701295;;100.062;
2026-09-27T13:25:49.967+02:00;6770.703281;9.999;;
2026-09-27T13:25:53.348+02:00;6774.084811;;;12.02
2026-09-27T13:25:53.376+02:00;6774.112991;;100.062;
2026-09-27T13:25:53.378+02:00;6774.114916;9.999;;
2026-09-27T13:25:56.760+02:00;6777.496487;;;12.01
2026-09-27T13:25:56.788+02:00;6777.524640;;100.061;
2026-09-27T13:25:56.790+02:00;6777.526606;9.999;;
2026-09-27T13:26:00.172+02:00;6780.908322;;;12.0
2026-09-27T13:26:00.200+02:00;6780.936333;;100.061;
2026-09-27T13:26:00.202+02:00;6780.938316;9.999;;
2026-09-27T13:26:03.583+02:00;6784.319944;;;11.99
2026-09-27T13:26:03.616+02:00;6784.352940;9.999;100.062;
2026-09-27T13:26:06.995+02:00;6787.731697;;;12.0
2026-09-27T13:26:07.023+02:00;6787.759992;;100.061;
2026-09-27T13:26:07.026+02:00;6787.762219;9.999;;
2026-09-27T13:26:10.407+02:00;6791.143307;;;12.0
2026-09-27T13:26:10.435+02:00;6791.171650;;100.062;
2026-09-27T13:26:10.437+02:00;6791.173798;9.999;;
2026-09-27T13:26:13.818+02:00;6794.555128;;;11.99
2026-09-27T13:26:13.847+02:00;6794.583367;;100.062;
2026-09-27T13:26:13.849+02:00;6794.585238;9.999;;
2026-09-27T13:26:17.230+02:00;6797.966906;;;11.99
2026-09-27T13:26:17.258+02:00;6797.994934;;100.062;
2026-09-27T13:26:17.260+02:00;6797.996880;9.999;;
2026-09-27T13:26:20.642+02:00;6801.378531;;;12.0
2026-09-27T13:26:20.671+02:00;6801.407712;;100.062;
2026-09-27T13:26:20.673+02:00;6801.409662;10.006;;
2026-09-27T13:26:24.053+02:00;6804.790172;;;11.99
2026-09-27T13:26:24.083+02:00;6804.820155;;100.061;
2026-09-27T13:26:24.091+02:00;6804.827821;10.015;;
2026-09-27T13:26:27.465+02:00;6808.201978;;;12.0
2026-09-27T13:26:27.500+02:00;6808.236809;10.016;100.063;
2026-09-27T13:26:30.877+02:00;6811.613685;;;12.02
2026-09-27T13:26:30.906+02:00;6811.642946;;100.063;
2026-09-27T13:26:30.908+02:00;6811.645050;10.03;;
2026-09-27T13:26:34.289+02:00;6815.025736;;;12.01
2026-09-27T13:26:34.318+02:00;6815.054768;;100.062;
2026-09-27T13:26:34.320+02:00;6815.056633;10.035;;
2026-09-27T13:26:37.700+02:00;6818.437112;;;12.0
2026-09-27T13:26:37.730+02:00;6818.466269;;100.062;
2026-09-27T13:26:37.732+02:00;6818.468233;10.046;;
2026-09-27T13:26:41.112+02:00;6821.848889;;;12.02
2026-09-27T13:26:41.141+02:00;6821.878023;;100.061;
2026-09-27T13:26:41.143+02:00;6821.880003;10.058;;
2026-09-27T13:26:44.524+02:00;6825.260677;;;12.0
2026-09-27T13:26:44.553+02:00;6825.289682;;100.062;
2026-09-27T13:26:44.555+02:00;6825.291641;10.065;;
2026-09-27T13:26:47.936+02:00;6828.672244;;;12.02
2026-09-27T13:26:47.965+02:00;6828.701801;;100.063;
2026-09-27T13:26:47.967+02:00;6828.703544;10.077;;
2026-09-27T13:26:51.347+02:00;6832.084175;;;12.02
2026-09-27T13:26:51.376+02:00;6832.113176;;100.062;
2026-09-27T13:26:51.379+02:00;6832.115324;10.082;;
2026-09-27T13:26:54.759+02:00;6835.495765;;;12.05
2026-09-27T13:26:54.791+02:00;6835.527524;10.096;100.062;
2026-09-27T13:26:58.171+02:00;6838.907453;;;12.03
2026-09-27T13:26:58.200+02:00;6838.936755;;100.062;
2026-09-27T13:26:58.202+02:00;6838.938588;10.1;;
2026-09-27T13:27:01.583+02:00;6842.319218;;;12.03
2026-09-27T13:27:01.612+02:00;6842.348374;;100.063;
2026-09-27T13:27:01.614+02:00;6842.350326;10.11;;
2026-09-27T13:27:04.994+02:00;6845.730865;;;12.04
2026-09-27T13:27:05.023+02:00;6845.760005;;100.061;
2026-09-27T13:27:05.025+02:00;6845.762092;10.115;;
2026-09-27T13:27:08.406+02:00;6849.142660;;;12.03
2026-09-27T13:27:08.435+02:00;6849.171777;;100.062;
2026-09-27T13:27:08.439+02:00;6849.175880;10.127;;
2026-09-27T13:27:11.818+02:00;6852.554241;;;12.03
2026-09-27T13:27:11.852+02:00;6852.588863;;100.062;
2026-09-27T13:27:11.853+02:00;6852.589248;10.129;;
2026-09-27T13:27:15.229+02:00;6855.965830;;;12.04
2026-09-27T13:27:15.260+02:00;6855.996298;;100.062;
2026-09-27T13:27:15.260+02:00;6855.997170;10.14;;
2026-09-27T13:27:18.641+02:00;6859.377674;;;12.04
2026-09-27T13:27:18.670+02:00;6859.406922;;100.062;
2026-09-27T13:27:18.672+02:00;6859.408839;10.144;;
2026-09-27T13:27:22.053+02:00;6862.789435;;;12.05
2026-09-27T13:27:22.082+02:00;6862.818687;;100.061;
2026-09-27T13:27:22.084+02:00;6862.820543;10.144;;
2026-09-27T13:27:25.464+02:00;6866.201070;;;12.04
2026-09-27T13:27:25.494+02:00;6866.230251;;100.061;
2026-09-27T13:27:25.496+02:00;6866.232209;10.154;;
2026-09-27T13:27:28.876+02:00;6869.612840;;;12.05
2026-09-27T13:27:28.905+02:00;6869.642002;;100.062;
2026-09-27T13:27:28.907+02:00;6869.643975;10.16;;
2026-09-27T13:27:32.288+02:00;6873.024488;;;12.05
2026-09-27T13:27:32.317+02:00;6873.053683;;100.061;
2026-09-27T13:27:32.319+02:00;6873.055617;10.16;;
2026-09-27T13:27:35.700+02:00;6876.436245;;;12.05
2026-09-27T13:27:35.729+02:00;6876.465391;;100.062;
2026-09-27T13:27:35.731+02:00;6876.467361;10.164;;
2026-09-27T13:27:39.111+02:00;6879.847838;;;12.06
2026-09-27T13:27:39.147+02:00;6879.883640;10.17;100.062;
2026-09-27T13:27:42.523+02:00;6883.259798;;;12.06
2026-09-27T13:27:42.555+02:00;6883.291691;;100.062;
2026-09-27T13:27:42.555+02:00;6883.292036;10.176;;
2026-09-27T13:27:45.935+02:00;6886.671360;;;12.05
2026-09-27T13:27:45.965+02:00;6886.701482;;100.062;
2026-09-27T13:27:45.966+02:00;6886.702672;10.176;;
2026-09-27T13:27:49.346+02:00;6890.083035;;;12.05
2026-09-27T13:27:49.376+02:00;6890.112860;;100.061;
2026-09-27T13:27:49.378+02:00;6890.114452;10.176;;
2026-09-27T13:27:52.758+02:00;6893.494774;;;12.05
2026-09-27T13:27:52.787+02:00;6893.524089;;100.062;
2026-09-27T13:27:52.789+02:00;6893.525938;10.176;;
2026-09-27T13:27:56.170+02:00;6896.906417;;;12.05
2026-09-27T13:27:56.199+02:00;6896.935791;;100.062;
2026-09-27T13:27:56.201+02:00;6896.937845;10.177;;
2026-09-27T13:27:59.582+02:00;6900.318255;;;12.05
2026-09-27T13:27:59.611+02:00;6900.347393;;100.062;
2026-09-27T13:27:59.613+02:00;6900.349353;10.178;;
2026-09-27T13:28:02.993+02:00;6903.729875;;;12.06
2026-09-27T13:28:03.022+02:00;6903.759078;;100.062;
2026-09-27T13:28:03.034+02:00;6903.771106;10.178;;
2026-09-27T13:28:06.405+02:00;6907.141462;;;12.06
2026-09-27T13:28:06.434+02:00;6907.170704;;100.061;
2026-09-27T13:28:06.443+02:00;6907.179626;10.182;;
2026-09-27T13:28:09.817+02:00;6910.553302;;;12.05
2026-09-27T13:28:09.846+02:00;6910.582481;;100.061;
2026-09-27T13:28:09.848+02:00;6910.584397;10.184;;
2026-09-27T13:28:13.228+02:00;6913.965115;;;12.06
2026-09-27T13:28:13.257+02:00;6913.994192;;100.062;
2026-09-27T13:28:13.259+02:00;6913.996177;10.185;;
2026-09-27T13:28:16.641+02:00;6917.377741;;;12.06
2026-09-27T13:28:16.670+02:00;6917.406871;;100.062;
2026-09-27T13:28:16.672+02:00;6917.408836;10.186;;
2026-09-27T13:28:20.052+02:00;6920.788478;;;12.06
2026-09-27T13:28:20.081+02:00;6920.817496;;100.061;
2026-09-27T13:28:20.083+02:00;6920.819461;10.187;;
2026-09-27T13:28:23.463+02:00;6924.200131;;;12.06
2026-09-27T13:28:23.493+02:00;6924.229276;;100.062;
2026-09-27T13:28:23.495+02:00;6924.231256;10.188;;
2026-09-27T13:28:27.370+02:00;6928.106253;;;12.05
2026-09-27T13:28:27.399+02:00;6928.135413;;100.062;
2026-09-27T13:28:27.401+02:00;6928.137493;10.187;;
2026-09-27T13:28:30.772+02:00;6931.509037;;;12.05
2026-09-27T13:28:30.802+02:00;6931.538213;;100.062;
2026-09-27T13:28:30.803+02:00;6931.540144;10.185;;
2026-09-27T13:28:34.184+02:00;6934.920700;;;12.06
2026-09-27T13:28:34.217+02:00;6934.953710;10.186;100.062;
2026-09-27T13:28:37.596+02:00;6938.332345;;;12.06
2026-09-27T13:28:37.630+02:00;6938.367028;10.183;100.062;
2026-09-27T13:28:41.007+02:00;6941.744051;;;12.07
2026-09-27T13:28:41.042+02:00;6941.778579;10.186;100.061;
2026-09-27T13:28:44.419+02:00;6945.155834;;;12.07
2026-09-27T13:28:44.448+02:00;6945.184992;;100.062;
2026-09-27T13:28:44.450+02:00;6945.186959;10.183;;
2026-09-27T13:28:47.831+02:00;6948.567743;;;12.06
2026-09-27T13:28:47.865+02:00;6948.602119;10.187;100.061;
2026-09-27T13:28:51.752+02:00;6952.489143;;;12.05
2026-09-27T13:28:51.782+02:00;6952.518295;;100.062;
2026-09-27T13:28:51.784+02:00;6952.520266;10.184;;
2026-09-27T13:28:55.155+02:00;6955.891869;;;12.06
2026-09-27T13:28:55.184+02:00;6955.921032;;100.062;
2026-09-27T13:28:55.186+02:00;6955.923014;10.185;;
2026-09-27T13:28:58.567+02:00;6959.303619;;;12.08
2026-09-27T13:28:58.597+02:00;6959.333308;;100.062;
2026-09-27T13:28:58.602+02:00;6959.338754;10.184;;
2026-09-27T13:29:01.979+02:00;6962.715276;;;12.09
2026-09-27T13:29:02.008+02:00;6962.744471;;100.062;
2026-09-27T13:29:02.010+02:00;6962.746417;10.181;;
2026-09-27T13:29:05.390+02:00;6966.127054;;;12.08
2026-09-27T13:29:05.420+02:00;6966.156431;;100.062;
2026-09-27T13:29:05.422+02:00;6966.158614;10.18;;
2026-09-27T13:29:08.802+02:00;6969.538821;;;12.08
2026-09-27T13:29:08.831+02:00;6969.568093;;100.062;
2026-09-27T13:29:08.834+02:00;6969.570894;10.177;;
2026-09-27T13:29:12.214+02:00;6972.950460;;;12.08
2026-09-27T13:29:12.244+02:00;6972.980465;;100.061;
2026-09-27T13:29:12.246+02:00;6972.982660;10.177;;
2026-09-27T13:29:15.625+02:00;6976.362197;;;12.09
2026-09-27T13:29:15.655+02:00;6976.391538;;100.062;
2026-09-27T13:29:15.657+02:00;6976.393663;10.176;;
2026-09-27T13:29:19.037+02:00;6979.774031;;;12.06
2026-09-27T13:29:19.066+02:00;6979.803039;;100.061;
2026-09-27T13:29:19.068+02:00;6979.805019;10.176;;
2026-09-27T13:29:22.449+02:00;6983.185680;;;12.07
2026-09-27T13:29:22.478+02:00;6983.214838;;100.061;
2026-09-27T13:29:22.480+02:00;6983.216789;10.176;;
2026-09-27T13:29:25.862+02:00;6986.598439;;;12.07
2026-09-27T13:29:25.898+02:00;6986.634798;10.176;100.061;
2026-09-27T13:29:29.272+02:00;6990.009018;;;12.08
2026-09-27T13:29:29.313+02:00;6990.049352;10.176;100.062;
2026-09-27T13:29:32.684+02:00;6993.420750;;;12.07
2026-09-27T13:29:32.713+02:00;6993.449912;;100.062;
2026-09-27T13:29:32.715+02:00;6993.451836;10.176;;
2026-09-27T13:29:36.096+02:00;6996.832430;;;12.07
2026-09-27T13:29:36.125+02:00;6996.861787;;100.061;
2026-09-27T13:29:36.127+02:00;6996.863795;10.176;;
2026-09-27T13:29:39.508+02:00;7000.244244;;;12.08
2026-09-27T13:29:39.540+02:00;7000.276898;10.171;100.062;
2026-09-27T13:29:42.920+02:00;7003.656956;;;12.07
2026-09-27T13:29:42.949+02:00;7003.686167;;100.062;
2026-09-27T13:29:42.951+02:00;7003.688169;10.165;;
2026-09-27T13:29:46.331+02:00;7007.067655;;;12.09
2026-09-27T13:29:46.361+02:00;7007.097636;;100.061;
2026-09-27T13:29:46.362+02:00;7007.099013;10.161;;
2026-09-27T13:29:49.743+02:00;7010.479301;;;12.08
2026-09-27T13:29:49.772+02:00;7010.508530;;100.062;
2026-09-27T13:29:49.774+02:00;7010.510443;10.16;;
2026-09-27T13:29:53.154+02:00;7013.891085;;;12.09
2026-09-27T13:29:53.184+02:00;7013.920237;;100.062;
2026-09-27T13:29:53.186+02:00;7013.922209;10.16;;
2026-09-27T13:29:56.566+02:00;7017.302743;;;12.09
2026-09-27T13:29:56.595+02:00;7017.331893;;100.061;
2026-09-27T13:29:56.597+02:00;7017.333974;10.16;;
2026-09-27T13:29:59.978+02:00;7020.714502;;;12.09
2026-09-27T13:30:00.008+02:00;7020.744230;;100.061;
2026-09-27T13:30:00.009+02:00;7020.746052;10.16;;
2026-09-27T13:30:03.390+02:00;7024.126236;;;12.09
2026-09-27T13:30:03.419+02:00;7024.155336;;100.062;
2026-09-27T13:30:03.421+02:00;7024.157261;10.16;;
2026-09-27T13:30:06.801+02:00;7027.537853;;;12.08
2026-09-27T13:30:06.830+02:00;7027.567072;;100.061;
2026-09-27T13:30:06.832+02:00;7027.569008;10.16;;
2026-09-27T13:30:10.213+02:00;7030.949712;;;12.07
2026-09-27T13:30:10.242+02:00;7030.978719;;100.061;
2026-09-27T13:30:10.244+02:00;7030.980677;10.158;;
2026-09-27T13:30:13.625+02:00;7034.361316;;;12.08
2026-09-27T13:30:13.654+02:00;7034.390465;;100.062;
2026-09-27T13:30:13.656+02:00;7034.392424;10.155;;
2026-09-27T13:30:17.036+02:00;7037.773057;;;12.09
2026-09-27T13:30:17.066+02:00;7037.802325;;100.062;
2026-09-27T13:30:17.069+02:00;7037.805438;10.15;;
2026-09-27T13:30:20.448+02:00;7041.184694;;;12.09
2026-09-27T13:30:20.477+02:00;7041.213988;;100.061;
2026-09-27T13:30:20.480+02:00;7041.216941;10.147;;
2026-09-27T13:30:23.860+02:00;7044.596341;;;12.09
2026-09-27T13:30:23.897+02:00;7044.633793;10.145;100.062;
2026-09-27T13:30:27.272+02:00;7048.008200;;;12.1
2026-09-27T13:30:27.307+02:00;7048.043484;10.144;100.062;
2026-09-27T13:30:30.683+02:00;7051.419867;;;12.1
2026-09-27T13:30:30.713+02:00;7051.449219;;100.061;
2026-09-27T13:30:30.715+02:00;7051.452181;10.144;;
2026-09-27T13:30:34.095+02:00;7054.831648;;;12.08
2026-09-27T13:30:34.125+02:00;7054.862027;;100.061;
2026-09-27T13:30:34.126+02:00;7054.862721;10.144;;
2026-09-27T13:30:37.507+02:00;7058.243259;;;12.09
2026-09-27T13:30:37.536+02:00;7058.272634;;100.062;
2026-09-27T13:30:37.538+02:00;7058.274475;10.144;;
2026-09-27T13:30:40.918+02:00;7061.654876;;;12.08
2026-09-27T13:30:40.948+02:00;7061.684347;;100.062;
2026-09-27T13:30:40.950+02:00;7061.686251;10.144;;
2026-09-27T13:30:44.330+02:00;7065.066760;;;12.08
2026-09-27T13:30:44.359+02:00;7065.095994;;100.061;
2026-09-27T13:30:44.361+02:00;7065.097862;10.142;;
2026-09-27T13:30:47.742+02:00;7068.478497;;;12.07
2026-09-27T13:30:47.771+02:00;7068.507788;;100.061;
2026-09-27T13:30:47.773+02:00;7068.509640;10.139;;
2026-09-27T13:30:51.155+02:00;7071.891273;;;12.08
2026-09-27T13:30:51.184+02:00;7071.920445;;100.062;
2026-09-27T13:30:51.186+02:00;7071.922389;10.136;;
2026-09-27T13:30:54.565+02:00;7075.302060;;;12.06
2026-09-27T13:30:54.594+02:00;7075.331073;;100.062;
2026-09-27T13:30:54.596+02:00;7075.333042;10.13;;
2026-09-27T13:30:57.977+02:00;7078.713742;;;12.05
2026-09-27T13:30:58.006+02:00;7078.742846;;100.062;
2026-09-27T13:30:58.008+02:00;7078.744817;10.129;;
2026-09-27T13:31:01.389+02:00;7082.125460;;;12.07
2026-09-27T13:31:01.418+02:00;7082.154657;;100.062;
2026-09-27T13:31:01.420+02:00;7082.156523;10.128;;
2026-09-27T13:31:04.800+02:00;7085.537045;;;12.06
2026-09-27T13:31:04.833+02:00;7085.570052;;100.061;
2026-09-27T13:31:04.836+02:00;7085.572905;10.128;;
2026-09-27T13:31:08.212+02:00;7088.948966;;;12.07
2026-09-27T13:31:08.241+02:00;7088.978013;;100.061;
2026-09-27T13:31:08.243+02:00;7088.979990;10.128;;
2026-09-27T13:31:11.624+02:00;7092.360623;;;12.06
2026-09-27T13:31:11.653+02:00;7092.389959;;100.062;
2026-09-27T13:31:11.658+02:00;7092.394383;10.128;;
2026-09-27T13:31:15.036+02:00;7095.772201;;;12.05
2026-09-27T13:31:15.065+02:00;7095.801587;;100.062;
2026-09-27T13:31:15.067+02:00;7095.803536;10.128;;
2026-09-27T13:31:18.447+02:00;7099.183989;;;12.07
2026-09-27T13:31:18.477+02:00;7099.213314;;100.062;
2026-09-27T13:31:18.478+02:00;7099.215194;10.127;;
2026-09-27T13:31:21.859+02:00;7102.595746;;;12.05
2026-09-27T13:31:21.888+02:00;7102.624931;;100.061;
2026-09-27T13:31:21.890+02:00;7102.626897;10.122;;
2026-09-27T13:31:25.271+02:00;7106.007610;;;12.05
2026-09-27T13:31:25.300+02:00;7106.036753;;100.061;
2026-09-27T13:31:25.302+02:00;7106.038642;10.12;;
2026-09-27T13:31:28.683+02:00;7109.419234;;;12.05
2026-09-27T13:31:28.712+02:00;7109.448473;;100.062;
2026-09-27T13:31:28.714+02:00;7109.450472;10.114;;
2026-09-27T13:31:32.094+02:00;7112.831012;;;12.05
2026-09-27T13:31:32.123+02:00;7112.860156;;100.062;
2026-09-27T13:31:32.125+02:00;7112.862113;10.113;;
2026-09-27T13:31:35.506+02:00;7116.242683;;;12.04
2026-09-27T13:31:35.535+02:00;7116.271804;;100.062;
2026-09-27T13:31:35.537+02:00;7116.273770;10.112;;
2026-09-27T13:31:38.918+02:00;7119.654414;;;12.05
2026-09-27T13:31:38.947+02:00;7119.683590;;100.061;
2026-09-27T13:31:38.949+02:00;7119.685516;10.112;;
2026-09-27T13:31:42.880+02:00;7123.616739;;;12.03
2026-09-27T13:31:42.909+02:00;7123.645773;;100.061;
2026-09-27T13:31:42.911+02:00;7123.647714;10.112;;
2026-09-27T13:31:46.616+02:00;7127.352643;;;12.05
2026-09-27T13:31:46.645+02:00;7127.381723;;100.062;
2026-09-27T13:31:46.647+02:00;7127.383702;10.111;;
2026-09-27T13:31:50.028+02:00;7130.764377;;;12.05
2026-09-27T13:31:50.057+02:00;7130.793385;;100.062;
2026-09-27T13:31:50.059+02:00;7130.795631;10.11;;
2026-09-27T13:31:53.439+02:00;7134.176006;;;12.06
2026-09-27T13:31:53.468+02:00;7134.205140;;100.062;
2026-09-27T13:31:53.470+02:00;7134.207111;10.107;;
2026-09-27T13:31:56.851+02:00;7137.587799;;;12.05
2026-09-27T13:31:56.880+02:00;7137.616920;;100.062;
2026-09-27T13:31:56.882+02:00;7137.618902;10.1;;
2026-09-27T13:32:00.263+02:00;7140.999422;;;12.05
2026-09-27T13:32:00.292+02:00;7141.028626;;100.062;
2026-09-27T13:32:00.294+02:00;7141.030667;10.097;;
2026-09-27T13:32:03.674+02:00;7144.411181;;;12.06
2026-09-27T13:32:03.704+02:00;7144.440537;;100.062;
2026-09-27T13:32:03.716+02:00;7144.453110;10.097;;
2026-09-27T13:32:07.086+02:00;7147.822939;;;12.06
2026-09-27T13:32:07.115+02:00;7147.852093;;100.062;
2026-09-27T13:32:07.118+02:00;7147.854539;10.096;;
2026-09-27T13:32:10.498+02:00;7151.234742;;;12.05
2026-09-27T13:32:10.527+02:00;7151.263753;;100.062;
2026-09-27T13:32:10.529+02:00;7151.265733;10.097;;
2026-09-27T13:32:13.910+02:00;7154.646296;;;12.05
2026-09-27T13:32:13.942+02:00;7154.678601;;100.062;
2026-09-27T13:32:13.942+02:00;7154.678882;10.096;;
2026-09-27T13:32:17.321+02:00;7158.058073;;;12.05
2026-09-27T13:32:17.351+02:00;7158.087355;;100.062;
2026-09-27T13:32:17.353+02:00;7158.089411;10.096;;
2026-09-27T13:32:20.733+02:00;7161.469875;;;12.04
2026-09-27T13:32:20.763+02:00;7161.499202;;100.062;
2026-09-27T13:32:20.764+02:00;7161.501055;10.095;;
2026-09-27T13:32:24.145+02:00;7164.881473;;;12.05
2026-09-27T13:32:24.174+02:00;7164.910829;;100.062;
2026-09-27T13:32:24.176+02:00;7164.912916;10.094;;
2026-09-27T13:32:27.557+02:00;7168.293294;;;12.04
2026-09-27T13:32:27.586+02:00;7168.322664;;100.062;
2026-09-27T13:32:27.588+02:00;7168.324617;10.092;;
2026-09-27T13:32:30.968+02:00;7171.705021;;;12.05
2026-09-27T13:32:30.998+02:00;7171.735022;;100.062;
2026-09-27T13:32:31.000+02:00;7171.736275;10.09;;
2026-09-27T13:32:34.380+02:00;7175.116690;;;12.03
2026-09-27T13:32:34.409+02:00;7175.145971;;100.063;
2026-09-27T13:32:34.411+02:00;7175.147880;10.086;;
2026-09-27T13:32:37.792+02:00;7178.528462;;;12.05
2026-09-27T13:32:37.822+02:00;7178.558622;;100.062;
2026-09-27T13:32:37.823+02:00;7178.559690;10.085;;
2026-09-27T13:32:41.203+02:00;7181.940198;;;12.05
2026-09-27T13:32:41.233+02:00;7181.969783;;100.062;
2026-09-27T13:32:41.235+02:00;7181.971615;10.082;;
2026-09-27T13:32:44.615+02:00;7185.351969;;;12.04
2026-09-27T13:32:44.644+02:00;7185.381196;;100.062;
2026-09-27T13:32:44.646+02:00;7185.383178;10.083;;
2026-09-27T13:32:48.027+02:00;7188.763732;;;12.03
2026-09-27T13:32:48.060+02:00;7188.796808;10.082;100.062;
2026-09-27T13:32:51.439+02:00;7192.175393;;;12.03
2026-09-27T13:32:51.474+02:00;7192.210461;;100.062;
2026-09-27T13:32:51.474+02:00;7192.210876;10.081;;
2026-09-27T13:32:54.850+02:00;7195.587095;;;12.02
2026-09-27T13:32:54.889+02:00;7195.625610;10.08;100.061;
2026-09-27T13:32:58.262+02:00;7198.998818;;;12.04
2026-09-27T13:32:58.291+02:00;7199.028034;;100.062;
2026-09-27T13:32:58.302+02:00;7199.039189;10.079;;
2026-09-27T13:33:01.674+02:00;7202.410450;;;12.04
2026-09-27T13:33:01.703+02:00;7202.439892;;100.062;
2026-09-27T13:33:01.710+02:00;7202.446957;10.079;;
2026-09-27T13:33:05.086+02:00;7205.822205;;;12.04
2026-09-27T13:33:05.121+02:00;7205.857223;10.079;100.062;
2026-09-27T13:33:08.824+02:00;7209.560875;;;12.05
2026-09-27T13:33:08.853+02:00;7209.590074;;100.062;
2026-09-27T13:33:08.855+02:00;7209.592072;10.079;;
2026-09-27T13:33:12.627+02:00;7213.363758;;;12.04
2026-09-27T13:33:12.656+02:00;7213.392850;;100.062;
2026-09-27T13:33:12.658+02:00;7213.394823;10.079;;
2026-09-27T13:33:16.039+02:00;7216.775502;;;12.05
2026-09-27T13:33:16.068+02:00;7216.804532;;100.062;
2026-09-27T13:33:16.070+02:00;7216.806490;10.079;;
2026-09-27T13:33:19.450+02:00;7220.187127;;;12.05
2026-09-27T13:33:19.480+02:00;7220.216260;;100.063;
2026-09-27T13:33:19.482+02:00;7220.218248;10.077;;
2026-09-27T13:33:22.862+02:00;7223.598899;;;12.05
2026-09-27T13:33:22.891+02:00;7223.628048;;100.063;
2026-09-27T13:33:22.893+02:00;7223.630144;10.074;;
2026-09-27T13:33:26.274+02:00;7227.010675;;;12.04
2026-09-27T13:33:26.310+02:00;7227.046283;10.071;100.061;
2026-09-27T13:33:29.686+02:00;7230.422320;;;12.05
2026-09-27T13:33:29.715+02:00;7230.451470;;100.062;
2026-09-27T13:33:29.717+02:00;7230.453416;10.071;;
2026-09-27T13:33:33.097+02:00;7233.834104;;;12.05
2026-09-27T13:33:33.126+02:00;7233.863107;;100.062;
2026-09-27T13:33:33.129+02:00;7233.865226;10.069;;
2026-09-27T13:33:36.509+02:00;7237.245743;;;12.04
2026-09-27T13:33:36.538+02:00;7237.274874;;100.061;
2026-09-27T13:33:36.540+02:00;7237.276861;10.067;;
2026-09-27T13:33:39.921+02:00;7240.657503;;;12.05
2026-09-27T13:33:39.950+02:00;7240.686745;;100.062;
2026-09-27T13:33:39.952+02:00;7240.688648;10.065;;
2026-09-27T13:33:43.333+02:00;7244.069288;;;12.06
2026-09-27T13:33:43.362+02:00;7244.098433;;100.062;
2026-09-27T13:33:43.364+02:00;7244.100244;10.064;;
2026-09-27T13:33:46.744+02:00;7247.480865;;;12.05
2026-09-27T13:33:46.773+02:00;7247.510091;;100.063;
2026-09-27T13:33:46.775+02:00;7247.512059;10.064;;
2026-09-27T13:33:50.156+02:00;7250.892705;;;12.05
2026-09-27T13:33:50.185+02:00;7250.921842;;100.062;
2026-09-27T13:33:50.187+02:00;7250.923938;10.063;;
2026-09-27T13:33:53.568+02:00;7254.304265;;;12.06
2026-09-27T13:33:53.597+02:00;7254.333873;;100.062;
2026-09-27T13:33:53.609+02:00;7254.345620;10.063;;
2026-09-27T13:33:56.979+02:00;7257.716085;;;12.06
2026-09-27T13:33:57.009+02:00;7257.745233;;100.062;
2026-09-27T13:33:57.011+02:00;7257.747779;10.063;;
2026-09-27T13:34:00.391+02:00;7261.127720;;;12.05
2026-09-27T13:34:00.420+02:00;7261.156918;;100.062;
2026-09-27T13:34:00.422+02:00;7261.158875;10.063;;
2026-09-27T13:34:03.803+02:00;7264.539445;;;12.05
2026-09-27T13:34:03.833+02:00;7264.570005;;100.062;
2026-09-27T13:34:03.834+02:00;7264.570740;10.062;;
2026-09-27T13:34:07.215+02:00;7267.951212;;;12.05
2026-09-27T13:34:07.244+02:00;7267.980423;;100.062;
2026-09-27T13:34:07.246+02:00;7267.982609;10.063;;
2026-09-27T13:34:10.626+02:00;7271.362877;;;12.05
2026-09-27T13:34:10.656+02:00;7271.392202;;100.063;
2026-09-27T13:34:10.658+02:00;7271.394420;10.063;;
2026-09-27T13:34:14.038+02:00;7274.774688;;;12.05
2026-09-27T13:34:14.067+02:00;7274.803967;;100.063;
2026-09-27T13:34:14.069+02:00;7274.805752;10.062;;
2026-09-27T13:34:17.450+02:00;7278.186281;;;12.04
2026-09-27T13:34:17.479+02:00;7278.215648;;100.062;
2026-09-27T13:34:17.481+02:00;7278.217509;10.062;;
2026-09-27T13:34:20.861+02:00;7281.598029;;;12.05
2026-09-27T13:34:20.891+02:00;7281.627436;;100.063;
2026-09-27T13:34:20.893+02:00;7281.629263;10.061;;
2026-09-27T13:34:24.273+02:00;7285.009735;;;12.05
2026-09-27T13:34:24.302+02:00;7285.039056;;100.062;
2026-09-27T13:34:24.304+02:00;7285.041006;10.06;;
2026-09-27T13:34:27.685+02:00;7288.421365;;;12.04
2026-09-27T13:34:27.714+02:00;7288.450757;;100.062;
2026-09-27T13:34:27.717+02:00;7288.453870;10.06;;
2026-09-27T13:34:31.096+02:00;7291.833111;;;12.05
2026-09-27T13:34:31.126+02:00;7291.862453;;100.062;
2026-09-27T13:34:31.128+02:00;7291.864335;10.06;;
2026-09-27T13:34:34.508+02:00;7295.244774;;;12.05
2026-09-27T13:34:34.537+02:00;7295.274086;;100.061;
2026-09-27T13:34:34.539+02:00;7295.275993;10.061;;
2026-09-27T13:34:38.817+02:00;7299.553693;;;12.03
2026-09-27T13:34:38.847+02:00;7299.584145;;100.061;
2026-09-27T13:34:38.848+02:00;7299.584793;10.063;;
2026-09-27T13:34:42.220+02:00;7302.956454;;;12.03
2026-09-27T13:34:42.254+02:00;7302.991121;;100.062;
2026-09-27T13:34:42.255+02:00;7302.991521;10.061;;
2026-09-27T13:34:45.631+02:00;7306.368083;;;12.03
2026-09-27T13:34:45.661+02:00;7306.397683;;100.062;
2026-09-27T13:34:45.663+02:00;7306.400101;10.061;;
2026-09-27T13:34:49.043+02:00;7309.779830;;;12.04
2026-09-27T13:34:49.074+02:00;7309.810371;;100.062;
2026-09-27T13:34:49.074+02:00;7309.811050;10.06;;
2026-09-27T13:34:52.455+02:00;7313.191657;;;12.05
2026-09-27T13:34:52.484+02:00;7313.220960;;100.062;
2026-09-27T13:34:52.486+02:00;7313.222840;10.058;;
2026-09-27T13:34:55.868+02:00;7316.604269;;;12.04
2026-09-27T13:34:55.897+02:00;7316.633722;;100.062;
2026-09-27T13:34:55.899+02:00;7316.635485;10.057;;
2026-09-27T13:34:59.278+02:00;7320.015051;;;12.05
2026-09-27T13:34:59.308+02:00;7320.044356;;100.062;
2026-09-27T13:34:59.310+02:00;7320.046248;10.052;;
2026-09-27T13:35:02.690+02:00;7323.426831;;;12.05
2026-09-27T13:35:02.719+02:00;7323.456091;;100.062;
2026-09-27T13:35:02.732+02:00;7323.468402;10.053;;
2026-09-27T13:35:06.102+02:00;7326.838484;;;12.05
2026-09-27T13:35:06.131+02:00;7326.867695;;100.062;
2026-09-27T13:35:06.137+02:00;7326.874135;10.051;;
2026-09-27T13:35:09.514+02:00;7330.250312;;;12.05
2026-09-27T13:35:09.543+02:00;7330.279456;;100.063;
2026-09-27T13:35:09.545+02:00;7330.281433;10.049;;
2026-09-27T13:35:12.925+02:00;7333.661996;;;12.04
2026-09-27T13:35:12.955+02:00;7333.691359;;100.062;
2026-09-27T13:35:12.957+02:00;7333.693611;10.049;;
2026-09-27T13:35:16.337+02:00;7337.073801;;;12.05
2026-09-27T13:35:16.366+02:00;7337.103130;;100.062;
2026-09-27T13:35:16.368+02:00;7337.105091;10.047;;
2026-09-27T13:35:19.749+02:00;7340.485502;;;12.04
2026-09-27T13:35:19.778+02:00;7340.514689;;100.062;
2026-09-27T13:35:19.780+02:00;7340.516619;10.047;;
2026-09-27T13:35:23.161+02:00;7343.897376;;;12.05
2026-09-27T13:35:23.190+02:00;7343.926403;;100.063;
2026-09-27T13:35:23.192+02:00;7343.928378;10.048;;
2026-09-27T13:35:26.572+02:00;7347.309013;;;12.05
2026-09-27T13:35:26.606+02:00;7347.342837;10.047;100.062;
2026-09-27T13:35:29.985+02:00;7350.721716;;;12.05
2026-09-27T13:35:30.014+02:00;7350.750906;;100.062;
2026-09-27T13:35:30.016+02:00;7350.752936;10.048;;
2026-09-27T13:35:33.396+02:00;7354.132412;;;12.05
2026-09-27T13:35:33.425+02:00;7354.161618;;100.063;
2026-09-27T13:35:33.427+02:00;7354.163578;10.047;;
2026-09-27T13:35:36.807+02:00;7357.544011;;;12.06
2026-09-27T13:35:36.837+02:00;7357.573201;;100.063;
2026-09-27T13:35:36.839+02:00;7357.575200;10.047;;
2026-09-27T13:35:40.219+02:00;7360.955850;;;12.05
2026-09-27T13:35:40.248+02:00;7360.985035;;100.062;
2026-09-27T13:35:40.250+02:00;7360.986998;10.047;;
2026-09-27T13:35:43.631+02:00;7364.367652;;;12.05
2026-09-27T13:35:43.665+02:00;7364.401372;10.047;100.062;
2026-09-27T13:35:47.043+02:00;7367.779240;;;12.05
2026-09-27T13:35:47.072+02:00;7367.808602;;100.062;
2026-09-27T13:35:47.074+02:00;7367.810544;10.048;;
2026-09-27T13:35:50.454+02:00;7371.190976;;;12.04
2026-09-27T13:35:50.485+02:00;7371.221218;;100.061;
2026-09-27T13:35:50.485+02:00;7371.222057;10.047;;
2026-09-27T13:35:53.866+02:00;7374.602675;;;12.04
2026-09-27T13:35:53.895+02:00;7374.631975;;100.061;
2026-09-27T13:35:53.897+02:00;7374.633845;10.047;;
2026-09-27T13:35:57.278+02:00;7378.014428;;;12.05
2026-09-27T13:35:57.307+02:00;7378.043644;;100.061;
2026-09-27T13:35:57.309+02:00;7378.045485;10.047;;
2026-09-27T13:36:01.249+02:00;7381.985707;;;12.04
2026-09-27T13:36:01.278+02:00;7382.014763;;100.062;
2026-09-27T13:36:01.280+02:00;7382.016736;10.047;;
2026-09-27T13:36:04.652+02:00;7385.388497;;;12.05
2026-09-27T13:36:04.681+02:00;7385.417683;;100.062;
2026-09-27T13:36:04.684+02:00;7385.420281;10.047;;
2026-09-27T13:36:08.064+02:00;7388.800220;;;12.05
2026-09-27T13:36:08.097+02:00;7388.833642;10.047;100.062;
2026-09-27T13:36:11.475+02:00;7392.211922;;;12.05
2026-09-27T13:36:11.512+02:00;7392.248614;10.047;100.062;
2026-09-27T13:36:14.887+02:00;7395.623676;;;12.05
2026-09-27T13:36:14.917+02:00;7395.653966;;100.062;
2026-09-27T13:36:14.923+02:00;7395.659655;10.047;;
2026-09-27T13:36:18.300+02:00;7399.036418;;;12.05
2026-09-27T13:36:18.336+02:00;7399.073106;10.046;100.063;
2026-09-27T13:36:21.710+02:00;7402.447138;;;12.06
2026-09-27T13:36:21.740+02:00;7402.476303;;100.062;
2026-09-27T13:36:21.742+02:00;7402.478255;10.047;;
2026-09-27T13:36:25.122+02:00;7405.858885;;;12.03
2026-09-27T13:36:25.155+02:00;7405.891864;10.047;100.062;
2026-09-27T13:36:28.534+02:00;7409.270647;;;12.04
2026-09-27T13:36:28.566+02:00;7409.302672;;100.062;
2026-09-27T13:36:28.566+02:00;7409.303052;10.047;;
2026-09-27T13:36:31.946+02:00;7412.682434;;;12.05
2026-09-27T13:36:31.982+02:00;7412.719104;10.047;100.062;
2026-09-27T13:36:35.358+02:00;7416.095050;;;12.05
2026-09-27T13:36:35.388+02:00;7416.124876;;100.062;
2026-09-27T13:36:35.390+02:00;7416.126721;10.047;;
2026-09-27T13:36:38.769+02:00;7419.505749;;;12.05
2026-09-27T13:36:38.799+02:00;7419.535485;;100.062;
2026-09-27T13:36:38.800+02:00;7419.536979;10.046;;
2026-09-27T13:36:42.181+02:00;7422.917430;;;12.05
2026-09-27T13:36:42.210+02:00;7422.946824;;100.062;
2026-09-27T13:36:42.212+02:00;7422.948825;10.045;;
2026-09-27T13:36:45.593+02:00;7426.329217;;;12.06
2026-09-27T13:36:45.622+02:00;7426.358626;;100.062;
2026-09-27T13:36:45.624+02:00;7426.360538;10.043;;
2026-09-27T13:36:49.004+02:00;7429.740994;;;12.05
2026-09-27T13:36:49.034+02:00;7429.770277;;100.061;
2026-09-27T13:36:49.035+02:00;7429.772173;10.045;;
2026-09-27T13:36:52.416+02:00;7433.152755;;;12.06
2026-09-27T13:36:52.445+02:00;7433.181964;;100.062;
2026-09-27T13:36:52.447+02:00;7433.184096;10.044;;
2026-09-27T13:36:55.828+02:00;7436.564411;;;12.06
2026-09-27T13:36:55.857+02:00;7436.593965;;100.062;
2026-09-27T13:36:55.860+02:00;7436.596864;10.046;;
2026-09-27T13:36:59.239+02:00;7439.976071;;;12.05
2026-09-27T13:36:59.270+02:00;7440.006487;;100.062;
2026-09-27T13:36:59.271+02:00;7440.007662;10.038;;
2026-09-27T13:37:02.651+02:00;7443.387824;;;12.05
2026-09-27T13:37:02.683+02:00;7443.419976;;100.062;
2026-09-27T13:37:02.684+02:00;7443.420227;10.042;;
2026-09-27T13:37:06.063+02:00;7446.799637;;;12.05
2026-09-27T13:37:06.095+02:00;7446.831306;10.039;100.062;
2026-09-27T13:37:09.476+02:00;7450.212381;;;12.07
2026-09-27T13:37:09.505+02:00;7450.241712;;100.063;
2026-09-27T13:37:09.507+02:00;7450.244142;10.036;;
2026-09-27T13:37:12.886+02:00;7453.622996;;;12.06
2026-09-27T13:37:12.916+02:00;7453.652317;;100.062;
2026-09-27T13:37:12.918+02:00;7453.654240;10.035;;
2026-09-27T13:37:16.298+02:00;7457.034853;;;12.06
2026-09-27T13:37:16.327+02:00;7457.064085;;100.062;
2026-09-27T13:37:16.329+02:00;7457.065983;10.038;;
2026-09-27T13:37:19.710+02:00;7460.446637;;;12.05
2026-09-27T13:37:19.742+02:00;7460.478614;;100.061;
2026-09-27T13:37:19.742+02:00;7460.479001;10.037;;
2026-09-27T13:37:23.122+02:00;7463.858377;;;12.06
2026-09-27T13:37:23.156+02:00;7463.892528;10.037;100.061;
2026-09-27T13:37:26.534+02:00;7467.270975;;;12.05
2026-09-27T13:37:26.564+02:00;7467.300443;;100.062;
2026-09-27T13:37:26.566+02:00;7467.302304;10.037;;
2026-09-27T13:37:29.945+02:00;7470.681829;;;12.06
2026-09-27T13:37:29.974+02:00;7470.710960;;100.062;
2026-09-27T13:37:29.976+02:00;7470.712925;10.037;;
2026-09-27T13:37:33.357+02:00;7474.093632;;;12.05
2026-09-27T13:37:33.386+02:00;7474.122740;;100.062;
2026-09-27T13:37:33.388+02:00;7474.124698;10.038;;
2026-09-27T13:37:36.768+02:00;7477.505187;;;12.05
2026-09-27T13:37:36.798+02:00;7477.534435;;100.062;
2026-09-27T13:37:36.800+02:00;7477.536303;10.037;;
2026-09-27T13:37:40.180+02:00;7480.916978;;;12.06
2026-09-27T13:37:40.210+02:00;7480.946283;;100.061;
2026-09-27T13:37:40.212+02:00;7480.948265;10.035;;
2026-09-27T13:37:43.593+02:00;7484.329634;;;12.07
2026-09-27T13:37:43.622+02:00;7484.358960;;100.062;
2026-09-27T13:37:43.624+02:00;7484.360924;10.033;;
2026-09-27T13:37:47.004+02:00;7487.740409;;;12.05
2026-09-27T13:37:47.033+02:00;7487.769751;;100.061;
2026-09-27T13:37:47.035+02:00;7487.771722;10.035;;
2026-09-27T13:37:50.415+02:00;7491.152177;;;12.06
2026-09-27T13:37:50.451+02:00;7491.187379;;100.062;
2026-09-27T13:37:50.451+02:00;7491.187870;10.033;;
2026-09-27T13:37:53.827+02:00;7494.563897;;;12.05
2026-09-27T13:37:53.856+02:00;7494.593007;;100.061;
2026-09-27T13:37:53.858+02:00;7494.595157;10.033;;
2026-09-27T13:37:57.239+02:00;7497.975553;;;12.03
2026-09-27T13:37:57.279+02:00;7498.015584;10.036;100.061;
2026-09-27T13:38:00.652+02:00;7501.388367;;;12.04
2026-09-27T13:38:00.681+02:00;7501.417549;;100.062;
2026-09-27T13:38:00.695+02:00;7501.431366;10.035;;
2026-09-27T13:38:04.439+02:00;7505.175341;;;12.04
2026-09-27T13:38:04.468+02:00;7505.204591;;100.062;
2026-09-27T13:38:04.470+02:00;7505.206544;10.035;;
2026-09-27T13:38:07.850+02:00;7508.587187;;;12.04
2026-09-27T13:38:07.880+02:00;7508.616327;;100.062;
2026-09-27T13:38:07.882+02:00;7508.618306;10.034;;
2026-09-27T13:38:11.262+02:00;7511.998950;;;12.04
2026-09-27T13:38:11.291+02:00;7512.028130;;100.062;
2026-09-27T13:38:11.293+02:00;7512.030069;10.034;;
2026-09-27T13:38:14.674+02:00;7515.410609;;;12.05
2026-09-27T13:38:14.704+02:00;7515.440429;;100.062;
2026-09-27T13:38:14.706+02:00;7515.442851;10.034;;
2026-09-27T13:38:18.086+02:00;7518.822372;;;12.05
2026-09-27T13:38:18.115+02:00;7518.851720;;100.061;
2026-09-27T13:38:18.117+02:00;7518.853976;10.034;;
2026-09-27T13:38:21.497+02:00;7522.234089;;;12.04
2026-09-27T13:38:21.529+02:00;7522.265239;;100.062;
2026-09-27T13:38:21.529+02:00;7522.265617;10.034;;
2026-09-27T13:38:24.909+02:00;7525.645818;;;12.04
2026-09-27T13:38:24.943+02:00;7525.679654;10.034;100.062;
2026-09-27T13:38:28.321+02:00;7529.057535;;;12.05
2026-09-27T13:38:28.353+02:00;7529.090177;10.032;100.062;
2026-09-27T13:38:31.733+02:00;7532.469357;;;12.06
2026-09-27T13:38:31.762+02:00;7532.498682;;100.062;
2026-09-27T13:38:31.764+02:00;7532.500469;10.032;;
2026-09-27T13:38:35.144+02:00;7535.880918;;;12.05
2026-09-27T13:38:35.175+02:00;7535.912045;10.033;100.062;
2026-09-27T13:38:38.556+02:00;7539.292720;;;12.04
2026-09-27T13:38:38.585+02:00;7539.322004;;100.062;
2026-09-27T13:38:38.587+02:00;7539.323900;10.032;;
2026-09-27T13:38:41.968+02:00;7542.704397;;;12.05
2026-09-27T13:38:41.997+02:00;7542.733691;;100.062;
2026-09-27T13:38:41.999+02:00;7542.735541;10.032;;
2026-09-27T13:38:45.379+02:00;7546.116188;;;12.05
2026-09-27T13:38:45.409+02:00;7546.145330;;100.062;
2026-09-27T13:38:45.411+02:00;7546.147301;10.031;;
2026-09-27T13:38:48.791+02:00;7549.527940;;;12.05
2026-09-27T13:38:48.820+02:00;7549.557108;;100.062;
2026-09-27T13:38:48.822+02:00;7549.559185;10.032;;
2026-09-27T13:38:52.203+02:00;7552.939613;;;12.05
2026-09-27T13:38:52.232+02:00;7552.968756;;100.061;
2026-09-27T13:38:52.234+02:00;7552.970732;10.031;;
2026-09-27T13:38:55.615+02:00;7556.351368;;;12.05
2026-09-27T13:38:55.644+02:00;7556.380531;;100.062;
2026-09-27T13:38:55.646+02:00;7556.382482;10.031;;
2026-09-27T13:38:59.026+02:00;7559.763004;;;12.05
2026-09-27T13:38:59.056+02:00;7559.792500;;100.061;
2026-09-27T13:38:59.061+02:00;7559.797848;10.031;;
2026-09-27T13:39:02.438+02:00;7563.174754;;;12.05
2026-09-27T13:39:02.467+02:00;7563.204064;;100.062;
2026-09-27T13:39:02.470+02:00;7563.206606;10.031;;
2026-09-27T13:39:05.850+02:00;7566.586493;;;12.05
2026-09-27T13:39:05.879+02:00;7566.615731;;100.061;
2026-09-27T13:39:05.881+02:00;7566.617793;10.031;;
2026-09-27T13:39:09.261+02:00;7569.998144;;;12.05
2026-09-27T13:39:09.292+02:00;7570.028218;;100.062;
2026-09-27T13:39:09.294+02:00;7570.030218;10.031;;
2026-09-27T13:39:12.673+02:00;7573.409917;;;12.06
2026-09-27T13:39:12.703+02:00;7573.439978;;100.062;
2026-09-27T13:39:12.704+02:00;7573.441162;10.031;;
2026-09-27T13:39:16.085+02:00;7576.821719;;;12.06
2026-09-27T13:39:16.115+02:00;7576.851802;;100.062;
2026-09-27T13:39:16.118+02:00;7576.854708;10.031;;
2026-09-27T13:39:19.497+02:00;7580.233457;;;12.07
2026-09-27T13:39:19.526+02:00;7580.262684;;100.062;
2026-09-27T13:39:19.528+02:00;7580.264586;10.031;;
2026-09-27T13:39:22.910+02:00;7583.646296;;;12.07
2026-09-27T13:39:22.939+02:00;7583.675430;;100.062;
2026-09-27T13:39:22.941+02:00;7583.677417;10.03;;
2026-09-27T13:39:26.320+02:00;7587.056957;;;12.06
2026-09-27T13:39:26.349+02:00;7587.086156;;100.062;
2026-09-27T13:39:26.351+02:00;7587.088104;10.031;;
2026-09-27T13:39:29.732+02:00;7590.468708;;;12.06
2026-09-27T13:39:29.762+02:00;7590.498837;;100.062;
2026-09-27T13:39:29.763+02:00;7590.499920;10.03;;
2026-09-27T13:39:33.144+02:00;7593.880445;;;12.09
2026-09-27T13:39:33.173+02:00;7593.909795;;100.061;
2026-09-27T13:39:33.175+02:00;7593.911524;10.029;;
2026-09-27T13:39:36.555+02:00;7597.292055;;;12.09
2026-09-27T13:39:36.585+02:00;7597.321421;;100.062;
2026-09-27T13:39:36.587+02:00;7597.323301;10.029;;
2026-09-27T13:39:39.967+02:00;7600.703916;;;12.08
2026-09-27T13:39:39.996+02:00;7600.733061;;100.062;
2026-09-27T13:39:39.998+02:00;7600.735035;10.025;;
2026-09-27T13:39:43.379+02:00;7604.115678;;;12.09
2026-09-27T13:39:43.408+02:00;7604.144846;;100.061;
2026-09-27T13:39:43.410+02:00;7604.146797;10.027;;
2026-09-27T13:39:46.791+02:00;7607.527303;;;12.08
2026-09-27T13:39:46.820+02:00;7607.556411;;100.062;
2026-09-27T13:39:46.822+02:00;7607.558543;10.027;;
2026-09-27T13:39:50.202+02:00;7610.939071;;;12.06
2026-09-27T13:39:50.235+02:00;7610.972088;10.029;100.062;
2026-09-27T13:39:53.614+02:00;7614.350823;;;12.06
2026-09-27T13:39:53.652+02:00;7614.389075;10.027;100.062;
2026-09-27T13:39:57.026+02:00;7617.762667;;;12.06
2026-09-27T13:39:57.055+02:00;7617.791691;;100.062;
2026-09-27T13:39:57.057+02:00;7617.793663;10.029;;
2026-09-27T13:40:00.438+02:00;7621.174249;;;12.07
2026-09-27T13:40:00.467+02:00;7621.203704;;100.062;
2026-09-27T13:40:00.470+02:00;7621.207052;10.025;;
2026-09-27T13:40:03.849+02:00;7624.585995;;;12.08
2026-09-27T13:40:03.880+02:00;7624.616798;;100.061;
2026-09-27T13:40:03.881+02:00;7624.617254;10.021;;
2026-09-27T13:40:07.261+02:00;7627.997786;;;12.08
2026-09-27T13:40:07.290+02:00;7628.027090;;100.062;
2026-09-27T13:40:07.292+02:00;7628.028861;10.02;;
2026-09-27T13:40:10.673+02:00;7631.409431;;;12.08
2026-09-27T13:40:10.703+02:00;7631.439280;;100.061;
2026-09-27T13:40:10.704+02:00;7631.440776;10.024;;
2026-09-27T13:40:14.086+02:00;7634.822202;;;12.08
2026-09-27T13:40:14.115+02:00;7634.851512;;100.062;
2026-09-27T13:40:14.117+02:00;7634.853426;10.026;;
2026-09-27T13:40:17.496+02:00;7638.232856;;;12.07
2026-09-27T13:40:17.526+02:00;7638.262305;;100.061;
2026-09-27T13:40:17.529+02:00;7638.265912;10.027;;
2026-09-27T13:40:20.908+02:00;7641.644684;;;12.07
2026-09-27T13:40:20.946+02:00;7641.682326;10.028;100.061;
2026-09-27T13:40:24.320+02:00;7645.056394;;;12.08
2026-09-27T13:40:24.349+02:00;7645.085625;;100.061;
2026-09-27T13:40:24.351+02:00;7645.087924;10.029;;
2026-09-27T13:40:27.731+02:00;7648.468079;;;12.08
2026-09-27T13:40:27.761+02:00;7648.497245;;100.062;
2026-09-27T13:40:27.763+02:00;7648.499227;10.03;;
2026-09-27T13:40:31.143+02:00;7651.879972;;;12.06
2026-09-27T13:40:31.173+02:00;7651.909369;;100.062;
2026-09-27T13:40:31.178+02:00;7651.914734;10.03;;
2026-09-27T13:40:34.555+02:00;7655.291614;;;12.06
2026-09-27T13:40:34.584+02:00;7655.320962;;100.062;
2026-09-27T13:40:34.587+02:00;7655.323633;10.03;;
2026-09-27T13:40:37.967+02:00;7658.703298;;;12.07
2026-09-27T13:40:37.996+02:00;7658.732447;;100.062;
2026-09-27T13:40:37.998+02:00;7658.734763;10.03;;
2026-09-27T13:40:41.378+02:00;7662.114995;;;12.06
2026-09-27T13:40:41.408+02:00;7662.144224;;100.062;
2026-09-27T13:40:41.409+02:00;7662.146190;10.03;;
2026-09-27T13:40:44.790+02:00;7665.526798;;;12.07
2026-09-27T13:40:44.820+02:00;7665.556397;;100.061;
2026-09-27T13:40:44.825+02:00;7665.561579;10.03;;
2026-09-27T13:40:48.202+02:00;7668.938756;;;12.07
2026-09-27T13:40:48.231+02:00;7668.967765;;100.062;
2026-09-27T13:40:48.233+02:00;7668.969730;10.029;;
2026-09-27T13:40:51.614+02:00;7672.350387;;;12.06
2026-09-27T13:40:51.647+02:00;7672.383471;;100.062;
2026-09-27T13:40:51.647+02:00;7672.383841;10.028;;
2026-09-27T13:40:55.025+02:00;7675.762094;;;12.05
2026-09-27T13:40:55.060+02:00;7675.797083;10.03;100.062;
2026-09-27T13:40:58.437+02:00;7679.173760;;;12.07
2026-09-27T13:40:58.466+02:00;7679.203090;;100.062;
2026-09-27T13:40:58.469+02:00;7679.205217;10.031;;
2026-09-27T13:41:01.849+02:00;7682.585604;;;12.07
2026-09-27T13:41:01.878+02:00;7682.615034;;100.062;
2026-09-27T13:41:01.880+02:00;7682.616907;10.03;;
2026-09-27T13:41:05.261+02:00;7685.997298;;;12.06
2026-09-27T13:41:05.290+02:00;7686.026518;;100.062;
2026-09-27T13:41:05.292+02:00;7686.028332;10.031;;
2026-09-27T13:41:08.672+02:00;7689.408999;;;12.07
2026-09-27T13:41:08.702+02:00;7689.438330;;100.061;
2026-09-27T13:41:08.704+02:00;7689.440245;10.031;;
2026-09-27T13:41:12.084+02:00;7692.820746;;;12.08
2026-09-27T13:41:12.118+02:00;7692.854671;10.031;100.062;
2026-09-27T13:41:15.496+02:00;7696.232551;;;12.07
2026-09-27T13:41:15.533+02:00;7696.269382;10.03;100.062;
2026-09-27T13:41:18.908+02:00;7699.644305;;;12.07
2026-09-27T13:41:18.946+02:00;7699.682585;10.031;100.062;
2026-09-27T13:41:22.320+02:00;7703.056937;;;12.06
2026-09-27T13:41:22.349+02:00;7703.086139;;100.061;
2026-09-27T13:41:22.361+02:00;7703.097888;10.03;;
2026-09-27T13:41:25.731+02:00;7706.467758;;;12.08
2026-09-27T13:41:25.760+02:00;7706.496954;;100.062;
2026-09-27T13:41:25.773+02:00;7706.509203;10.03;;
2026-09-27T13:41:29.143+02:00;7709.879493;;;12.07
2026-09-27T13:41:29.172+02:00;7709.908697;;100.062;
2026-09-27T13:41:29.174+02:00;7709.910505;10.029;;
2026-09-27T13:41:32.554+02:00;7713.291166;;;12.07
2026-09-27T13:41:32.586+02:00;7713.322439;10.029;100.062;
2026-09-27T13:41:35.966+02:00;7716.702905;;;12.08
2026-09-27T13:41:35.996+02:00;7716.732312;;100.063;
2026-09-27T13:41:35.997+02:00;7716.734186;10.03;;
2026-09-27T13:41:39.378+02:00;7720.114718;;;12.09
2026-09-27T13:41:39.407+02:00;7720.143903;;100.062;
2026-09-27T13:41:39.409+02:00;7720.146122;10.028;;
2026-09-27T13:41:42.790+02:00;7723.526452;;;12.09
2026-09-27T13:41:42.820+02:00;7723.556313;;100.063;
2026-09-27T13:41:42.822+02:00;7723.558530;10.029;;
2026-09-27T13:41:46.201+02:00;7726.938117;;;12.09
2026-09-27T13:41:46.231+02:00;7726.967738;;100.061;
2026-09-27T13:41:46.238+02:00;7726.974522;10.028;;
2026-09-27T13:41:49.613+02:00;7730.349903;;;12.06
2026-09-27T13:41:49.642+02:00;7730.379067;;100.062;
2026-09-27T13:41:49.644+02:00;7730.380915;10.029;;
2026-09-27T13:41:53.025+02:00;7733.761617;;;12.05
2026-09-27T13:41:53.054+02:00;7733.790734;;100.063;
2026-09-27T13:41:53.056+02:00;7733.792682;10.028;;
2026-09-27T13:41:56.438+02:00;7737.174334;;;12.05
2026-09-27T13:41:56.467+02:00;7737.203477;;100.063;
2026-09-27T13:41:56.469+02:00;7737.205447;10.028;;
2026-09-27T13:41:59.849+02:00;7740.585821;;;12.07
2026-09-27T13:41:59.877+02:00;7740.614150;;100.063;
2026-09-27T13:41:59.879+02:00;7740.616134;10.026;;
2026-09-27T13:42:03.260+02:00;7743.996786;;;12.07
2026-09-27T13:42:03.289+02:00;7744.025994;;100.063;
2026-09-27T13:42:03.291+02:00;7744.027878;10.027;;
2026-09-27T13:42:06.672+02:00;7747.408402;;;12.07
2026-09-27T13:42:06.701+02:00;7747.437611;;100.062;
2026-09-27T13:42:06.703+02:00;7747.439519;10.025;;
2026-09-27T13:42:10.083+02:00;7750.820173;;;12.07
2026-09-27T13:42:10.113+02:00;7750.849325;;100.062;
2026-09-27T13:42:10.115+02:00;7750.851292;10.025;;
2026-09-27T13:42:13.495+02:00;7754.231949;;;12.07
2026-09-27T13:42:13.524+02:00;7754.261108;;100.062;
2026-09-27T13:42:13.526+02:00;7754.263074;10.025;;
2026-09-27T13:42:16.907+02:00;7757.643765;;;12.08
2026-09-27T13:42:16.936+02:00;7757.672774;;100.061;
2026-09-27T13:42:16.938+02:00;7757.674708;10.023;;
2026-09-27T13:42:20.319+02:00;7761.055367;;;12.07
2026-09-27T13:42:20.348+02:00;7761.084528;;100.062;
2026-09-27T13:42:20.350+02:00;7761.086673;10.023;;
2026-09-27T13:42:23.730+02:00;7764.467136;;;12.08
2026-09-27T13:42:23.762+02:00;7764.498836;10.022;100.062;
2026-09-27T13:42:27.142+02:00;7767.878849;;;12.09
2026-09-27T13:42:27.175+02:00;7767.911370;10.022;100.062;
2026-09-27T13:42:30.555+02:00;7771.291487;;;12.07
2026-09-27T13:42:30.587+02:00;7771.323286;;100.061;
2026-09-27T13:42:30.587+02:00;7771.323702;10.025;;
2026-09-27T13:42:33.966+02:00;7774.702260;;;12.07
2026-09-27T13:42:33.995+02:00;7774.731687;;100.063;
2026-09-27T13:42:34.006+02:00;7774.742771;10.025;;
2026-09-27T13:42:37.377+02:00;7778.113916;;;12.07
2026-09-27T13:42:37.411+02:00;7778.147715;10.018;100.063;
2026-09-27T13:42:40.789+02:00;7781.525720;;;12.06
2026-09-27T13:42:40.818+02:00;7781.554910;;100.063;
2026-09-27T13:42:40.820+02:00;7781.556873;10.017;;
2026-09-27T13:42:44.201+02:00;7784.937505;;;12.07
2026-09-27T13:42:44.235+02:00;7784.971298;10.017;100.062;
2026-09-27T13:42:47.613+02:00;7788.350134;;;12.06
2026-09-27T13:42:47.643+02:00;7788.379839;;100.062;
2026-09-27T13:42:47.645+02:00;7788.381433;10.015;;
2026-09-27T13:42:51.024+02:00;7791.760930;;;12.07
2026-09-27T13:42:51.053+02:00;7791.790105;;100.062;
2026-09-27T13:42:51.065+02:00;7791.802030;10.015;;
2026-09-27T13:42:54.436+02:00;7795.172536;;;12.07
2026-09-27T13:42:54.477+02:00;7795.213780;10.015;100.062;
2026-09-27T13:42:57.848+02:00;7798.584362;;;12.08
2026-09-27T13:42:57.887+02:00;7798.623449;10.016;100.062;
2026-09-27T13:43:01.259+02:00;7801.995937;;;12.09
2026-09-27T13:43:01.289+02:00;7802.025243;;100.062;
2026-09-27T13:43:01.298+02:00;7802.034617;10.016;;
2026-09-27T13:43:04.671+02:00;7805.407865;;;12.08
2026-09-27T13:43:04.700+02:00;7805.436991;;100.061;
2026-09-27T13:43:04.702+02:00;7805.438918;10.018;;
2026-09-27T13:43:08.083+02:00;7808.819517;;;12.08
2026-09-27T13:43:08.116+02:00;7808.853107;10.019;100.062;
2026-09-27T13:43:11.494+02:00;7812.231180;;;12.08
2026-09-27T13:43:11.525+02:00;7812.261877;;100.063;
2026-09-27T13:43:11.530+02:00;7812.267166;10.02;;
2026-09-27T13:43:14.906+02:00;7815.643085;;;12.07
2026-09-27T13:43:14.935+02:00;7815.672128;;100.062;
2026-09-27T13:43:14.938+02:00;7815.674728;10.017;;
2026-09-27T13:43:18.318+02:00;7819.054786;;;12.07
2026-09-27T13:43:18.347+02:00;7819.083909;;100.061;
2026-09-27T13:43:18.349+02:00;7819.085994;10.017;;
2026-09-27T13:43:22.266+02:00;7823.003044;;;12.04
2026-09-27T13:43:22.295+02:00;7823.032058;;100.061;
2026-09-27T13:43:22.297+02:00;7823.034025;10.016;;
2026-09-27T13:43:25.669+02:00;7826.405821;;;12.07
2026-09-27T13:43:25.698+02:00;7826.435038;;100.062;
2026-09-27T13:43:25.700+02:00;7826.437049;10.016;;
2026-09-27T13:43:29.081+02:00;7829.817612;;;12.08
2026-09-27T13:43:29.110+02:00;7829.846728;;100.062;
2026-09-27T13:43:29.112+02:00;7829.848701;10.015;;
2026-09-27T13:43:32.493+02:00;7833.229368;;;12.05
2026-09-27T13:43:32.522+02:00;7833.258520;;100.061;
2026-09-27T13:43:32.524+02:00;7833.260372;10.017;;
2026-09-27T13:43:35.904+02:00;7836.641003;;;12.07
2026-09-27T13:43:35.933+02:00;7836.670146;;100.062;
2026-09-27T13:43:35.935+02:00;7836.672129;10.017;;
2026-09-27T13:43:39.316+02:00;7840.052802;;;12.07
2026-09-27T13:43:39.345+02:00;7840.081930;;100.062;
2026-09-27T13:43:39.347+02:00;7840.084183;10.015;;
2026-09-27T13:43:42.728+02:00;7843.464495;;;12.08
2026-09-27T13:43:42.757+02:00;7843.493744;;100.062;
2026-09-27T13:43:42.759+02:00;7843.495708;10.015;;
2026-09-27T13:43:46.140+02:00;7846.876335;;;12.07
2026-09-27T13:43:46.169+02:00;7846.905485;;100.062;
2026-09-27T13:43:46.171+02:00;7846.907443;10.015;;
2026-09-27T13:43:49.551+02:00;7850.288099;;;12.07
2026-09-27T13:43:49.581+02:00;7850.317251;;100.062;
2026-09-27T13:43:49.583+02:00;7850.319879;10.016;;
2026-09-27T13:43:52.963+02:00;7853.699882;;;12.06
2026-09-27T13:43:52.992+02:00;7853.729034;;100.062;
2026-09-27T13:43:52.994+02:00;7853.731006;10.017;;
2026-09-27T13:43:56.376+02:00;7857.112694;;;12.06
2026-09-27T13:43:56.405+02:00;7857.141712;;100.063;
2026-09-27T13:43:56.407+02:00;7857.143662;10.017;;
2026-09-27T13:43:59.787+02:00;7860.523307;;;12.06
2026-09-27T13:43:59.816+02:00;7860.552436;;100.062;
2026-09-27T13:43:59.818+02:00;7860.554395;10.019;;
2026-09-27T13:44:03.198+02:00;7863.934994;;;12.06
2026-09-27T13:44:03.229+02:00;7863.965863;;100.062;
2026-09-27T13:44:03.230+02:00;7863.966317;10.017;;
2026-09-27T13:44:06.610+02:00;7867.346750;;;12.08
2026-09-27T13:44:06.639+02:00;7867.376007;;100.062;
2026-09-27T13:44:06.641+02:00;7867.377999;10.017;;
2026-09-27T13:44:10.022+02:00;7870.759179;;;12.08
2026-09-27T13:44:10.051+02:00;7870.787778;;100.061;
2026-09-27T13:44:10.053+02:00;7870.789650;10.016;;
2026-09-27T13:44:13.434+02:00;7874.170252;;;12.08
2026-09-27T13:44:13.463+02:00;7874.199496;;100.062;
2026-09-27T13:44:13.465+02:00;7874.201381;10.015;;
2026-09-27T13:44:16.845+02:00;7877.582036;;;12.08
2026-09-27T13:44:16.875+02:00;7877.611250;;100.062;
2026-09-27T13:44:16.876+02:00;7877.613035;10.015;;
2026-09-27T13:44:20.257+02:00;7880.993725;;;12.08
2026-09-27T13:44:20.286+02:00;7881.022905;;100.062;
2026-09-27T13:44:20.288+02:00;7881.024802;10.015;;
2026-09-27T13:44:23.669+02:00;7884.405468;;;12.09
2026-09-27T13:44:23.698+02:00;7884.434704;;100.061;
2026-09-27T13:44:23.700+02:00;7884.436635;10.015;;
2026-09-27T13:44:27.080+02:00;7887.817109;;;12.09
2026-09-27T13:44:27.110+02:00;7887.846264;;100.062;
2026-09-27T13:44:27.112+02:00;7887.848226;10.016;;
2026-09-27T13:44:30.492+02:00;7891.229004;;;12.09
2026-09-27T13:44:30.521+02:00;7891.258036;;100.062;
2026-09-27T13:44:30.523+02:00;7891.260002;10.015;;
2026-09-27T13:44:33.904+02:00;7894.640696;;;12.09
2026-09-27T13:44:33.933+02:00;7894.669817;;100.061;
2026-09-27T13:44:33.935+02:00;7894.671775;10.015;;
2026-09-27T13:44:37.316+02:00;7898.052311;;;12.11
2026-09-27T13:44:37.345+02:00;7898.081461;;100.062;
2026-09-27T13:44:37.347+02:00;7898.083548;10.015;;
2026-09-27T13:44:40.727+02:00;7901.464080;;;12.11
2026-09-27T13:44:40.757+02:00;7901.493234;;100.062;
2026-09-27T13:44:40.758+02:00;7901.495196;10.015;;
2026-09-27T13:44:44.139+02:00;7904.875859;;;12.1
2026-09-27T13:44:44.168+02:00;7904.904853;;100.061;
2026-09-27T13:44:44.170+02:00;7904.906842;10.015;;
2026-09-27T13:44:47.551+02:00;7908.287675;;;12.08
2026-09-27T13:44:47.580+02:00;7908.316694;;100.061;
2026-09-27T13:44:47.582+02:00;7908.318629;10.015;;
2026-09-27T13:44:50.963+02:00;7911.699263;;;12.09
2026-09-27T13:44:50.992+02:00;7911.728422;;100.062;
2026-09-27T13:44:51.006+02:00;7911.742405;10.015;;
2026-09-27T13:44:54.374+02:00;7915.110965;;;12.09
2026-09-27T13:44:54.403+02:00;7915.140171;;100.062;
2026-09-27T13:44:54.405+02:00;7915.142143;10.015;;
2026-09-27T13:44:57.786+02:00;7918.522792;;;12.09
2026-09-27T13:44:57.815+02:00;7918.551896;;100.062;
2026-09-27T13:44:57.817+02:00;7918.553785;10.015;;
2026-09-27T13:45:01.198+02:00;7921.934328;;;12.08
2026-09-27T13:45:01.227+02:00;7921.963516;;100.062;
2026-09-27T13:45:01.229+02:00;7921.966094;10.015;;
2026-09-27T13:45:04.609+02:00;7925.346113;;;12.09
2026-09-27T13:45:04.639+02:00;7925.375250;;100.062;
2026-09-27T13:45:04.641+02:00;7925.377212;10.015;;
2026-09-27T13:45:08.021+02:00;7928.757762;;;12.09
2026-09-27T13:45:08.050+02:00;7928.786861;;100.061;
2026-09-27T13:45:08.052+02:00;7928.788847;10.015;;
2026-09-27T13:45:11.433+02:00;7932.169432;;;12.08
2026-09-27T13:45:11.462+02:00;7932.198639;;100.062;
2026-09-27T13:45:11.464+02:00;7932.200592;10.015;;
2026-09-27T13:45:14.844+02:00;7935.581188;;;12.09
2026-09-27T13:45:14.874+02:00;7935.610329;;100.061;
2026-09-27T13:45:14.876+02:00;7935.612307;10.015;;
2026-09-27T13:45:18.256+02:00;7938.992934;;;12.09
2026-09-27T13:45:18.293+02:00;7939.029745;10.015;100.062;
2026-09-27T13:45:21.668+02:00;7942.404689;;;12.08
2026-09-27T13:45:21.697+02:00;7942.433802;;100.062;
2026-09-27T13:45:21.699+02:00;7942.435698;10.015;;
2026-09-27T13:45:25.080+02:00;7945.816290;;;12.08
2026-09-27T13:45:25.109+02:00;7945.845428;;100.062;
2026-09-27T13:45:25.111+02:00;7945.847902;10.015;;
2026-09-27T13:45:28.491+02:00;7949.228039;;;12.08
2026-09-27T13:45:28.520+02:00;7949.257190;;100.061;
2026-09-27T13:45:28.522+02:00;7949.259147;10.015;;
2026-09-27T13:45:31.903+02:00;7952.639680;;;12.08
2026-09-27T13:45:31.932+02:00;7952.668796;;100.062;
2026-09-27T13:45:31.934+02:00;7952.670757;10.015;;
2026-09-27T13:45:35.315+02:00;7956.051372;;;12.09
2026-09-27T13:45:35.344+02:00;7956.080517;;100.061;
2026-09-27T13:45:35.346+02:00;7956.082490;10.015;;
2026-09-27T13:45:38.727+02:00;7959.464114;;;12.07
2026-09-27T13:45:38.757+02:00;7959.493323;;100.061;
2026-09-27T13:45:38.770+02:00;7959.506505;10.015;;
2026-09-27T13:45:42.138+02:00;7962.874804;;;12.08
2026-09-27T13:45:42.167+02:00;7962.904005;;100.062;
2026-09-27T13:45:42.169+02:00;7962.905969;10.015;;
2026-09-27T13:45:45.550+02:00;7966.286636;;;12.09
2026-09-27T13:45:45.579+02:00;7966.315725;;100.062;
2026-09-27T13:45:45.581+02:00;7966.318051;10.015;;
2026-09-27T13:45:48.962+02:00;7969.698215;;;12.08
2026-09-27T13:45:48.991+02:00;7969.727331;;100.062;
2026-09-27T13:45:48.993+02:00;7969.729446;10.015;;
2026-09-27T13:45:52.373+02:00;7973.109942;;;12.07
2026-09-27T13:45:52.402+02:00;7973.139104;;100.062;
2026-09-27T13:45:52.404+02:00;7973.141084;10.015;;
2026-09-27T13:45:56.214+02:00;7976.950446;;;12.08
2026-09-27T13:45:56.243+02:00;7976.979796;;100.062;
2026-09-27T13:45:56.245+02:00;7976.981764;10.015;;
2026-09-27T13:45:59.625+02:00;7980.362045;;;12.08
2026-09-27T13:45:59.654+02:00;7980.391189;;100.062;
2026-09-27T13:45:59.656+02:00;7980.393171;10.015;;
2026-09-27T13:46:03.037+02:00;7983.773806;;;12.06
2026-09-27T13:46:03.066+02:00;7983.802952;;100.062;
2026-09-27T13:46:03.068+02:00;7983.804928;10.014;;
2026-09-27T13:46:06.449+02:00;7987.185545;;;12.08
2026-09-27T13:46:06.478+02:00;7987.214701;;100.062;
2026-09-27T13:46:06.480+02:00;7987.216535;10.015;;
2026-09-27T13:46:09.860+02:00;7990.597084;;;12.06
2026-09-27T13:46:09.890+02:00;7990.626517;;100.062;
2026-09-27T13:46:09.892+02:00;7990.628835;10.013;;
2026-09-27T13:46:13.272+02:00;7994.008797;;;12.07
2026-09-27T13:46:13.301+02:00;7994.038045;;100.062;
2026-09-27T13:46:13.303+02:00;7994.040005;10.015;;
2026-09-27T13:46:16.684+02:00;7997.420667;;;12.08
2026-09-27T13:46:16.713+02:00;7997.449823;;100.062;
2026-09-27T13:46:16.715+02:00;7997.451663;10.015;;
2026-09-27T13:46:20.096+02:00;8000.832236;;;12.08
2026-09-27T13:46:20.125+02:00;8000.861377;;100.062;
2026-09-27T13:46:20.127+02:00;8000.863346;10.012;;
2026-09-27T13:46:23.507+02:00;8004.243984;;;12.08
2026-09-27T13:46:23.536+02:00;8004.273149;;100.062;
2026-09-27T13:46:23.538+02:00;8004.275108;10.013;;
2026-09-27T13:46:26.919+02:00;8007.655769;;;12.08
2026-09-27T13:46:26.948+02:00;8007.684881;;100.062;
2026-09-27T13:46:26.955+02:00;8007.691728;10.012;;
2026-09-27T13:46:30.331+02:00;8011.067477;;;12.08
2026-09-27T13:46:30.360+02:00;8011.096483;;100.062;
2026-09-27T13:46:30.362+02:00;8011.098448;10.013;;
2026-09-27T13:46:34.309+02:00;8015.045351;;;12.06
2026-09-27T13:46:34.338+02:00;8015.074494;;100.063;
2026-09-27T13:46:34.340+02:00;8015.076338;10.013;;
2026-09-27T13:46:37.711+02:00;8018.448074;;;12.06
2026-09-27T13:46:37.741+02:00;8018.477222;;100.062;
2026-09-27T13:46:37.743+02:00;8018.479313;10.013;;
2026-09-27T13:46:41.123+02:00;8021.859940;;;12.06
2026-09-27T13:46:41.152+02:00;8021.888976;;100.062;
2026-09-27T13:46:41.154+02:00;8021.890955;10.014;;
2026-09-27T13:46:44.535+02:00;8025.271598;;;12.05
2026-09-27T13:46:44.564+02:00;8025.300725;;100.062;
2026-09-27T13:46:44.566+02:00;8025.302684;10.012;;
2026-09-27T13:46:47.947+02:00;8028.683315;;;12.06
2026-09-27T13:46:47.976+02:00;8028.712457;;100.062;
2026-09-27T13:46:47.978+02:00;8028.714426;10.013;;
2026-09-27T13:46:51.359+02:00;8032.096037;;;12.06
2026-09-27T13:46:51.388+02:00;8032.125085;;100.061;
2026-09-27T13:46:51.390+02:00;8032.127064;10.013;;
2026-09-27T13:46:54.770+02:00;8035.506822;;;12.07
2026-09-27T13:46:54.799+02:00;8035.535816;;100.062;
2026-09-27T13:46:54.801+02:00;8035.537819;10.013;;
2026-09-27T13:46:58.182+02:00;8038.918419;;;12.09
2026-09-27T13:46:58.211+02:00;8038.947583;;100.062;
2026-09-27T13:46:58.223+02:00;8038.959849;10.012;;
2026-09-27T13:47:01.594+02:00;8042.330398;;;12.08
2026-09-27T13:47:01.623+02:00;8042.359316;;100.063;
2026-09-27T13:47:01.625+02:00;8042.361277;10.012;;
2026-09-27T13:47:05.005+02:00;8045.741900;;;12.09
2026-09-27T13:47:05.034+02:00;8045.771041;;100.062;
2026-09-27T13:47:05.036+02:00;8045.773004;10.013;;
2026-09-27T13:47:08.417+02:00;8049.153661;;;12.09
2026-09-27T13:47:08.449+02:00;8049.185912;10.013;100.062;
2026-09-27T13:47:11.829+02:00;8052.565321;;;12.08
2026-09-27T13:47:11.858+02:00;8052.594425;;100.062;
2026-09-27T13:47:11.860+02:00;8052.596403;10.014;;
2026-09-27T13:47:15.240+02:00;8055.976997;;;12.09
2026-09-27T13:47:15.280+02:00;8056.016968;10.014;100.062;
2026-09-27T13:47:18.652+02:00;8059.388787;;;12.09
2026-09-27T13:47:18.681+02:00;8059.417899;;100.062;
2026-09-27T13:47:18.683+02:00;8059.419879;10.013;;
2026-09-27T13:47:22.064+02:00;8062.800371;;;12.09
2026-09-27T13:47:22.093+02:00;8062.829596;;100.062;
2026-09-27T13:47:22.095+02:00;8062.831499;10.014;;
2026-09-27T13:47:25.475+02:00;8066.212132;;;12.09
2026-09-27T13:47:25.515+02:00;8066.251470;10.015;100.062;
2026-09-27T13:47:28.887+02:00;8069.623862;;;12.09
2026-09-27T13:47:28.916+02:00;8069.652885;;100.062;
2026-09-27T13:47:28.918+02:00;8069.654873;10.014;;
2026-09-27T13:47:32.299+02:00;8073.035488;;;12.08
2026-09-27T13:47:32.328+02:00;8073.064696;;100.062;
2026-09-27T13:47:32.330+02:00;8073.066625;10.015;;
2026-09-27T13:47:35.711+02:00;8076.447246;;;12.08
2026-09-27T13:47:35.750+02:00;8076.486431;10.015;100.062;
2026-09-27T13:47:39.122+02:00;8079.858976;;;12.07
2026-09-27T13:47:39.151+02:00;8079.887998;;100.062;
2026-09-27T13:47:39.154+02:00;8079.890227;10.015;;
2026-09-27T13:47:42.535+02:00;8083.271610;;;12.08
2026-09-27T13:47:42.567+02:00;8083.303451;10.015;100.062;
2026-09-27T13:47:45.946+02:00;8086.682286;;;12.09
2026-09-27T13:47:45.975+02:00;8086.711495;;100.062;
2026-09-27T13:47:45.977+02:00;8086.713450;10.015;;
2026-09-27T13:47:49.357+02:00;8090.094104;;;12.08
2026-09-27T13:47:49.387+02:00;8090.123236;;100.062;
2026-09-27T13:47:49.389+02:00;8090.125209;10.015;;
2026-09-27T13:47:52.769+02:00;8093.505836;;;12.08
2026-09-27T13:47:52.798+02:00;8093.535035;;100.062;
2026-09-27T13:47:52.800+02:00;8093.536836;10.015;;
2026-09-27T13:47:56.181+02:00;8096.917428;;;12.08
2026-09-27T13:47:56.220+02:00;8096.956598;10.015;100.062;
2026-09-27T13:47:59.593+02:00;8100.329332;;;12.09
2026-09-27T13:47:59.622+02:00;8100.358359;;100.062;
2026-09-27T13:47:59.624+02:00;8100.360318;10.015;;
2026-09-27T13:48:03.004+02:00;8103.740834;;;12.09
2026-09-27T13:48:03.033+02:00;8103.770004;;100.062;
2026-09-27T13:48:03.035+02:00;8103.771946;10.015;;
2026-09-27T13:48:06.416+02:00;8107.152610;;;12.09
2026-09-27T13:48:06.445+02:00;8107.181735;;100.062;
2026-09-27T13:48:06.447+02:00;8107.183690;10.015;;
2026-09-27T13:48:09.828+02:00;8110.564258;;;12.08
2026-09-27T13:48:09.857+02:00;8110.593713;;100.062;
2026-09-27T13:48:09.859+02:00;8110.595631;10.015;;
2026-09-27T13:48:13.239+02:00;8113.975914;;;12.09
2026-09-27T13:48:13.269+02:00;8114.005680;;100.062;
2026-09-27T13:48:13.277+02:00;8114.013762;10.015;;
2026-09-27T13:48:16.651+02:00;8117.387648;;;12.09
2026-09-27T13:48:16.680+02:00;8117.416840;;100.062;
2026-09-27T13:48:16.682+02:00;8117.418798;10.015;;
2026-09-27T13:48:20.063+02:00;8120.799432;;;12.09
2026-09-27T13:48:20.092+02:00;8120.828620;;100.062;
2026-09-27T13:48:20.094+02:00;8120.830581;10.015;;
2026-09-27T13:48:23.474+02:00;8124.211060;;;12.08
2026-09-27T13:48:23.503+02:00;8124.240198;;100.063;
2026-09-27T13:48:23.506+02:00;8124.242209;10.015;;
2026-09-27T13:48:26.886+02:00;8127.622827;;;12.08
2026-09-27T13:48:26.915+02:00;8127.651980;;100.061;
2026-09-27T13:48:26.917+02:00;8127.653916;10.014;;
2026-09-27T13:48:30.298+02:00;8131.034613;;;12.09
2026-09-27T13:48:30.327+02:00;8131.063715;;100.062;
2026-09-27T13:48:30.329+02:00;8131.065680;10.015;;
2026-09-27T13:48:33.711+02:00;8134.447312;;;12.09
2026-09-27T13:48:33.740+02:00;8134.476447;;100.062;
2026-09-27T13:48:33.742+02:00;8134.479027;10.015;;
2026-09-27T13:48:37.121+02:00;8137.857929;;;12.09
2026-09-27T13:48:37.150+02:00;8137.887071;;100.062;
2026-09-27T13:48:37.152+02:00;8137.889168;10.015;;
2026-09-27T13:48:40.533+02:00;8141.269725;;;12.09
2026-09-27T13:48:40.562+02:00;8141.298835;;100.061;
2026-09-27T13:48:40.564+02:00;8141.300802;10.015;;
2026-09-27T13:48:43.945+02:00;8144.681428;;;12.1
2026-09-27T13:48:43.974+02:00;8144.710599;;100.063;
2026-09-27T13:48:43.984+02:00;8144.720274;10.015;;
2026-09-27T13:48:47.787+02:00;8148.524066;;;12.09
2026-09-27T13:48:47.822+02:00;8148.558445;10.015;100.062;
2026-09-27T13:48:51.199+02:00;8151.935815;;;12.09
2026-09-27T13:48:51.228+02:00;8151.964937;;100.062;
2026-09-27T13:48:51.230+02:00;8151.966916;10.015;;
2026-09-27T13:48:54.611+02:00;8155.347548;;;12.08
2026-09-27T13:48:54.640+02:00;8155.376714;;100.062;
2026-09-27T13:48:54.642+02:00;8155.378672;10.014;;
2026-09-27T13:48:58.023+02:00;8158.759299;;;12.08
2026-09-27T13:48:58.052+02:00;8158.788322;;100.062;
2026-09-27T13:48:58.054+02:00;8158.790291;10.015;;
2026-09-27T13:49:01.434+02:00;8162.170918;;;12.08
2026-09-27T13:49:01.463+02:00;8162.200065;;100.062;
2026-09-27T13:49:01.465+02:00;8162.202155;10.015;;
2026-09-27T13:49:04.846+02:00;8165.582700;;;12.07
2026-09-27T13:49:04.875+02:00;8165.611810;;100.063;
2026-09-27T13:49:04.877+02:00;8165.613774;10.014;;
2026-09-27T13:49:08.258+02:00;8168.994295;;;12.08
2026-09-27T13:49:08.287+02:00;8169.023506;;100.062;
2026-09-27T13:49:08.300+02:00;8169.036483;10.014;;
2026-09-27T13:49:11.669+02:00;8172.406014;;;12.06
2026-09-27T13:49:11.699+02:00;8172.435279;;100.062;
2026-09-27T13:49:11.700+02:00;8172.437165;10.014;;
2026-09-27T13:49:15.081+02:00;8175.817809;;;12.09
2026-09-27T13:49:15.110+02:00;8175.846942;;100.063;
2026-09-27T13:49:15.112+02:00;8175.848926;10.014;;
2026-09-27T13:49:18.493+02:00;8179.229482;;;12.06
2026-09-27T13:49:18.522+02:00;8179.258598;;100.062;
2026-09-27T13:49:18.524+02:00;8179.260709;10.015;;
2026-09-27T13:49:21.905+02:00;8182.641287;;;12.05
2026-09-27T13:49:21.934+02:00;8182.670319;;100.062;
2026-09-27T13:49:21.936+02:00;8182.672281;10.014;;
2026-09-27T13:49:25.316+02:00;8186.052929;;;12.07
2026-09-27T13:49:25.345+02:00;8186.082059;;100.063;
2026-09-27T13:49:25.347+02:00;8186.084160;10.014;;
2026-09-27T13:49:28.728+02:00;8189.464691;;;12.07
2026-09-27T13:49:28.757+02:00;8189.493774;;100.062;
2026-09-27T13:49:28.759+02:00;8189.495668;10.013;;
2026-09-27T13:49:32.140+02:00;8192.876430;;;12.07
2026-09-27T13:49:32.171+02:00;8192.908196;;100.061;
2026-09-27T13:49:32.177+02:00;8192.913917;10.014;;
2026-09-27T13:49:35.551+02:00;8196.288037;;;12.08
2026-09-27T13:49:35.580+02:00;8196.317189;;100.062;
2026-09-27T13:49:35.582+02:00;8196.319167;10.015;;
2026-09-27T13:49:38.963+02:00;8199.699804;;;12.08
2026-09-27T13:49:39.003+02:00;8199.740181;10.015;100.062;
2026-09-27T13:49:42.375+02:00;8203.111463;;;12.08
2026-09-27T13:49:42.404+02:00;8203.140722;;100.063;
2026-09-27T13:49:42.406+02:00;8203.142692;10.015;;
2026-09-27T13:49:45.787+02:00;8206.523307;;;12.08
2026-09-27T13:49:45.816+02:00;8206.552450;;100.062;
2026-09-27T13:49:45.818+02:00;8206.554296;10.014;;
2026-09-27T13:49:49.198+02:00;8209.935056;;;12.07
2026-09-27T13:49:49.227+02:00;8209.964071;;100.063;
2026-09-27T13:49:49.235+02:00;8209.971300;10.014;;
2026-09-27T13:49:52.610+02:00;8213.346708;;;12.06
2026-09-27T13:49:52.639+02:00;8213.375827;;100.063;
2026-09-27T13:49:52.641+02:00;8213.377793;10.014;;
2026-09-27T13:49:56.022+02:00;8216.758412;;;12.07
2026-09-27T13:49:56.051+02:00;8216.787600;;100.063;
2026-09-27T13:49:56.053+02:00;8216.789524;10.014;;
2026-09-27T13:49:59.817+02:00;8220.553829;;;12.07
2026-09-27T13:49:59.846+02:00;8220.582957;;100.062;
2026-09-27T13:49:59.848+02:00;8220.584911;10.015;;
2026-09-27T13:50:03.229+02:00;8223.965607;;;12.05
2026-09-27T13:50:03.258+02:00;8223.994729;;100.062;
2026-09-27T13:50:03.260+02:00;8223.996681;10.014;;
2026-09-27T13:50:06.641+02:00;8227.377318;;;12.08
2026-09-27T13:50:06.670+02:00;8227.406349;;100.063;
2026-09-27T13:50:06.672+02:00;8227.408312;10.014;;
2026-09-27T13:50:10.052+02:00;8230.788958;;;12.07
2026-09-27T13:50:10.081+02:00;8230.818135;;100.062;
2026-09-27T13:50:10.083+02:00;8230.820183;10.013;;
2026-09-27T13:50:13.464+02:00;8234.200733;;;12.08
2026-09-27T13:50:13.493+02:00;8234.229834;;100.062;
2026-09-27T13:50:13.495+02:00;8234.231803;10.012;;
2026-09-27T13:50:16.876+02:00;8237.612465;;;12.09
2026-09-27T13:50:16.905+02:00;8237.641632;;100.062;
2026-09-27T13:50:16.907+02:00;8237.643547;10.013;;
2026-09-27T13:50:20.287+02:00;8241.024194;;;12.09
2026-09-27T13:50:20.317+02:00;8241.053324;;100.062;
2026-09-27T13:50:20.318+02:00;8241.055171;10.014;;
2026-09-27T13:50:23.699+02:00;8244.435837;;;12.09
2026-09-27T13:50:23.728+02:00;8244.465044;;100.061;
2026-09-27T13:50:23.730+02:00;8244.466933;10.015;;
2026-09-27T13:50:27.111+02:00;8247.847615;;;12.09
2026-09-27T13:50:27.140+02:00;8247.876741;;100.062;
2026-09-27T13:50:27.142+02:00;8247.878697;10.015;;
2026-09-27T13:50:30.523+02:00;8251.259325;;;12.09
2026-09-27T13:50:30.552+02:00;8251.288474;;100.061;
2026-09-27T13:50:30.554+02:00;8251.290304;10.015;;
2026-09-27T13:50:33.934+02:00;8254.671074;;;12.09
2026-09-27T13:50:33.964+02:00;8254.700219;;100.062;
2026-09-27T13:50:33.965+02:00;8254.702185;10.015;;
2026-09-27T13:50:37.347+02:00;8258.083731;;;12.09
2026-09-27T13:50:37.376+02:00;8258.112855;;100.062;
2026-09-27T13:50:37.378+02:00;8258.114829;10.014;;
2026-09-27T13:50:40.758+02:00;8261.494448;;;12.08
2026-09-27T13:50:40.794+02:00;8261.531095;;100.063;
2026-09-27T13:50:40.797+02:00;8261.533438;10.015;;
2026-09-27T13:50:44.735+02:00;8265.471501;;;12.06
2026-09-27T13:50:44.764+02:00;8265.500770;;100.061;
2026-09-27T13:50:44.766+02:00;8265.502584;10.015;;
2026-09-27T13:50:48.138+02:00;8268.874350;;;12.08
2026-09-27T13:50:48.167+02:00;8268.903500;;100.063;
2026-09-27T13:50:48.169+02:00;8268.905463;10.015;;
2026-09-27T13:50:51.549+02:00;8272.286091;;;12.08
2026-09-27T13:50:51.579+02:00;8272.315224;;100.062;
2026-09-27T13:50:51.580+02:00;8272.317198;10.015;;
2026-09-27T13:50:54.961+02:00;8275.697852;;;12.08
2026-09-27T13:50:54.990+02:00;8275.727000;;100.062;
2026-09-27T13:50:54.992+02:00;8275.728989;10.015;;
2026-09-27T13:50:58.373+02:00;8279.109636;;;12.07
2026-09-27T13:50:58.402+02:00;8279.138759;;100.062;
2026-09-27T13:50:58.404+02:00;8279.140712;10.015;;
2026-09-27T13:51:01.786+02:00;8282.522357;;;12.07
2026-09-27T13:51:01.815+02:00;8282.551397;;100.062;
2026-09-27T13:51:01.817+02:00;8282.553345;10.015;;
2026-09-27T13:51:05.196+02:00;8285.932988;;;12.07
2026-09-27T13:51:05.225+02:00;8285.962116;;100.062;
2026-09-27T13:51:05.228+02:00;8285.964232;10.015;;
2026-09-27T13:51:08.608+02:00;8289.344734;;;12.09
2026-09-27T13:51:08.637+02:00;8289.374027;;100.062;
2026-09-27T13:51:08.649+02:00;8289.385466;10.015;;
2026-09-27T13:51:12.020+02:00;8292.756475;;;12.08
2026-09-27T13:51:12.049+02:00;8292.785663;;100.062;
2026-09-27T13:51:12.051+02:00;8292.787623;10.015;;
2026-09-27T13:51:15.432+02:00;8296.168248;;;12.07
2026-09-27T13:51:15.461+02:00;8296.197373;;100.063;
2026-09-27T13:51:15.463+02:00;8296.199346;10.015;;
2026-09-27T13:51:18.844+02:00;8299.581006;;;12.08
2026-09-27T13:51:18.873+02:00;8299.610045;;100.062;
2026-09-27T13:51:18.886+02:00;8299.622683;10.015;;
2026-09-27T13:51:22.255+02:00;8302.991770;;;12.08
2026-09-27T13:51:22.284+02:00;8303.020785;;100.062;
2026-09-27T13:51:22.286+02:00;8303.022742;10.015;;
2026-09-27T13:51:25.667+02:00;8306.403399;;;12.09
2026-09-27T13:51:25.696+02:00;8306.432541;;100.062;
2026-09-27T13:51:25.698+02:00;8306.434511;10.015;;
2026-09-27T13:51:29.078+02:00;8309.815112;;;12.09
2026-09-27T13:51:29.119+02:00;8309.855240;10.016;100.062;
2026-09-27T13:51:32.490+02:00;8313.226812;;;12.08
2026-09-27T13:51:32.519+02:00;8313.256043;;100.061;
2026-09-27T13:51:32.521+02:00;8313.258045;10.015;;
2026-09-27T13:51:35.903+02:00;8316.639688;;;12.09
2026-09-27T13:51:35.932+02:00;8316.668788;;100.061;
2026-09-27T13:51:35.934+02:00;8316.670647;10.015;;
2026-09-27T13:51:39.314+02:00;8320.050388;;;12.09
2026-09-27T13:51:39.350+02:00;8320.086304;;100.062;
2026-09-27T13:51:39.352+02:00;8320.088695;10.015;;
2026-09-27T13:51:42.725+02:00;8323.462128;;;12.06
2026-09-27T13:51:42.755+02:00;8323.491234;;100.061;
2026-09-27T13:51:42.757+02:00;8323.493290;10.015;;
2026-09-27T13:51:46.137+02:00;8326.873784;;;12.07
2026-09-27T13:51:46.174+02:00;8326.910602;10.015;100.062;
2026-09-27T13:51:49.549+02:00;8330.285587;;;12.09
2026-09-27T13:51:49.578+02:00;8330.314774;;100.061;
2026-09-27T13:51:49.580+02:00;8330.316696;10.015;;
2026-09-27T13:51:52.961+02:00;8333.697418;;;12.07
2026-09-27T13:51:52.990+02:00;8333.726462;;100.062;
2026-09-27T13:51:52.992+02:00;8333.728286;10.015;;
2026-09-27T13:51:56.372+02:00;8337.108932;;;12.06
2026-09-27T13:51:56.401+02:00;8337.138066;;100.062;
2026-09-27T13:51:56.403+02:00;8337.140033;10.017;;
2026-09-27T13:51:59.784+02:00;8340.520712;;;12.05
2026-09-27T13:51:59.813+02:00;8340.549906;;100.062;
2026-09-27T13:51:59.815+02:00;8340.551782;10.018;;
2026-09-27T13:52:03.196+02:00;8343.932369;;;12.05
2026-09-27T13:52:03.225+02:00;8343.961605;;100.062;
2026-09-27T13:52:03.227+02:00;8343.963906;10.017;;
2026-09-27T13:52:06.607+02:00;8347.344001;;;12.06
2026-09-27T13:52:06.637+02:00;8347.373344;;100.061;
2026-09-27T13:52:06.640+02:00;8347.376416;10.016;;
2026-09-27T13:52:10.019+02:00;8350.755963;;;12.08
2026-09-27T13:52:10.048+02:00;8350.784999;;100.062;
2026-09-27T13:52:10.050+02:00;8350.786945;10.016;;
2026-09-27T13:52:13.810+02:00;8354.547152;;;12.06
2026-09-27T13:52:13.840+02:00;8354.576510;;100.062;
2026-09-27T13:52:13.842+02:00;8354.578795;10.018;;
2026-09-27T13:52:17.222+02:00;8357.958794;;;12.08
2026-09-27T13:52:17.255+02:00;8357.992137;10.017;100.063;
2026-09-27T13:52:20.634+02:00;8361.370522;;;12.08
2026-09-27T13:52:20.663+02:00;8361.399719;;100.063;
2026-09-27T13:52:20.665+02:00;8361.401711;10.016;;
2026-09-27T13:52:24.046+02:00;8364.782317;;;12.09
2026-09-27T13:52:24.084+02:00;8364.820627;10.015;100.062;
2026-09-27T13:52:27.457+02:00;8368.194108;;;12.08
2026-09-27T13:52:27.487+02:00;8368.223259;;100.062;
2026-09-27T13:52:27.489+02:00;8368.225367;10.017;;
2026-09-27T13:52:30.869+02:00;8371.605777;;;12.07
2026-09-27T13:52:30.898+02:00;8371.634880;;100.063;
2026-09-27T13:52:30.900+02:00;8371.636846;10.016;;
2026-09-27T13:52:34.281+02:00;8375.017498;;;12.09
2026-09-27T13:52:34.317+02:00;8375.053601;10.017;100.062;
2026-09-27T13:52:37.693+02:00;8378.429252;;;12.08
2026-09-27T13:52:37.722+02:00;8378.458411;;100.062;
2026-09-27T13:52:37.724+02:00;8378.460369;10.015;;
2026-09-27T13:52:41.104+02:00;8381.840994;;;12.09
2026-09-27T13:52:41.133+02:00;8381.870144;;100.062;
2026-09-27T13:52:41.135+02:00;8381.872002;10.017;;
2026-09-27T13:52:44.516+02:00;8385.252646;;;12.09
2026-09-27T13:52:44.551+02:00;8385.287551;;100.062;
2026-09-27T13:52:44.552+02:00;8385.288903;10.02;;
2026-09-27T13:52:47.928+02:00;8388.664312;;;12.08
2026-09-27T13:52:47.957+02:00;8388.693548;;100.063;
2026-09-27T13:52:47.959+02:00;8388.695524;10.019;;
2026-09-27T13:52:51.339+02:00;8392.076146;;;12.09
2026-09-27T13:52:51.369+02:00;8392.105294;;100.062;
2026-09-27T13:52:51.371+02:00;8392.107388;10.02;;
2026-09-27T13:52:54.751+02:00;8395.487886;;;12.08
2026-09-27T13:52:54.780+02:00;8395.517051;;100.062;
2026-09-27T13:52:54.782+02:00;8395.519017;10.023;;
2026-09-27T13:52:58.163+02:00;8398.899706;;;12.08
2026-09-27T13:52:58.192+02:00;8398.928720;;100.062;
2026-09-27T13:52:58.194+02:00;8398.930682;10.025;;
2026-09-27T13:53:01.575+02:00;8402.311295;;;12.08
2026-09-27T13:53:01.606+02:00;8402.343077;10.023;100.062;
2026-09-27T13:53:04.986+02:00;8405.723058;;;12.08
2026-09-27T13:53:05.015+02:00;8405.752198;;100.062;
2026-09-27T13:53:05.017+02:00;8405.754048;10.025;;
2026-09-27T13:53:08.398+02:00;8409.134813;;;12.07
2026-09-27T13:53:08.427+02:00;8409.163964;;100.062;
2026-09-27T13:53:08.429+02:00;8409.165800;10.027;;
2026-09-27T13:53:11.810+02:00;8412.546616;;;12.07
2026-09-27T13:53:11.847+02:00;8412.583437;10.027;100.062;
2026-09-27T13:53:15.222+02:00;8415.958318;;;12.08
2026-09-27T13:53:15.251+02:00;8415.987348;;100.064;
2026-09-27T13:53:15.253+02:00;8415.989447;10.025;;
2026-09-27T13:53:18.633+02:00;8419.369949;;;12.09
2026-09-27T13:53:18.663+02:00;8419.399261;;100.062;
2026-09-27T13:53:18.676+02:00;8419.412750;10.025;;
2026-09-27T13:53:22.045+02:00;8422.781599;;;12.09
2026-09-27T13:53:22.074+02:00;8422.810734;;100.062;
2026-09-27T13:53:22.076+02:00;8422.812713;10.024;;
2026-09-27T13:53:25.457+02:00;8426.193325;;;12.09
2026-09-27T13:53:25.495+02:00;8426.231501;10.026;100.062;
2026-09-27T13:53:28.868+02:00;8429.605072;;;12.08
2026-09-27T13:53:28.898+02:00;8429.634251;;100.062;
2026-09-27T13:53:28.900+02:00;8429.636406;10.027;;
2026-09-27T13:53:32.281+02:00;8433.017867;;;12.06
2026-09-27T13:53:32.310+02:00;8433.046993;;100.062;
2026-09-27T13:53:32.312+02:00;8433.048856;10.028;;
2026-09-27T13:53:35.692+02:00;8436.428668;;;12.06
2026-09-27T13:53:35.721+02:00;8436.457693;;100.062;
2026-09-27T13:53:35.723+02:00;8436.459630;10.029;;
2026-09-27T13:53:39.104+02:00;8439.840272;;;12.07
2026-09-27T13:53:39.133+02:00;8439.869410;;100.062;
2026-09-27T13:53:39.135+02:00;8439.871504;10.029;;
2026-09-27T13:53:42.515+02:00;8443.252081;;;12.08
2026-09-27T13:53:42.545+02:00;8443.281481;;100.062;
2026-09-27T13:53:42.558+02:00;8443.294391;10.03;;
2026-09-27T13:53:45.927+02:00;8446.663689;;;12.08
2026-09-27T13:53:45.956+02:00;8446.692785;;100.062;
2026-09-27T13:53:45.958+02:00;8446.694761;10.031;;
2026-09-27T13:53:49.340+02:00;8450.076416;;;12.07
2026-09-27T13:53:49.369+02:00;8450.105591;;100.062;
2026-09-27T13:53:49.371+02:00;8450.107514;10.03;;
2026-09-27T13:53:52.750+02:00;8453.487178;;;12.08
2026-09-27T13:53:52.784+02:00;8453.520475;;100.062;
2026-09-27T13:53:52.790+02:00;8453.526315;10.03;;
2026-09-27T13:53:56.162+02:00;8456.898924;;;12.07
2026-09-27T13:53:56.191+02:00;8456.928088;;100.062;
2026-09-27T13:53:56.193+02:00;8456.930059;10.03;;
2026-09-27T13:53:59.574+02:00;8460.310726;;;12.06
2026-09-27T13:53:59.603+02:00;8460.339722;;100.063;
2026-09-27T13:53:59.605+02:00;8460.341678;10.031;;
2026-09-27T13:54:02.986+02:00;8463.722328;;;12.07
2026-09-27T13:54:03.015+02:00;8463.751484;;100.062;
2026-09-27T13:54:03.017+02:00;8463.753594;10.03;;
2026-09-27T13:54:06.397+02:00;8467.134077;;;12.06
2026-09-27T13:54:06.427+02:00;8467.163232;;100.062;
2026-09-27T13:54:06.429+02:00;8467.165210;10.03;;
2026-09-27T13:54:09.809+02:00;8470.545856;;;12.06
2026-09-27T13:54:09.838+02:00;8470.575051;;100.062;
2026-09-27T13:54:09.840+02:00;8470.576842;10.03;;
2026-09-27T13:54:13.221+02:00;8473.957473;;;12.06
2026-09-27T13:54:13.250+02:00;8473.986663;;100.061;
2026-09-27T13:54:13.252+02:00;8473.988593;10.03;;
2026-09-27T13:54:16.633+02:00;8477.369227;;;12.07
2026-09-27T13:54:16.662+02:00;8477.398375;;100.062;
2026-09-27T13:54:16.664+02:00;8477.400333;10.03;;
2026-09-27T13:54:20.044+02:00;8480.780998;;;12.06
2026-09-27T13:54:20.074+02:00;8480.810244;;100.063;
2026-09-27T13:54:20.075+02:00;8480.812135;10.03;;
2026-09-27T13:54:23.456+02:00;8484.192770;;;12.07
2026-09-27T13:54:23.485+02:00;8484.221835;;100.062;
2026-09-27T13:54:23.487+02:00;8484.223729;10.03;;
2026-09-27T13:54:27.423+02:00;8488.160055;;;12.05
2026-09-27T13:54:27.461+02:00;8488.197444;10.031;100.062;
2026-09-27T13:54:30.826+02:00;8491.563082;;;12.08
2026-09-27T13:54:30.856+02:00;8491.592215;;100.062;
2026-09-27T13:54:30.857+02:00;8491.594153;10.03;;
2026-09-27T13:54:34.238+02:00;8494.974799;;;12.09
2026-09-27T13:54:34.267+02:00;8495.003808;;100.063;
2026-09-27T13:54:34.269+02:00;8495.005787;10.031;;
2026-09-27T13:54:37.650+02:00;8498.386402;;;12.08
2026-09-27T13:54:37.679+02:00;8498.415543;;100.061;
2026-09-27T13:54:37.681+02:00;8498.417663;10.029;;
2026-09-27T13:54:41.061+02:00;8501.798171;;;12.09
2026-09-27T13:54:41.091+02:00;8501.827316;;100.062;
2026-09-27T13:54:41.093+02:00;8501.829287;10.028;;
2026-09-27T13:54:44.474+02:00;8505.210933;;;12.09
2026-09-27T13:54:44.503+02:00;8505.240149;;100.062;
2026-09-27T13:54:44.510+02:00;8505.246276;10.028;;
2026-09-27T13:54:47.885+02:00;8508.621716;;;12.09
2026-09-27T13:54:47.914+02:00;8508.650827;;100.061;
2026-09-27T13:54:47.916+02:00;8508.652680;10.03;;
2026-09-27T13:54:51.297+02:00;8512.033324;;;12.08
2026-09-27T13:54:51.326+02:00;8512.062458;;100.062;
2026-09-27T13:54:51.328+02:00;8512.064424;10.029;;
2026-09-27T13:54:54.708+02:00;8515.445083;;;12.1
2026-09-27T13:54:54.738+02:00;8515.474235;;100.061;
2026-09-27T13:54:54.739+02:00;8515.476096;10.029;;
2026-09-27T13:54:58.120+02:00;8518.856847;;;12.1
2026-09-27T13:54:58.149+02:00;8518.885862;;100.062;
2026-09-27T13:54:58.151+02:00;8518.887836;10.029;;
2026-09-27T13:55:01.532+02:00;8522.268487;;;12.08
2026-09-27T13:55:01.561+02:00;8522.297661;;100.063;
2026-09-27T13:55:01.563+02:00;8522.299750;10.03;;
2026-09-27T13:55:04.944+02:00;8525.680248;;;12.08
2026-09-27T13:55:04.973+02:00;8525.709395;;100.062;
2026-09-27T13:55:04.975+02:00;8525.711371;10.03;;
2026-09-27T13:55:08.355+02:00;8529.092012;;;12.09
2026-09-27T13:55:08.384+02:00;8529.121142;;100.062;
2026-09-27T13:55:08.386+02:00;8529.123116;10.03;;
2026-09-27T13:55:11.767+02:00;8532.503681;;;12.1
2026-09-27T13:55:11.796+02:00;8532.532786;;100.063;
2026-09-27T13:55:11.798+02:00;8532.534776;10.031;;
2026-09-27T13:55:15.179+02:00;8535.915412;;;12.09
2026-09-27T13:55:15.208+02:00;8535.944550;;100.062;
2026-09-27T13:55:15.210+02:00;8535.946638;10.031;;
2026-09-27T13:55:18.590+02:00;8539.327156;;;12.09
2026-09-27T13:55:18.620+02:00;8539.356297;;100.061;
2026-09-27T13:55:18.622+02:00;8539.358265;10.031;;
2026-09-27T13:55:22.002+02:00;8542.738925;;;12.09
2026-09-27T13:55:22.031+02:00;8542.768069;;100.062;
2026-09-27T13:55:22.033+02:00;8542.769899;10.03;;
2026-09-27T13:55:25.741+02:00;8546.477930;;;12.08
2026-09-27T13:55:25.770+02:00;8546.507067;;100.062;
2026-09-27T13:55:25.773+02:00;8546.509550;10.031;;
2026-09-27T13:55:29.153+02:00;8549.889494;;;12.08
2026-09-27T13:55:29.182+02:00;8549.918836;;100.062;
2026-09-27T13:55:29.184+02:00;8549.920931;10.031;;
2026-09-27T13:55:32.565+02:00;8553.301336;;;12.09
2026-09-27T13:55:32.594+02:00;8553.330472;;100.063;
2026-09-27T13:55:32.596+02:00;8553.332444;10.031;;
2026-09-27T13:55:36.545+02:00;8557.282196;;;12.06
2026-09-27T13:55:36.575+02:00;8557.311225;;100.062;
2026-09-27T13:55:36.577+02:00;8557.313233;10.031;;
2026-09-27T13:55:39.948+02:00;8560.684880;;;12.09
2026-09-27T13:55:39.985+02:00;8560.721810;10.031;100.062;
2026-09-27T13:55:43.360+02:00;8564.096732;;;12.09
2026-09-27T13:55:43.389+02:00;8564.125766;;100.062;
2026-09-27T13:55:43.391+02:00;8564.127879;10.031;;
2026-09-27T13:55:46.772+02:00;8567.508421;;;12.08
2026-09-27T13:55:46.801+02:00;8567.537595;;100.062;
2026-09-27T13:55:46.803+02:00;8567.539491;10.031;;
2026-09-27T13:55:50.183+02:00;8570.920065;;;12.06
2026-09-27T13:55:50.213+02:00;8570.949400;;100.062;
2026-09-27T13:55:50.215+02:00;8570.951280;10.031;;
2026-09-27T13:55:53.595+02:00;8574.331869;;;12.07
2026-09-27T13:55:53.629+02:00;8574.365613;10.031;100.061;
2026-09-27T13:55:57.007+02:00;8577.743530;;;12.09
2026-09-27T13:55:57.036+02:00;8577.772690;;100.063;
2026-09-27T13:55:57.038+02:00;8577.774662;10.033;;
2026-09-27T13:56:00.419+02:00;8581.155284;;;12.08
2026-09-27T13:56:00.448+02:00;8581.184412;;100.063;
2026-09-27T13:56:00.450+02:00;8581.186409;10.033;;
2026-09-27T13:56:03.830+02:00;8584.567043;;;12.07
2026-09-27T13:56:03.859+02:00;8584.596196;;100.062;
2026-09-27T13:56:03.861+02:00;8584.598179;10.031;;
2026-09-27T13:56:07.242+02:00;8587.978824;;;12.07
2026-09-27T13:56:07.281+02:00;8588.018174;10.032;100.062;
2026-09-27T13:56:10.654+02:00;8591.390605;;;12.07
2026-09-27T13:56:10.683+02:00;8591.419721;;100.062;
2026-09-27T13:56:10.685+02:00;8591.421687;10.032;;
2026-09-27T13:56:14.065+02:00;8594.802195;;;12.08
2026-09-27T13:56:14.095+02:00;8594.831738;;100.062;
2026-09-27T13:56:14.101+02:00;8594.837955;10.031;;
2026-09-27T13:56:17.477+02:00;8598.213919;;;12.09
2026-09-27T13:56:17.506+02:00;8598.243118;;100.063;
2026-09-27T13:56:17.508+02:00;8598.245088;10.031;;
2026-09-27T13:56:20.889+02:00;8601.625649;;;12.07
2026-09-27T13:56:20.918+02:00;8601.654748;;100.062;
2026-09-27T13:56:20.920+02:00;8601.656712;10.031;;
2026-09-27T13:56:24.301+02:00;8605.037366;;;12.06
2026-09-27T13:56:24.330+02:00;8605.066530;;100.062;
2026-09-27T13:56:24.332+02:00;8605.068477;10.031;;
2026-09-27T13:56:27.712+02:00;8608.449135;;;12.07
2026-09-27T13:56:27.742+02:00;8608.478283;;100.062;
2026-09-27T13:56:27.744+02:00;8608.480228;10.031;;
2026-09-27T13:56:31.124+02:00;8611.860887;;;12.07
2026-09-27T13:56:31.154+02:00;8611.890256;;100.063;
2026-09-27T13:56:31.166+02:00;8611.902468;10.031;;
2026-09-27T13:56:34.536+02:00;8615.272545;;;12.08
2026-09-27T13:56:34.565+02:00;8615.301715;;100.062;
2026-09-27T13:56:34.567+02:00;8615.303670;10.032;;
2026-09-27T13:56:37.948+02:00;8618.684289;;;12.09
2026-09-27T13:56:37.977+02:00;8618.713551;;100.062;
2026-09-27T13:56:37.986+02:00;8618.722509;10.031;;
2026-09-27T13:56:41.359+02:00;8622.095940;;;12.09
2026-09-27T13:56:41.388+02:00;8622.125075;;100.062;
2026-09-27T13:56:41.390+02:00;8622.127048;10.032;;
2026-09-27T13:56:44.771+02:00;8625.507820;;;12.09
2026-09-27T13:56:44.800+02:00;8625.536836;;100.062;
2026-09-27T13:56:44.802+02:00;8625.538797;10.031;;
2026-09-27T13:56:48.183+02:00;8628.919437;;;12.08
2026-09-27T13:56:48.224+02:00;8628.960608;10.032;100.062;
2026-09-27T13:56:51.595+02:00;8632.331253;;;12.09
2026-09-27T13:56:51.624+02:00;8632.360232;;100.062;
2026-09-27T13:56:51.625+02:00;8632.362192;10.031;;
2026-09-27T13:56:55.006+02:00;8635.742853;;;12.09
2026-09-27T13:56:55.035+02:00;8635.772003;;100.061;
2026-09-27T13:56:55.037+02:00;8635.774080;10.033;;
2026-09-27T13:56:58.418+02:00;8639.154552;;;12.09
2026-09-27T13:56:58.458+02:00;8639.195049;10.032;100.062;
2026-09-27T13:57:01.831+02:00;8642.567259;;;12.09
2026-09-27T13:57:01.860+02:00;8642.596399;;100.062;
2026-09-27T13:57:01.862+02:00;8642.598355;10.031;;
2026-09-27T13:57:05.241+02:00;8645.978029;;;12.08
2026-09-27T13:57:05.270+02:00;8646.007166;;100.062;
2026-09-27T13:57:05.272+02:00;8646.009141;10.032;;
2026-09-27T13:57:08.653+02:00;8649.389662;;;12.08
2026-09-27T13:57:08.682+02:00;8649.418804;;100.062;
2026-09-27T13:57:08.684+02:00;8649.420753;10.034;;
2026-09-27T13:57:12.065+02:00;8652.801350;;;12.09
2026-09-27T13:57:12.107+02:00;8652.843375;10.033;100.061;
2026-09-27T13:57:15.476+02:00;8656.213168;;;12.09
2026-09-27T13:57:15.506+02:00;8656.242302;;100.062;
2026-09-27T13:57:15.507+02:00;8656.244174;10.034;;
2026-09-27T13:57:18.888+02:00;8659.624931;;;12.08
2026-09-27T13:57:18.917+02:00;8659.653946;;100.062;
2026-09-27T13:57:18.919+02:00;8659.655927;10.035;;
2026-09-27T13:57:22.300+02:00;8663.036620;;;12.08
2026-09-27T13:57:22.329+02:00;8663.065729;;100.062;
2026-09-27T13:57:22.331+02:00;8663.067691;10.034;;
2026-09-27T13:57:25.712+02:00;8666.448343;;;12.08
2026-09-27T13:57:25.741+02:00;8666.477507;;100.061;
2026-09-27T13:57:25.743+02:00;8666.479536;10.035;;
2026-09-27T13:57:29.123+02:00;8669.859968;;;12.09
2026-09-27T13:57:29.152+02:00;8669.889123;;100.062;
2026-09-27T13:57:29.155+02:00;8669.891216;10.034;;
2026-09-27T13:57:32.535+02:00;8673.271768;;;12.09
2026-09-27T13:57:32.564+02:00;8673.300878;;100.063;
2026-09-27T13:57:32.566+02:00;8673.302837;10.036;;
2026-09-27T13:57:35.947+02:00;8676.683515;;;12.1
2026-09-27T13:57:35.976+02:00;8676.712671;;100.062;
2026-09-27T13:57:35.978+02:00;8676.714620;10.037;;
2026-09-27T13:57:39.358+02:00;8680.095121;;;12.1
2026-09-27T13:57:39.388+02:00;8680.124325;;100.062;
2026-09-27T13:57:39.390+02:00;8680.126265;10.036;;
2026-09-27T13:57:42.770+02:00;8683.506890;;;12.11
2026-09-27T13:57:42.799+02:00;8683.536043;;100.062;
2026-09-27T13:57:42.801+02:00;8683.538002;10.038;;
2026-09-27T13:57:46.182+02:00;8686.918663;;;12.11
2026-09-27T13:57:46.213+02:00;8686.950080;;100.062;
2026-09-27T13:57:46.217+02:00;8686.953361;10.038;;
2026-09-27T13:57:49.594+02:00;8690.330408;;;12.09
2026-09-27T13:57:49.623+02:00;8690.359619;;100.062;
2026-09-27T13:57:49.625+02:00;8690.361389;10.04;;
2026-09-27T13:57:53.006+02:00;8693.743061;;;12.1
2026-09-27T13:57:53.036+02:00;8693.772219;;100.062;
2026-09-27T13:57:53.038+02:00;8693.774316;10.043;;
2026-09-27T13:57:56.417+02:00;8697.153835;;;12.11
2026-09-27T13:57:56.446+02:00;8697.182977;;100.062;
2026-09-27T13:57:56.448+02:00;8697.184953;10.042;;
2026-09-27T13:57:59.829+02:00;8700.565623;;;12.09
2026-09-27T13:57:59.858+02:00;8700.594805;;100.062;
2026-09-27T13:57:59.860+02:00;8700.596700;10.04;;
2026-09-27T13:58:03.240+02:00;8703.977155;;;12.09
2026-09-27T13:58:03.270+02:00;8704.006491;;100.062;
2026-09-27T13:58:03.273+02:00;8704.010053;10.043;;
2026-09-27T13:58:06.652+02:00;8707.388946;;;12.09
2026-09-27T13:58:06.690+02:00;8707.426617;10.045;100.061;
2026-09-27T13:58:10.064+02:00;8710.800766;;;12.08
2026-09-27T13:58:10.093+02:00;8710.829938;;100.063;
2026-09-27T13:58:10.095+02:00;8710.831919;10.042;;
2026-09-27T13:58:13.476+02:00;8714.212505;;;12.09
2026-09-27T13:58:13.505+02:00;8714.241515;;100.061;
2026-09-27T13:58:13.507+02:00;8714.243497;10.045;;
2026-09-27T13:58:16.887+02:00;8717.624159;;;12.1
2026-09-27T13:58:16.917+02:00;8717.653294;;100.062;
2026-09-27T13:58:16.919+02:00;8717.655385;10.046;;
2026-09-27T13:58:20.299+02:00;8721.035931;;;12.09
2026-09-27T13:58:20.328+02:00;8721.065077;;100.063;
2026-09-27T13:58:20.330+02:00;8721.067040;10.045;;
2026-09-27T13:58:23.711+02:00;8724.447714;;;12.1
2026-09-27T13:58:23.740+02:00;8724.476840;;100.062;
2026-09-27T13:58:23.742+02:00;8724.478803;10.042;;
2026-09-27T13:58:27.124+02:00;8727.860447;;;12.09
2026-09-27T13:58:27.153+02:00;8727.889612;;100.062;
2026-09-27T13:58:27.155+02:00;8727.891544;10.043;;
2026-09-27T13:58:30.534+02:00;8731.271091;;;12.1
2026-09-27T13:58:30.564+02:00;8731.300234;;100.062;
2026-09-27T13:58:30.565+02:00;8731.302184;10.04;;
2026-09-27T13:58:33.946+02:00;8734.682774;;;12.09
2026-09-27T13:58:33.977+02:00;8734.713338;;100.062;
2026-09-27T13:58:33.980+02:00;8734.716962;10.04;;
2026-09-27T13:58:37.358+02:00;8738.094635;;;12.09
2026-09-27T13:58:37.387+02:00;8738.123765;;100.061;
2026-09-27T13:58:37.389+02:00;8738.125724;10.037;;
2026-09-27T13:58:40.770+02:00;8741.506382;;;12.09
2026-09-27T13:58:40.806+02:00;8741.543173;10.041;100.061;
2026-09-27T13:58:44.181+02:00;8744.918140;;;12.09
2026-09-27T13:58:44.210+02:00;8744.947155;;100.062;
2026-09-27T13:58:44.212+02:00;8744.949126;10.042;;
2026-09-27T13:58:47.593+02:00;8748.329789;;;12.11
2026-09-27T13:58:47.622+02:00;8748.358922;;100.062;
2026-09-27T13:58:47.625+02:00;8748.361458;10.041;;
2026-09-27T13:58:51.005+02:00;8751.741534;;;12.11
2026-09-27T13:58:51.034+02:00;8751.770696;;100.062;
2026-09-27T13:58:51.036+02:00;8751.772673;10.042;;
2026-09-27T13:58:54.417+02:00;8755.153325;;;12.11
2026-09-27T13:58:54.446+02:00;8755.182467;;100.061;
2026-09-27T13:58:54.448+02:00;8755.184535;10.045;;
2026-09-27T13:58:57.828+02:00;8758.565077;;;12.09
2026-09-27T13:58:57.858+02:00;8758.594209;;100.061;
2026-09-27T13:58:57.859+02:00;8758.596190;10.045;;
2026-09-27T13:59:01.240+02:00;8761.976859;;;12.09
2026-09-27T13:59:01.269+02:00;8762.005987;;100.062;
2026-09-27T13:59:01.271+02:00;8762.007835;10.046;;
2026-09-27T13:59:04.652+02:00;8765.388488;;;12.07
2026-09-27T13:59:04.681+02:00;8765.417651;;100.062;
2026-09-27T13:59:04.683+02:00;8765.419608;10.046;;
2026-09-27T13:59:08.064+02:00;8768.800226;;;12.08
2026-09-27T13:59:08.093+02:00;8768.829365;;100.062;
2026-09-27T13:59:08.095+02:00;8768.831340;10.047;;
2026-09-27T13:59:11.475+02:00;8772.211992;;;12.09
2026-09-27T13:59:11.504+02:00;8772.241124;;100.062;
2026-09-27T13:59:11.506+02:00;8772.243122;10.046;;
2026-09-27T13:59:14.887+02:00;8775.623791;;;12.08
2026-09-27T13:59:14.916+02:00;8775.652917;;100.062;
2026-09-27T13:59:14.918+02:00;8775.654889;10.046;;
2026-09-27T13:59:18.299+02:00;8779.035533;;;12.09
2026-09-27T13:59:18.328+02:00;8779.064584;;100.062;
2026-09-27T13:59:18.342+02:00;8779.078714;10.046;;
2026-09-27T13:59:21.710+02:00;8782.447176;;;12.09
2026-09-27T13:59:21.740+02:00;8782.476329;;100.062;
2026-09-27T13:59:21.742+02:00;8782.478293;10.047;;
2026-09-27T13:59:25.122+02:00;8785.858955;;;12.1
2026-09-27T13:59:25.151+02:00;8785.888082;;100.062;
2026-09-27T13:59:25.153+02:00;8785.890069;10.046;;
2026-09-27T13:59:28.534+02:00;8789.270828;;;12.08
2026-09-27T13:59:28.563+02:00;8789.299827;;100.062;
2026-09-27T13:59:28.565+02:00;8789.301794;10.047;;
2026-09-27T13:59:31.946+02:00;8792.682456;;;12.09
2026-09-27T13:59:31.975+02:00;8792.711699;;100.062;
2026-09-27T13:59:31.977+02:00;8792.713808;10.047;;
2026-09-27T13:59:35.357+02:00;8796.094187;;;12.11
2026-09-27T13:59:35.387+02:00;8796.123760;;100.062;
2026-09-27T13:59:35.400+02:00;8796.136367;10.047;;
2026-09-27T13:59:38.769+02:00;8799.505958;;;12.09
2026-09-27T13:59:38.798+02:00;8799.535139;;100.062;
2026-09-27T13:59:38.800+02:00;8799.537104;10.047;;
2026-09-27T13:59:42.181+02:00;8802.917656;;;12.09
2026-09-27T13:59:42.210+02:00;8802.946758;;100.062;
2026-09-27T13:59:42.212+02:00;8802.948728;10.047;;
2026-09-27T13:59:45.593+02:00;8806.329354;;;12.09
2026-09-27T13:59:45.633+02:00;8806.369599;10.047;100.062;
2026-09-27T13:59:49.004+02:00;8809.741128;;;12.1
2026-09-27T13:59:49.034+02:00;8809.770316;;100.062;
2026-09-27T13:59:49.036+02:00;8809.772272;10.047;;
2026-09-27T13:59:52.416+02:00;8813.152908;;;12.09
2026-09-27T13:59:52.445+02:00;8813.182052;;100.062;
2026-09-27T13:59:52.447+02:00;8813.184026;10.048;;
2026-09-27T13:59:55.828+02:00;8816.564709;;;12.09
2026-09-27T13:59:55.857+02:00;8816.593902;;100.062;
2026-09-27T13:59:55.865+02:00;8816.602105;10.048;;
2026-09-27T13:59:59.240+02:00;8819.976326;;;12.08
2026-09-27T13:59:59.269+02:00;8820.005485;;100.062;
2026-09-27T13:59:59.271+02:00;8820.007434;10.05;;
2026-09-27T14:00:02.651+02:00;8823.388092;;;12.09
2026-09-27T14:00:02.681+02:00;8823.417230;;100.061;
2026-09-27T14:00:02.683+02:00;8823.419219;10.049;;
2026-09-27T14:00:06.063+02:00;8826.799812;;;12.08
2026-09-27T14:00:06.098+02:00;8826.834608;10.047;100.061;
2026-09-27T14:00:09.475+02:00;8830.211531;;;12.09
2026-09-27T14:00:09.504+02:00;8830.240849;;100.062;
2026-09-27T14:00:09.506+02:00;8830.242680;10.048;;
2026-09-27T14:00:12.887+02:00;8833.623257;;;12.09
2026-09-27T14:00:12.916+02:00;8833.652409;;100.061;
2026-09-27T14:00:12.918+02:00;8833.654347;10.05;;
2026-09-27T14:00:16.298+02:00;8837.035020;;;12.09
2026-09-27T14:00:16.327+02:00;8837.064154;;100.062;
2026-09-27T14:00:16.329+02:00;8837.066124;10.048;;
2026-09-27T14:00:19.710+02:00;8840.446660;;;12.08
2026-09-27T14:00:19.740+02:00;8840.476255;;100.062;
2026-09-27T14:00:19.741+02:00;8840.478016;10.05;;
2026-09-27T14:00:23.122+02:00;8843.858452;;;12.08
2026-09-27T14:00:23.151+02:00;8843.887715;;100.062;
2026-09-27T14:00:23.153+02:00;8843.889531;10.048;;
2026-09-27T14:00:26.534+02:00;8847.270204;;;12.08
2026-09-27T14:00:26.563+02:00;8847.299211;;100.061;
2026-09-27T14:00:26.564+02:00;8847.301179;10.05;;
2026-09-27T14:00:29.945+02:00;8850.681837;;;12.07
2026-09-27T14:00:29.974+02:00;8850.711036;;100.062;
2026-09-27T14:00:29.976+02:00;8850.712959;10.052;;
2026-09-27T14:00:33.357+02:00;8854.093626;;;12.07
2026-09-27T14:00:33.386+02:00;8854.122747;;100.061;
2026-09-27T14:00:33.388+02:00;8854.124698;10.052;;
2026-09-27T14:00:36.769+02:00;8857.505288;;;12.08
2026-09-27T14:00:36.806+02:00;8857.543093;10.053;100.062;
2026-09-27T14:00:40.180+02:00;8860.917130;;;12.08
2026-09-27T14:00:40.210+02:00;8860.946268;;100.061;
2026-09-27T14:00:40.212+02:00;8860.948255;10.051;;
2026-09-27T14:00:43.593+02:00;8864.329883;;;12.08
2026-09-27T14:00:43.622+02:00;8864.359051;;100.062;
2026-09-27T14:00:43.624+02:00;8864.361004;10.054;;
2026-09-27T14:00:47.004+02:00;8867.740475;;;12.09
2026-09-27T14:00:47.033+02:00;8867.769871;;100.062;
2026-09-27T14:00:47.035+02:00;8867.771925;10.053;;
2026-09-27T14:00:50.416+02:00;8871.152281;;;12.09
2026-09-27T14:00:50.445+02:00;8871.181435;;100.061;
2026-09-27T14:00:50.447+02:00;8871.183417;10.052;;
2026-09-27T14:00:53.827+02:00;8874.564053;;;12.08
2026-09-27T14:00:53.857+02:00;8874.593231;;100.062;
2026-09-27T14:00:53.858+02:00;8874.595057;10.049;;
2026-09-27T14:00:57.239+02:00;8877.975690;;;12.09
2026-09-27T14:00:57.269+02:00;8878.005720;;100.062;
2026-09-27T14:00:57.270+02:00;8878.006945;10.052;;
2026-09-27T14:01:00.651+02:00;8881.387643;;;12.09
2026-09-27T14:01:00.680+02:00;8881.416623;;100.063;
2026-09-27T14:01:00.682+02:00;8881.418599;10.051;;
2026-09-27T14:01:04.063+02:00;8884.799241;;;12.09
2026-09-27T14:01:04.092+02:00;8884.828392;;100.062;
2026-09-27T14:01:04.094+02:00;8884.830351;10.05;;
2026-09-27T14:01:07.474+02:00;8888.210839;;;12.09
2026-09-27T14:01:07.505+02:00;8888.241914;;100.062;
2026-09-27T14:01:07.508+02:00;8888.245012;10.047;;
2026-09-27T14:01:10.886+02:00;8891.622671;;;12.1
2026-09-27T14:01:10.915+02:00;8891.651827;;100.062;
2026-09-27T14:01:10.917+02:00;8891.653749;10.048;;
2026-09-27T14:01:14.298+02:00;8895.034414;;;12.11
2026-09-27T14:01:14.327+02:00;8895.063595;;100.062;
2026-09-27T14:01:14.329+02:00;8895.065497;10.05;;
2026-09-27T14:01:17.710+02:00;8898.447159;;;12.12
2026-09-27T14:01:17.740+02:00;8898.476679;;100.062;
2026-09-27T14:01:17.749+02:00;8898.485507;10.049;;
2026-09-27T14:01:21.121+02:00;8901.857743;;;12.1
2026-09-27T14:01:21.151+02:00;8901.887994;;100.062;
2026-09-27T14:01:21.152+02:00;8901.888953;10.05;;
2026-09-27T14:01:24.533+02:00;8905.269626;;;12.09
2026-09-27T14:01:24.562+02:00;8905.298747;;100.062;
2026-09-27T14:01:24.564+02:00;8905.300708;10.05;;
2026-09-27T14:01:27.945+02:00;8908.681314;;;12.1
2026-09-27T14:01:27.974+02:00;8908.710364;;100.062;
2026-09-27T14:01:27.976+02:00;8908.712326;10.052;;
2026-09-27T14:01:31.356+02:00;8912.092926;;;12.12
2026-09-27T14:01:31.386+02:00;8912.122234;;100.062;
2026-09-27T14:01:31.388+02:00;8912.124387;10.058;;
2026-09-27T14:01:34.768+02:00;8915.504781;;;12.11
2026-09-27T14:01:34.797+02:00;8915.533943;;100.062;
2026-09-27T14:01:34.799+02:00;8915.535865;10.055;;
2026-09-27T14:01:38.180+02:00;8918.916505;;;12.12
2026-09-27T14:01:38.209+02:00;8918.945677;;100.062;
2026-09-27T14:01:38.211+02:00;8918.947635;10.058;;
2026-09-27T14:01:41.592+02:00;8922.328273;;;12.11
2026-09-27T14:01:41.626+02:00;8922.362804;10.057;100.061;
2026-09-27T14:01:45.353+02:00;8926.089333;;;12.11
2026-09-27T14:01:45.382+02:00;8926.118593;;100.062;
2026-09-27T14:01:45.384+02:00;8926.120530;10.059;;
2026-09-27T14:01:48.764+02:00;8929.501174;;;12.1
2026-09-27T14:01:48.794+02:00;8929.530522;;100.062;
2026-09-27T14:01:48.796+02:00;8929.532446;10.06;;
2026-09-27T14:01:52.176+02:00;8932.912950;;;12.1
2026-09-27T14:01:52.205+02:00;8932.942157;;100.062;
2026-09-27T14:01:52.207+02:00;8932.944077;10.058;;
2026-09-27T14:01:55.588+02:00;8936.324733;;;12.12
2026-09-27T14:01:55.617+02:00;8936.353856;;100.061;
2026-09-27T14:01:55.619+02:00;8936.355835;10.059;;
2026-09-27T14:01:59.000+02:00;8939.736455;;;12.12
2026-09-27T14:01:59.029+02:00;8939.765810;;100.062;
2026-09-27T14:01:59.031+02:00;8939.767667;10.058;;
2026-09-27T14:02:02.412+02:00;8943.148249;;;12.12
2026-09-27T14:02:02.441+02:00;8943.177331;;100.062;
2026-09-27T14:02:02.443+02:00;8943.179358;10.06;;
2026-09-27T14:02:05.823+02:00;8946.559880;;;12.12
2026-09-27T14:02:05.852+02:00;8946.589032;;100.061;
2026-09-27T14:02:05.854+02:00;8946.590992;10.062;;
2026-09-27T14:02:09.235+02:00;8949.971649;;;12.13
2026-09-27T14:02:09.264+02:00;8950.000922;;100.062;
2026-09-27T14:02:09.267+02:00;8950.003342;10.06;;
2026-09-27T14:02:12.647+02:00;8953.383292;;;12.12
2026-09-27T14:02:12.676+02:00;8953.412444;;100.062;
2026-09-27T14:02:12.678+02:00;8953.414401;10.061;;
2026-09-27T14:02:16.058+02:00;8956.795180;;;12.12
2026-09-27T14:02:16.087+02:00;8956.824186;;100.062;
2026-09-27T14:02:16.089+02:00;8956.826165;10.061;;
2026-09-27T14:02:19.470+02:00;8960.206809;;;12.12
2026-09-27T14:02:19.506+02:00;8960.242295;10.063;100.061;
2026-09-27T14:02:22.884+02:00;8963.620260;;;12.13
2026-09-27T14:02:22.912+02:00;8963.648840;;100.061;
2026-09-27T14:02:22.914+02:00;8963.650709;10.063;;
2026-09-27T14:02:26.294+02:00;8967.030355;;;12.13
2026-09-27T14:02:26.323+02:00;8967.059505;;100.062;
2026-09-27T14:02:26.325+02:00;8967.061450;10.063;;
2026-09-27T14:02:29.705+02:00;8970.442135;;;12.12
2026-09-27T14:02:29.735+02:00;8970.471283;;100.062;
2026-09-27T14:02:29.737+02:00;8970.473258;10.063;;
2026-09-27T14:02:33.117+02:00;8973.854024;;;12.12
2026-09-27T14:02:33.146+02:00;8973.883035;;100.061;
2026-09-27T14:02:33.148+02:00;8973.884897;10.063;;
2026-09-27T14:02:36.529+02:00;8977.265625;;;12.12
2026-09-27T14:02:36.558+02:00;8977.294949;;100.061;
2026-09-27T14:02:36.561+02:00;8977.297713;10.063;;
2026-09-27T14:02:39.942+02:00;8980.678423;;;12.12
2026-09-27T14:02:39.971+02:00;8980.707458;;100.062;
2026-09-27T14:02:39.973+02:00;8980.709550;10.063;;
2026-09-27T14:02:43.352+02:00;8984.089132;;;12.12
2026-09-27T14:02:43.383+02:00;8984.120143;10.063;100.063;
2026-09-27T14:02:46.764+02:00;8987.500889;;;12.14
2026-09-27T14:02:46.793+02:00;8987.530018;;100.062;
2026-09-27T14:02:46.795+02:00;8987.531945;10.063;;
2026-09-27T14:02:50.176+02:00;8990.912743;;;12.13
2026-09-27T14:02:50.205+02:00;8990.941747;;100.063;
2026-09-27T14:02:50.207+02:00;8990.944188;10.063;;
2026-09-27T14:02:53.588+02:00;8994.324281;;;12.12
2026-09-27T14:02:53.617+02:00;8994.353665;;100.062;
2026-09-27T14:02:53.619+02:00;8994.355667;10.063;;
2026-09-27T14:02:57.000+02:00;8997.737130;;;12.14
2026-09-27T14:02:57.030+02:00;8997.766285;;100.062;
2026-09-27T14:02:57.032+02:00;8997.768256;10.063;;
2026-09-27T14:03:00.411+02:00;9001.147897;;;12.13
2026-09-27T14:03:00.440+02:00;9001.177041;;100.062;
2026-09-27T14:03:00.442+02:00;9001.178885;10.063;;
2026-09-27T14:03:03.823+02:00;9004.559491;;;12.13
2026-09-27T14:03:03.852+02:00;9004.588926;;100.061;
2026-09-27T14:03:03.854+02:00;9004.590832;10.063;;
2026-09-27T14:03:07.235+02:00;9007.971397;;;12.15
2026-09-27T14:03:07.264+02:00;9008.000504;;100.062;
2026-09-27T14:03:07.266+02:00;9008.002394;10.063;;
2026-09-27T14:03:10.646+02:00;9011.383083;;;12.13
2026-09-27T14:03:10.676+02:00;9011.412216;;100.061;
2026-09-27T14:03:10.677+02:00;9011.414188;10.063;;
2026-09-27T14:03:14.059+02:00;9014.795812;;;12.13
2026-09-27T14:03:14.093+02:00;9014.830125;;100.061;
2026-09-27T14:03:14.095+02:00;9014.831531;10.063;;
2026-09-27T14:03:17.470+02:00;9018.206896;;;12.12
2026-09-27T14:03:17.499+02:00;9018.235910;;100.062;
2026-09-27T14:03:17.501+02:00;9018.237716;10.063;;
2026-09-27T14:03:20.882+02:00;9021.618246;;;12.13
2026-09-27T14:03:20.911+02:00;9021.647395;;100.062;
2026-09-27T14:03:20.913+02:00;9021.649345;10.063;;
2026-09-27T14:03:24.293+02:00;9025.030016;;;12.13
2026-09-27T14:03:24.328+02:00;9025.064702;10.063;100.061;
2026-09-27T14:03:27.705+02:00;9028.441809;;;12.12
2026-09-27T14:03:27.738+02:00;9028.474522;10.063;100.062;
2026-09-27T14:03:31.675+02:00;9032.411970;;;12.1
2026-09-27T14:03:31.704+02:00;9032.441198;;100.062;
2026-09-27T14:03:31.707+02:00;9032.443399;10.063;;
2026-09-27T14:03:35.078+02:00;9035.814719;;;12.14
2026-09-27T14:03:35.107+02:00;9035.843910;;100.062;
2026-09-27T14:03:35.109+02:00;9035.845814;10.063;;
2026-09-27T14:03:38.490+02:00;9039.226443;;;12.15
2026-09-27T14:03:38.519+02:00;9039.255639;;100.061;
2026-09-27T14:03:38.521+02:00;9039.257568;10.063;;
2026-09-27T14:03:41.902+02:00;9042.638210;;;12.14
2026-09-27T14:03:41.931+02:00;9042.667497;;100.062;
2026-09-27T14:03:41.941+02:00;9042.677599;10.063;;
2026-09-27T14:03:45.313+02:00;9046.049918;;;12.15
2026-09-27T14:03:45.343+02:00;9046.079236;;100.062;
2026-09-27T14:03:45.344+02:00;9046.081139;10.065;;
2026-09-27T14:03:48.725+02:00;9049.461785;;;12.13
2026-09-27T14:03:48.754+02:00;9049.490943;;100.062;
2026-09-27T14:03:48.756+02:00;9049.492865;10.064;;
2026-09-27T14:03:52.137+02:00;9052.873389;;;12.15
2026-09-27T14:03:52.166+02:00;9052.902593;;100.063;
2026-09-27T14:03:52.168+02:00;9052.904508;10.064;;
2026-09-27T14:03:55.548+02:00;9056.285097;;;12.14
2026-09-27T14:03:55.578+02:00;9056.314463;;100.062;
2026-09-27T14:03:55.581+02:00;9056.317302;10.064;;
2026-09-27T14:03:58.960+02:00;9059.697051;;;12.12
2026-09-27T14:03:58.989+02:00;9059.726074;;100.062;
2026-09-27T14:03:58.991+02:00;9059.728043;10.064;;
2026-09-27T14:04:02.372+02:00;9063.108724;;;12.13
2026-09-27T14:04:02.401+02:00;9063.137893;;100.062;
2026-09-27T14:04:02.403+02:00;9063.139945;10.066;;
2026-09-27T14:04:05.784+02:00;9066.520596;;;12.12
2026-09-27T14:04:05.813+02:00;9066.549760;;100.061;
2026-09-27T14:04:05.816+02:00;9066.553037;10.066;;
2026-09-27T14:04:09.525+02:00;9070.261650;;;12.12
2026-09-27T14:04:09.554+02:00;9070.290667;;100.062;
2026-09-27T14:04:09.556+02:00;9070.292639;10.069;;
2026-09-27T14:04:12.937+02:00;9073.673251;;;12.12
2026-09-27T14:04:12.973+02:00;9073.709900;10.072;100.062;
2026-09-27T14:04:16.348+02:00;9077.085016;;;12.12
2026-09-27T14:04:16.377+02:00;9077.114094;;100.063;
2026-09-27T14:04:16.379+02:00;9077.116024;10.073;;
2026-09-27T14:04:19.760+02:00;9080.496616;;;12.12
2026-09-27T14:04:19.790+02:00;9080.526860;;100.062;
2026-09-27T14:04:19.791+02:00;9080.527798;10.076;;
2026-09-27T14:04:23.172+02:00;9083.908426;;;12.12
2026-09-27T14:04:23.201+02:00;9083.937596;;100.061;
2026-09-27T14:04:23.203+02:00;9083.939542;10.077;;
2026-09-27T14:04:26.584+02:00;9087.320209;;;12.13
2026-09-27T14:04:26.613+02:00;9087.349329;;100.061;
2026-09-27T14:04:26.615+02:00;9087.351316;10.077;;
2026-09-27T14:04:29.995+02:00;9090.731954;;;12.13
2026-09-27T14:04:30.024+02:00;9090.761094;;100.062;
2026-09-27T14:04:30.026+02:00;9090.763074;10.079;;
2026-09-27T14:04:33.407+02:00;9094.143758;;;12.14
2026-09-27T14:04:33.436+02:00;9094.172868;;100.062;
2026-09-27T14:04:33.438+02:00;9094.174842;10.079;;
2026-09-27T14:04:36.819+02:00;9097.555388;;;12.14
2026-09-27T14:04:36.855+02:00;9097.591745;10.079;100.063;
2026-09-27T14:04:40.231+02:00;9100.967261;;;12.12
2026-09-27T14:04:40.260+02:00;9100.996346;;100.062;
2026-09-27T14:04:40.262+02:00;9100.998258;10.079;;
2026-09-27T14:04:43.642+02:00;9104.378890;;;12.12
2026-09-27T14:04:43.671+02:00;9104.408057;;100.062;
2026-09-27T14:04:43.673+02:00;9104.410145;10.079;;
2026-09-27T14:04:47.054+02:00;9107.790685;;;12.14
2026-09-27T14:04:47.090+02:00;9107.826281;10.079;100.062;
2026-09-27T14:04:50.466+02:00;9111.202305;;;12.13
2026-09-27T14:04:50.495+02:00;9111.231476;;100.062;
2026-09-27T14:04:50.497+02:00;9111.233416;10.079;;
2026-09-27T14:04:53.878+02:00;9114.615080;;;12.15
2026-09-27T14:04:53.908+02:00;9114.644221;;100.062;
2026-09-27T14:04:53.909+02:00;9114.646198;10.079;;
2026-09-27T14:04:57.289+02:00;9118.025831;;;12.16
2026-09-27T14:04:57.320+02:00;9118.056700;;100.062;
2026-09-27T14:04:57.320+02:00;9118.056957;10.079;;
2026-09-27T14:05:00.701+02:00;9121.437655;;;12.14
2026-09-27T14:05:00.730+02:00;9121.466784;;100.063;
2026-09-27T14:05:00.732+02:00;9121.468721;10.079;;
2026-09-27T14:05:04.113+02:00;9124.849365;;;12.13
2026-09-27T14:05:04.142+02:00;9124.878388;;100.063;
2026-09-27T14:05:04.144+02:00;9124.880349;10.079;;
2026-09-27T14:05:07.525+02:00;9128.261215;;;12.12
2026-09-27T14:05:07.554+02:00;9128.290318;;100.062;
2026-09-27T14:05:07.563+02:00;9128.299531;10.079;;
2026-09-27T14:05:10.936+02:00;9131.672898;;;12.13
2026-09-27T14:05:10.965+02:00;9131.702059;;100.062;
2026-09-27T14:05:10.967+02:00;9131.703921;10.079;;
2026-09-27T14:05:14.348+02:00;9135.084538;;;12.14
2026-09-27T14:05:14.377+02:00;9135.113720;;100.062;
2026-09-27T14:05:14.379+02:00;9135.115672;10.079;;
2026-09-27T14:05:17.760+02:00;9138.496320;;;12.13
2026-09-27T14:05:17.789+02:00;9138.525462;;100.062;
2026-09-27T14:05:17.791+02:00;9138.527418;10.079;;
2026-09-27T14:05:21.171+02:00;9141.907953;;;12.14
2026-09-27T14:05:21.205+02:00;9141.942104;10.079;100.062;
2026-09-27T14:05:24.583+02:00;9145.319744;;;12.13
2026-09-27T14:05:24.612+02:00;9145.348944;;100.062;
2026-09-27T14:05:24.614+02:00;9145.350837;10.079;;
2026-09-27T14:05:27.996+02:00;9148.732495;;;12.15
2026-09-27T14:05:28.025+02:00;9148.761662;;100.061;
2026-09-27T14:05:28.027+02:00;9148.763616;10.079;;
2026-09-27T14:05:31.407+02:00;9152.143296;;;12.14
2026-09-27T14:05:31.436+02:00;9152.172400;;100.061;
2026-09-27T14:05:31.438+02:00;9152.174389;10.079;;
2026-09-27T14:05:34.818+02:00;9155.554834;;;12.15
2026-09-27T14:05:34.847+02:00;9155.584152;;100.062;
2026-09-27T14:05:34.849+02:00;9155.586049;10.079;;
2026-09-27T14:05:38.230+02:00;9158.966734;;;12.16
2026-09-27T14:05:38.259+02:00;9158.995829;;100.062;
2026-09-27T14:05:38.261+02:00;9158.997824;10.08;;
2026-09-27T14:05:41.642+02:00;9162.378448;;;12.16
2026-09-27T14:05:41.671+02:00;9162.407617;;100.062;
2026-09-27T14:05:41.673+02:00;9162.409569;10.079;;
2026-09-27T14:05:45.053+02:00;9165.790120;;;12.14
2026-09-27T14:05:45.084+02:00;9165.821095;;100.062;
2026-09-27T14:05:45.085+02:00;9165.821391;10.079;;
2026-09-27T14:05:48.465+02:00;9169.201837;;;12.15
2026-09-27T14:05:48.494+02:00;9169.231068;;100.061;
2026-09-27T14:05:48.496+02:00;9169.232972;10.081;;
2026-09-27T14:05:51.877+02:00;9172.613664;;;12.16
2026-09-27T14:05:51.906+02:00;9172.642744;;100.062;
2026-09-27T14:05:51.908+02:00;9172.644737;10.081;;
2026-09-27T14:05:55.289+02:00;9176.025352;;;12.16
2026-09-27T14:05:55.323+02:00;9176.059249;;100.062;
2026-09-27T14:05:55.325+02:00;9176.061541;10.081;;
2026-09-27T14:05:58.700+02:00;9179.437028;;;12.16
2026-09-27T14:05:58.730+02:00;9179.466214;;100.062;
2026-09-27T14:05:58.731+02:00;9179.468150;10.083;;
2026-09-27T14:06:02.113+02:00;9182.849818;;;12.16
2026-09-27T14:06:02.142+02:00;9182.878936;;100.062;
2026-09-27T14:06:02.144+02:00;9182.880926;10.086;;
2026-09-27T14:06:05.524+02:00;9186.260600;;;12.15
2026-09-27T14:06:05.553+02:00;9186.289873;;100.061;
2026-09-27T14:06:05.565+02:00;9186.302146;10.085;;
2026-09-27T14:06:08.936+02:00;9189.672277;;;12.14
2026-09-27T14:06:08.966+02:00;9189.703095;;100.062;
2026-09-27T14:06:08.967+02:00;9189.703622;10.084;;
2026-09-27T14:06:12.347+02:00;9193.084099;;;12.15
2026-09-27T14:06:12.376+02:00;9193.113117;;100.061;
2026-09-27T14:06:12.378+02:00;9193.115093;10.09;;
2026-09-27T14:06:15.759+02:00;9196.495777;;;12.16
2026-09-27T14:06:15.788+02:00;9196.524907;;100.062;
2026-09-27T14:06:15.790+02:00;9196.526846;10.088;;
2026-09-27T14:06:19.172+02:00;9199.908437;;;12.16
2026-09-27T14:06:19.201+02:00;9199.938065;;100.062;
2026-09-27T14:06:19.203+02:00;9199.939902;10.092;;
2026-09-27T14:06:22.583+02:00;9203.319272;;;12.15
2026-09-27T14:06:22.612+02:00;9203.348436;;100.062;
2026-09-27T14:06:22.614+02:00;9203.350365;10.094;;
2026-09-27T14:06:25.994+02:00;9206.731052;;;12.16
2026-09-27T14:06:26.024+02:00;9206.760206;;100.062;
2026-09-27T14:06:26.025+02:00;9206.762163;10.088;;
2026-09-27T14:06:29.406+02:00;9210.142821;;;12.15
2026-09-27T14:06:29.440+02:00;9210.176959;10.087;100.061;
2026-09-27T14:06:32.818+02:00;9213.554386;;;12.15
2026-09-27T14:06:32.847+02:00;9213.583737;;100.062;
2026-09-27T14:06:32.849+02:00;9213.585743;10.086;;
2026-09-27T14:06:36.230+02:00;9216.966225;;;12.14
2026-09-27T14:06:36.259+02:00;9216.995383;;100.062;
2026-09-27T14:06:36.261+02:00;9216.997340;10.088;;
2026-09-27T14:06:40.072+02:00;9220.808861;;;12.16
2026-09-27T14:06:40.101+02:00;9220.838098;;100.062;
2026-09-27T14:06:40.103+02:00;9220.840133;10.088;;
2026-09-27T14:06:43.484+02:00;9224.220688;;;12.16
2026-09-27T14:06:43.513+02:00;9224.249790;;100.062;
2026-09-27T14:06:43.515+02:00;9224.251743;10.086;;
2026-09-27T14:06:46.896+02:00;9227.632418;;;12.16
2026-09-27T14:06:46.925+02:00;9227.661597;;100.061;
2026-09-27T14:06:46.927+02:00;9227.663513;10.088;;
2026-09-27T14:06:50.307+02:00;9231.044118;;;12.16
2026-09-27T14:06:50.337+02:00;9231.074020;;100.061;
2026-09-27T14:06:50.339+02:00;9231.075447;10.087;;
2026-09-27T14:06:53.719+02:00;9234.455936;;;12.16
2026-09-27T14:06:53.748+02:00;9234.485076;;100.061;
2026-09-27T14:06:53.750+02:00;9234.487001;10.084;;
2026-09-27T14:06:57.131+02:00;9237.867610;;;12.16
2026-09-27T14:06:57.160+02:00;9237.896736;;100.062;
2026-09-27T14:06:57.162+02:00;9237.898845;10.082;;
2026-09-27T14:07:00.543+02:00;9241.279341;;;12.19
2026-09-27T14:07:00.572+02:00;9241.308480;;100.062;
2026-09-27T14:07:00.574+02:00;9241.310458;10.084;;
2026-09-27T14:07:03.954+02:00;9244.691048;;;12.17
2026-09-27T14:07:03.984+02:00;9244.721097;;100.062;
2026-09-27T14:07:03.986+02:00;9244.722301;10.083;;
2026-09-27T14:07:07.366+02:00;9248.103003;;;12.16
2026-09-27T14:07:07.395+02:00;9248.132039;;100.062;
2026-09-27T14:07:07.397+02:00;9248.133990;10.083;;
2026-09-27T14:07:10.778+02:00;9251.514689;;;12.16
2026-09-27T14:07:10.807+02:00;9251.543808;;100.062;
2026-09-27T14:07:10.809+02:00;9251.545910;10.083;;
2026-09-27T14:07:14.521+02:00;9255.258043;;;12.16
2026-09-27T14:07:14.551+02:00;9255.287203;;100.062;
2026-09-27T14:07:14.553+02:00;9255.289214;10.083;;
2026-09-27T14:07:17.933+02:00;9258.669827;;;12.16
2026-09-27T14:07:17.962+02:00;9258.698962;;100.062;
2026-09-27T14:07:17.964+02:00;9258.700936;10.081;;
2026-09-27T14:07:21.345+02:00;9262.081615;;;12.16
2026-09-27T14:07:21.374+02:00;9262.110735;;100.061;
2026-09-27T14:07:21.377+02:00;9262.113238;10.084;;
2026-09-27T14:07:24.757+02:00;9265.493271;;;12.16
2026-09-27T14:07:24.786+02:00;9265.522636;;100.061;
2026-09-27T14:07:24.788+02:00;9265.524493;10.085;;
2026-09-27T14:07:28.168+02:00;9268.905128;;;12.16
2026-09-27T14:07:28.198+02:00;9268.934263;;100.062;
2026-09-27T14:07:28.200+02:00;9268.936241;10.086;;
2026-09-27T14:07:31.580+02:00;9272.316878;;;12.18
2026-09-27T14:07:31.609+02:00;9272.346021;;100.061;
2026-09-27T14:07:31.611+02:00;9272.347988;10.089;;
2026-09-27T14:07:34.992+02:00;9275.728457;;;12.18
2026-09-27T14:07:35.024+02:00;9275.760838;;100.062;
2026-09-27T14:07:35.025+02:00;9275.761216;10.089;;
2026-09-27T14:07:38.405+02:00;9279.141297;;;12.18
2026-09-27T14:07:38.434+02:00;9279.170510;;100.062;
2026-09-27T14:07:38.436+02:00;9279.172408;10.089;;
2026-09-27T14:07:42.327+02:00;9283.063303;;;12.16
2026-09-27T14:07:42.356+02:00;9283.092324;;100.061;
2026-09-27T14:07:42.358+02:00;9283.094296;10.089;;
2026-09-27T14:07:45.729+02:00;9286.466070;;;12.16
2026-09-27T14:07:45.760+02:00;9286.496434;;100.062;
2026-09-27T14:07:45.767+02:00;9286.503308;10.089;;
2026-09-27T14:07:49.141+02:00;9289.877856;;;12.18
2026-09-27T14:07:49.170+02:00;9289.907104;;100.061;
2026-09-27T14:07:49.172+02:00;9289.909102;10.092;;
2026-09-27T14:07:52.553+02:00;9293.289631;;;12.18
2026-09-27T14:07:52.582+02:00;9293.318675;;100.061;
2026-09-27T14:07:52.584+02:00;9293.320624;10.09;;
2026-09-27T14:07:55.965+02:00;9296.701373;;;12.18
2026-09-27T14:07:55.994+02:00;9296.730389;;100.062;
2026-09-27T14:07:55.996+02:00;9296.732356;10.09;;
2026-09-27T14:07:59.376+02:00;9300.113067;;;12.16
2026-09-27T14:07:59.407+02:00;9300.143669;;100.062;
2026-09-27T14:07:59.407+02:00;9300.144150;10.093;;
2026-09-27T14:08:02.788+02:00;9303.524901;;;12.16
2026-09-27T14:08:02.817+02:00;9303.554016;;100.061;
2026-09-27T14:08:02.819+02:00;9303.555926;10.094;;
2026-09-27T14:08:06.200+02:00;9306.936739;;;12.17
2026-09-27T14:08:06.229+02:00;9306.965726;;100.061;
2026-09-27T14:08:06.231+02:00;9306.967685;10.093;;
2026-09-27T14:08:09.612+02:00;9310.348312;;;12.16
2026-09-27T14:08:09.642+02:00;9310.378717;;100.062;
2026-09-27T14:08:09.643+02:00;9310.379623;10.093;;
2026-09-27T14:08:13.024+02:00;9313.760360;;;12.18
2026-09-27T14:08:13.053+02:00;9313.789365;;100.062;
2026-09-27T14:08:13.055+02:00;9313.791217;10.088;;
2026-09-27T14:08:16.435+02:00;9317.171882;;;12.16
2026-09-27T14:08:16.464+02:00;9317.201006;;100.061;
2026-09-27T14:08:16.466+02:00;9317.202979;10.09;;
2026-09-27T14:08:19.847+02:00;9320.583687;;;12.16
2026-09-27T14:08:19.876+02:00;9320.612855;;100.062;
2026-09-27T14:08:19.878+02:00;9320.614637;10.091;;
2026-09-27T14:08:23.259+02:00;9323.995383;;;12.16
2026-09-27T14:08:23.288+02:00;9324.024439;;100.062;
2026-09-27T14:08:23.290+02:00;9324.026379;10.092;;
2026-09-27T14:08:26.670+02:00;9327.407053;;;12.17
2026-09-27T14:08:26.700+02:00;9327.436610;;100.061;
2026-09-27T14:08:26.707+02:00;9327.443862;10.093;;
2026-09-27T14:08:30.082+02:00;9330.818816;;;12.16
2026-09-27T14:08:30.111+02:00;9330.847959;;100.062;
2026-09-27T14:08:30.113+02:00;9330.849933;10.092;;
2026-09-27T14:08:33.494+02:00;9334.230703;;;12.16
2026-09-27T14:08:33.525+02:00;9334.261284;;100.062;
2026-09-27T14:08:33.526+02:00;9334.262970;10.093;;
2026-09-27T14:08:36.906+02:00;9337.643069;;;12.17
2026-09-27T14:08:36.935+02:00;9337.671630;;100.061;
2026-09-27T14:08:36.937+02:00;9337.673479;10.093;;
2026-09-27T14:08:40.317+02:00;9341.054007;;;12.16
2026-09-27T14:08:40.346+02:00;9341.083154;;100.062;
2026-09-27T14:08:40.348+02:00;9341.085120;10.09;;
2026-09-27T14:08:43.729+02:00;9344.465860;;;12.16
2026-09-27T14:08:43.758+02:00;9344.494965;;100.062;
2026-09-27T14:08:43.760+02:00;9344.496898;10.093;;
2026-09-27T14:08:47.141+02:00;9347.877483;;;12.15
2026-09-27T14:08:47.170+02:00;9347.906852;;100.062;
2026-09-27T14:08:47.172+02:00;9347.908806;10.093;;
2026-09-27T14:08:50.554+02:00;9351.290312;;;12.16
2026-09-27T14:08:50.583+02:00;9351.319449;;100.062;
2026-09-27T14:08:50.585+02:00;9351.321434;10.093;;
2026-09-27T14:08:53.964+02:00;9354.701122;;;12.15
2026-09-27T14:08:53.993+02:00;9354.730095;;100.062;
2026-09-27T14:08:53.995+02:00;9354.732067;10.094;;
2026-09-27T14:08:57.376+02:00;9358.112740;;;12.14
2026-09-27T14:08:57.407+02:00;9358.143795;;100.061;
2026-09-27T14:08:57.407+02:00;9358.144068;10.096;;
2026-09-27T14:09:00.788+02:00;9361.524478;;;12.14
2026-09-27T14:09:00.817+02:00;9361.553725;;100.062;
2026-09-27T14:09:00.819+02:00;9361.555630;10.096;;
2026-09-27T14:09:04.200+02:00;9364.936250;;;12.16
2026-09-27T14:09:04.229+02:00;9364.965412;;100.061;
2026-09-27T14:09:04.231+02:00;9364.967476;10.095;;
2026-09-27T14:09:07.611+02:00;9368.348030;;;12.15
2026-09-27T14:09:07.641+02:00;9368.377229;;100.062;
2026-09-27T14:09:07.651+02:00;9368.387655;10.095;;
2026-09-27T14:09:11.023+02:00;9371.759704;;;12.16
2026-09-27T14:09:11.052+02:00;9371.788913;;100.062;
2026-09-27T14:09:11.054+02:00;9371.790825;10.095;;
2026-09-27T14:09:14.435+02:00;9375.171441;;;12.17
2026-09-27T14:09:14.464+02:00;9375.200631;;100.061;
2026-09-27T14:09:14.466+02:00;9375.202581;10.094;;
2026-09-27T14:09:17.846+02:00;9378.583067;;;12.17
2026-09-27T14:09:17.876+02:00;9378.612218;;100.062;
2026-09-27T14:09:17.878+02:00;9378.614208;10.096;;
2026-09-27T14:09:21.258+02:00;9381.994851;;;12.17
2026-09-27T14:09:21.287+02:00;9382.024105;;100.063;
2026-09-27T14:09:21.294+02:00;9382.030885;10.096;;
2026-09-27T14:09:24.670+02:00;9385.406784;;;12.16
2026-09-27T14:09:24.699+02:00;9385.435853;;100.062;
2026-09-27T14:09:24.701+02:00;9385.437738;10.096;;
2026-09-27T14:09:28.082+02:00;9388.818254;;;12.16
2026-09-27T14:09:28.111+02:00;9388.847423;;100.062;
2026-09-27T14:09:28.113+02:00;9388.849347;10.096;;
2026-09-27T14:09:31.493+02:00;9392.230035;;;12.16
2026-09-27T14:09:31.523+02:00;9392.259245;;100.061;
2026-09-27T14:09:31.536+02:00;9392.272340;10.096;;
2026-09-27T14:09:34.905+02:00;9395.641891;;;12.17
2026-09-27T14:09:34.934+02:00;9395.671022;;100.062;
2026-09-27T14:09:34.936+02:00;9395.672905;10.096;;
2026-09-27T14:09:38.317+02:00;9399.053602;;;12.2
2026-09-27T14:09:38.346+02:00;9399.082735;;100.062;
2026-09-27T14:09:38.348+02:00;9399.084683;10.096;;
2026-09-27T14:09:41.729+02:00;9402.465336;;;12.17
2026-09-27T14:09:41.758+02:00;9402.494469;;100.062;
2026-09-27T14:09:41.760+02:00;9402.496316;10.096;;
2026-09-27T14:09:45.140+02:00;9405.876960;;;12.18
2026-09-27T14:09:45.171+02:00;9405.907764;;100.062;
2026-09-27T14:09:45.171+02:00;9405.908085;10.096;;
2026-09-27T14:09:48.552+02:00;9409.288767;;;12.17
2026-09-27T14:09:48.581+02:00;9409.317987;;100.062;
2026-09-27T14:09:48.583+02:00;9409.319869;10.096;;
2026-09-27T14:09:51.964+02:00;9412.700522;;;12.18
2026-09-27T14:09:51.993+02:00;9412.729691;;100.062;
2026-09-27T14:09:51.995+02:00;9412.731763;10.096;;
2026-09-27T14:09:55.375+02:00;9416.112168;;;12.19
2026-09-27T14:09:55.405+02:00;9416.141297;;100.061;
2026-09-27T14:09:55.407+02:00;9416.143259;10.096;;
2026-09-27T14:09:58.787+02:00;9419.524030;;;12.17
2026-09-27T14:09:58.821+02:00;9419.557637;;100.062;
2026-09-27T14:09:58.822+02:00;9419.558220;10.096;;
2026-09-27T14:10:02.199+02:00;9422.935723;;;12.16
2026-09-27T14:10:02.228+02:00;9422.964903;;100.062;
2026-09-27T14:10:02.230+02:00;9422.966817;10.096;;
2026-09-27T14:10:05.611+02:00;9426.347463;;;12.17
2026-09-27T14:10:05.640+02:00;9426.376645;;100.062;
2026-09-27T14:10:05.642+02:00;9426.378597;10.096;;
2026-09-27T14:10:09.022+02:00;9429.759112;;;12.16
2026-09-27T14:10:09.052+02:00;9429.788268;;100.062;
2026-09-27T14:10:09.054+02:00;9429.790236;10.096;;
2026-09-27T14:10:12.434+02:00;9433.170865;;;12.16
2026-09-27T14:10:12.463+02:00;9433.200122;;100.061;
2026-09-27T14:10:12.465+02:00;9433.202018;10.096;;
2026-09-27T14:10:15.846+02:00;9436.582692;;;12.17
2026-09-27T14:10:15.875+02:00;9436.611773;;100.062;
2026-09-27T14:10:15.877+02:00;9436.613889;10.096;;
2026-09-27T14:10:19.258+02:00;9439.994418;;;12.18
2026-09-27T14:10:19.287+02:00;9440.023593;;100.062;
2026-09-27T14:10:19.289+02:00;9440.025406;10.096;;
2026-09-27T14:10:22.669+02:00;9443.406126;;;12.17
2026-09-27T14:10:22.700+02:00;9443.436428;;100.062;
2026-09-27T14:10:22.701+02:00;9443.437439;10.097;;
2026-09-27T14:10:26.081+02:00;9446.817818;;;12.17
2026-09-27T14:10:26.110+02:00;9446.846955;;100.062;
2026-09-27T14:10:26.112+02:00;9446.848927;10.098;;
2026-09-27T14:10:29.493+02:00;9450.229608;;;12.17
2026-09-27T14:10:29.522+02:00;9450.258729;;100.061;
2026-09-27T14:10:29.524+02:00;9450.260725;10.097;;
2026-09-27T14:10:32.905+02:00;9453.641428;;;12.17
2026-09-27T14:10:32.934+02:00;9453.670927;;100.062;
2026-09-27T14:10:32.936+02:00;9453.672693;10.097;;
2026-09-27T14:10:36.316+02:00;9457.053144;;;12.16
2026-09-27T14:10:36.346+02:00;9457.082290;;100.061;
2026-09-27T14:10:36.348+02:00;9457.084246;10.097;;
2026-09-27T14:10:39.728+02:00;9460.464899;;;12.16
2026-09-27T14:10:39.757+02:00;9460.493929;;100.061;
2026-09-27T14:10:39.759+02:00;9460.496023;10.099;;
2026-09-27T14:10:43.140+02:00;9463.876541;;;12.17
2026-09-27T14:10:43.169+02:00;9463.905725;;100.062;
2026-09-27T14:10:43.171+02:00;9463.907673;10.097;;
2026-09-27T14:10:46.552+02:00;9467.288316;;;12.16
2026-09-27T14:10:46.581+02:00;9467.317462;;100.061;
2026-09-27T14:10:46.583+02:00;9467.319424;10.097;;
2026-09-27T14:10:49.964+02:00;9470.700217;;;12.17
2026-09-27T14:10:49.993+02:00;9470.729218;;100.062;
2026-09-27T14:10:49.994+02:00;9470.731194;10.098;;
2026-09-27T14:10:53.375+02:00;9474.111760;;;12.18
2026-09-27T14:10:53.404+02:00;9474.140876;;100.061;
2026-09-27T14:10:53.406+02:00;9474.142842;10.098;;
2026-09-27T14:10:56.787+02:00;9477.523415;;;12.18
2026-09-27T14:10:56.817+02:00;9477.553749;;100.062;
2026-09-27T14:10:56.818+02:00;9477.554575;10.097;;
2026-09-27T14:11:00.199+02:00;9480.935274;;;12.18
2026-09-27T14:11:00.228+02:00;9480.964411;;100.062;
2026-09-27T14:11:00.230+02:00;9480.966370;10.098;;
2026-09-27T14:11:03.610+02:00;9484.346901;;;12.18
2026-09-27T14:11:03.639+02:00;9484.376053;;100.062;
2026-09-27T14:11:03.641+02:00;9484.378197;10.102;;
2026-09-27T14:11:07.022+02:00;9487.758768;;;12.17
2026-09-27T14:11:07.051+02:00;9487.787912;;100.062;
2026-09-27T14:11:07.053+02:00;9487.789814;10.103;;
2026-09-27T14:11:10.856+02:00;9491.592951;;;12.18
2026-09-27T14:11:10.885+02:00;9491.622069;;100.062;
2026-09-27T14:11:10.887+02:00;9491.624190;10.105;;
2026-09-27T14:11:14.268+02:00;9495.004743;;;12.17
2026-09-27T14:11:14.305+02:00;9495.041445;10.106;100.062;
2026-09-27T14:11:17.680+02:00;9498.416469;;;12.2
2026-09-27T14:11:17.709+02:00;9498.445729;;100.062;
2026-09-27T14:11:17.711+02:00;9498.447613;10.106;;
2026-09-27T14:11:21.092+02:00;9501.828252;;;12.2
2026-09-27T14:11:21.121+02:00;9501.857403;;100.062;
2026-09-27T14:11:21.123+02:00;9501.859231;10.106;;
2026-09-27T14:11:24.503+02:00;9505.239900;;;12.19
2026-09-27T14:11:24.532+02:00;9505.269047;;100.062;
2026-09-27T14:11:24.534+02:00;9505.271008;10.108;;
2026-09-27T14:11:27.915+02:00;9508.651642;;;12.18
2026-09-27T14:11:27.944+02:00;9508.680948;;100.062;
2026-09-27T14:11:27.948+02:00;9508.684810;10.108;;
2026-09-27T14:11:31.327+02:00;9512.063437;;;12.17
2026-09-27T14:11:31.356+02:00;9512.092614;;100.062;
2026-09-27T14:11:31.358+02:00;9512.094550;10.106;;
2026-09-27T14:11:34.739+02:00;9515.475206;;;12.17
2026-09-27T14:11:34.768+02:00;9515.504395;;100.062;
2026-09-27T14:11:34.770+02:00;9515.506308;10.106;;
2026-09-27T14:11:38.151+02:00;9518.887911;;;12.18
2026-09-27T14:11:38.180+02:00;9518.917105;;100.061;
2026-09-27T14:11:38.183+02:00;9518.919416;10.1;;
2026-09-27T14:11:41.562+02:00;9522.298754;;;12.19
2026-09-27T14:11:41.591+02:00;9522.327934;;100.062;
2026-09-27T14:11:41.593+02:00;9522.329717;10.102;;
2026-09-27T14:11:44.974+02:00;9525.710515;;;12.19
2026-09-27T14:11:45.003+02:00;9525.739537;;100.062;
2026-09-27T14:11:45.005+02:00;9525.741481;10.103;;
2026-09-27T14:11:48.385+02:00;9529.122151;;;12.19
2026-09-27T14:11:48.415+02:00;9529.151949;;100.061;
2026-09-27T14:11:48.423+02:00;9529.159975;10.101;;
2026-09-27T14:11:51.797+02:00;9532.533858;;;12.17
2026-09-27T14:11:51.828+02:00;9532.564245;;100.062;
2026-09-27T14:11:51.828+02:00;9532.565105;10.106;;
2026-09-27T14:11:55.209+02:00;9535.945706;;;12.17
2026-09-27T14:11:55.238+02:00;9535.974904;;100.061;
2026-09-27T14:11:55.240+02:00;9535.976802;10.108;;
2026-09-27T14:11:58.621+02:00;9539.357446;;;12.18
2026-09-27T14:11:58.650+02:00;9539.386634;;100.061;
2026-09-27T14:11:58.652+02:00;9539.388578;10.109;;
2026-09-27T14:12:02.033+02:00;9542.769219;;;12.18
2026-09-27T14:12:02.062+02:00;9542.798376;;100.061;
2026-09-27T14:12:02.064+02:00;9542.800476;10.107;;
2026-09-27T14:12:05.444+02:00;9546.180926;;;12.18
2026-09-27T14:12:05.474+02:00;9546.210234;;100.061;
2026-09-27T14:12:05.475+02:00;9546.212011;10.109;;
2026-09-27T14:12:08.856+02:00;9549.592786;;;12.17
2026-09-27T14:12:08.885+02:00;9549.621905;;100.061;
2026-09-27T14:12:08.887+02:00;9549.623743;10.106;;
2026-09-27T14:12:12.269+02:00;9553.005538;;;12.2
2026-09-27T14:12:12.298+02:00;9553.034712;;100.062;
2026-09-27T14:12:12.300+02:00;9553.036520;10.11;;
2026-09-27T14:12:15.679+02:00;9556.416123;;;12.19
2026-09-27T14:12:15.709+02:00;9556.445457;;100.062;
2026-09-27T14:12:15.711+02:00;9556.447407;10.11;;
2026-09-27T14:12:19.091+02:00;9559.827924;;;12.18
2026-09-27T14:12:19.120+02:00;9559.857196;;100.061;
2026-09-27T14:12:19.122+02:00;9559.859060;10.11;;
2026-09-27T14:12:22.503+02:00;9563.239749;;;12.19
2026-09-27T14:12:22.532+02:00;9563.268850;;100.062;
2026-09-27T14:12:22.534+02:00;9563.270848;10.111;;
2026-09-27T14:12:25.915+02:00;9566.651480;;;12.18
2026-09-27T14:12:25.944+02:00;9566.680753;;100.062;
2026-09-27T14:12:25.954+02:00;9566.690256;10.111;;
2026-09-27T14:12:29.328+02:00;9570.064233;;;12.2
2026-09-27T14:12:29.357+02:00;9570.093381;;100.062;
2026-09-27T14:12:29.359+02:00;9570.095255;10.111;;
2026-09-27T14:12:32.738+02:00;9573.474911;;;12.19
2026-09-27T14:12:32.767+02:00;9573.504058;;100.063;
2026-09-27T14:12:32.769+02:00;9573.506026;10.111;;
2026-09-27T14:12:36.150+02:00;9576.886705;;;12.19
2026-09-27T14:12:36.179+02:00;9576.915813;;100.062;
2026-09-27T14:12:36.181+02:00;9576.917776;10.111;;
2026-09-27T14:12:39.562+02:00;9580.298375;;;12.2
2026-09-27T14:12:39.591+02:00;9580.327761;;100.062;
2026-09-27T14:12:39.593+02:00;9580.329845;10.111;;
2026-09-27T14:12:42.973+02:00;9583.710181;;;12.2
2026-09-27T14:12:43.003+02:00;9583.739389;;100.062;
2026-09-27T14:12:43.005+02:00;9583.741203;10.11;;
2026-09-27T14:12:46.385+02:00;9587.121969;;;12.19
2026-09-27T14:12:46.414+02:00;9587.150982;;100.062;
2026-09-27T14:12:46.416+02:00;9587.152947;10.112;;
2026-09-27T14:12:49.797+02:00;9590.533656;;;12.21
2026-09-27T14:12:49.826+02:00;9590.562774;;100.062;
2026-09-27T14:12:49.828+02:00;9590.564724;10.111;;
2026-09-27T14:12:53.209+02:00;9593.945376;;;12.2
2026-09-27T14:12:53.248+02:00;9593.985172;10.111;100.062;
2026-09-27T14:12:56.620+02:00;9597.357080;;;12.2
2026-09-27T14:12:56.650+02:00;9597.386390;;100.062;
2026-09-27T14:12:56.652+02:00;9597.388443;10.11;;
2026-09-27T14:13:00.033+02:00;9600.769473;;;12.21
2026-09-27T14:13:00.061+02:00;9600.798139;;100.062;
2026-09-27T14:13:00.063+02:00;9600.800044;10.111;;
2026-09-27T14:13:03.444+02:00;9604.180663;;;12.22
2026-09-27T14:13:03.475+02:00;9604.211511;;100.062;
2026-09-27T14:13:03.478+02:00;9604.214885;10.112;;
2026-09-27T14:13:06.856+02:00;9607.592414;;;12.21
2026-09-27T14:13:06.885+02:00;9607.621639;;100.062;
2026-09-27T14:13:06.887+02:00;9607.623427;10.111;;
2026-09-27T14:13:10.268+02:00;9611.004236;;;12.22
2026-09-27T14:13:10.297+02:00;9611.033386;;100.062;
2026-09-27T14:13:10.299+02:00;9611.035331;10.112;;
2026-09-27T14:13:13.679+02:00;9614.415959;;;12.2
2026-09-27T14:13:13.709+02:00;9614.445259;;100.061;
2026-09-27T14:13:13.711+02:00;9614.447274;10.112;;
2026-09-27T14:13:17.468+02:00;9618.204977;;;12.2
2026-09-27T14:13:17.497+02:00;9618.234170;;100.062;
2026-09-27T14:13:17.499+02:00;9618.236029;10.112;;
2026-09-27T14:13:20.880+02:00;9621.616713;;;12.19
2026-09-27T14:13:20.909+02:00;9621.645802;;100.062;
2026-09-27T14:13:20.911+02:00;9621.647908;10.112;;
2026-09-27T14:13:24.292+02:00;9625.028431;;;12.18
2026-09-27T14:13:24.321+02:00;9625.057655;;100.062;
2026-09-27T14:13:24.323+02:00;9625.059596;10.112;;
2026-09-27T14:13:28.272+02:00;9629.009175;;;12.16
2026-09-27T14:13:28.302+02:00;9629.038360;;100.062;
2026-09-27T14:13:28.304+02:00;9629.040309;10.112;;
2026-09-27T14:13:31.675+02:00;9632.412070;;;12.18
2026-09-27T14:13:31.705+02:00;9632.441206;;100.062;
2026-09-27T14:13:31.706+02:00;9632.443093;10.112;;
2026-09-27T14:13:35.087+02:00;9635.823723;;;12.2
2026-09-27T14:13:35.117+02:00;9635.854086;;100.061;
2026-09-27T14:13:35.118+02:00;9635.855003;10.111;;
2026-09-27T14:13:38.499+02:00;9639.235507;;;12.19
2026-09-27T14:13:38.528+02:00;9639.264690;;100.062;
2026-09-27T14:13:38.530+02:00;9639.266639;10.112;;
2026-09-27T14:13:41.911+02:00;9642.647299;;;12.19
2026-09-27T14:13:41.940+02:00;9642.676449;;100.061;
2026-09-27T14:13:41.942+02:00;9642.678405;10.111;;
2026-09-27T14:13:45.654+02:00;9646.390723;;;12.19
2026-09-27T14:13:45.683+02:00;9646.419777;;100.061;
2026-09-27T14:13:45.685+02:00;9646.421697;10.112;;
2026-09-27T14:13:49.066+02:00;9649.802323;;;12.2
2026-09-27T14:13:49.095+02:00;9649.831469;;100.062;
2026-09-27T14:13:49.097+02:00;9649.833429;10.111;;
2026-09-27T14:13:52.477+02:00;9653.214091;;;12.19
2026-09-27T14:13:52.507+02:00;9653.243251;;100.062;
2026-09-27T14:13:52.509+02:00;9653.245225;10.111;;
2026-09-27T14:13:55.889+02:00;9656.625788;;;12.18
2026-09-27T14:13:55.918+02:00;9656.654984;;100.062;
2026-09-27T14:13:55.921+02:00;9656.657241;10.111;;
2026-09-27T14:13:59.301+02:00;9660.037679;;;12.18
2026-09-27T14:13:59.330+02:00;9660.066734;;100.062;
2026-09-27T14:13:59.332+02:00;9660.068635;10.111;;
2026-09-27T14:14:02.713+02:00;9663.449312;;;12.19
2026-09-27T14:14:02.742+02:00;9663.478453;;100.061;
2026-09-27T14:14:02.744+02:00;9663.480406;10.11;;
2026-09-27T14:14:06.124+02:00;9666.861042;;;12.19
2026-09-27T14:14:06.153+02:00;9666.890184;;100.062;
2026-09-27T14:14:06.168+02:00;9666.904279;10.11;;
2026-09-27T14:14:09.536+02:00;9670.272760;;;12.2
2026-09-27T14:14:09.568+02:00;9670.304710;;100.062;
2026-09-27T14:14:09.569+02:00;9670.305871;10.112;;
2026-09-27T14:14:12.948+02:00;9673.684474;;;12.2
2026-09-27T14:14:12.977+02:00;9673.713687;;100.061;
2026-09-27T14:14:12.979+02:00;9673.715616;10.111;;
2026-09-27T14:14:16.360+02:00;9677.097100;;;12.19
2026-09-27T14:14:16.390+02:00;9677.126254;;100.063;
2026-09-27T14:14:16.392+02:00;9677.128223;10.112;;
2026-09-27T14:14:19.771+02:00;9680.508001;;;12.2
2026-09-27T14:14:19.800+02:00;9680.537022;;100.062;
2026-09-27T14:14:19.802+02:00;9680.539009;10.112;;
2026-09-27T14:14:23.183+02:00;9683.919693;;;12.23
2026-09-27T14:14:23.212+02:00;9683.948788;;100.062;
2026-09-27T14:14:23.214+02:00;9683.950765;10.112;;
2026-09-27T14:14:26.595+02:00;9687.331335;;;12.2
2026-09-27T14:14:26.624+02:00;9687.360944;;100.062;
2026-09-27T14:14:26.626+02:00;9687.362796;10.112;;
2026-09-27T14:14:30.006+02:00;9690.743184;;;12.2
2026-09-27T14:14:30.036+02:00;9690.772328;;100.063;
2026-09-27T14:14:30.038+02:00;9690.774311;10.112;;
2026-09-27T14:14:33.418+02:00;9694.154887;;;12.18
2026-09-27T14:14:33.447+02:00;9694.184094;;100.061;
2026-09-27T14:14:33.449+02:00;9694.186074;10.113;;
2026-09-27T14:14:36.830+02:00;9697.566552;;;12.19
2026-09-27T14:14:36.859+02:00;9697.595744;;100.062;
2026-09-27T14:14:36.861+02:00;9697.597710;10.113;;
2026-09-27T14:14:40.242+02:00;9700.978367;;;12.19
2026-09-27T14:14:40.271+02:00;9701.007505;;100.062;
2026-09-27T14:14:40.273+02:00;9701.009332;10.114;;
2026-09-27T14:14:44.039+02:00;9704.775247;;;12.19
2026-09-27T14:14:44.068+02:00;9704.804396;;100.062;
2026-09-27T14:14:44.070+02:00;9704.806353;10.113;;
2026-09-27T14:14:47.450+02:00;9708.186945;;;12.2
2026-09-27T14:14:47.480+02:00;9708.216308;;100.062;
2026-09-27T14:14:47.482+02:00;9708.218271;10.116;;
2026-09-27T14:14:50.862+02:00;9711.598809;;;12.2
2026-09-27T14:14:50.891+02:00;9711.627820;;100.062;
2026-09-27T14:14:50.893+02:00;9711.629812;10.115;;
2026-09-27T14:14:54.274+02:00;9715.010444;;;12.19
2026-09-27T14:14:54.303+02:00;9715.039611;;100.062;
2026-09-27T14:14:54.305+02:00;9715.041539;10.117;;
2026-09-27T14:14:57.685+02:00;9718.422197;;;12.2
2026-09-27T14:14:57.716+02:00;9718.452325;;100.062;
2026-09-27T14:14:57.724+02:00;9718.461181;10.117;;
2026-09-27T14:15:01.097+02:00;9721.833985;;;12.2
2026-09-27T14:15:01.126+02:00;9721.863081;;100.062;
2026-09-27T14:15:01.128+02:00;9721.864992;10.119;;
2026-09-27T14:15:04.509+02:00;9725.245668;;;12.19
2026-09-27T14:15:04.538+02:00;9725.274785;;100.062;
2026-09-27T14:15:04.540+02:00;9725.276757;10.121;;
2026-09-27T14:15:07.921+02:00;9728.657283;;;12.2
2026-09-27T14:15:07.950+02:00;9728.686415;;100.062;
2026-09-27T14:15:07.952+02:00;9728.688525;10.122;;
2026-09-27T14:15:11.665+02:00;9732.401808;;;12.2
2026-09-27T14:15:11.694+02:00;9732.431041;;100.062;
2026-09-27T14:15:11.696+02:00;9732.432915;10.125;;
2026-09-27T14:15:15.077+02:00;9735.813444;;;12.21
2026-09-27T14:15:15.106+02:00;9735.842607;;100.062;
2026-09-27T14:15:15.108+02:00;9735.844533;10.125;;
2026-09-27T14:15:18.488+02:00;9739.225127;;;12.22
2026-09-27T14:15:18.520+02:00;9739.256518;;100.062;
2026-09-27T14:15:18.523+02:00;9739.260139;10.127;;
2026-09-27T14:15:21.900+02:00;9742.637128;;;12.2
2026-09-27T14:15:21.930+02:00;9742.666242;;100.063;
2026-09-27T14:15:21.931+02:00;9742.668110;10.128;;
2026-09-27T14:15:25.312+02:00;9746.048798;;;12.21
2026-09-27T14:15:25.341+02:00;9746.077767;;100.062;
2026-09-27T14:15:25.343+02:00;9746.079739;10.127;;
2026-09-27T14:15:28.724+02:00;9749.460379;;;12.23
2026-09-27T14:15:28.753+02:00;9749.489594;;100.062;
2026-09-27T14:15:28.755+02:00;9749.491696;10.128;;
2026-09-27T14:15:32.135+02:00;9752.872086;;;12.22
2026-09-27T14:15:32.166+02:00;9752.902814;;100.062;
2026-09-27T14:15:32.167+02:00;9752.903290;10.128;;
2026-09-27T14:15:35.548+02:00;9756.284815;;;12.23
2026-09-27T14:15:35.577+02:00;9756.313992;;100.061;
2026-09-27T14:15:35.579+02:00;9756.315915;10.128;;
2026-09-27T14:15:38.959+02:00;9759.695623;;;12.22
2026-09-27T14:15:38.988+02:00;9759.724739;;100.062;
2026-09-27T14:15:38.990+02:00;9759.726687;10.128;;
2026-09-27T14:15:42.371+02:00;9763.107341;;;12.21
2026-09-27T14:15:42.404+02:00;9763.140847;;100.062;
2026-09-27T14:15:42.411+02:00;9763.147634;10.128;;
2026-09-27T14:15:45.782+02:00;9766.519094;;;12.21
2026-09-27T14:15:45.812+02:00;9766.548203;;100.061;
2026-09-27T14:15:45.813+02:00;9766.550099;10.128;;
2026-09-27T14:15:49.760+02:00;9770.496941;;;12.19
2026-09-27T14:15:49.792+02:00;9770.528261;10.127;100.063;
2026-09-27T14:15:53.163+02:00;9773.899925;;;12.21
2026-09-27T14:15:53.192+02:00;9773.928967;;100.063;
2026-09-27T14:15:53.194+02:00;9773.930902;10.128;;
2026-09-27T14:15:56.575+02:00;9777.311551;;;12.2
2026-09-27T14:15:56.604+02:00;9777.340723;;100.062;
2026-09-27T14:15:56.606+02:00;9777.342781;10.128;;
2026-09-27T14:15:59.987+02:00;9780.723315;;;12.21
2026-09-27T14:16:00.017+02:00;9780.753914;;100.061;
2026-09-27T14:16:00.018+02:00;9780.754701;10.128;;
2026-09-27T14:16:03.398+02:00;9784.135096;;;12.21
2026-09-27T14:16:03.427+02:00;9784.164137;;100.062;
2026-09-27T14:16:03.429+02:00;9784.166077;10.128;;
2026-09-27T14:16:06.811+02:00;9787.547765;;;12.2
2026-09-27T14:16:06.840+02:00;9787.577142;;100.062;
2026-09-27T14:16:06.854+02:00;9787.590816;10.128;;
2026-09-27T14:16:10.222+02:00;9790.958431;;;12.2
2026-09-27T14:16:10.252+02:00;9790.988943;;100.063;
2026-09-27T14:16:10.253+02:00;9790.989873;10.127;;
2026-09-27T14:16:13.634+02:00;9794.370278;;;12.2
2026-09-27T14:16:13.663+02:00;9794.399409;;100.063;
2026-09-27T14:16:13.665+02:00;9794.401397;10.127;;
2026-09-27T14:16:17.045+02:00;9797.782045;;;12.2
2026-09-27T14:16:17.074+02:00;9797.811075;;100.062;
2026-09-27T14:16:17.076+02:00;9797.813030;10.128;;
2026-09-27T14:16:20.457+02:00;9801.193663;;;12.2
2026-09-27T14:16:20.486+02:00;9801.222961;;100.062;
2026-09-27T14:16:20.488+02:00;9801.225091;10.128;;
2026-09-27T14:16:23.869+02:00;9804.605459;;;12.21
2026-09-27T14:16:23.898+02:00;9804.634625;;100.062;
2026-09-27T14:16:23.900+02:00;9804.636608;10.128;;
2026-09-27T14:16:27.281+02:00;9808.017231;;;12.2
2026-09-27T14:16:27.310+02:00;9808.046359;;100.062;
2026-09-27T14:16:27.312+02:00;9808.048389;10.128;;
2026-09-27T14:16:30.692+02:00;9811.428878;;;12.21
2026-09-27T14:16:30.721+02:00;9811.458014;;100.062;
2026-09-27T14:16:30.723+02:00;9811.459992;10.128;;
2026-09-27T14:16:34.104+02:00;9814.840611;;;12.2
2026-09-27T14:16:34.135+02:00;9814.872137;;100.062;
2026-09-27T14:16:34.141+02:00;9814.877864;10.128;;
2026-09-27T14:16:37.516+02:00;9818.252342;;;12.2
2026-09-27T14:16:37.545+02:00;9818.281741;;100.062;
2026-09-27T14:16:37.547+02:00;9818.283535;10.128;;
2026-09-27T14:16:40.927+02:00;9821.664190;;;12.2
2026-09-27T14:16:40.957+02:00;9821.693300;;100.062;
2026-09-27T14:16:40.958+02:00;9821.695173;10.128;;
2026-09-27T14:16:44.339+02:00;9825.075816;;;12.2
2026-09-27T14:16:44.368+02:00;9825.104967;;100.062;
2026-09-27T14:16:44.370+02:00;9825.107089;10.128;;
2026-09-27T14:16:47.751+02:00;9828.487642;;;12.2
2026-09-27T14:16:47.780+02:00;9828.516842;;100.062;
2026-09-27T14:16:47.782+02:00;9828.518713;10.128;;
2026-09-27T14:16:51.163+02:00;9831.899233;;;12.21
2026-09-27T14:16:51.192+02:00;9831.928390;;100.061;
2026-09-27T14:16:51.194+02:00;9831.930335;10.128;;
2026-09-27T14:16:54.574+02:00;9835.310929;;;12.22
2026-09-27T14:16:54.604+02:00;9835.340245;;100.062;
2026-09-27T14:16:54.619+02:00;9835.355852;10.128;;
2026-09-27T14:16:57.987+02:00;9838.723741;;;12.2
2026-09-27T14:16:58.022+02:00;9838.758323;10.128;100.062;
2026-09-27T14:17:01.398+02:00;9842.134336;;;12.2
2026-09-27T14:17:01.428+02:00;9842.164344;;100.062;
2026-09-27T14:17:01.429+02:00;9842.165580;10.128;;
2026-09-27T14:17:04.809+02:00;9845.546125;;;12.2
2026-09-27T14:17:04.839+02:00;9845.575473;;100.062;
2026-09-27T14:17:04.841+02:00;9845.577428;10.129;;
2026-09-27T14:17:08.221+02:00;9848.958120;;;12.2
2026-09-27T14:17:08.250+02:00;9848.987085;;100.062;
2026-09-27T14:17:08.252+02:00;9848.988958;10.128;;
2026-09-27T14:17:11.633+02:00;9852.369626;;;12.19
2026-09-27T14:17:11.662+02:00;9852.398763;;100.062;
2026-09-27T14:17:11.664+02:00;9852.400724;10.128;;
2026-09-27T14:17:15.046+02:00;9855.782375;;;12.2
2026-09-27T14:17:15.075+02:00;9855.811516;;100.062;
2026-09-27T14:17:15.077+02:00;9855.813489;10.128;;
2026-09-27T14:17:18.456+02:00;9859.193037;;;12.2
2026-09-27T14:17:18.485+02:00;9859.222163;;100.062;
2026-09-27T14:17:18.488+02:00;9859.224264;10.129;;
2026-09-27T14:17:21.868+02:00;9862.604814;;;12.23
2026-09-27T14:17:21.897+02:00;9862.633956;;100.063;
2026-09-27T14:17:21.899+02:00;9862.635915;10.128;;
2026-09-27T14:17:25.280+02:00;9866.016367;;;12.22
2026-09-27T14:17:25.313+02:00;9866.049246;10.128;100.062;
2026-09-27T14:17:28.691+02:00;9869.428140;;;12.2
2026-09-27T14:17:28.721+02:00;9869.457440;;100.062;
2026-09-27T14:17:28.723+02:00;9869.459349;10.129;;
2026-09-27T14:17:32.103+02:00;9872.839967;;;12.2
2026-09-27T14:17:32.133+02:00;9872.869209;;100.062;
2026-09-27T14:17:32.134+02:00;9872.871096;10.129;;
2026-09-27T14:17:35.515+02:00;9876.251763;;;12.2
2026-09-27T14:17:35.544+02:00;9876.280785;;100.061;
2026-09-27T14:17:35.546+02:00;9876.282725;10.132;;
2026-09-27T14:17:38.927+02:00;9879.663389;;;12.22
2026-09-27T14:17:38.956+02:00;9879.692519;;100.062;
2026-09-27T14:17:38.958+02:00;9879.694488;10.133;;
2026-09-27T14:17:42.338+02:00;9883.075157;;;12.21
2026-09-27T14:17:42.368+02:00;9883.104289;;100.061;
2026-09-27T14:17:42.370+02:00;9883.106399;10.141;;
2026-09-27T14:17:45.750+02:00;9886.486795;;;12.2
2026-09-27T14:17:45.789+02:00;9886.526012;10.141;100.062;
2026-09-27T14:17:49.163+02:00;9889.899511;;;12.21
2026-09-27T14:17:49.192+02:00;9889.928877;;100.062;
2026-09-27T14:17:49.194+02:00;9889.930835;10.141;;
2026-09-27T14:17:52.574+02:00;9893.310253;;;12.21
2026-09-27T14:17:52.603+02:00;9893.339606;;100.062;
2026-09-27T14:17:52.605+02:00;9893.341467;10.143;;
2026-09-27T14:17:55.985+02:00;9896.721969;;;12.2
2026-09-27T14:17:56.014+02:00;9896.751195;;100.062;
2026-09-27T14:17:56.016+02:00;9896.753113;10.142;;
2026-09-27T14:17:59.397+02:00;9900.133789;;;12.2
2026-09-27T14:17:59.426+02:00;9900.162882;;100.062;
2026-09-27T14:17:59.428+02:00;9900.164862;10.141;;
2026-09-27T14:18:02.809+02:00;9903.545532;;;12.2
2026-09-27T14:18:02.838+02:00;9903.574701;;100.061;
2026-09-27T14:18:02.840+02:00;9903.576648;10.143;;
2026-09-27T14:18:06.221+02:00;9906.957292;;;12.2
2026-09-27T14:18:06.250+02:00;9906.986308;;100.061;
2026-09-27T14:18:06.252+02:00;9906.988281;10.14;;
2026-09-27T14:18:10.130+02:00;9910.866270;;;12.2
2026-09-27T14:18:10.163+02:00;9910.899905;10.14;100.062;
2026-09-27T14:18:13.532+02:00;9914.269037;;;12.22
2026-09-27T14:18:13.567+02:00;9914.303989;10.143;100.063;
2026-09-27T14:18:16.944+02:00;9917.680783;;;12.22
2026-09-27T14:18:16.974+02:00;9917.710317;;100.062;
2026-09-27T14:18:16.977+02:00;9917.713772;10.143;;
2026-09-27T14:18:20.356+02:00;9921.092543;;;12.22
2026-09-27T14:18:20.385+02:00;9921.121935;;100.062;
2026-09-27T14:18:20.387+02:00;9921.123782;10.142;;
2026-09-27T14:18:23.768+02:00;9924.504365;;;12.22
2026-09-27T14:18:23.797+02:00;9924.533537;;100.063;
2026-09-27T14:18:23.799+02:00;9924.535639;10.141;;
2026-09-27T14:18:27.179+02:00;9927.916168;;;12.22
2026-09-27T14:18:27.209+02:00;9927.945313;;100.062;
2026-09-27T14:18:27.211+02:00;9927.947280;10.142;;
2026-09-27T14:18:30.591+02:00;9931.327820;;;12.22
2026-09-27T14:18:30.620+02:00;9931.356960;;100.062;
2026-09-27T14:18:30.622+02:00;9931.358929;10.143;;
2026-09-27T14:18:34.003+02:00;9934.739532;;;12.23
2026-09-27T14:18:34.040+02:00;9934.776739;10.14;100.062;
2026-09-27T14:18:37.415+02:00;9938.151283;;;12.24
2026-09-27T14:18:37.445+02:00;9938.182050;;100.062;
2026-09-27T14:18:37.449+02:00;9938.186067;10.144;;
2026-09-27T14:18:40.826+02:00;9941.563045;;;12.23
2026-09-27T14:18:40.856+02:00;9941.592376;;100.062;
2026-09-27T14:18:40.858+02:00;9941.594344;10.143;;
2026-09-27T14:18:44.239+02:00;9944.975957;;;12.23
2026-09-27T14:18:44.268+02:00;9945.005121;;100.062;
2026-09-27T14:18:44.270+02:00;9945.007007;10.143;;
2026-09-27T14:18:47.650+02:00;9948.386683;;;12.22
2026-09-27T14:18:47.679+02:00;9948.415784;;100.062;
2026-09-27T14:18:47.681+02:00;9948.417774;10.144;;
2026-09-27T14:18:51.062+02:00;9951.798289;;;12.23
2026-09-27T14:18:51.091+02:00;9951.827444;;100.063;
2026-09-27T14:18:51.093+02:00;9951.829435;10.144;;
2026-09-27T14:18:54.473+02:00;9955.210062;;;12.23
2026-09-27T14:18:54.503+02:00;9955.239229;;100.062;
2026-09-27T14:18:54.504+02:00;9955.241187;10.144;;
2026-09-27T14:18:57.885+02:00;9958.621838;;;12.23
2026-09-27T14:18:57.914+02:00;9958.650970;;100.063;
2026-09-27T14:18:57.916+02:00;9958.652945;10.145;;
2026-09-27T14:19:01.297+02:00;9962.033518;;;12.23
2026-09-27T14:19:01.326+02:00;9962.063068;;100.061;
2026-09-27T14:19:01.328+02:00;9962.064851;10.144;;
2026-09-27T14:19:04.708+02:00;9965.445187;;;12.23
2026-09-27T14:19:04.738+02:00;9965.474464;;100.063;
2026-09-27T14:19:04.740+02:00;9965.476367;10.146;;
2026-09-27T14:19:08.120+02:00;9968.856899;;;12.23
2026-09-27T14:19:08.150+02:00;9968.886217;;100.062;
2026-09-27T14:19:08.151+02:00;9968.888121;10.145;;
2026-09-27T14:19:11.532+02:00;9972.268749;;;12.23
2026-09-27T14:19:11.561+02:00;9972.297962;;100.062;
2026-09-27T14:19:11.563+02:00;9972.299878;10.146;;
2026-09-27T14:19:14.944+02:00;9975.680356;;;12.23
2026-09-27T14:19:14.973+02:00;9975.709506;;100.062;
2026-09-27T14:19:14.975+02:00;9975.711466;10.146;;
2026-09-27T14:19:18.356+02:00;9979.092234;;;12.23
2026-09-27T14:19:18.385+02:00;9979.121257;;100.062;
2026-09-27T14:19:18.387+02:00;9979.123236;10.147;;
2026-09-27T14:19:21.767+02:00;9982.503855;;;12.22
2026-09-27T14:19:21.796+02:00;9982.533024;;100.062;
2026-09-27T14:19:21.798+02:00;9982.534976;10.148;;
2026-09-27T14:19:25.179+02:00;9985.915471;;;12.22
2026-09-27T14:19:25.208+02:00;9985.945046;;100.062;
2026-09-27T14:19:25.213+02:00;9985.949261;10.149;;
2026-09-27T14:19:28.591+02:00;9989.327235;;;12.23
2026-09-27T14:19:28.622+02:00;9989.358347;;100.061;
2026-09-27T14:19:28.622+02:00;9989.358655;10.148;;
2026-09-27T14:19:32.002+02:00;9992.738926;;;12.23
2026-09-27T14:19:32.032+02:00;9992.768679;;100.062;
2026-09-27T14:19:32.034+02:00;9992.770235;10.148;;
2026-09-27T14:19:35.414+02:00;9996.150710;;;12.23
2026-09-27T14:19:35.443+02:00;9996.180122;;100.061;
2026-09-27T14:19:35.447+02:00;9996.183843;10.149;;
2026-09-27T14:19:38.826+02:00;9999.562294;;;12.23
2026-09-27T14:19:38.855+02:00;9999.591670;;100.062;
2026-09-27T14:19:38.857+02:00;9999.593525;10.15;;
2026-09-27T14:19:42.237+02:00;10002.974133;;;12.23
2026-09-27T14:19:42.267+02:00;10003.003384;;100.061;
2026-09-27T14:19:42.269+02:00;10003.005264;10.154;;
2026-09-27T14:19:45.649+02:00;10006.386019;;;12.24
2026-09-27T14:19:45.678+02:00;10006.415036;;100.061;
2026-09-27T14:19:45.680+02:00;10006.416998;10.156;;
2026-09-27T14:19:49.384+02:00;10010.120268;;;12.23
2026-09-27T14:19:49.413+02:00;10010.149408;;100.062;
2026-09-27T14:19:49.415+02:00;10010.151369;10.158;;
2026-09-27T14:19:52.795+02:00;10013.531968;;;12.24
2026-09-27T14:19:52.825+02:00;10013.561402;;100.061;
2026-09-27T14:19:52.827+02:00;10013.563910;10.16;;
2026-09-27T14:19:56.207+02:00;10016.943602;;;12.23
2026-09-27T14:19:56.236+02:00;10016.972962;;100.062;
2026-09-27T14:19:56.240+02:00;10016.976917;10.16;;
2026-09-27T14:19:59.619+02:00;10020.355392;;;12.25
2026-09-27T14:19:59.648+02:00;10020.384706;;100.061;
2026-09-27T14:19:59.658+02:00;10020.394639;10.16;;
2026-09-27T14:20:03.030+02:00;10023.767160;;;12.25
2026-09-27T14:20:03.060+02:00;10023.796292;;100.062;
2026-09-27T14:20:03.062+02:00;10023.798276;10.16;;
2026-09-27T14:20:06.442+02:00;10027.178875;;;12.23
2026-09-27T14:20:06.471+02:00;10027.208132;;100.062;
2026-09-27T14:20:06.473+02:00;10027.210173;10.16;;
2026-09-27T14:20:09.854+02:00;10030.590534;;;12.23
2026-09-27T14:20:09.883+02:00;10030.619693;;100.062;
2026-09-27T14:20:09.885+02:00;10030.621676;10.16;;
2026-09-27T14:20:13.266+02:00;10034.002292;;;12.23
2026-09-27T14:20:13.295+02:00;10034.031666;;100.061;
2026-09-27T14:20:13.299+02:00;10034.035709;10.158;;
2026-09-27T14:20:16.677+02:00;10037.413970;;;12.24
2026-09-27T14:20:16.708+02:00;10037.444454;;100.062;
2026-09-27T14:20:16.708+02:00;10037.445156;10.158;;
2026-09-27T14:20:20.089+02:00;10040.825829;;;12.24
2026-09-27T14:20:20.124+02:00;10040.860535;10.16;100.062;
2026-09-27T14:20:23.501+02:00;10044.237482;;;12.24
2026-09-27T14:20:23.530+02:00;10044.266733;;100.061;
2026-09-27T14:20:23.532+02:00;10044.268713;10.16;;
2026-09-27T14:20:26.913+02:00;10047.649204;;;12.23
2026-09-27T14:20:26.942+02:00;10047.678429;;100.061;
2026-09-27T14:20:26.944+02:00;10047.680307;10.157;;
2026-09-27T14:20:30.324+02:00;10051.060921;;;12.23
2026-09-27T14:20:30.353+02:00;10051.089966;;100.062;
2026-09-27T14:20:30.355+02:00;10051.091944;10.158;;
2026-09-27T14:20:33.736+02:00;10054.472744;;;12.23
2026-09-27T14:20:33.765+02:00;10054.501764;;100.062;
2026-09-27T14:20:33.767+02:00;10054.503705;10.159;;
2026-09-27T14:20:37.657+02:00;10058.393454;;;12.23
2026-09-27T14:20:37.686+02:00;10058.422784;;100.062;
2026-09-27T14:20:37.695+02:00;10058.432136;10.16;;
2026-09-27T14:20:41.059+02:00;10061.796135;;;12.25
2026-09-27T14:20:41.090+02:00;10061.827197;;100.063;
2026-09-27T14:20:41.091+02:00;10061.827807;10.16;;
2026-09-27T14:20:44.471+02:00;10065.207876;;;12.24
2026-09-27T14:20:44.501+02:00;10065.237226;;100.061;
2026-09-27T14:20:44.502+02:00;10065.239106;10.16;;
2026-09-27T14:20:47.883+02:00;10068.619755;;;12.25
2026-09-27T14:20:47.912+02:00;10068.648801;;100.062;
2026-09-27T14:20:47.914+02:00;10068.650969;10.16;;
2026-09-27T14:20:51.861+02:00;10072.597994;;;12.23
2026-09-27T14:20:51.892+02:00;10072.628820;;100.062;
2026-09-27T14:20:51.893+02:00;10072.629840;10.16;;
2026-09-27T14:20:55.264+02:00;10076.001092;;;12.24
2026-09-27T14:20:55.293+02:00;10076.030058;;100.062;
2026-09-27T14:20:55.295+02:00;10076.031973;10.16;;
2026-09-27T14:20:58.676+02:00;10079.412636;;;12.25
2026-09-27T14:20:58.705+02:00;10079.441752;;100.062;
2026-09-27T14:20:58.707+02:00;10079.443729;10.16;;
2026-09-27T14:21:02.088+02:00;10082.824369;;;12.23
2026-09-27T14:21:02.117+02:00;10082.853504;;100.062;
2026-09-27T14:21:02.119+02:00;10082.855479;10.16;;
2026-09-27T14:21:05.499+02:00;10086.236057;;;12.25
2026-09-27T14:21:05.529+02:00;10086.265830;;100.062;
2026-09-27T14:21:05.538+02:00;10086.274339;10.16;;
2026-09-27T14:21:08.912+02:00;10089.648719;;;12.25
2026-09-27T14:21:08.941+02:00;10089.678004;;100.062;
2026-09-27T14:21:08.943+02:00;10089.680118;10.16;;
2026-09-27T14:21:12.323+02:00;10093.059506;;;12.25
2026-09-27T14:21:12.352+02:00;10093.088740;;100.062;
2026-09-27T14:21:12.354+02:00;10093.090658;10.16;;
2026-09-27T14:21:15.735+02:00;10096.471230;;;12.24
2026-09-27T14:21:15.764+02:00;10096.500320;;100.062;
2026-09-27T14:21:15.766+02:00;10096.502242;10.16;;
2026-09-27T14:21:19.146+02:00;10099.882884;;;12.24
2026-09-27T14:21:19.175+02:00;10099.912054;;100.062;
2026-09-27T14:21:19.177+02:00;10099.914021;10.16;;
2026-09-27T14:21:22.558+02:00;10103.294699;;;12.24
2026-09-27T14:21:22.587+02:00;10103.323698;;100.061;
2026-09-27T14:21:22.589+02:00;10103.325651;10.16;;
2026-09-27T14:21:25.970+02:00;10106.706213;;;12.25
2026-09-27T14:21:25.999+02:00;10106.735520;;100.062;
2026-09-27T14:21:26.005+02:00;10106.741385;10.16;;
2026-09-27T14:21:29.381+02:00;10110.118063;;;12.25
2026-09-27T14:21:29.411+02:00;10110.147283;;100.061;
2026-09-27T14:21:29.412+02:00;10110.149149;10.16;;
2026-09-27T14:21:32.793+02:00;10113.529818;;;12.24
2026-09-27T14:21:32.822+02:00;10113.558808;;100.062;
2026-09-27T14:21:32.824+02:00;10113.561018;10.16;;
2026-09-27T14:21:36.205+02:00;10116.941417;;;12.24
2026-09-27T14:21:36.234+02:00;10116.970598;;100.061;
2026-09-27T14:21:36.236+02:00;10116.972524;10.16;;
2026-09-27T14:21:39.616+02:00;10120.353122;;;12.24
2026-09-27T14:21:39.647+02:00;10120.383898;;100.061;
2026-09-27T14:21:39.650+02:00;10120.386231;10.163;;
2026-09-27T14:21:43.028+02:00;10123.764915;;;12.24
2026-09-27T14:21:43.058+02:00;10123.794412;;100.061;
2026-09-27T14:21:43.059+02:00;10123.796194;10.161;;
2026-09-27T14:21:46.440+02:00;10127.176550;;;12.25
2026-09-27T14:21:46.469+02:00;10127.205785;;100.062;
2026-09-27T14:21:46.471+02:00;10127.207679;10.16;;
2026-09-27T14:21:49.852+02:00;10130.588281;;;12.24
2026-09-27T14:21:49.888+02:00;10130.624768;10.16;100.062;
2026-09-27T14:21:53.263+02:00;10133.999892;;;12.24
2026-09-27T14:21:53.293+02:00;10134.029621;;100.063;
2026-09-27T14:21:53.295+02:00;10134.031503;10.16;;
2026-09-27T14:21:56.675+02:00;10137.411897;;;12.24
2026-09-27T14:21:56.704+02:00;10137.440901;;100.062;
2026-09-27T14:21:56.706+02:00;10137.442844;10.162;;
2026-09-27T14:22:00.087+02:00;10140.823463;;;12.26
2026-09-27T14:22:00.116+02:00;10140.852489;;100.062;
2026-09-27T14:22:00.118+02:00;10140.854465;10.161;;
2026-09-27T14:22:03.499+02:00;10144.235228;;;12.25
2026-09-27T14:22:03.528+02:00;10144.264228;;100.062;
2026-09-27T14:22:03.530+02:00;10144.266213;10.163;;
2026-09-27T14:22:06.910+02:00;10147.646824;;;12.26
2026-09-27T14:22:06.942+02:00;10147.678721;10.162;100.062;
2026-09-27T14:22:10.322+02:00;10151.058394;;;12.25
2026-09-27T14:22:10.351+02:00;10151.087775;;100.062;
2026-09-27T14:22:10.353+02:00;10151.089669;10.161;;
2026-09-27T14:22:13.734+02:00;10154.470229;;;12.25
2026-09-27T14:22:13.763+02:00;10154.499470;;100.061;
2026-09-27T14:22:13.765+02:00;10154.501348;10.165;;
2026-09-27T14:22:17.145+02:00;10157.882012;;;12.25
2026-09-27T14:22:17.174+02:00;10157.911032;;100.062;
2026-09-27T14:22:17.176+02:00;10157.913116;10.165;;
2026-09-27T14:22:20.557+02:00;10161.293657;;;12.25
2026-09-27T14:22:20.586+02:00;10161.322764;;100.062;
2026-09-27T14:22:20.588+02:00;10161.324740;10.169;;
2026-09-27T14:22:23.969+02:00;10164.705388;;;12.24
2026-09-27T14:22:24.006+02:00;10164.742632;10.17;100.062;
2026-09-27T14:22:27.380+02:00;10168.116943;;;12.24
2026-09-27T14:22:27.410+02:00;10168.146273;;100.062;
2026-09-27T14:22:27.412+02:00;10168.148277;10.171;;
2026-09-27T14:22:30.792+02:00;10171.528787;;;12.26
2026-09-27T14:22:30.821+02:00;10171.557986;;100.061;
2026-09-27T14:22:30.823+02:00;10171.559914;10.17;;
2026-09-27T14:22:34.205+02:00;10174.941590;;;12.26
2026-09-27T14:22:34.234+02:00;10174.970730;;100.062;
2026-09-27T14:22:34.236+02:00;10174.972523;10.17;;
2026-09-27T14:22:37.616+02:00;10178.352308;;;12.26
2026-09-27T14:22:37.645+02:00;10178.381299;;100.062;
2026-09-27T14:22:37.647+02:00;10178.383281;10.17;;
2026-09-27T14:22:41.027+02:00;10181.763911;;;12.26
2026-09-27T14:22:41.064+02:00;10181.800342;10.173;100.061;
2026-09-27T14:22:44.439+02:00;10185.175486;;;12.26
2026-09-27T14:22:44.468+02:00;10185.204916;;100.062;
2026-09-27T14:22:44.470+02:00;10185.206832;10.173;;
2026-09-27T14:22:47.851+02:00;10188.587259;;;12.25
2026-09-27T14:22:47.880+02:00;10188.616608;;100.062;
2026-09-27T14:22:47.883+02:00;10188.619302;10.173;;
2026-09-27T14:22:51.263+02:00;10192.000022;;;12.25
2026-09-27T14:22:51.293+02:00;10192.029587;;100.063;
2026-09-27T14:22:51.295+02:00;10192.032157;10.172;;
2026-09-27T14:22:54.674+02:00;10195.410673;;;12.27
2026-09-27T14:22:54.706+02:00;10195.442924;10.171;100.062;
2026-09-27T14:22:58.086+02:00;10198.822465;;;12.27
2026-09-27T14:22:58.115+02:00;10198.851707;;100.063;
2026-09-27T14:22:58.117+02:00;10198.853610;10.17;;
2026-09-27T14:23:01.497+02:00;10202.234120;;;12.26
2026-09-27T14:23:01.527+02:00;10202.263309;;100.063;
2026-09-27T14:23:01.529+02:00;10202.265244;10.169;;
2026-09-27T14:23:04.909+02:00;10205.645860;;;12.27
2026-09-27T14:23:04.938+02:00;10205.675009;;100.063;
2026-09-27T14:23:04.940+02:00;10205.676983;10.169;;
2026-09-27T14:23:08.322+02:00;10209.058662;;;12.27
2026-09-27T14:23:08.351+02:00;10209.087893;;100.063;
2026-09-27T14:23:08.362+02:00;10209.098809;10.169;;
2026-09-27T14:23:11.733+02:00;10212.469387;;;12.28
2026-09-27T14:23:11.762+02:00;10212.498779;;100.063;
2026-09-27T14:23:11.768+02:00;10212.504745;10.17;;
2026-09-27T14:23:15.144+02:00;10215.880914;;;12.27
2026-09-27T14:23:15.174+02:00;10215.910237;;100.062;
2026-09-27T14:23:15.176+02:00;10215.912277;10.17;;
2026-09-27T14:23:18.556+02:00;10219.292788;;;12.27
2026-09-27T14:23:18.585+02:00;10219.321919;;100.061;
2026-09-27T14:23:18.587+02:00;10219.323895;10.169;;
2026-09-27T14:23:21.968+02:00;10222.704411;;;12.27
2026-09-27T14:23:21.997+02:00;10222.733549;;100.063;
2026-09-27T14:23:21.999+02:00;10222.735494;10.168;;
2026-09-27T14:23:25.380+02:00;10226.117168;;;12.27
2026-09-27T14:23:25.410+02:00;10226.146284;;100.062;
2026-09-27T14:23:25.412+02:00;10226.148267;10.164;;
2026-09-27T14:23:28.791+02:00;10229.527913;;;12.26
2026-09-27T14:23:28.827+02:00;10229.563309;10.165;100.061;
2026-09-27T14:23:32.203+02:00;10232.939520;;;12.27
2026-09-27T14:23:32.232+02:00;10232.968863;;100.062;
2026-09-27T14:23:32.234+02:00;10232.970825;10.169;;
2026-09-27T14:23:35.987+02:00;10236.723490;;;12.27
2026-09-27T14:23:36.023+02:00;10236.759588;10.174;100.062;
2026-09-27T14:23:39.399+02:00;10240.135255;;;12.27
2026-09-27T14:23:39.428+02:00;10240.164833;;100.062;
2026-09-27T14:23:39.432+02:00;10240.168837;10.172;;
2026-09-27T14:23:42.810+02:00;10243.546933;;;12.27
2026-09-27T14:23:42.839+02:00;10243.576168;;100.062;
2026-09-27T14:23:42.841+02:00;10243.578083;10.17;;
2026-09-27T14:23:46.222+02:00;10246.958750;;;12.27
2026-09-27T14:23:46.251+02:00;10246.987858;;100.062;
2026-09-27T14:23:46.253+02:00;10246.989842;10.169;;
2026-09-27T14:23:49.634+02:00;10250.370484;;;12.27
2026-09-27T14:23:49.663+02:00;10250.399492;;100.062;
2026-09-27T14:23:49.665+02:00;10250.401441;10.169;;
2026-09-27T14:23:53.045+02:00;10253.782031;;;12.28
2026-09-27T14:23:53.082+02:00;10253.818889;;100.062;
2026-09-27T14:23:53.084+02:00;10253.820269;10.169;;
2026-09-27T14:23:56.457+02:00;10257.193833;;;12.3
2026-09-27T14:23:56.486+02:00;10257.223141;;100.062;
2026-09-27T14:23:56.489+02:00;10257.225298;10.169;;
2026-09-27T14:23:59.869+02:00;10260.605657;;;12.28
2026-09-27T14:23:59.898+02:00;10260.634872;;100.062;
2026-09-27T14:23:59.909+02:00;10260.645597;10.172;;
2026-09-27T14:24:03.280+02:00;10264.017195;;;12.27
2026-09-27T14:24:03.310+02:00;10264.046418;;100.062;
2026-09-27T14:24:03.312+02:00;10264.048365;10.17;;
2026-09-27T14:24:06.693+02:00;10267.429834;;;12.27
2026-09-27T14:24:06.725+02:00;10267.461947;10.166;100.063;
2026-09-27T14:24:10.104+02:00;10270.840780;;;12.27
2026-09-27T14:24:10.133+02:00;10270.869923;;100.062;
2026-09-27T14:24:10.135+02:00;10270.872114;10.167;;
2026-09-27T14:24:13.516+02:00;10274.252474;;;12.27
2026-09-27T14:24:13.545+02:00;10274.281958;;100.063;
2026-09-27T14:24:13.547+02:00;10274.283768;10.167;;
2026-09-27T14:24:16.927+02:00;10277.664108;;;12.3
2026-09-27T14:24:16.957+02:00;10277.693601;;100.063;
2026-09-27T14:24:16.960+02:00;10277.696889;10.166;;
2026-09-27T14:24:20.339+02:00;10281.075924;;;12.3
2026-09-27T14:24:20.368+02:00;10281.105144;;100.062;
2026-09-27T14:24:20.370+02:00;10281.107081;10.166;;
2026-09-27T14:24:23.751+02:00;10284.487714;;;12.29
2026-09-27T14:24:23.780+02:00;10284.516848;;100.062;
2026-09-27T14:24:23.782+02:00;10284.518828;10.163;;
2026-09-27T14:24:27.163+02:00;10287.899452;;;12.3
2026-09-27T14:24:27.192+02:00;10287.928484;;100.062;
2026-09-27T14:24:27.194+02:00;10287.930434;10.164;;
2026-09-27T14:24:30.575+02:00;10291.311210;;;12.3
2026-09-27T14:24:30.604+02:00;10291.340239;;100.063;
2026-09-27T14:24:30.606+02:00;10291.342219;10.166;;
2026-09-27T14:24:33.986+02:00;10294.722818;;;12.27
2026-09-27T14:24:34.015+02:00;10294.752122;;100.062;
2026-09-27T14:24:34.018+02:00;10294.754378;10.164;;
2026-09-27T14:24:37.398+02:00;10298.134706;;;12.28
2026-09-27T14:24:37.427+02:00;10298.163759;;100.062;
2026-09-27T14:24:37.429+02:00;10298.165618;10.167;;
2026-09-27T14:24:40.810+02:00;10301.546244;;;12.27
2026-09-27T14:24:40.839+02:00;10301.575388;;100.062;
2026-09-27T14:24:40.841+02:00;10301.577481;10.164;;
2026-09-27T14:24:44.221+02:00;10304.958008;;;12.27
2026-09-27T14:24:44.250+02:00;10304.987136;;100.062;
2026-09-27T14:24:44.252+02:00;10304.989133;10.165;;
2026-09-27T14:24:47.633+02:00;10308.369812;;;12.28
2026-09-27T14:24:47.662+02:00;10308.398921;;100.062;
2026-09-27T14:24:47.664+02:00;10308.400885;10.168;;
2026-09-27T14:24:51.045+02:00;10311.781514;;;12.28
2026-09-27T14:24:51.074+02:00;10311.810681;;100.062;
2026-09-27T14:24:51.076+02:00;10311.812491;10.168;;
2026-09-27T14:24:54.456+02:00;10315.193142;;;12.27
2026-09-27T14:24:54.488+02:00;10315.224498;10.172;100.062;
2026-09-27T14:24:57.868+02:00;10318.604858;;;12.28
2026-09-27T14:24:57.897+02:00;10318.634157;;100.062;
2026-09-27T14:24:57.899+02:00;10318.636048;10.173;;
2026-09-27T14:25:01.280+02:00;10322.016707;;;12.28
2026-09-27T14:25:01.309+02:00;10322.045894;;100.063;
2026-09-27T14:25:01.311+02:00;10322.047792;10.172;;
2026-09-27T14:25:04.693+02:00;10325.429429;;;12.27
2026-09-27T14:25:04.722+02:00;10325.458460;;100.063;
2026-09-27T14:25:04.724+02:00;10325.460547;10.174;;
2026-09-27T14:25:08.103+02:00;10328.840072;;;12.27
2026-09-27T14:25:08.133+02:00;10328.869266;;100.062;
2026-09-27T14:25:08.134+02:00;10328.871177;10.176;;
2026-09-27T14:25:11.515+02:00;10332.251826;;;12.27
2026-09-27T14:25:11.544+02:00;10332.280960;;100.062;
2026-09-27T14:25:11.546+02:00;10332.282945;10.176;;
2026-09-27T14:25:14.927+02:00;10335.663631;;;12.28
2026-09-27T14:25:14.969+02:00;10335.706012;10.175;100.062;
2026-09-27T14:25:18.338+02:00;10339.075167;;;12.27
2026-09-27T14:25:18.368+02:00;10339.104479;;100.062;
2026-09-27T14:25:18.370+02:00;10339.106497;10.176;;
2026-09-27T14:25:21.751+02:00;10342.488023;;;12.27
2026-09-27T14:25:21.781+02:00;10342.517255;;100.062;
2026-09-27T14:25:21.782+02:00;10342.519124;10.176;;
2026-09-27T14:25:25.162+02:00;10345.898777;;;12.27
2026-09-27T14:25:25.191+02:00;10345.927908;;100.062;
2026-09-27T14:25:25.193+02:00;10345.929877;10.176;;
2026-09-27T14:25:29.132+02:00;10349.868517;;;12.24
2026-09-27T14:25:29.161+02:00;10349.897794;;100.062;
2026-09-27T14:25:29.163+02:00;10349.899665;10.176;;
2026-09-27T14:25:32.535+02:00;10353.271263;;;12.27
2026-09-27T14:25:32.564+02:00;10353.300500;;100.062;
2026-09-27T14:25:32.566+02:00;10353.302380;10.176;;
2026-09-27T14:25:35.946+02:00;10356.683030;;;12.27
2026-09-27T14:25:35.975+02:00;10356.712190;;100.061;
2026-09-27T14:25:35.977+02:00;10356.714161;10.176;;
2026-09-27T14:25:39.358+02:00;10360.094811;;;12.27
2026-09-27T14:25:39.387+02:00;10360.123935;;100.062;
2026-09-27T14:25:39.389+02:00;10360.125899;10.176;;
2026-09-27T14:25:42.770+02:00;10363.506606;;;12.27
2026-09-27T14:25:42.799+02:00;10363.535722;;100.062;
2026-09-27T14:25:42.801+02:00;10363.537810;10.176;;
2026-09-27T14:25:46.183+02:00;10366.919243;;;12.3
2026-09-27T14:25:46.212+02:00;10366.948623;;100.062;
2026-09-27T14:25:46.214+02:00;10366.950888;10.176;;
2026-09-27T14:25:49.593+02:00;10370.330015;;;12.29
2026-09-27T14:25:49.629+02:00;10370.365478;10.177;100.062;
2026-09-27T14:25:53.005+02:00;10373.741782;;;12.28
2026-09-27T14:25:53.039+02:00;10373.775701;10.176;100.062;
2026-09-27T14:25:56.417+02:00;10377.153394;;;12.27
2026-09-27T14:25:56.446+02:00;10377.182791;;100.062;
2026-09-27T14:25:56.448+02:00;10377.184889;10.177;;
2026-09-27T14:25:59.829+02:00;10380.565238;;;12.27
2026-09-27T14:25:59.858+02:00;10380.594403;;100.062;
2026-09-27T14:25:59.860+02:00;10380.596340;10.176;;
2026-09-27T14:26:03.240+02:00;10383.977007;;;12.27
2026-09-27T14:26:03.269+02:00;10384.006138;;100.062;
2026-09-27T14:26:03.271+02:00;10384.008135;10.177;;
2026-09-27T14:26:06.652+02:00;10387.388764;;;12.28
2026-09-27T14:26:06.683+02:00;10387.420090;10.176;100.062;
2026-09-27T14:26:10.064+02:00;10390.800524;;;12.28
2026-09-27T14:26:10.093+02:00;10390.829706;;100.063;
2026-09-27T14:26:10.095+02:00;10390.831754;10.177;;
2026-09-27T14:26:13.475+02:00;10394.212150;;;12.27
2026-09-27T14:26:13.505+02:00;10394.241289;;100.063;
2026-09-27T14:26:13.507+02:00;10394.243284;10.176;;
2026-09-27T14:26:16.887+02:00;10397.623824;;;12.28
2026-09-27T14:26:16.918+02:00;10397.655000;;100.062;
2026-09-27T14:26:16.919+02:00;10397.655603;10.176;;
2026-09-27T14:26:20.300+02:00;10401.036640;;;12.27
2026-09-27T14:26:20.329+02:00;10401.065944;;100.063;
2026-09-27T14:26:20.331+02:00;10401.067818;10.176;;
2026-09-27T14:26:23.711+02:00;10404.447431;;;12.27
2026-09-27T14:26:23.740+02:00;10404.476702;;100.063;
2026-09-27T14:26:23.742+02:00;10404.478430;10.176;;
2026-09-27T14:26:27.122+02:00;10407.859087;;;12.28
2026-09-27T14:26:27.152+02:00;10407.888204;;100.062;
2026-09-27T14:26:27.153+02:00;10407.890191;10.176;;
2026-09-27T14:26:30.534+02:00;10411.270841;;;12.27
2026-09-27T14:26:30.563+02:00;10411.300012;;100.061;
2026-09-27T14:26:30.565+02:00;10411.301958;10.176;;
2026-09-27T14:26:33.946+02:00;10414.682622;;;12.27
2026-09-27T14:26:33.975+02:00;10414.711749;;100.062;
2026-09-27T14:26:33.977+02:00;10414.713936;10.176;;
2026-09-27T14:26:37.358+02:00;10418.094278;;;12.28
2026-09-27T14:26:37.391+02:00;10418.127282;;100.062;
2026-09-27T14:26:37.391+02:00;10418.127767;10.176;;
2026-09-27T14:26:40.769+02:00;10421.506076;;;12.29
2026-09-27T14:26:40.799+02:00;10421.535289;;100.062;
2026-09-27T14:26:40.801+02:00;10421.537249;10.176;;
2026-09-27T14:26:44.181+02:00;10424.917786;;;12.28
2026-09-27T14:26:44.210+02:00;10424.947011;;100.062;
2026-09-27T14:26:44.212+02:00;10424.948901;10.176;;
2026-09-27T14:26:47.593+02:00;10428.329515;;;12.27
2026-09-27T14:26:47.622+02:00;10428.358754;;100.063;
2026-09-27T14:26:47.624+02:00;10428.360658;10.176;;
2026-09-27T14:26:51.004+02:00;10431.741156;;;12.27
2026-09-27T14:26:51.034+02:00;10431.770302;;100.062;
2026-09-27T14:26:51.036+02:00;10431.772288;10.176;;
2026-09-27T14:26:54.416+02:00;10435.152976;;;12.28
2026-09-27T14:26:54.446+02:00;10435.182348;;100.062;
2026-09-27T14:26:54.457+02:00;10435.193527;10.177;;
2026-09-27T14:26:57.828+02:00;10438.564646;;;12.27
2026-09-27T14:26:57.863+02:00;10438.599595;10.176;100.062;
2026-09-27T14:27:01.240+02:00;10441.976363;;;12.27
2026-09-27T14:27:01.269+02:00;10442.005626;;100.062;
2026-09-27T14:27:01.271+02:00;10442.008033;10.177;;
2026-09-27T14:27:04.651+02:00;10445.388039;;;12.27
2026-09-27T14:27:04.681+02:00;10445.417338;;100.061;
2026-09-27T14:27:04.682+02:00;10445.419176;10.177;;
2026-09-27T14:27:08.063+02:00;10448.799848;;;12.27
2026-09-27T14:27:08.092+02:00;10448.828992;;100.062;
2026-09-27T14:27:08.094+02:00;10448.830973;10.178;;
2026-09-27T14:27:11.475+02:00;10452.211650;;;12.27
2026-09-27T14:27:11.504+02:00;10452.240740;;100.061;
2026-09-27T14:27:11.506+02:00;10452.242735;10.178;;
2026-09-27T14:27:14.887+02:00;10455.623258;;;12.27
2026-09-27T14:27:14.916+02:00;10455.652434;;100.062;
2026-09-27T14:27:14.918+02:00;10455.654362;10.182;;
2026-09-27T14:27:18.298+02:00;10459.035021;;;12.27
2026-09-27T14:27:18.327+02:00;10459.064162;;100.062;
2026-09-27T14:27:18.329+02:00;10459.066138;10.182;;
2026-09-27T14:27:21.710+02:00;10462.446805;;;12.27
2026-09-27T14:27:21.746+02:00;10462.482303;10.186;100.062;
2026-09-27T14:27:25.122+02:00;10465.858451;;;12.27
2026-09-27T14:27:25.155+02:00;10465.891592;10.183;100.062;
2026-09-27T14:27:28.534+02:00;10469.270215;;;12.27
2026-09-27T14:27:28.566+02:00;10469.302539;10.185;100.063;
2026-09-27T14:27:31.945+02:00;10472.681929;;;12.27
2026-09-27T14:27:31.979+02:00;10472.715431;10.188;100.062;
2026-09-27T14:27:35.357+02:00;10476.093656;;;12.26
2026-09-27T14:27:35.387+02:00;10476.123972;;100.062;
2026-09-27T14:27:35.388+02:00;10476.124877;10.189;;
2026-09-27T14:27:38.769+02:00;10479.505293;;;12.27
2026-09-27T14:27:38.798+02:00;10479.534642;;100.061;
2026-09-27T14:27:38.800+02:00;10479.536470;10.187;;
2026-09-27T14:27:42.678+02:00;10483.414864;;;12.25
2026-09-27T14:27:42.707+02:00;10483.444069;;100.062;
2026-09-27T14:27:42.709+02:00;10483.446103;10.188;;
2026-09-27T14:27:46.081+02:00;10486.817646;;;12.27
2026-09-27T14:27:46.110+02:00;10486.846823;;100.062;
2026-09-27T14:27:46.112+02:00;10486.848728;10.19;;
2026-09-27T14:27:49.493+02:00;10490.229373;;;12.27
2026-09-27T14:27:49.522+02:00;10490.258506;;100.062;
2026-09-27T14:27:49.524+02:00;10490.260473;10.191;;
2026-09-27T14:27:52.904+02:00;10493.640996;;;12.27
2026-09-27T14:27:52.933+02:00;10493.670145;;100.063;
2026-09-27T14:27:52.935+02:00;10493.672120;10.191;;
2026-09-27T14:27:56.316+02:00;10497.052791;;;12.27
2026-09-27T14:27:56.345+02:00;10497.081962;;100.062;
2026-09-27T14:27:56.353+02:00;10497.089412;10.193;;
2026-09-27T14:27:59.729+02:00;10500.465527;;;12.27
2026-09-27T14:27:59.758+02:00;10500.494822;;100.062;
2026-09-27T14:27:59.760+02:00;10500.496983;10.193;;
2026-09-27T14:28:03.140+02:00;10503.876291;;;12.27
2026-09-27T14:28:03.169+02:00;10503.905316;;100.062;
2026-09-27T14:28:03.171+02:00;10503.907272;10.193;;
2026-09-27T14:28:07.061+02:00;10507.797711;;;12.26
2026-09-27T14:28:07.099+02:00;10507.835797;10.193;100.061;
2026-09-27T14:28:10.464+02:00;10511.200359;;;12.27
2026-09-27T14:28:10.495+02:00;10511.231352;;100.062;
2026-09-27T14:28:10.498+02:00;10511.235178;10.193;;
2026-09-27T14:28:13.875+02:00;10514.612186;;;12.27
2026-09-27T14:28:13.907+02:00;10514.643552;10.193;100.062;
2026-09-27T14:28:17.287+02:00;10518.023913;;;12.27
2026-09-27T14:28:17.317+02:00;10518.053834;;100.061;
2026-09-27T14:28:17.320+02:00;10518.056861;10.193;;
2026-09-27T14:28:20.700+02:00;10521.436305;;;12.26
2026-09-27T14:28:20.728+02:00;10521.464865;;100.061;
2026-09-27T14:28:20.730+02:00;10521.466736;10.193;;
2026-09-27T14:28:24.111+02:00;10524.847372;;;12.25
2026-09-27T14:28:24.140+02:00;10524.876527;;100.062;
2026-09-27T14:28:24.142+02:00;10524.878470;10.193;;
2026-09-27T14:28:27.522+02:00;10528.259119;;;12.27
2026-09-27T14:28:27.552+02:00;10528.288280;;100.062;
2026-09-27T14:28:27.554+02:00;10528.290238;10.196;;
2026-09-27T14:28:30.934+02:00;10531.670814;;;12.27
2026-09-27T14:28:30.963+02:00;10531.699917;;100.062;
2026-09-27T14:28:30.965+02:00;10531.701901;10.194;;
2026-09-27T14:28:34.346+02:00;10535.082530;;;12.28
2026-09-27T14:28:34.375+02:00;10535.111861;;100.062;
2026-09-27T14:28:34.379+02:00;10535.115780;10.194;;
2026-09-27T14:28:37.758+02:00;10538.494258;;;12.28
2026-09-27T14:28:37.787+02:00;10538.523622;;100.062;
2026-09-27T14:28:37.791+02:00;10538.527400;10.194;;
2026-09-27T14:28:41.169+02:00;10541.906174;;;12.28
2026-09-27T14:28:41.199+02:00;10541.935266;;100.062;
2026-09-27T14:28:41.201+02:00;10541.937310;10.197;;
2026-09-27T14:28:44.581+02:00;10545.317852;;;12.28
2026-09-27T14:28:44.610+02:00;10545.346985;;100.062;
2026-09-27T14:28:44.612+02:00;10545.348946;10.196;;
2026-09-27T14:28:47.993+02:00;10548.729655;;;12.28
2026-09-27T14:28:48.022+02:00;10548.758842;;100.062;
2026-09-27T14:28:48.024+02:00;10548.760733;10.197;;
2026-09-27T14:28:51.405+02:00;10552.141338;;;12.28
2026-09-27T14:28:51.434+02:00;10552.170486;;100.062;
2026-09-27T14:28:51.436+02:00;10552.172444;10.197;;
2026-09-27T14:28:54.816+02:00;10555.553085;;;12.27
2026-09-27T14:28:54.852+02:00;10555.588664;10.194;100.061;
2026-09-27T14:28:58.228+02:00;10558.964811;;;12.27
2026-09-27T14:28:58.257+02:00;10558.994168;;100.062;
2026-09-27T14:28:58.259+02:00;10558.995963;10.194;;
2026-09-27T14:29:01.640+02:00;10562.376933;;;12.26
2026-09-27T14:29:01.669+02:00;10562.405785;;100.062;
2026-09-27T14:29:01.671+02:00;10562.407645;10.196;;
2026-09-27T14:29:05.052+02:00;10565.788263;;;12.27
2026-09-27T14:29:05.081+02:00;10565.817428;;100.062;
2026-09-27T14:29:05.083+02:00;10565.819405;10.195;;
2026-09-27T14:29:08.463+02:00;10569.200027;;;12.29
2026-09-27T14:29:08.492+02:00;10569.229180;;100.062;
2026-09-27T14:29:08.494+02:00;10569.231156;10.195;;
2026-09-27T14:29:11.875+02:00;10572.611815;;;12.29
2026-09-27T14:29:11.904+02:00;10572.640957;;100.062;
2026-09-27T14:29:11.906+02:00;10572.642923;10.195;;
2026-09-27T14:29:15.287+02:00;10576.023485;;;12.28
2026-09-27T14:29:15.317+02:00;10576.053228;;100.062;
2026-09-27T14:29:15.319+02:00;10576.056021;10.197;;
2026-09-27T14:29:18.699+02:00;10579.435329;;;12.29
2026-09-27T14:29:18.728+02:00;10579.464643;;100.062;
2026-09-27T14:29:18.730+02:00;10579.466449;10.196;;
2026-09-27T14:29:22.110+02:00;10582.847110;;;12.29
2026-09-27T14:29:22.140+02:00;10582.876303;;100.062;
2026-09-27T14:29:22.141+02:00;10582.878092;10.195;;
2026-09-27T14:29:25.522+02:00;10586.258766;;;12.28
2026-09-27T14:29:25.551+02:00;10586.287879;;100.061;
2026-09-27T14:29:25.553+02:00;10586.289871;10.196;;
2026-09-27T14:29:28.934+02:00;10589.670491;;;12.27
2026-09-27T14:29:28.963+02:00;10589.699687;;100.063;
2026-09-27T14:29:28.965+02:00;10589.701623;10.195;;
2026-09-27T14:29:32.346+02:00;10593.082255;;;12.28
2026-09-27T14:29:32.380+02:00;10593.116350;10.195;100.062;
2026-09-27T14:29:35.757+02:00;10596.494056;;;12.28
2026-09-27T14:29:35.787+02:00;10596.523640;;100.062;
2026-09-27T14:29:35.791+02:00;10596.527925;10.194;;
2026-09-27T14:29:39.169+02:00;10599.905745;;;12.29
2026-09-27T14:29:39.198+02:00;10599.935095;;100.062;
2026-09-27T14:29:39.202+02:00;10599.938395;10.193;;
2026-09-27T14:29:42.581+02:00;10603.317520;;;12.29
2026-09-27T14:29:42.610+02:00;10603.346735;;100.062;
2026-09-27T14:29:42.612+02:00;10603.348584;10.193;;
2026-09-27T14:29:45.993+02:00;10606.729339;;;12.28
2026-09-27T14:29:46.022+02:00;10606.758381;;100.062;
2026-09-27T14:29:46.024+02:00;10606.760303;10.195;;
2026-09-27T14:29:49.405+02:00;10610.142093;;;12.28
2026-09-27T14:29:49.434+02:00;10610.171109;;100.062;
2026-09-27T14:29:49.436+02:00;10610.173084;10.195;;
2026-09-27T14:29:52.816+02:00;10613.552763;;;12.27
2026-09-27T14:29:52.845+02:00;10613.581869;;100.063;
2026-09-27T14:29:52.847+02:00;10613.583839;10.193;;
2026-09-27T14:29:56.228+02:00;10616.964424;;;12.29
2026-09-27T14:29:56.258+02:00;10616.994884;;100.062;
2026-09-27T14:29:56.259+02:00;10616.995774;10.193;;
2026-09-27T14:29:59.640+02:00;10620.376245;;;12.29
2026-09-27T14:29:59.669+02:00;10620.405405;;100.062;
2026-09-27T14:29:59.671+02:00;10620.407358;10.193;;
2026-09-27T14:30:03.051+02:00;10623.787836;;;12.29
2026-09-27T14:30:03.086+02:00;10623.822840;10.193;100.062;
2026-09-27T14:30:06.463+02:00;10627.199740;;;12.29
2026-09-27T14:30:06.492+02:00;10627.229144;;100.062;
2026-09-27T14:30:06.495+02:00;10627.231532;10.193;;
2026-09-27T14:30:10.429+02:00;10631.165926;;;12.28
2026-09-27T14:30:10.458+02:00;10631.195035;;100.062;
2026-09-27T14:30:10.460+02:00;10631.196925;10.193;;
2026-09-27T14:30:13.832+02:00;10634.568709;;;12.3
2026-09-27T14:30:13.861+02:00;10634.597886;;100.062;
2026-09-27T14:30:13.863+02:00;10634.599701;10.193;;
2026-09-27T14:30:17.244+02:00;10637.980435;;;12.29
2026-09-27T14:30:17.273+02:00;10638.009634;;100.062;
2026-09-27T14:30:17.275+02:00;10638.011685;10.193;;
2026-09-27T14:30:20.655+02:00;10641.392194;;;12.3
2026-09-27T14:30:20.685+02:00;10641.421232;;100.062;
2026-09-27T14:30:20.687+02:00;10641.423211;10.194;;
2026-09-27T14:30:24.067+02:00;10644.803836;;;12.28
2026-09-27T14:30:24.102+02:00;10644.838872;10.195;100.062;
2026-09-27T14:30:27.480+02:00;10648.216530;;;12.3
2026-09-27T14:30:27.512+02:00;10648.249110;10.194;100.061;
2026-09-27T14:30:30.891+02:00;10651.627452;;;12.28
2026-09-27T14:30:30.920+02:00;10651.656691;;100.062;
2026-09-27T14:30:30.922+02:00;10651.658837;10.196;;
2026-09-27T14:30:34.302+02:00;10655.039001;;;12.29
2026-09-27T14:30:34.332+02:00;10655.068255;;100.062;
2026-09-27T14:30:34.333+02:00;10655.070142;10.194;;
2026-09-27T14:30:37.714+02:00;10658.450889;;;12.3
2026-09-27T14:30:37.743+02:00;10658.480132;;100.062;
2026-09-27T14:30:37.745+02:00;10658.482031;10.195;;
2026-09-27T14:30:41.126+02:00;10661.862681;;;12.3
2026-09-27T14:30:41.155+02:00;10661.891726;;100.062;
2026-09-27T14:30:41.157+02:00;10661.893792;10.195;;
2026-09-27T14:30:44.539+02:00;10665.275304;;;12.3
2026-09-27T14:30:44.568+02:00;10665.304456;;100.062;
2026-09-27T14:30:44.570+02:00;10665.306410;10.195;;
2026-09-27T14:30:47.949+02:00;10668.686073;;;12.27
2026-09-27T14:30:47.980+02:00;10668.717147;10.194;100.061;
2026-09-27T14:30:51.361+02:00;10672.097908;;;12.27
2026-09-27T14:30:51.390+02:00;10672.126990;;100.062;
2026-09-27T14:30:51.392+02:00;10672.128955;10.195;;
2026-09-27T14:30:54.773+02:00;10675.509464;;;12.28
2026-09-27T14:30:54.806+02:00;10675.542489;10.195;100.061;
2026-09-27T14:30:58.747+02:00;10679.484067;;;12.26
2026-09-27T14:30:58.777+02:00;10679.513316;;100.062;
2026-09-27T14:30:58.779+02:00;10679.515250;10.193;;
2026-09-27T14:31:02.150+02:00;10682.886999;;;12.27
2026-09-27T14:31:02.179+02:00;10682.916030;;100.062;
2026-09-27T14:31:02.181+02:00;10682.917999;10.193;;
2026-09-27T14:31:05.562+02:00;10686.298638;;;12.28
2026-09-27T14:31:05.591+02:00;10686.327931;;100.063;
2026-09-27T14:31:05.594+02:00;10686.330929;10.196;;
2026-09-27T14:31:08.974+02:00;10689.710324;;;12.28
2026-09-27T14:31:09.004+02:00;10689.740245;;100.062;
2026-09-27T14:31:09.005+02:00;10689.741540;10.196;;
2026-09-27T14:31:12.385+02:00;10693.122159;;;12.29
2026-09-27T14:31:12.415+02:00;10693.151396;;100.063;
2026-09-27T14:31:12.416+02:00;10693.153143;10.195;;
2026-09-27T14:31:15.798+02:00;10696.534812;;;12.3
2026-09-27T14:31:15.827+02:00;10696.563954;;100.062;
2026-09-27T14:31:15.829+02:00;10696.565918;10.196;;
2026-09-27T14:31:19.209+02:00;10699.945612;;;12.3
2026-09-27T14:31:19.238+02:00;10699.974732;;100.063;
2026-09-27T14:31:19.240+02:00;10699.976713;10.193;;
2026-09-27T14:31:22.621+02:00;10703.357329;;;12.28
2026-09-27T14:31:22.650+02:00;10703.386473;;100.062;
2026-09-27T14:31:22.652+02:00;10703.388450;10.194;;
2026-09-27T14:31:26.032+02:00;10706.769073;;;12.28
2026-09-27T14:31:26.062+02:00;10706.798793;;100.061;
2026-09-27T14:31:26.064+02:00;10706.800444;10.194;;
2026-09-27T14:31:29.445+02:00;10710.181242;;;12.29
2026-09-27T14:31:29.473+02:00;10710.210111;;100.062;
2026-09-27T14:31:29.475+02:00;10710.211984;10.197;;
2026-09-27T14:31:32.857+02:00;10713.593503;;;12.3
2026-09-27T14:31:32.886+02:00;10713.622686;;100.062;
2026-09-27T14:31:32.888+02:00;10713.624660;10.195;;
2026-09-27T14:31:36.597+02:00;10717.333692;;;12.3
2026-09-27T14:31:36.628+02:00;10717.365009;10.2;100.062;
2026-09-27T14:31:40.009+02:00;10720.745392;;;12.29
2026-09-27T14:31:40.038+02:00;10720.774589;;100.063;
2026-09-27T14:31:40.040+02:00;10720.776523;10.198;;
2026-09-27T14:31:43.420+02:00;10724.157174;;;12.3
2026-09-27T14:31:43.450+02:00;10724.186327;;100.062;
2026-09-27T14:31:43.452+02:00;10724.188297;10.197;;
2026-09-27T14:31:46.832+02:00;10727.568876;;;12.3
2026-09-27T14:31:46.866+02:00;10727.602677;10.199;100.062;
2026-09-27T14:31:50.244+02:00;10730.980665;;;12.3
2026-09-27T14:31:50.273+02:00;10731.010004;;100.061;
2026-09-27T14:31:50.275+02:00;10731.011860;10.199;;
2026-09-27T14:31:53.656+02:00;10734.392360;;;12.3
2026-09-27T14:31:53.685+02:00;10734.421625;;100.062;
2026-09-27T14:31:53.687+02:00;10734.423472;10.201;;
2026-09-27T14:31:57.067+02:00;10737.804120;;;12.29
2026-09-27T14:31:57.097+02:00;10737.833257;;100.062;
2026-09-27T14:31:57.099+02:00;10737.835244;10.201;;
2026-09-27T14:32:00.479+02:00;10741.215883;;;12.31
2026-09-27T14:32:00.508+02:00;10741.245022;;100.062;
2026-09-27T14:32:00.510+02:00;10741.247107;10.199;;
2026-09-27T14:32:03.891+02:00;10744.627666;;;12.32
2026-09-27T14:32:03.920+02:00;10744.656674;;100.062;
2026-09-27T14:32:03.922+02:00;10744.658632;10.198;;
2026-09-27T14:32:07.302+02:00;10748.039196;;;12.31
2026-09-27T14:32:07.332+02:00;10748.068643;;100.063;
2026-09-27T14:32:07.334+02:00;10748.070880;10.199;;
2026-09-27T14:32:10.714+02:00;10751.450978;;;12.3
2026-09-27T14:32:10.744+02:00;10751.481060;;100.062;
2026-09-27T14:32:10.745+02:00;10751.482181;10.202;;
2026-09-27T14:32:14.126+02:00;10754.862814;;;12.3
2026-09-27T14:32:14.155+02:00;10754.891889;;100.062;
2026-09-27T14:32:14.157+02:00;10754.893786;10.203;;
2026-09-27T14:32:17.538+02:00;10758.274457;;;12.3
2026-09-27T14:32:17.567+02:00;10758.303632;;100.062;
2026-09-27T14:32:17.569+02:00;10758.305575;10.205;;
2026-09-27T14:32:20.951+02:00;10761.687216;;;12.3
2026-09-27T14:32:20.980+02:00;10761.716371;;100.062;
2026-09-27T14:32:20.982+02:00;10761.718331;10.208;;
2026-09-27T14:32:24.361+02:00;10765.097957;;;12.3
2026-09-27T14:32:24.396+02:00;10765.132720;;100.062;
2026-09-27T14:32:24.400+02:00;10765.136605;10.209;;
2026-09-27T14:32:27.773+02:00;10768.509589;;;12.3
2026-09-27T14:32:27.803+02:00;10768.539866;;100.062;
2026-09-27T14:32:27.807+02:00;10768.544056;10.208;;
2026-09-27T14:32:31.185+02:00;10771.921316;;;12.3
2026-09-27T14:32:31.214+02:00;10771.950718;;100.062;
2026-09-27T14:32:31.216+02:00;10771.952920;10.207;;
2026-09-27T14:32:34.596+02:00;10775.333165;;;12.3
2026-09-27T14:32:34.626+02:00;10775.362405;;100.062;
2026-09-27T14:32:34.628+02:00;10775.364255;10.207;;
2026-09-27T14:32:38.009+02:00;10778.745914;;;12.32
2026-09-27T14:32:38.038+02:00;10778.774939;;100.062;
2026-09-27T14:32:38.040+02:00;10778.776918;10.208;;
2026-09-27T14:32:41.420+02:00;10782.156596;;;12.31
2026-09-27T14:32:41.449+02:00;10782.185730;;100.062;
2026-09-27T14:32:41.451+02:00;10782.187674;10.207;;
2026-09-27T14:32:44.832+02:00;10785.568315;;;12.31
2026-09-27T14:32:44.861+02:00;10785.597357;;100.062;
2026-09-27T14:32:44.863+02:00;10785.599317;10.207;;
2026-09-27T14:32:48.243+02:00;10788.979949;;;12.31
2026-09-27T14:32:48.275+02:00;10789.011768;10.208;100.063;
2026-09-27T14:32:51.655+02:00;10792.391673;;;12.32
2026-09-27T14:32:51.693+02:00;10792.429623;10.209;100.062;
2026-09-27T14:32:55.067+02:00;10795.803405;;;12.32
2026-09-27T14:32:55.096+02:00;10795.832810;;100.063;
2026-09-27T14:32:55.098+02:00;10795.834753;10.208;;
2026-09-27T14:32:58.479+02:00;10799.215846;;;12.32
2026-09-27T14:32:58.508+02:00;10799.244383;;100.062;
2026-09-27T14:32:58.510+02:00;10799.246389;10.209;;
2026-09-27T14:33:01.890+02:00;10802.626907;;;12.32
2026-09-27T14:33:01.919+02:00;10802.656056;;100.062;
2026-09-27T14:33:01.921+02:00;10802.658018;10.209;;
2026-09-27T14:33:05.302+02:00;10806.038756;;;12.32
2026-09-27T14:33:05.331+02:00;10806.067814;;100.062;
2026-09-27T14:33:05.333+02:00;10806.069775;10.209;;
2026-09-27T14:33:08.714+02:00;10809.450427;;;12.33
2026-09-27T14:33:08.743+02:00;10809.479445;;100.062;
2026-09-27T14:33:08.745+02:00;10809.481407;10.209;;
2026-09-27T14:33:12.125+02:00;10812.862152;;;12.31
2026-09-27T14:33:12.157+02:00;10812.893895;;100.062;
2026-09-27T14:33:12.158+02:00;10812.894224;10.209;;
2026-09-27T14:33:15.537+02:00;10816.274108;;;12.31
2026-09-27T14:33:15.566+02:00;10816.303092;;100.062;
2026-09-27T14:33:15.568+02:00;10816.304967;10.209;;
2026-09-27T14:33:19.273+02:00;10820.009965;;;12.31
2026-09-27T14:33:19.302+02:00;10820.039113;;100.062;
2026-09-27T14:33:19.304+02:00;10820.041080;10.209;;
2026-09-27T14:33:22.685+02:00;10823.421765;;;12.32
2026-09-27T14:33:22.714+02:00;10823.450907;;100.062;
2026-09-27T14:33:22.716+02:00;10823.452896;10.209;;
2026-09-27T14:33:26.097+02:00;10826.833478;;;12.31
2026-09-27T14:33:26.126+02:00;10826.862691;;100.062;
2026-09-27T14:33:26.128+02:00;10826.864647;10.209;;
2026-09-27T14:33:29.509+02:00;10830.245245;;;12.31
2026-09-27T14:33:29.543+02:00;10830.280172;10.209;100.062;
2026-09-27T14:33:32.920+02:00;10833.656844;;;12.32
2026-09-27T14:33:32.950+02:00;10833.686927;;100.063;
2026-09-27T14:33:32.952+02:00;10833.688601;10.209;;
2026-09-27T14:33:36.332+02:00;10837.068732;;;12.32
2026-09-27T14:33:36.361+02:00;10837.097923;;100.062;
2026-09-27T14:33:36.363+02:00;10837.099821;10.211;;
2026-09-27T14:33:39.744+02:00;10840.480390;;;12.32
2026-09-27T14:33:39.774+02:00;10840.510329;;100.062;
2026-09-27T14:33:39.775+02:00;10840.511700;10.21;;
2026-09-27T14:33:43.544+02:00;10844.281031;;;12.33
2026-09-27T14:33:43.577+02:00;10844.313219;10.212;100.061;
2026-09-27T14:33:46.956+02:00;10847.692681;;;12.34
2026-09-27T14:33:46.985+02:00;10847.721979;;100.063;
2026-09-27T14:33:46.989+02:00;10847.725423;10.211;;
2026-09-27T14:33:50.368+02:00;10851.104499;;;12.32
2026-09-27T14:33:50.397+02:00;10851.133782;;100.062;
2026-09-27T14:33:50.399+02:00;10851.135640;10.211;;
2026-09-27T14:33:53.780+02:00;10854.516261;;;12.34
2026-09-27T14:33:53.809+02:00;10854.545433;;100.062;
2026-09-27T14:33:53.811+02:00;10854.547364;10.211;;
2026-09-27T14:33:57.191+02:00;10857.928039;;;12.32
2026-09-27T14:33:57.220+02:00;10857.957176;;100.062;
2026-09-27T14:33:57.222+02:00;10857.959018;10.213;;
2026-09-27T14:34:00.603+02:00;10861.339815;;;12.32
2026-09-27T14:34:00.632+02:00;10861.368818;;100.061;
2026-09-27T14:34:00.634+02:00;10861.370795;10.213;;
2026-09-27T14:34:04.015+02:00;10864.751408;;;12.31
2026-09-27T14:34:04.049+02:00;10864.785373;;100.062;
2026-09-27T14:34:04.049+02:00;10864.785742;10.215;;
2026-09-27T14:34:07.426+02:00;10868.163126;;;12.32
2026-09-27T14:34:07.456+02:00;10868.192578;;100.062;
2026-09-27T14:34:07.458+02:00;10868.194886;10.216;;
2026-09-27T14:34:10.838+02:00;10871.574745;;;12.32
2026-09-27T14:34:10.867+02:00;10871.604108;;100.062;
2026-09-27T14:34:10.869+02:00;10871.606085;10.219;;
2026-09-27T14:34:14.251+02:00;10874.987626;;;12.3
2026-09-27T14:34:14.280+02:00;10875.016814;;100.062;
2026-09-27T14:34:14.282+02:00;10875.018738;10.217;;
2026-09-27T14:34:17.662+02:00;10878.398367;;;12.32
2026-09-27T14:34:17.691+02:00;10878.427502;;100.062;
2026-09-27T14:34:17.693+02:00;10878.429487;10.218;;
2026-09-27T14:34:21.073+02:00;10881.810020;;;12.34
2026-09-27T14:34:21.102+02:00;10881.839172;;100.062;
2026-09-27T14:34:21.104+02:00;10881.841139;10.219;;
2026-09-27T14:34:24.485+02:00;10885.221805;;;12.33
2026-09-27T14:34:24.514+02:00;10885.250903;;100.062;
2026-09-27T14:34:24.516+02:00;10885.252873;10.22;;
2026-09-27T14:34:27.897+02:00;10888.633390;;;12.33
2026-09-27T14:34:27.932+02:00;10888.668965;10.218;100.062;
2026-09-27T14:34:31.309+02:00;10892.045216;;;12.34
2026-09-27T14:34:31.338+02:00;10892.074463;;100.062;
2026-09-27T14:34:31.340+02:00;10892.076423;10.217;;
2026-09-27T14:34:34.720+02:00;10895.456925;;;12.34
2026-09-27T14:34:34.749+02:00;10895.486192;;100.062;
2026-09-27T14:34:34.751+02:00;10895.488072;10.222;;
2026-09-27T14:34:38.132+02:00;10898.868626;;;12.34
2026-09-27T14:34:38.161+02:00;10898.897929;;100.062;
2026-09-27T14:34:38.163+02:00;10898.899827;10.222;;
2026-09-27T14:34:41.544+02:00;10902.280357;;;12.33
2026-09-27T14:34:41.573+02:00;10902.309513;;100.062;
2026-09-27T14:34:41.575+02:00;10902.311461;10.225;;
2026-09-27T14:34:44.955+02:00;10905.692128;;;12.33
2026-09-27T14:34:44.985+02:00;10905.721265;;100.062;
2026-09-27T14:34:44.987+02:00;10905.723236;10.224;;
2026-09-27T14:34:48.368+02:00;10909.104878;;;12.34
2026-09-27T14:34:48.403+02:00;10909.139833;10.225;100.063;
2026-09-27T14:34:51.779+02:00;10912.515457;;;12.34
2026-09-27T14:34:51.812+02:00;10912.548222;10.223;100.062;
2026-09-27T14:34:55.191+02:00;10915.927233;;;12.34
2026-09-27T14:34:55.220+02:00;10915.956523;;100.062;
2026-09-27T14:34:55.222+02:00;10915.958532;10.224;;
2026-09-27T14:34:58.602+02:00;10919.339041;;;12.34
2026-09-27T14:34:58.632+02:00;10919.368258;;100.063;
2026-09-27T14:34:58.633+02:00;10919.370053;10.222;;
2026-09-27T14:35:02.014+02:00;10922.750737;;;12.32
2026-09-27T14:35:02.043+02:00;10922.779849;;100.061;
2026-09-27T14:35:02.045+02:00;10922.781970;10.224;;
2026-09-27T14:35:05.427+02:00;10926.163450;;;12.32
2026-09-27T14:35:05.456+02:00;10926.192625;;100.062;
2026-09-27T14:35:05.458+02:00;10926.194585;10.223;;
2026-09-27T14:35:08.838+02:00;10929.574217;;;12.32
2026-09-27T14:35:08.867+02:00;10929.603369;;100.063;
2026-09-27T14:35:08.869+02:00;10929.605333;10.221;;
2026-09-27T14:35:12.249+02:00;10932.985965;;;12.33
2026-09-27T14:35:12.282+02:00;10933.018531;10.222;100.062;
2026-09-27T14:35:15.661+02:00;10936.397710;;;12.34
2026-09-27T14:35:15.691+02:00;10936.427216;;100.063;
2026-09-27T14:35:15.692+02:00;10936.429025;10.222;;
2026-09-27T14:35:19.073+02:00;10939.809384;;;12.32
2026-09-27T14:35:19.102+02:00;10939.838652;;100.062;
2026-09-27T14:35:19.104+02:00;10939.840494;10.223;;
2026-09-27T14:35:22.484+02:00;10943.221170;;;12.32
2026-09-27T14:35:22.514+02:00;10943.250310;;100.062;
2026-09-27T14:35:22.516+02:00;10943.252292;10.224;;
2026-09-27T14:35:25.896+02:00;10946.632936;;;12.32
2026-09-27T14:35:25.925+02:00;10946.662093;;100.062;
2026-09-27T14:35:25.927+02:00;10946.664034;10.225;;
2026-09-27T14:35:29.308+02:00;10950.044743;;;12.34
2026-09-27T14:35:29.337+02:00;10950.073854;;100.063;
2026-09-27T14:35:29.339+02:00;10950.075787;10.223;;
2026-09-27T14:35:32.720+02:00;10953.456327;;;12.34
2026-09-27T14:35:32.753+02:00;10953.489546;10.225;100.061;
2026-09-27T14:35:36.131+02:00;10956.868190;;;12.33
2026-09-27T14:35:36.161+02:00;10956.897475;;100.062;
2026-09-27T14:35:36.163+02:00;10956.899822;10.225;;
2026-09-27T14:35:39.543+02:00;10960.279818;;;12.33
2026-09-27T14:35:39.572+02:00;10960.309133;;100.062;
2026-09-27T14:35:39.576+02:00;10960.312527;10.224;;
2026-09-27T14:35:42.955+02:00;10963.691585;;;12.34
2026-09-27T14:35:42.984+02:00;10963.720812;;100.061;
2026-09-27T14:35:42.987+02:00;10963.724092;10.225;;
2026-09-27T14:35:46.367+02:00;10967.103274;;;12.34
2026-09-27T14:35:46.396+02:00;10967.132490;;100.062;
2026-09-27T14:35:46.398+02:00;10967.134373;10.225;;
2026-09-27T14:35:49.778+02:00;10970.514893;;;12.34
2026-09-27T14:35:49.810+02:00;10970.546400;10.225;100.061;
2026-09-27T14:35:53.190+02:00;10973.926912;;;12.34
2026-09-27T14:35:53.219+02:00;10973.955933;;100.061;
2026-09-27T14:35:53.221+02:00;10973.957822;10.225;;
2026-09-27T14:35:56.603+02:00;10977.339450;;;12.34
2026-09-27T14:35:56.632+02:00;10977.368632;;100.061;
2026-09-27T14:35:56.634+02:00;10977.370606;10.225;;
2026-09-27T14:36:00.014+02:00;10980.750257;;;12.34
2026-09-27T14:36:00.043+02:00;10980.779469;;100.061;
2026-09-27T14:36:00.045+02:00;10980.781343;10.225;;
2026-09-27T14:36:03.425+02:00;10984.161856;;;12.32
2026-09-27T14:36:03.454+02:00;10984.191069;;100.062;
2026-09-27T14:36:03.456+02:00;10984.192978;10.225;;
2026-09-27T14:36:06.837+02:00;10987.573610;;;12.34
2026-09-27T14:36:06.866+02:00;10987.602787;;100.062;
2026-09-27T14:36:06.868+02:00;10987.604751;10.226;;
2026-09-27T14:36:10.249+02:00;10990.985394;;;12.34
2026-09-27T14:36:10.278+02:00;10991.014531;;100.061;
2026-09-27T14:36:10.280+02:00;10991.016519;10.225;;
2026-09-27T14:36:13.660+02:00;10994.397149;;;12.33
2026-09-27T14:36:13.690+02:00;10994.426298;;100.061;
2026-09-27T14:36:13.692+02:00;10994.428274;10.226;;
2026-09-27T14:36:17.072+02:00;10997.808794;;;12.34
2026-09-27T14:36:17.104+02:00;10997.840930;10.227;100.062;
2026-09-27T14:36:20.484+02:00;11001.220469;;;12.34
2026-09-27T14:36:20.513+02:00;11001.249935;;100.062;
2026-09-27T14:36:20.515+02:00;11001.251840;10.23;;
2026-09-27T14:36:23.896+02:00;11004.632320;;;12.35
2026-09-27T14:36:23.925+02:00;11004.661599;;100.062;
2026-09-27T14:36:23.927+02:00;11004.663433;10.231;;
2026-09-27T14:36:27.307+02:00;11008.044093;;;12.34
2026-09-27T14:36:27.337+02:00;11008.073300;;100.062;
2026-09-27T14:36:27.339+02:00;11008.075355;10.233;;
2026-09-27T14:36:30.720+02:00;11011.456864;;;12.34
2026-09-27T14:36:30.749+02:00;11011.486038;;100.061;
2026-09-27T14:36:30.751+02:00;11011.487851;10.232;;
2026-09-27T14:36:34.131+02:00;11014.867485;;;12.34
2026-09-27T14:36:34.160+02:00;11014.896650;;100.061;
2026-09-27T14:36:34.162+02:00;11014.898643;10.236;;
2026-09-27T14:36:37.543+02:00;11018.279248;;;12.34
2026-09-27T14:36:37.578+02:00;11018.314363;;100.062;
2026-09-27T14:36:37.578+02:00;11018.314718;10.237;;
2026-09-27T14:36:40.954+02:00;11021.690977;;;12.34
2026-09-27T14:36:40.984+02:00;11021.720398;;100.061;
2026-09-27T14:36:40.986+02:00;11021.722289;10.236;;
2026-09-27T14:36:44.366+02:00;11025.102849;;;12.34
2026-09-27T14:36:44.395+02:00;11025.132019;;100.062;
2026-09-27T14:36:44.397+02:00;11025.133919;10.234;;
2026-09-27T14:36:47.778+02:00;11028.514590;;;12.33
2026-09-27T14:36:47.807+02:00;11028.543625;;100.061;
2026-09-27T14:36:47.809+02:00;11028.545550;10.236;;
2026-09-27T14:36:51.190+02:00;11031.926242;;;12.34
2026-09-27T14:36:51.219+02:00;11031.955422;;100.062;
2026-09-27T14:36:51.221+02:00;11031.957459;10.24;;
2026-09-27T14:36:54.601+02:00;11035.337966;;;12.34
2026-09-27T14:36:54.630+02:00;11035.367109;;100.062;
2026-09-27T14:36:54.632+02:00;11035.369077;10.24;;
2026-09-27T14:36:58.013+02:00;11038.749758;;;12.32
2026-09-27T14:36:58.042+02:00;11038.778877;;100.062;
2026-09-27T14:36:58.044+02:00;11038.780844;10.241;;
2026-09-27T14:37:01.425+02:00;11042.161673;;;12.34
2026-09-27T14:37:01.454+02:00;11042.190676;;100.061;
2026-09-27T14:37:01.456+02:00;11042.193193;10.241;;
2026-09-27T14:37:05.385+02:00;11046.121544;;;12.32
2026-09-27T14:37:05.414+02:00;11046.150786;;100.062;
2026-09-27T14:37:05.416+02:00;11046.152747;10.24;;
2026-09-27T14:37:08.788+02:00;11049.524413;;;12.35
2026-09-27T14:37:08.817+02:00;11049.553597;;100.061;
2026-09-27T14:37:08.819+02:00;11049.555524;10.239;;
2026-09-27T14:37:12.199+02:00;11052.936189;;;12.35
2026-09-27T14:37:12.229+02:00;11052.965317;;100.061;
2026-09-27T14:37:12.231+02:00;11052.967297;10.24;;
2026-09-27T14:37:15.611+02:00;11056.347936;;;12.35
2026-09-27T14:37:15.640+02:00;11056.377098;;100.061;
2026-09-27T14:37:15.643+02:00;11056.379338;10.24;;
2026-09-27T14:37:19.023+02:00;11059.759660;;;12.35
2026-09-27T14:37:19.053+02:00;11059.789767;;100.061;
2026-09-27T14:37:19.054+02:00;11059.790945;10.241;;
2026-09-27T14:37:22.436+02:00;11063.172721;;;12.34
2026-09-27T14:37:22.465+02:00;11063.201764;;100.062;
2026-09-27T14:37:22.467+02:00;11063.203641;10.241;;
2026-09-27T14:37:25.847+02:00;11066.583247;;;12.34
2026-09-27T14:37:25.876+02:00;11066.612459;;100.062;
2026-09-27T14:37:25.878+02:00;11066.614372;10.241;;
2026-09-27T14:37:29.258+02:00;11069.995034;;;12.34
2026-09-27T14:37:29.287+02:00;11070.024165;;100.062;
2026-09-27T14:37:29.289+02:00;11070.026132;10.241;;
2026-09-27T14:37:32.670+02:00;11073.406812;;;12.34
2026-09-27T14:37:32.699+02:00;11073.435878;;100.062;
2026-09-27T14:37:32.701+02:00;11073.437798;10.24;;
2026-09-27T14:37:36.082+02:00;11076.818404;;;12.34
2026-09-27T14:37:36.114+02:00;11076.850294;10.241;100.061;
2026-09-27T14:37:39.494+02:00;11080.231111;;;12.35
2026-09-27T14:37:39.524+02:00;11080.260463;;100.062;
2026-09-27T14:37:39.526+02:00;11080.262498;10.241;;
2026-09-27T14:37:42.905+02:00;11083.641922;;;12.34
2026-09-27T14:37:42.935+02:00;11083.671330;;100.061;
2026-09-27T14:37:42.937+02:00;11083.674029;10.24;;
2026-09-27T14:37:46.880+02:00;11087.617137;;;12.32
2026-09-27T14:37:46.910+02:00;11087.646376;;100.061;
2026-09-27T14:37:46.912+02:00;11087.648359;10.242;;
2026-09-27T14:37:50.283+02:00;11091.020094;;;12.34
2026-09-27T14:37:50.321+02:00;11091.058007;10.241;100.062;
2026-09-27T14:37:53.695+02:00;11094.431845;;;12.36
2026-09-27T14:37:53.729+02:00;11094.465443;10.241;100.062;
2026-09-27T14:37:57.107+02:00;11097.843434;;;12.34
2026-09-27T14:37:57.136+02:00;11097.872842;;100.062;
2026-09-27T14:37:57.138+02:00;11097.874988;10.241;;
2026-09-27T14:38:00.519+02:00;11101.255283;;;12.37
2026-09-27T14:38:00.548+02:00;11101.284502;;100.062;
2026-09-27T14:38:00.550+02:00;11101.286394;10.241;;
2026-09-27T14:38:03.930+02:00;11104.667195;;;12.37
2026-09-27T14:38:03.959+02:00;11104.696195;;100.061;
2026-09-27T14:38:03.961+02:00;11104.698175;10.24;;
2026-09-27T14:38:07.342+02:00;11108.078837;;;12.35
2026-09-27T14:38:07.371+02:00;11108.107967;;100.063;
2026-09-27T14:38:07.373+02:00;11108.109947;10.241;;
2026-09-27T14:38:10.754+02:00;11111.490593;;;12.34
2026-09-27T14:38:10.783+02:00;11111.519799;;100.062;
2026-09-27T14:38:10.796+02:00;11111.532321;10.241;;
2026-09-27T14:38:14.166+02:00;11114.902291;;;12.34
2026-09-27T14:38:14.195+02:00;11114.931684;;100.062;
2026-09-27T14:38:14.198+02:00;11114.934480;10.241;;
2026-09-27T14:38:17.907+02:00;11118.644111;;;12.35
2026-09-27T14:38:17.937+02:00;11118.673269;;100.062;
2026-09-27T14:38:17.939+02:00;11118.675254;10.241;;
2026-09-27T14:38:21.319+02:00;11122.055888;;;12.34
2026-09-27T14:38:21.348+02:00;11122.085033;;100.062;
2026-09-27T14:38:21.350+02:00;11122.087013;10.24;;
2026-09-27T14:38:24.731+02:00;11125.467536;;;12.34
2026-09-27T14:38:24.760+02:00;11125.496722;;100.062;
2026-09-27T14:38:24.762+02:00;11125.498680;10.241;;
2026-09-27T14:38:28.143+02:00;11128.879291;;;12.34
2026-09-27T14:38:28.172+02:00;11128.908432;;100.062;
2026-09-27T14:38:28.181+02:00;11128.917870;10.241;;
2026-09-27T14:38:31.554+02:00;11132.290995;;;12.35
2026-09-27T14:38:31.585+02:00;11132.322020;;100.061;
2026-09-27T14:38:31.590+02:00;11132.326201;10.241;;
2026-09-27T14:38:34.966+02:00;11135.702750;;;12.38
2026-09-27T14:38:34.995+02:00;11135.732099;;100.062;
2026-09-27T14:38:34.997+02:00;11135.734073;10.241;;
2026-09-27T14:38:38.378+02:00;11139.114646;;;12.36
2026-09-27T14:38:38.407+02:00;11139.143816;;100.062;
2026-09-27T14:38:38.409+02:00;11139.145716;10.241;;
2026-09-27T14:38:41.790+02:00;11142.526357;;;12.38
2026-09-27T14:38:41.819+02:00;11142.555528;;100.062;
2026-09-27T14:38:41.821+02:00;11142.557461;10.241;;
2026-09-27T14:38:45.201+02:00;11145.938118;;;12.36
2026-09-27T14:38:45.231+02:00;11145.967273;;100.062;
2026-09-27T14:38:45.233+02:00;11145.969240;10.241;;
2026-09-27T14:38:48.613+02:00;11149.349901;;;12.38
2026-09-27T14:38:48.642+02:00;11149.379093;;100.062;
2026-09-27T14:38:48.644+02:00;11149.381021;10.241;;
2026-09-27T14:38:52.025+02:00;11152.761636;;;12.36
2026-09-27T14:38:52.056+02:00;11152.792328;;100.061;
2026-09-27T14:38:52.056+02:00;11152.792814;10.241;;
2026-09-27T14:38:55.437+02:00;11156.173357;;;12.38
2026-09-27T14:38:55.466+02:00;11156.202659;;100.061;
2026-09-27T14:38:55.468+02:00;11156.204843;10.241;;
2026-09-27T14:38:58.848+02:00;11159.585195;;;12.36
2026-09-27T14:38:58.878+02:00;11159.614447;;100.062;
2026-09-27T14:38:58.880+02:00;11159.616305;10.241;;
2026-09-27T14:39:02.825+02:00;11163.562012;;;12.34
2026-09-27T14:39:02.859+02:00;11163.595444;10.242;100.062;
2026-09-27T14:39:06.228+02:00;11166.964775;;;12.37
2026-09-27T14:39:06.257+02:00;11166.994097;;100.062;
2026-09-27T14:39:06.259+02:00;11166.996138;10.243;;
2026-09-27T14:39:09.640+02:00;11170.376649;;;12.37
2026-09-27T14:39:09.670+02:00;11170.406499;;100.062;
2026-09-27T14:39:09.677+02:00;11170.413899;10.243;;
2026-09-27T14:39:13.052+02:00;11173.788218;;;12.35
2026-09-27T14:39:13.081+02:00;11173.817547;;100.062;
2026-09-27T14:39:13.083+02:00;11173.819727;10.245;;
2026-09-27T14:39:16.463+02:00;11177.200105;;;12.35
2026-09-27T14:39:16.494+02:00;11177.230776;;100.062;
2026-09-27T14:39:16.494+02:00;11177.231151;10.243;;
2026-09-27T14:39:19.875+02:00;11180.611927;;;12.37
2026-09-27T14:39:19.904+02:00;11180.640949;;100.062;
2026-09-27T14:39:19.906+02:00;11180.642934;10.243;;
2026-09-27T14:39:23.287+02:00;11184.023699;;;12.38
2026-09-27T14:39:23.317+02:00;11184.054199;;100.061;
2026-09-27T14:39:23.320+02:00;11184.056656;10.243;;
2026-09-27T14:39:26.699+02:00;11187.435289;;;12.36
2026-09-27T14:39:26.730+02:00;11187.466458;10.247;100.062;
2026-09-27T14:39:30.110+02:00;11190.847037;;;12.37
2026-09-27T14:39:30.145+02:00;11190.881809;10.246;100.062;
2026-09-27T14:39:33.522+02:00;11194.258803;;;12.38
2026-09-27T14:39:33.552+02:00;11194.288362;;100.062;
2026-09-27T14:39:33.557+02:00;11194.293618;10.246;;
2026-09-27T14:39:36.934+02:00;11197.670719;;;12.38
2026-09-27T14:39:36.963+02:00;11197.700064;;100.062;
2026-09-27T14:39:36.965+02:00;11197.701796;10.246;;
2026-09-27T14:39:40.346+02:00;11201.082792;;;12.39
2026-09-27T14:39:40.375+02:00;11201.111523;;100.061;
2026-09-27T14:39:40.377+02:00;11201.113410;10.249;;
2026-09-27T14:39:43.757+02:00;11204.494050;;;12.39
2026-09-27T14:39:43.787+02:00;11204.523200;;100.062;
2026-09-27T14:39:43.789+02:00;11204.525296;10.251;;
2026-09-27T14:39:47.169+02:00;11207.905825;;;12.39
2026-09-27T14:39:47.198+02:00;11207.934957;;100.061;
2026-09-27T14:39:47.200+02:00;11207.936924;10.253;;
2026-09-27T14:39:50.581+02:00;11211.317632;;;12.38
2026-09-27T14:39:50.610+02:00;11211.346735;;100.061;
2026-09-27T14:39:50.612+02:00;11211.348713;10.255;;
2026-09-27T14:39:53.993+02:00;11214.729467;;;12.38
2026-09-27T14:39:54.022+02:00;11214.758372;;100.062;
2026-09-27T14:39:54.024+02:00;11214.760318;10.257;;
2026-09-27T14:39:57.404+02:00;11218.141066;;;12.37
2026-09-27T14:39:57.434+02:00;11218.170264;;100.061;
2026-09-27T14:39:57.436+02:00;11218.172496;10.254;;
2026-09-27T14:40:01.143+02:00;11221.879794;;;12.38
2026-09-27T14:40:01.172+02:00;11221.908911;;100.062;
2026-09-27T14:40:01.174+02:00;11221.910901;10.257;;
2026-09-27T14:40:04.555+02:00;11225.291694;;;12.38
2026-09-27T14:40:04.584+02:00;11225.320706;;100.061;
2026-09-27T14:40:04.586+02:00;11225.322671;10.255;;
2026-09-27T14:40:07.967+02:00;11228.703309;;;12.37
2026-09-27T14:40:07.996+02:00;11228.732432;;100.061;
2026-09-27T14:40:07.998+02:00;11228.734416;10.255;;
2026-09-27T14:40:11.378+02:00;11232.115040;;;12.37
2026-09-27T14:40:11.412+02:00;11232.148952;;100.061;
2026-09-27T14:40:11.415+02:00;11232.151214;10.256;;
2026-09-27T14:40:14.790+02:00;11235.526793;;;12.38
2026-09-27T14:40:14.820+02:00;11235.556493;;100.062;
2026-09-27T14:40:14.821+02:00;11235.558175;10.253;;
2026-09-27T14:40:18.202+02:00;11238.938736;;;12.38
2026-09-27T14:40:18.231+02:00;11238.967839;;100.062;
2026-09-27T14:40:18.233+02:00;11238.969716;10.256;;
2026-09-27T14:40:21.614+02:00;11242.350366;;;12.39
2026-09-27T14:40:21.643+02:00;11242.379620;;100.062;
2026-09-27T14:40:21.645+02:00;11242.381462;10.254;;
2026-09-27T14:40:25.025+02:00;11245.762124;;;12.37
2026-09-27T14:40:25.054+02:00;11245.791140;;100.062;
2026-09-27T14:40:25.056+02:00;11245.793118;10.252;;
2026-09-27T14:40:28.437+02:00;11249.173909;;;12.38
2026-09-27T14:40:28.466+02:00;11249.202915;;100.061;
2026-09-27T14:40:28.468+02:00;11249.204899;10.255;;
2026-09-27T14:40:31.849+02:00;11252.585693;;;12.37
2026-09-27T14:40:31.884+02:00;11252.620909;10.254;100.062;
2026-09-27T14:40:35.261+02:00;11255.997289;;;12.38
2026-09-27T14:40:35.292+02:00;11256.028890;;100.062;
2026-09-27T14:40:35.292+02:00;11256.029162;10.255;;
2026-09-27T14:40:38.672+02:00;11259.408997;;;12.38
2026-09-27T14:40:38.702+02:00;11259.438368;;100.062;
2026-09-27T14:40:38.704+02:00;11259.440311;10.255;;
2026-09-27T14:40:42.084+02:00;11262.820841;;;12.37
2026-09-27T14:40:42.113+02:00;11262.850066;;100.062;
2026-09-27T14:40:42.115+02:00;11262.851966;10.255;;
2026-09-27T14:40:45.496+02:00;11266.232773;;;12.38
2026-09-27T14:40:45.525+02:00;11266.261801;;100.062;
2026-09-27T14:40:45.527+02:00;11266.263604;10.256;;
2026-09-27T14:40:48.908+02:00;11269.644369;;;12.37
2026-09-27T14:40:48.937+02:00;11269.673511;;100.062;
2026-09-27T14:40:48.939+02:00;11269.675627;10.257;;
2026-09-27T14:40:52.319+02:00;11273.056144;;;12.39
2026-09-27T14:40:52.349+02:00;11273.085267;;100.062;
2026-09-27T14:40:52.351+02:00;11273.087261;10.257;;
2026-09-27T14:40:55.731+02:00;11276.467848;;;12.38
2026-09-27T14:40:55.760+02:00;11276.497166;;100.062;
2026-09-27T14:40:55.763+02:00;11276.499596;10.257;;
2026-09-27T14:40:59.143+02:00;11279.879754;;;12.38
2026-09-27T14:40:59.172+02:00;11279.908943;;100.061;
2026-09-27T14:40:59.174+02:00;11279.910815;10.257;;
2026-09-27T14:41:02.555+02:00;11283.291439;;;12.38
2026-09-27T14:41:02.584+02:00;11283.320680;;100.061;
2026-09-27T14:41:02.586+02:00;11283.322685;10.257;;
2026-09-27T14:41:05.967+02:00;11286.703215;;;12.38
2026-09-27T14:41:05.996+02:00;11286.732374;;100.062;
2026-09-27T14:41:05.997+02:00;11286.734192;10.257;;
2026-09-27T14:41:09.378+02:00;11290.114958;;;12.39
2026-09-27T14:41:09.407+02:00;11290.143995;;100.061;
2026-09-27T14:41:09.409+02:00;11290.145971;10.257;;
2026-09-27T14:41:12.790+02:00;11293.526760;;;12.38
2026-09-27T14:41:12.819+02:00;11293.555901;;100.061;
2026-09-27T14:41:12.831+02:00;11293.567966;10.257;;
2026-09-27T14:41:16.202+02:00;11296.938417;;;12.38
2026-09-27T14:41:16.235+02:00;11296.971483;10.257;100.062;
2026-09-27T14:41:19.613+02:00;11300.350160;;;12.38
2026-09-27T14:41:19.643+02:00;11300.379305;;100.061;
2026-09-27T14:41:19.645+02:00;11300.381274;10.259;;
2026-09-27T14:41:23.025+02:00;11303.761885;;;12.37
2026-09-27T14:41:23.055+02:00;11303.791295;;100.062;
2026-09-27T14:41:23.059+02:00;11303.795336;10.257;;
2026-09-27T14:41:26.437+02:00;11307.173655;;;12.38
2026-09-27T14:41:26.466+02:00;11307.203189;;100.062;
2026-09-27T14:41:26.468+02:00;11307.204926;10.26;;
2026-09-27T14:41:29.849+02:00;11310.585444;;;12.37
2026-09-27T14:41:29.878+02:00;11310.614624;;100.062;
2026-09-27T14:41:29.880+02:00;11310.616604;10.261;;
2026-09-27T14:41:33.261+02:00;11313.998189;;;12.38
2026-09-27T14:41:33.297+02:00;11314.034030;10.261;100.062;
2026-09-27T14:41:36.672+02:00;11317.408909;;;12.35
2026-09-27T14:41:36.703+02:00;11317.439859;;100.062;
2026-09-27T14:41:36.703+02:00;11317.440072;10.266;;
2026-09-27T14:41:40.084+02:00;11320.820779;;;12.37
2026-09-27T14:41:40.113+02:00;11320.849895;;100.062;
2026-09-27T14:41:40.115+02:00;11320.851876;10.265;;
2026-09-27T14:41:43.496+02:00;11324.232493;;;12.38
2026-09-27T14:41:43.528+02:00;11324.264299;10.264;100.061;
2026-09-27T14:41:47.287+02:00;11328.023630;;;12.38
2026-09-27T14:41:47.316+02:00;11328.052712;;100.062;
2026-09-27T14:41:47.318+02:00;11328.054924;10.265;;
2026-09-27T14:41:50.699+02:00;11331.435248;;;12.38
2026-09-27T14:41:50.732+02:00;11331.469115;10.261;100.062;
2026-09-27T14:41:54.110+02:00;11334.847013;;;12.38
2026-09-27T14:41:54.141+02:00;11334.877254;;100.062;
2026-09-27T14:41:54.142+02:00;11334.878209;10.26;;
2026-09-27T14:41:57.522+02:00;11338.258849;;;12.38
2026-09-27T14:41:57.551+02:00;11338.288059;;100.061;
2026-09-27T14:41:57.553+02:00;11338.289977;10.26;;
2026-09-27T14:42:00.934+02:00;11341.670657;;;12.38
2026-09-27T14:42:00.963+02:00;11341.699662;;100.061;
2026-09-27T14:42:00.965+02:00;11341.701602;10.26;;
2026-09-27T14:42:04.346+02:00;11345.082242;;;12.38
2026-09-27T14:42:04.375+02:00;11345.111397;;100.062;
2026-09-27T14:42:04.377+02:00;11345.113381;10.262;;
2026-09-27T14:42:07.757+02:00;11348.494021;;;12.38
2026-09-27T14:42:07.786+02:00;11348.523179;;100.061;
2026-09-27T14:42:07.788+02:00;11348.525137;10.26;;
2026-09-27T14:42:11.169+02:00;11351.905789;;;12.38
2026-09-27T14:42:11.200+02:00;11351.936365;;100.061;
2026-09-27T14:42:11.206+02:00;11351.942651;10.262;;
2026-09-27T14:42:14.581+02:00;11355.317494;;;12.38
2026-09-27T14:42:14.611+02:00;11355.347835;;100.062;
2026-09-27T14:42:14.612+02:00;11355.348740;10.263;;
2026-09-27T14:42:17.993+02:00;11358.729326;;;12.37
2026-09-27T14:42:18.022+02:00;11358.758443;;100.062;
2026-09-27T14:42:18.024+02:00;11358.760377;10.264;;
2026-09-27T14:42:21.404+02:00;11362.140943;;;12.36
2026-09-27T14:42:21.433+02:00;11362.170170;;100.062;
2026-09-27T14:42:21.435+02:00;11362.172071;10.266;;
2026-09-27T14:42:24.816+02:00;11365.552870;;;12.38
2026-09-27T14:42:24.845+02:00;11365.581893;;100.062;
2026-09-27T14:42:24.847+02:00;11365.583849;10.265;;
2026-09-27T14:42:28.228+02:00;11368.964481;;;12.37
2026-09-27T14:42:28.257+02:00;11368.993672;;100.062;
2026-09-27T14:42:28.259+02:00;11368.995624;10.268;;
2026-09-27T14:42:31.639+02:00;11372.376190;;;12.37
2026-09-27T14:42:31.669+02:00;11372.405900;;100.062;
2026-09-27T14:42:31.672+02:00;11372.408301;10.271;;
2026-09-27T14:42:35.051+02:00;11375.787962;;;12.38
2026-09-27T14:42:35.081+02:00;11375.817320;;100.062;
2026-09-27T14:42:35.084+02:00;11375.820279;10.272;;
2026-09-27T14:42:38.463+02:00;11379.199840;;;12.39
2026-09-27T14:42:38.492+02:00;11379.229010;;100.062;
2026-09-27T14:42:38.494+02:00;11379.230825;10.271;;
2026-09-27T14:42:41.875+02:00;11382.611581;;;12.38
2026-09-27T14:42:41.904+02:00;11382.640612;;100.062;
2026-09-27T14:42:41.906+02:00;11382.642535;10.271;;
2026-09-27T14:42:45.287+02:00;11386.023338;;;12.39
2026-09-27T14:42:45.316+02:00;11386.052361;;100.063;
2026-09-27T14:42:45.318+02:00;11386.054353;10.272;;
2026-09-27T14:42:48.698+02:00;11389.435074;;;12.39
2026-09-27T14:42:48.731+02:00;11389.467436;10.273;100.062;
2026-09-27T14:42:52.110+02:00;11392.846701;;;12.39
2026-09-27T14:42:52.139+02:00;11392.876022;;100.061;
2026-09-27T14:42:52.141+02:00;11392.878017;10.273;;
2026-09-27T14:42:55.522+02:00;11396.258515;;;12.39
2026-09-27T14:42:55.551+02:00;11396.287790;;100.061;
2026-09-27T14:42:55.553+02:00;11396.289661;10.273;;
2026-09-27T14:42:58.934+02:00;11399.670281;;;12.38
2026-09-27T14:42:58.963+02:00;11399.699424;;100.062;
2026-09-27T14:42:58.965+02:00;11399.701263;10.273;;
2026-09-27T14:43:02.345+02:00;11403.081925;;;12.39
2026-09-27T14:43:02.374+02:00;11403.111053;;100.061;
2026-09-27T14:43:02.376+02:00;11403.113025;10.273;;
2026-09-27T14:43:05.757+02:00;11406.493814;;;12.38
2026-09-27T14:43:05.786+02:00;11406.522846;;100.061;
2026-09-27T14:43:05.788+02:00;11406.524792;10.273;;
2026-09-27T14:43:09.169+02:00;11409.905584;;;12.38
2026-09-27T14:43:09.198+02:00;11409.935054;;100.061;
2026-09-27T14:43:09.211+02:00;11409.947345;10.273;;
2026-09-27T14:43:12.581+02:00;11413.317300;;;12.38
2026-09-27T14:43:12.610+02:00;11413.346802;;100.061;
2026-09-27T14:43:12.617+02:00;11413.353260;10.273;;
2026-09-27T14:43:15.992+02:00;11416.729028;;;12.38
2026-09-27T14:43:16.022+02:00;11416.758733;;100.062;
2026-09-27T14:43:16.024+02:00;11416.760228;10.273;;
2026-09-27T14:43:19.404+02:00;11420.140937;;;12.38
2026-09-27T14:43:19.433+02:00;11420.170006;;100.062;
2026-09-27T14:43:19.435+02:00;11420.171881;10.273;;
2026-09-27T14:43:22.816+02:00;11423.552509;;;12.37
2026-09-27T14:43:22.845+02:00;11423.581691;;100.062;
2026-09-27T14:43:22.847+02:00;11423.583653;10.274;;
2026-09-27T14:43:26.227+02:00;11426.964148;;;12.38
2026-09-27T14:43:26.257+02:00;11426.993321;;100.061;
2026-09-27T14:43:26.259+02:00;11426.995418;10.274;;
2026-09-27T14:43:29.639+02:00;11430.375944;;;12.37
2026-09-27T14:43:29.668+02:00;11430.405100;;100.061;
2026-09-27T14:43:29.670+02:00;11430.407066;10.275;;
2026-09-27T14:43:33.051+02:00;11433.787728;;;12.38
2026-09-27T14:43:33.086+02:00;11433.822493;10.276;100.062;
2026-09-27T14:43:36.463+02:00;11437.199610;;;12.38
2026-09-27T14:43:36.492+02:00;11437.228915;;100.061;
2026-09-27T14:43:36.504+02:00;11437.240877;10.274;;
2026-09-27T14:43:39.876+02:00;11440.612239;;;12.38
2026-09-27T14:43:39.905+02:00;11440.641396;;100.062;
2026-09-27T14:43:39.907+02:00;11440.643470;10.274;;
2026-09-27T14:43:43.286+02:00;11444.023012;;;12.38
2026-09-27T14:43:43.315+02:00;11444.052147;;100.061;
2026-09-27T14:43:43.317+02:00;11444.054120;10.276;;
2026-09-27T14:43:46.698+02:00;11447.434743;;;12.38
2026-09-27T14:43:46.730+02:00;11447.466255;10.276;100.062;
2026-09-27T14:43:50.110+02:00;11450.846501;;;12.38
2026-09-27T14:43:50.140+02:00;11450.876202;;100.062;
2026-09-27T14:43:50.147+02:00;11450.884179;10.275;;
2026-09-27T14:43:53.522+02:00;11454.258236;;;12.38
2026-09-27T14:43:53.551+02:00;11454.287647;;100.062;
2026-09-27T14:43:53.553+02:00;11454.289735;10.28;;
2026-09-27T14:43:56.934+02:00;11457.671024;;;12.38
2026-09-27T14:43:56.964+02:00;11457.700719;;100.063;
2026-09-27T14:43:56.966+02:00;11457.702296;10.28;;
2026-09-27T14:44:00.345+02:00;11461.081680;;;12.41
2026-09-27T14:44:00.374+02:00;11461.110970;;100.062;
2026-09-27T14:44:00.377+02:00;11461.113673;10.282;;
2026-09-27T14:44:03.757+02:00;11464.493508;;;12.4
2026-09-27T14:44:03.786+02:00;11464.522760;;100.061;
2026-09-27T14:44:03.788+02:00;11464.524627;10.281;;
2026-09-27T14:44:07.169+02:00;11467.905250;;;12.39
2026-09-27T14:44:07.198+02:00;11467.934398;;100.061;
2026-09-27T14:44:07.200+02:00;11467.936348;10.283;;
2026-09-27T14:44:11.078+02:00;11471.815010;;;12.38
2026-09-27T14:44:11.107+02:00;11471.844170;;100.062;
2026-09-27T14:44:11.109+02:00;11471.846140;10.283;;
2026-09-27T14:44:14.481+02:00;11475.217925;;;12.39
2026-09-27T14:44:14.510+02:00;11475.247081;;100.062;
2026-09-27T14:44:14.512+02:00;11475.249020;10.284;;
2026-09-27T14:44:17.893+02:00;11478.629712;;;12.39
2026-09-27T14:44:17.922+02:00;11478.658831;;100.062;
2026-09-27T14:44:17.924+02:00;11478.660791;10.287;;
2026-09-27T14:44:21.305+02:00;11482.041446;;;12.39
2026-09-27T14:44:21.334+02:00;11482.070622;;100.062;
2026-09-27T14:44:21.336+02:00;11482.072693;10.286;;
2026-09-27T14:44:24.717+02:00;11485.453215;;;12.38
2026-09-27T14:44:24.747+02:00;11485.483458;;100.062;
2026-09-27T14:44:24.755+02:00;11485.491611;10.287;;
2026-09-27T14:44:28.128+02:00;11488.865046;;;12.38
2026-09-27T14:44:28.157+02:00;11488.894154;;100.062;
2026-09-27T14:44:28.160+02:00;11488.896812;10.287;;
2026-09-27T14:44:31.540+02:00;11492.276772;;;12.39
2026-09-27T14:44:31.569+02:00;11492.305951;;100.062;
2026-09-27T14:44:31.571+02:00;11492.307770;10.288;;
2026-09-27T14:44:35.461+02:00;11496.197909;;;12.36
2026-09-27T14:44:35.490+02:00;11496.227047;;100.062;
2026-09-27T14:44:35.492+02:00;11496.229021;10.289;;
2026-09-27T14:44:38.864+02:00;11499.600806;;;12.38
2026-09-27T14:44:38.893+02:00;11499.629937;;100.061;
2026-09-27T14:44:38.895+02:00;11499.631901;10.289;;
2026-09-27T14:44:42.276+02:00;11503.012592;;;12.38
2026-09-27T14:44:42.305+02:00;11503.041602;;100.063;
2026-09-27T14:44:42.307+02:00;11503.043519;10.289;;
2026-09-27T14:44:45.688+02:00;11506.424302;;;12.39
2026-09-27T14:44:45.723+02:00;11506.459687;10.287;100.062;
2026-09-27T14:44:49.099+02:00;11509.836006;;;12.38
2026-09-27T14:44:49.129+02:00;11509.865368;;100.062;
2026-09-27T14:44:49.131+02:00;11509.867643;10.289;;
2026-09-27T14:44:52.512+02:00;11513.248225;;;12.38
2026-09-27T14:44:52.540+02:00;11513.277093;;100.062;
2026-09-27T14:44:52.542+02:00;11513.278980;10.289;;
2026-09-27T14:44:55.923+02:00;11516.659646;;;12.37
2026-09-27T14:44:55.952+02:00;11516.688838;;100.062;
2026-09-27T14:44:55.954+02:00;11516.690869;10.288;;
2026-09-27T14:44:59.335+02:00;11520.071394;;;12.38
2026-09-27T14:44:59.364+02:00;11520.100415;;100.062;
2026-09-27T14:44:59.366+02:00;11520.102365;10.289;;
2026-09-27T14:45:02.746+02:00;11523.483025;;;12.37
2026-09-27T14:45:02.776+02:00;11523.512219;;100.062;
2026-09-27T14:45:02.777+02:00;11523.514157;10.288;;
2026-09-27T14:45:06.158+02:00;11526.894853;;;12.38
2026-09-27T14:45:06.189+02:00;11526.925752;;100.062;
2026-09-27T14:45:06.195+02:00;11526.932035;10.289;;
2026-09-27T14:45:09.571+02:00;11530.307660;;;12.38
2026-09-27T14:45:09.601+02:00;11530.338158;;100.063;
2026-09-27T14:45:09.610+02:00;11530.347100;10.289;;
2026-09-27T14:45:12.982+02:00;11533.718411;;;12.38
2026-09-27T14:45:13.011+02:00;11533.747879;;100.062;
2026-09-27T14:45:13.013+02:00;11533.749670;10.289;;
2026-09-27T14:45:16.394+02:00;11537.130711;;;12.36
2026-09-27T14:45:16.423+02:00;11537.159470;;100.063;
2026-09-27T14:45:16.425+02:00;11537.161213;10.288;;
2026-09-27T14:45:19.805+02:00;11540.541939;;;12.38
2026-09-27T14:45:19.837+02:00;11540.573881;10.289;100.063;
2026-09-27T14:45:23.217+02:00;11543.953707;;;12.39
2026-09-27T14:45:23.246+02:00;11543.983035;;100.062;
2026-09-27T14:45:23.248+02:00;11543.985152;10.289;;
2026-09-27T14:45:26.630+02:00;11547.366526;;;12.39
2026-09-27T14:45:26.659+02:00;11547.395803;;100.062;
2026-09-27T14:45:26.661+02:00;11547.397662;10.289;;
2026-09-27T14:45:30.041+02:00;11550.777297;;;12.4
2026-09-27T14:45:30.070+02:00;11550.806504;;100.063;
2026-09-27T14:45:30.072+02:00;11550.808416;10.289;;
2026-09-27T14:45:33.452+02:00;11554.189059;;;12.39
2026-09-27T14:45:33.482+02:00;11554.218295;;100.063;
2026-09-27T14:45:33.484+02:00;11554.220277;10.289;;
2026-09-27T14:45:36.864+02:00;11557.600840;;;12.39
2026-09-27T14:45:36.893+02:00;11557.629977;;100.062;
2026-09-27T14:45:36.895+02:00;11557.632082;10.289;;
2026-09-27T14:45:40.276+02:00;11561.012620;;;12.4
2026-09-27T14:45:40.305+02:00;11561.041767;;100.062;
2026-09-27T14:45:40.307+02:00;11561.043750;10.289;;
2026-09-27T14:45:43.688+02:00;11564.424333;;;12.39
2026-09-27T14:45:43.717+02:00;11564.453934;;100.062;
2026-09-27T14:45:43.724+02:00;11564.460332;10.289;;
2026-09-27T14:45:47.099+02:00;11567.835969;;;12.38
2026-09-27T14:45:47.132+02:00;11567.868996;10.289;100.062;
2026-09-27T14:45:50.511+02:00;11571.247714;;;12.4
2026-09-27T14:45:50.542+02:00;11571.278414;;100.062;
2026-09-27T14:45:50.542+02:00;11571.278905;10.289;;
2026-09-27T14:45:53.923+02:00;11574.659576;;;12.38
2026-09-27T14:45:53.952+02:00;11574.688792;;100.062;
2026-09-27T14:45:53.954+02:00;11574.690697;10.289;;
2026-09-27T14:45:57.335+02:00;11578.071315;;;12.41
2026-09-27T14:45:57.364+02:00;11578.100469;;100.062;
2026-09-27T14:45:57.366+02:00;11578.102423;10.29;;
2026-09-27T14:46:00.746+02:00;11581.483081;;;12.4
2026-09-27T14:46:00.776+02:00;11581.512252;;100.061;
2026-09-27T14:46:00.778+02:00;11581.514202;10.29;;
2026-09-27T14:46:04.158+02:00;11584.894867;;;12.4
2026-09-27T14:46:04.187+02:00;11584.924016;;100.062;
2026-09-27T14:46:04.190+02:00;11584.926610;10.291;;
2026-09-27T14:46:07.570+02:00;11588.306593;;;12.41
2026-09-27T14:46:07.599+02:00;11588.335909;;100.062;
2026-09-27T14:46:07.611+02:00;11588.347893;10.29;;
2026-09-27T14:46:10.982+02:00;11591.718369;;;12.42
2026-09-27T14:46:11.016+02:00;11591.753060;;100.061;
2026-09-27T14:46:11.018+02:00;11591.754206;10.291;;
2026-09-27T14:46:14.394+02:00;11595.130238;;;12.41
2026-09-27T14:46:14.423+02:00;11595.159396;;100.061;
2026-09-27T14:46:14.425+02:00;11595.161298;10.294;;
2026-09-27T14:46:17.806+02:00;11598.542939;;;12.41
2026-09-27T14:46:17.835+02:00;11598.572132;;100.062;
2026-09-27T14:46:17.837+02:00;11598.574059;10.295;;
2026-09-27T14:46:21.217+02:00;11601.953728;;;12.4
2026-09-27T14:46:21.246+02:00;11601.982835;;100.062;
2026-09-27T14:46:21.248+02:00;11601.984813;10.295;;
2026-09-27T14:46:25.184+02:00;11605.920770;;;12.38
2026-09-27T14:46:25.213+02:00;11605.950106;;100.062;
2026-09-27T14:46:25.215+02:00;11605.951950;10.298;;
2026-09-27T14:46:28.587+02:00;11609.323702;;;12.39
2026-09-27T14:46:28.616+02:00;11609.352948;;100.062;
2026-09-27T14:46:28.618+02:00;11609.354870;10.296;;
2026-09-27T14:46:31.999+02:00;11612.735497;;;12.4
2026-09-27T14:46:32.028+02:00;11612.764657;;100.062;
2026-09-27T14:46:32.030+02:00;11612.766481;10.297;;
2026-09-27T14:46:35.411+02:00;11616.147258;;;12.4
2026-09-27T14:46:35.440+02:00;11616.176414;;100.062;
2026-09-27T14:46:35.442+02:00;11616.178369;10.299;;
2026-09-27T14:46:38.822+02:00;11619.559043;;;12.4
2026-09-27T14:46:38.851+02:00;11619.588170;;100.062;
2026-09-27T14:46:38.853+02:00;11619.590178;10.301;;
2026-09-27T14:46:42.234+02:00;11622.970821;;;12.4
2026-09-27T14:46:42.263+02:00;11623.000006;;100.062;
2026-09-27T14:46:42.271+02:00;11623.008152;10.298;;
2026-09-27T14:46:45.646+02:00;11626.382495;;;12.4
2026-09-27T14:46:45.676+02:00;11626.412203;;100.062;
2026-09-27T14:46:45.684+02:00;11626.420722;10.3;;
2026-09-27T14:46:49.057+02:00;11629.794142;;;12.41
2026-09-27T14:46:49.087+02:00;11629.823505;;100.062;
2026-09-27T14:46:49.089+02:00;11629.825647;10.301;;
2026-09-27T14:46:52.469+02:00;11633.205951;;;12.43
2026-09-27T14:46:52.499+02:00;11633.235219;;100.063;
2026-09-27T14:46:52.500+02:00;11633.237181;10.302;;
2026-09-27T14:46:55.881+02:00;11636.617781;;;12.43
2026-09-27T14:46:55.910+02:00;11636.646952;;100.062;
2026-09-27T14:46:55.912+02:00;11636.648871;10.302;;
2026-09-27T14:46:59.293+02:00;11640.029674;;;12.44
2026-09-27T14:46:59.322+02:00;11640.058679;;100.062;
2026-09-27T14:46:59.324+02:00;11640.060644;10.304;;
2026-09-27T14:47:02.705+02:00;11643.441297;;;12.41
2026-09-27T14:47:02.734+02:00;11643.470419;;100.061;
2026-09-27T14:47:02.736+02:00;11643.472507;10.304;;
2026-09-27T14:47:06.116+02:00;11646.852967;;;12.42
2026-09-27T14:47:06.146+02:00;11646.882508;;100.061;
2026-09-27T14:47:06.149+02:00;11646.885241;10.302;;
2026-09-27T14:47:09.528+02:00;11650.264793;;;12.4
2026-09-27T14:47:09.561+02:00;11650.297622;10.304;100.062;
2026-09-27T14:47:12.940+02:00;11653.676390;;;12.41
2026-09-27T14:47:12.969+02:00;11653.705778;;100.061;
2026-09-27T14:47:12.971+02:00;11653.707946;10.305;;
2026-09-27T14:47:16.352+02:00;11657.088381;;;12.42
2026-09-27T14:47:16.381+02:00;11657.117477;;100.062;
2026-09-27T14:47:16.383+02:00;11657.119320;10.306;;
2026-09-27T14:47:19.763+02:00;11660.499913;;;12.42
2026-09-27T14:47:19.796+02:00;11660.532771;10.306;100.061;
2026-09-27T14:47:23.175+02:00;11663.911713;;;12.41
2026-09-27T14:47:23.204+02:00;11663.941038;;100.061;
2026-09-27T14:47:23.206+02:00;11663.943002;10.306;;
2026-09-27T14:47:26.587+02:00;11667.323719;;;12.42
2026-09-27T14:47:26.616+02:00;11667.352776;;100.061;
2026-09-27T14:47:26.618+02:00;11667.354678;10.306;;
2026-09-27T14:47:29.999+02:00;11670.735225;;;12.43
2026-09-27T14:47:30.031+02:00;11670.768131;;100.061;
2026-09-27T14:47:30.032+02:00;11670.768515;10.306;;
2026-09-27T14:47:33.411+02:00;11674.148033;;;12.43
2026-09-27T14:47:33.441+02:00;11674.177316;;100.061;
2026-09-27T14:47:33.443+02:00;11674.179244;10.306;;
2026-09-27T14:47:36.822+02:00;11677.558751;;;12.43
2026-09-27T14:47:36.851+02:00;11677.587940;;100.061;
2026-09-27T14:47:36.853+02:00;11677.589827;10.306;;
2026-09-27T14:47:40.234+02:00;11680.970483;;;12.43
2026-09-27T14:47:40.263+02:00;11680.999658;;100.062;
2026-09-27T14:47:40.265+02:00;11681.001725;10.306;;
2026-09-27T14:47:43.646+02:00;11684.382231;;;12.43
2026-09-27T14:47:43.675+02:00;11684.411389;;100.062;
2026-09-27T14:47:43.677+02:00;11684.413341;10.306;;
2026-09-27T14:47:47.057+02:00;11687.793946;;;12.44
2026-09-27T14:47:47.089+02:00;11687.825997;10.306;100.061;
2026-09-27T14:47:50.469+02:00;11691.205723;;;12.43
2026-09-27T14:47:50.498+02:00;11691.235070;;100.062;
2026-09-27T14:47:50.500+02:00;11691.236919;10.307;;
2026-09-27T14:47:53.882+02:00;11694.618921;;;12.42
2026-09-27T14:47:53.910+02:00;11694.646684;;100.062;
2026-09-27T14:47:53.912+02:00;11694.648524;10.306;;
2026-09-27T14:47:57.292+02:00;11698.029181;;;12.41
2026-09-27T14:47:57.322+02:00;11698.058353;;100.062;
2026-09-27T14:47:57.324+02:00;11698.060288;10.306;;
2026-09-27T14:48:00.704+02:00;11701.440956;;;12.41
2026-09-27T14:48:00.733+02:00;11701.470091;;100.062;
2026-09-27T14:48:00.735+02:00;11701.472063;10.307;;
2026-09-27T14:48:04.116+02:00;11704.852749;;;12.41
2026-09-27T14:48:04.145+02:00;11704.881867;;100.063;
2026-09-27T14:48:04.147+02:00;11704.883829;10.306;;
2026-09-27T14:48:07.529+02:00;11708.265428;;;12.41
2026-09-27T14:48:07.559+02:00;11708.295375;;100.062;
2026-09-27T14:48:07.560+02:00;11708.296784;10.306;;
2026-09-27T14:48:10.939+02:00;11711.676144;;;12.42
2026-09-27T14:48:10.969+02:00;11711.705422;;100.061;
2026-09-27T14:48:10.971+02:00;11711.707293;10.306;;
2026-09-27T14:48:14.351+02:00;11715.088018;;;12.41
2026-09-27T14:48:14.380+02:00;11715.117093;;100.062;
2026-09-27T14:48:14.382+02:00;11715.119036;10.308;;
2026-09-27T14:48:17.763+02:00;11718.499679;;;12.41
2026-09-27T14:48:17.792+02:00;11718.528862;;100.061;
2026-09-27T14:48:17.794+02:00;11718.530915;10.308;;
2026-09-27T14:48:21.730+02:00;11722.466366;;;12.39
2026-09-27T14:48:21.761+02:00;11722.497965;10.307;100.061;
2026-09-27T14:48:25.132+02:00;11725.869142;;;12.43
2026-09-27T14:48:25.167+02:00;11725.903584;;100.061;
2026-09-27T14:48:25.171+02:00;11725.907605;10.307;;
2026-09-27T14:48:28.544+02:00;11729.281023;;;12.42
2026-09-27T14:48:28.574+02:00;11729.310260;;100.062;
2026-09-27T14:48:28.576+02:00;11729.312224;10.308;;
2026-09-27T14:48:31.956+02:00;11732.692816;;;12.41
2026-09-27T14:48:31.985+02:00;11732.721985;;100.061;
2026-09-27T14:48:31.987+02:00;11732.724003;10.306;;
2026-09-27T14:48:35.368+02:00;11736.104508;;;12.42
2026-09-27T14:48:35.397+02:00;11736.133681;;100.062;
2026-09-27T14:48:35.399+02:00;11736.135651;10.306;;
2026-09-27T14:48:38.781+02:00;11739.517302;;;12.42
2026-09-27T14:48:38.810+02:00;11739.546438;;100.062;
2026-09-27T14:48:38.812+02:00;11739.548406;10.309;;
2026-09-27T14:48:42.191+02:00;11742.928053;;;12.42
2026-09-27T14:48:42.220+02:00;11742.957194;;100.062;
2026-09-27T14:48:42.222+02:00;11742.959152;10.309;;
2026-09-27T14:48:45.603+02:00;11746.339823;;;12.41
2026-09-27T14:48:45.632+02:00;11746.368985;;100.062;
2026-09-27T14:48:45.645+02:00;11746.382103;10.309;;
2026-09-27T14:48:49.015+02:00;11749.751521;;;12.42
2026-09-27T14:48:49.047+02:00;11749.784073;10.308;100.063;
2026-09-27T14:48:52.427+02:00;11753.163312;;;12.45
2026-09-27T14:48:52.457+02:00;11753.194007;;100.062;
2026-09-27T14:48:52.460+02:00;11753.196457;10.309;;
2026-09-27T14:48:55.838+02:00;11756.575165;;;12.45
2026-09-27T14:48:55.871+02:00;11756.607817;;100.062;
2026-09-27T14:48:55.871+02:00;11756.608114;10.309;;
2026-09-27T14:48:59.250+02:00;11759.986893;;;12.45
2026-09-27T14:48:59.279+02:00;11760.016099;;100.062;
2026-09-27T14:48:59.281+02:00;11760.018150;10.309;;
2026-09-27T14:49:02.662+02:00;11763.398690;;;12.45
2026-09-27T14:49:02.691+02:00;11763.427828;;100.062;
2026-09-27T14:49:02.693+02:00;11763.429790;10.312;;
2026-09-27T14:49:06.074+02:00;11766.810474;;;12.43
2026-09-27T14:49:06.103+02:00;11766.839591;;100.063;
2026-09-27T14:49:06.105+02:00;11766.841516;10.316;;
2026-09-27T14:49:09.485+02:00;11770.222196;;;12.44
2026-09-27T14:49:09.515+02:00;11770.251345;;100.062;
2026-09-27T14:49:09.517+02:00;11770.253323;10.317;;
2026-09-27T14:49:12.898+02:00;11773.634954;;;12.45
2026-09-27T14:49:12.927+02:00;11773.664105;;100.062;
2026-09-27T14:49:12.929+02:00;11773.666188;10.317;;
2026-09-27T14:49:16.309+02:00;11777.045619;;;12.43
2026-09-27T14:49:16.338+02:00;11777.074738;;100.062;
2026-09-27T14:49:16.347+02:00;11777.083951;10.315;;
2026-09-27T14:49:19.721+02:00;11780.457362;;;12.43
2026-09-27T14:49:19.750+02:00;11780.486666;;100.062;
2026-09-27T14:49:19.752+02:00;11780.488504;10.32;;
2026-09-27T14:49:23.132+02:00;11783.869124;;;12.43
2026-09-27T14:49:23.162+02:00;11783.898331;;100.062;
2026-09-27T14:49:23.164+02:00;11783.900263;10.32;;
2026-09-27T14:49:26.544+02:00;11787.280914;;;12.43
2026-09-27T14:49:26.573+02:00;11787.310049;;100.061;
2026-09-27T14:49:26.575+02:00;11787.312027;10.32;;
2026-09-27T14:49:29.956+02:00;11790.692634;;;12.45
2026-09-27T14:49:29.987+02:00;11790.723516;;100.061;
2026-09-27T14:49:29.989+02:00;11790.725735;10.321;;
2026-09-27T14:49:33.368+02:00;11794.104386;;;12.45
2026-09-27T14:49:33.397+02:00;11794.133751;;100.062;
2026-09-27T14:49:33.406+02:00;11794.142282;10.321;;
2026-09-27T14:49:36.779+02:00;11797.516023;;;12.45
2026-09-27T14:49:36.809+02:00;11797.545247;;100.062;
2026-09-27T14:49:36.811+02:00;11797.547320;10.322;;
2026-09-27T14:49:40.191+02:00;11800.927794;;;12.43
2026-09-27T14:49:40.221+02:00;11800.958148;;100.062;
2026-09-27T14:49:40.222+02:00;11800.959041;10.321;;
2026-09-27T14:49:43.603+02:00;11804.339597;;;12.44
2026-09-27T14:49:43.633+02:00;11804.369385;;100.062;
2026-09-27T14:49:43.637+02:00;11804.374077;10.322;;
2026-09-27T14:49:47.015+02:00;11807.751496;;;12.43
2026-09-27T14:49:47.044+02:00;11807.780820;;100.062;
2026-09-27T14:49:47.057+02:00;11807.793432;10.322;;
2026-09-27T14:49:50.426+02:00;11811.163132;;;12.46
2026-09-27T14:49:50.456+02:00;11811.192311;;100.062;
2026-09-27T14:49:50.458+02:00;11811.194394;10.322;;
2026-09-27T14:49:53.838+02:00;11814.574821;;;12.45
2026-09-27T14:49:53.867+02:00;11814.603947;;100.061;
2026-09-27T14:49:53.869+02:00;11814.605898;10.321;;
2026-09-27T14:49:57.250+02:00;11817.986598;;;12.44
2026-09-27T14:49:57.284+02:00;11818.021064;10.322;100.063;
2026-09-27T14:50:00.662+02:00;11821.398356;;;12.45
2026-09-27T14:50:00.691+02:00;11821.427495;;100.063;
2026-09-27T14:50:00.693+02:00;11821.429465;10.322;;
2026-09-27T14:50:04.073+02:00;11824.810093;;;12.45
2026-09-27T14:50:04.109+02:00;11824.846168;10.322;100.063;
2026-09-27T14:50:07.485+02:00;11828.221832;;;12.45
2026-09-27T14:50:07.520+02:00;11828.256845;10.321;100.062;
2026-09-27T14:50:10.897+02:00;11831.633659;;;12.46
2026-09-27T14:50:10.926+02:00;11831.662789;;100.062;
2026-09-27T14:50:10.928+02:00;11831.664781;10.322;;
2026-09-27T14:50:14.629+02:00;11835.366043;;;12.45
2026-09-27T14:50:14.659+02:00;11835.395286;;100.062;
2026-09-27T14:50:14.661+02:00;11835.397360;10.322;;
2026-09-27T14:50:18.041+02:00;11838.777823;;;12.45
2026-09-27T14:50:18.070+02:00;11838.807074;;100.062;
2026-09-27T14:50:18.072+02:00;11838.809040;10.322;;
2026-09-27T14:50:21.453+02:00;11842.189487;;;12.47
2026-09-27T14:50:21.482+02:00;11842.218864;;100.062;
2026-09-27T14:50:21.484+02:00;11842.220958;10.322;;
2026-09-27T14:50:24.865+02:00;11845.601311;;;12.46
2026-09-27T14:50:24.894+02:00;11845.630646;;100.062;
2026-09-27T14:50:24.904+02:00;11845.640958;10.322;;
2026-09-27T14:50:28.276+02:00;11849.013097;;;12.48
2026-09-27T14:50:28.306+02:00;11849.042260;;100.062;
2026-09-27T14:50:28.307+02:00;11849.044113;10.322;;
2026-09-27T14:50:31.688+02:00;11852.424893;;;12.46
2026-09-27T14:50:31.727+02:00;11852.463584;;100.061;
2026-09-27T14:50:31.727+02:00;11852.464186;10.322;;
2026-09-27T14:50:35.101+02:00;11855.837620;;;12.45
2026-09-27T14:50:35.141+02:00;11855.878157;10.322;100.062;
2026-09-27T14:50:38.512+02:00;11859.248414;;;12.45
2026-09-27T14:50:38.541+02:00;11859.277551;;100.062;
2026-09-27T14:50:38.543+02:00;11859.279667;10.322;;
2026-09-27T14:50:41.923+02:00;11862.660150;;;12.45
2026-09-27T14:50:41.961+02:00;11862.697878;10.322;100.062;
2026-09-27T14:50:45.335+02:00;11866.071894;;;12.45
2026-09-27T14:50:45.365+02:00;11866.101207;;100.062;
2026-09-27T14:50:45.373+02:00;11866.110058;10.322;;
2026-09-27T14:50:48.747+02:00;11869.483752;;;12.45
2026-09-27T14:50:48.776+02:00;11869.512795;;100.063;
2026-09-27T14:50:48.790+02:00;11869.526819;10.322;;
2026-09-27T14:50:52.159+02:00;11872.895455;;;12.44
2026-09-27T14:50:52.188+02:00;11872.924508;;100.062;
2026-09-27T14:50:52.190+02:00;11872.926444;10.322;;
2026-09-27T14:50:55.570+02:00;11876.307120;;;12.45
2026-09-27T14:50:55.603+02:00;11876.339952;10.322;100.063;
2026-09-27T14:50:58.982+02:00;11879.718887;;;12.46
2026-09-27T14:50:59.011+02:00;11879.748130;;100.061;
2026-09-27T14:50:59.023+02:00;11879.760066;10.322;;
2026-09-27T14:51:02.903+02:00;11883.639406;;;12.43
2026-09-27T14:51:02.932+02:00;11883.668593;;100.062;
2026-09-27T14:51:02.934+02:00;11883.670530;10.322;;
2026-09-27T14:51:06.305+02:00;11887.042162;;;12.45
2026-09-27T14:51:06.335+02:00;11887.071334;;100.061;
2026-09-27T14:51:06.337+02:00;11887.073299;10.322;;
2026-09-27T14:51:09.717+02:00;11890.453957;;;12.46
2026-09-27T14:51:09.746+02:00;11890.483090;;100.061;
2026-09-27T14:51:09.748+02:00;11890.485099;10.322;;
2026-09-27T14:51:13.640+02:00;11894.376852;;;12.44
2026-09-27T14:51:13.675+02:00;11894.411694;;100.062;
2026-09-27T14:51:13.677+02:00;11894.413858;10.324;;
2026-09-27T14:51:17.043+02:00;11897.779617;;;12.44
2026-09-27T14:51:17.072+02:00;11897.808751;;100.062;
2026-09-27T14:51:17.074+02:00;11897.810840;10.324;;
2026-09-27T14:51:20.455+02:00;11901.191378;;;12.45
2026-09-27T14:51:20.484+02:00;11901.220534;;100.062;
2026-09-27T14:51:20.486+02:00;11901.222709;10.325;;
2026-09-27T14:51:23.866+02:00;11904.603094;;;12.46
2026-09-27T14:51:23.896+02:00;11904.632291;;100.063;
2026-09-27T14:51:23.898+02:00;11904.634276;10.328;;
2026-09-27T14:51:27.278+02:00;11908.015030;;;12.45
2026-09-27T14:51:27.316+02:00;11908.052273;10.327;100.062;
2026-09-27T14:51:30.690+02:00;11911.426792;;;12.44
2026-09-27T14:51:30.719+02:00;11911.455861;;100.062;
2026-09-27T14:51:30.722+02:00;11911.458391;10.332;;
2026-09-27T14:51:34.102+02:00;11914.838419;;;12.45
2026-09-27T14:51:34.131+02:00;11914.867632;;100.062;
2026-09-27T14:51:34.133+02:00;11914.869540;10.33;;
2026-09-27T14:51:37.844+02:00;11918.581101;;;12.44
2026-09-27T14:51:37.874+02:00;11918.610240;;100.061;
2026-09-27T14:51:37.875+02:00;11918.612108;10.334;;
2026-09-27T14:51:41.256+02:00;11921.992759;;;12.44
2026-09-27T14:51:41.285+02:00;11922.021947;;100.061;
2026-09-27T14:51:41.287+02:00;11922.023993;10.335;;
2026-09-27T14:51:45.003+02:00;11925.739257;;;12.45
2026-09-27T14:51:45.032+02:00;11925.768387;;100.062;
2026-09-27T14:51:45.034+02:00;11925.770350;10.337;;
2026-09-27T14:51:48.805+02:00;11929.542077;;;12.45
2026-09-27T14:51:48.834+02:00;11929.571160;;100.061;
2026-09-27T14:51:48.836+02:00;11929.573144;10.336;;
2026-09-27T14:51:52.217+02:00;11932.953815;;;12.47
2026-09-27T14:51:52.246+02:00;11932.982965;;100.062;
2026-09-27T14:51:52.248+02:00;11932.985038;10.337;;
2026-09-27T14:51:55.629+02:00;11936.365546;;;12.45
2026-09-27T14:51:55.658+02:00;11936.394724;;100.063;
2026-09-27T14:51:55.660+02:00;11936.396865;10.337;;
2026-09-27T14:51:59.041+02:00;11939.777315;;;12.46
2026-09-27T14:51:59.079+02:00;11939.816175;10.337;100.062;
2026-09-27T14:52:02.452+02:00;11943.189017;;;12.47
2026-09-27T14:52:02.487+02:00;11943.223487;10.337;100.062;
2026-09-27T14:52:05.864+02:00;11946.600782;;;12.48
2026-09-27T14:52:05.898+02:00;11946.634876;10.335;100.062;
2026-09-27T14:52:09.276+02:00;11950.012670;;;12.48
2026-09-27T14:52:09.305+02:00;11950.041772;;100.062;
2026-09-27T14:52:09.307+02:00;11950.043755;10.338;;
2026-09-27T14:52:12.688+02:00;11953.424325;;;12.47
2026-09-27T14:52:12.717+02:00;11953.454067;;100.062;
2026-09-27T14:52:12.726+02:00;11953.462278;10.338;;
2026-09-27T14:52:16.100+02:00;11956.836235;;;12.45
2026-09-27T14:52:16.134+02:00;11956.871064;;100.063;
2026-09-27T14:52:16.139+02:00;11956.875345;10.337;;
2026-09-27T14:52:19.511+02:00;11960.247938;;;12.45
2026-09-27T14:52:19.540+02:00;11960.276946;;100.062;
2026-09-27T14:52:19.542+02:00;11960.279171;10.338;;
2026-09-27T14:52:22.923+02:00;11963.659737;;;12.47
2026-09-27T14:52:22.952+02:00;11963.688869;;100.063;
2026-09-27T14:52:22.954+02:00;11963.690694;10.337;;
2026-09-27T14:52:26.335+02:00;11967.071483;;;12.47
2026-09-27T14:52:26.369+02:00;11967.105972;10.338;100.062;
2026-09-27T14:52:29.747+02:00;11970.483254;;;12.45
2026-09-27T14:52:29.776+02:00;11970.512518;;100.062;
2026-09-27T14:52:29.778+02:00;11970.514346;10.337;;
2026-09-27T14:52:33.158+02:00;11973.895000;;;12.46
2026-09-27T14:52:33.187+02:00;11973.924142;;100.062;
2026-09-27T14:52:33.190+02:00;11973.926256;10.338;;
2026-09-27T14:52:36.570+02:00;11977.306792;;;12.45
2026-09-27T14:52:36.599+02:00;11977.335921;;100.062;
2026-09-27T14:52:36.601+02:00;11977.337753;10.338;;
2026-09-27T14:52:39.982+02:00;11980.718548;;;12.47
2026-09-27T14:52:40.011+02:00;11980.747709;;100.063;
2026-09-27T14:52:40.013+02:00;11980.749528;10.338;;
2026-09-27T14:52:43.393+02:00;11984.130180;;;12.46
2026-09-27T14:52:43.423+02:00;11984.159387;;100.063;
2026-09-27T14:52:43.425+02:00;11984.161288;10.338;;
2026-09-27T14:52:46.805+02:00;11987.541983;;;12.48
2026-09-27T14:52:46.834+02:00;11987.571097;;100.062;
2026-09-27T14:52:46.836+02:00;11987.573074;10.338;;
2026-09-27T14:52:50.217+02:00;11990.953750;;;12.48
2026-09-27T14:52:50.246+02:00;11990.982865;;100.062;
2026-09-27T14:52:50.248+02:00;11990.984845;10.338;;
2026-09-27T14:52:53.629+02:00;11994.365509;;;12.48
2026-09-27T14:52:53.658+02:00;11994.394652;;100.062;
2026-09-27T14:52:53.660+02:00;11994.396641;10.338;;
2026-09-27T14:52:57.040+02:00;11997.777126;;;12.48
2026-09-27T14:52:57.070+02:00;11997.806317;;100.063;
2026-09-27T14:52:57.072+02:00;11997.808368;10.338;;
2026-09-27T14:53:00.452+02:00;12001.188909;;;12.48
2026-09-27T14:53:00.481+02:00;12001.218034;;100.062;
2026-09-27T14:53:00.483+02:00;12001.220018;10.338;;
2026-09-27T14:53:03.864+02:00;12004.600715;;;12.48
2026-09-27T14:53:03.893+02:00;12004.629814;;100.062;
2026-09-27T14:53:03.895+02:00;12004.631792;10.338;;
2026-09-27T14:53:07.276+02:00;12008.012452;;;12.48
2026-09-27T14:53:07.305+02:00;12008.041648;;100.062;
2026-09-27T14:53:07.307+02:00;12008.043540;10.339;;
2026-09-27T14:53:10.687+02:00;12011.424177;;;12.48
2026-09-27T14:53:10.720+02:00;12011.456648;10.338;100.062;
2026-09-27T14:53:14.099+02:00;12014.835927;;;12.49
2026-09-27T14:53:14.128+02:00;12014.865081;;100.062;
2026-09-27T14:53:14.131+02:00;12014.867301;10.338;;
2026-09-27T14:53:17.511+02:00;12018.247630;;;12.48
2026-09-27T14:53:17.540+02:00;12018.276779;;100.062;
2026-09-27T14:53:17.542+02:00;12018.278699;10.339;;
2026-09-27T14:53:20.923+02:00;12021.659323;;;12.48
2026-09-27T14:53:20.955+02:00;12021.692167;10.338;100.062;
2026-09-27T14:53:24.335+02:00;12025.072007;;;12.48
2026-09-27T14:53:24.365+02:00;12025.101218;;100.061;
2026-09-27T14:53:24.366+02:00;12025.103187;10.338;;
2026-09-27T14:53:27.746+02:00;12028.482822;;;12.47
2026-09-27T14:53:27.783+02:00;12028.519508;10.338;100.061;
2026-09-27T14:53:31.158+02:00;12031.894606;;;12.48
2026-09-27T14:53:31.187+02:00;12031.923649;;100.062;
2026-09-27T14:53:31.189+02:00;12031.925752;10.338;;
2026-09-27T14:53:34.570+02:00;12035.306342;;;12.48
2026-09-27T14:53:34.599+02:00;12035.335391;;100.062;
2026-09-27T14:53:34.601+02:00;12035.337474;10.338;;
2026-09-27T14:53:37.981+02:00;12038.717980;;;12.47
2026-09-27T14:53:38.010+02:00;12038.747175;;100.062;
2026-09-27T14:53:38.012+02:00;12038.749083;10.338;;
2026-09-27T14:53:41.393+02:00;12042.129830;;;12.48
2026-09-27T14:53:41.429+02:00;12042.165674;10.338;100.061;
2026-09-27T14:53:44.805+02:00;12045.541423;;;12.48
2026-09-27T14:53:44.843+02:00;12045.579534;10.339;100.062;
2026-09-27T14:53:48.217+02:00;12048.953220;;;12.48
2026-09-27T14:53:48.261+02:00;12048.997262;10.338;100.062;
2026-09-27T14:53:51.628+02:00;12052.364966;;;12.48
2026-09-27T14:53:51.657+02:00;12052.394146;;100.062;
2026-09-27T14:53:51.659+02:00;12052.395991;10.339;;
2026-09-27T14:53:55.040+02:00;12055.776759;;;12.49
2026-09-27T14:53:55.076+02:00;12055.812869;10.339;100.062;
2026-09-27T14:53:58.452+02:00;12059.188463;;;12.48
2026-09-27T14:53:58.484+02:00;12059.220549;10.338;100.061;
2026-09-27T14:54:01.863+02:00;12062.600052;;;12.48
2026-09-27T14:54:01.895+02:00;12062.631959;10.339;100.062;
2026-09-27T14:54:05.275+02:00;12066.011857;;;12.47
2026-09-27T14:54:05.305+02:00;12066.041411;;100.062;
2026-09-27T14:54:05.307+02:00;12066.043323;10.341;;
2026-09-27T14:54:08.687+02:00;12069.423594;;;12.45
2026-09-27T14:54:08.716+02:00;12069.452942;;100.062;
2026-09-27T14:54:08.718+02:00;12069.454796;10.343;;
2026-09-27T14:54:12.099+02:00;12072.835320;;;12.47
2026-09-27T14:54:12.128+02:00;12072.864770;;100.062;
2026-09-27T14:54:12.130+02:00;12072.866787;10.344;;
2026-09-27T14:54:15.511+02:00;12076.247950;;;12.46
2026-09-27T14:54:15.541+02:00;12076.277672;;100.063;
2026-09-27T14:54:15.543+02:00;12076.279991;10.344;;
2026-09-27T14:54:18.922+02:00;12079.658751;;;12.47
2026-09-27T14:54:18.951+02:00;12079.688043;;100.062;
2026-09-27T14:54:18.954+02:00;12079.690937;10.345;;
2026-09-27T14:54:22.887+02:00;12083.623412;;;12.43
2026-09-27T14:54:22.916+02:00;12083.652437;;100.062;
2026-09-27T14:54:22.918+02:00;12083.654528;10.341;;
2026-09-27T14:54:26.801+02:00;12087.537954;;;12.45
2026-09-27T14:54:26.830+02:00;12087.567149;;100.062;
2026-09-27T14:54:26.832+02:00;12087.569129;10.349;;
2026-09-27T14:54:30.204+02:00;12090.940804;;;12.45
2026-09-27T14:54:30.233+02:00;12090.969959;;100.062;
2026-09-27T14:54:30.235+02:00;12090.971917;10.351;;
2026-09-27T14:54:33.616+02:00;12094.352673;;;12.47
2026-09-27T14:54:33.653+02:00;12094.389953;10.351;100.062;
2026-09-27T14:54:37.028+02:00;12097.764252;;;12.47
2026-09-27T14:54:37.057+02:00;12097.793540;;100.062;
2026-09-27T14:54:37.069+02:00;12097.805733;10.352;;
2026-09-27T14:54:40.439+02:00;12101.175972;;;12.47
2026-09-27T14:54:40.469+02:00;12101.205215;;100.061;
2026-09-27T14:54:40.470+02:00;12101.207184;10.354;;
2026-09-27T14:54:43.851+02:00;12104.587811;;;12.48
2026-09-27T14:54:43.887+02:00;12104.624118;10.352;100.062;
2026-09-27T14:54:47.263+02:00;12107.999592;;;12.48
2026-09-27T14:54:47.302+02:00;12108.038439;10.353;100.062;
2026-09-27T14:54:50.675+02:00;12111.411235;;;12.47
2026-09-27T14:54:50.704+02:00;12111.440479;;100.062;
2026-09-27T14:54:50.706+02:00;12111.442609;10.353;;
2026-09-27T14:54:54.086+02:00;12114.822889;;;12.48
2026-09-27T14:54:54.117+02:00;12114.853747;;100.062;
2026-09-27T14:54:54.119+02:00;12114.856066;10.354;;
2026-09-27T14:54:57.498+02:00;12118.234728;;;12.48
2026-09-27T14:54:57.535+02:00;12118.271670;10.354;100.062;
2026-09-27T14:55:00.910+02:00;12121.646587;;;12.48
2026-09-27T14:55:00.948+02:00;12121.684667;10.354;100.062;
2026-09-27T14:55:04.322+02:00;12125.058211;;;12.47
2026-09-27T14:55:04.362+02:00;12125.098417;10.354;100.062;
2026-09-27T14:55:07.733+02:00;12128.469916;;;12.48
2026-09-27T14:55:07.773+02:00;12128.509631;10.354;100.062;
2026-09-27T14:55:11.145+02:00;12131.881690;;;12.49
2026-09-27T14:55:11.185+02:00;12131.922000;10.353;100.061;
2026-09-27T14:55:14.557+02:00;12135.293409;;;12.48
2026-09-27T14:55:14.586+02:00;12135.322684;;100.061;
2026-09-27T14:55:14.588+02:00;12135.324628;10.353;;
2026-09-27T14:55:17.969+02:00;12138.706136;;;12.47
2026-09-27T14:55:18.008+02:00;12138.744674;10.354;100.061;
2026-09-27T14:55:21.380+02:00;12142.116810;;;12.48
2026-09-27T14:55:21.414+02:00;12142.150665;10.354;100.062;
2026-09-27T14:55:24.792+02:00;12145.528657;;;12.49
2026-09-27T14:55:24.827+02:00;12145.564057;10.354;100.062;
2026-09-27T14:55:28.204+02:00;12148.940329;;;12.48
2026-09-27T14:55:28.233+02:00;12148.969546;;100.061;
2026-09-27T14:55:28.246+02:00;12148.982804;10.354;;
2026-09-27T14:55:31.615+02:00;12152.352074;;;12.48
2026-09-27T14:55:31.645+02:00;12152.381288;;100.062;
2026-09-27T14:55:31.647+02:00;12152.383238;10.354;;
2026-09-27T14:55:35.027+02:00;12155.763880;;;12.49
2026-09-27T14:55:35.063+02:00;12155.799695;10.354;100.062;
2026-09-27T14:55:38.439+02:00;12159.175637;;;12.49
2026-09-27T14:55:38.473+02:00;12159.210198;;100.061;
2026-09-27T14:55:38.474+02:00;12159.210851;10.354;;
2026-09-27T14:55:41.851+02:00;12162.587284;;;12.48
2026-09-27T14:55:41.894+02:00;12162.630845;10.354;100.062;
2026-09-27T14:55:45.262+02:00;12165.998986;;;12.49
2026-09-27T14:55:45.292+02:00;12166.028546;;100.062;
2026-09-27T14:55:45.305+02:00;12166.041492;10.354;;
2026-09-27T14:55:48.674+02:00;12169.410786;;;12.5
2026-09-27T14:55:48.703+02:00;12169.439980;;100.062;
2026-09-27T14:55:48.705+02:00;12169.441912;10.354;;
2026-09-27T14:55:52.087+02:00;12172.823547;;;12.48
2026-09-27T14:55:52.122+02:00;12172.858786;10.354;100.062;
2026-09-27T14:55:55.498+02:00;12176.234302;;;12.48
2026-09-27T14:55:55.527+02:00;12176.263456;;100.062;
2026-09-27T14:55:55.529+02:00;12176.265424;10.354;;
2026-09-27T14:55:58.909+02:00;12179.646074;;;12.49
2026-09-27T14:55:58.947+02:00;12179.683282;10.354;100.062;
2026-09-27T14:56:02.321+02:00;12183.057775;;;12.49
2026-09-27T14:56:02.350+02:00;12183.087143;;100.062;
2026-09-27T14:56:02.359+02:00;12183.095291;10.354;;
2026-09-27T14:56:05.733+02:00;12186.469601;;;12.5
2026-09-27T14:56:05.767+02:00;12186.504119;10.355;100.062;
2026-09-27T14:56:09.145+02:00;12189.881328;;;12.49
2026-09-27T14:56:09.176+02:00;12189.912669;10.355;100.061;
2026-09-27T14:56:12.556+02:00;12193.293015;;;12.49
2026-09-27T14:56:12.597+02:00;12193.333439;10.356;100.062;
2026-09-27T14:56:15.968+02:00;12196.704775;;;12.5
2026-09-27T14:56:15.997+02:00;12196.733871;;100.061;
2026-09-27T14:56:15.999+02:00;12196.735841;10.355;;
2026-09-27T14:56:19.380+02:00;12200.116409;;;12.48
2026-09-27T14:56:19.412+02:00;12200.148906;10.355;100.062;
2026-09-27T14:56:22.792+02:00;12203.528229;;;12.48
2026-09-27T14:56:22.821+02:00;12203.557503;;100.062;
2026-09-27T14:56:22.823+02:00;12203.559515;10.356;;
2026-09-27T14:56:26.203+02:00;12206.939928;;;12.48
2026-09-27T14:56:26.234+02:00;12206.970625;;100.062;
2026-09-27T14:56:26.234+02:00;12206.971113;10.355;;
2026-09-27T14:56:29.615+02:00;12210.351681;;;12.49
2026-09-27T14:56:29.644+02:00;12210.380795;;100.062;
2026-09-27T14:56:29.646+02:00;12210.382756;10.356;;
2026-09-27T14:56:33.027+02:00;12213.763402;;;12.47
2026-09-27T14:56:33.056+02:00;12213.792524;;100.061;
2026-09-27T14:56:33.058+02:00;12213.794488;10.356;;
2026-09-27T14:56:36.438+02:00;12217.175133;;;12.48
2026-09-27T14:56:36.473+02:00;12217.209685;;100.062;
2026-09-27T14:56:36.474+02:00;12217.210362;10.357;;
2026-09-27T14:56:39.850+02:00;12220.586923;;;12.49
2026-09-27T14:56:39.879+02:00;12220.616066;;100.062;
2026-09-27T14:56:39.881+02:00;12220.618049;10.356;;
2026-09-27T14:56:43.262+02:00;12223.998689;;;12.47
2026-09-27T14:56:43.291+02:00;12224.027821;;100.062;
2026-09-27T14:56:43.293+02:00;12224.029782;10.356;;
2026-09-27T14:56:46.674+02:00;12227.410428;;;12.48
2026-09-27T14:56:46.703+02:00;12227.439640;;100.062;
2026-09-27T14:56:46.705+02:00;12227.441542;10.357;;
2026-09-27T14:56:50.086+02:00;12230.822209;;;12.47
2026-09-27T14:56:50.115+02:00;12230.851333;;100.061;
2026-09-27T14:56:50.117+02:00;12230.853298;10.358;;
2026-09-27T14:56:53.497+02:00;12234.233933;;;12.48
2026-09-27T14:56:53.526+02:00;12234.263084;;100.062;
2026-09-27T14:56:53.528+02:00;12234.264964;10.358;;
2026-09-27T14:56:56.909+02:00;12237.645737;;;12.48
2026-09-27T14:56:56.938+02:00;12237.674895;;100.062;
2026-09-27T14:56:56.947+02:00;12237.683530;10.357;;
2026-09-27T14:57:00.322+02:00;12241.058382;;;12.48
2026-09-27T14:57:00.358+02:00;12241.094756;10.357;100.063;
2026-09-27T14:57:04.283+02:00;12245.019452;;;12.45
2026-09-27T14:57:04.312+02:00;12245.048645;;100.062;
2026-09-27T14:57:04.314+02:00;12245.050595;10.358;;
2026-09-27T14:57:07.686+02:00;12248.422343;;;12.47
2026-09-27T14:57:07.715+02:00;12248.451487;;100.062;
2026-09-27T14:57:07.717+02:00;12248.453438;10.358;;
2026-09-27T14:57:11.097+02:00;12251.834116;;;12.48
2026-09-27T14:57:11.127+02:00;12251.863261;;100.063;
2026-09-27T14:57:11.129+02:00;12251.865211;10.358;;
2026-09-27T14:57:14.509+02:00;12255.245865;;;12.48
2026-09-27T14:57:14.538+02:00;12255.274991;;100.062;
2026-09-27T14:57:14.540+02:00;12255.276978;10.359;;
2026-09-27T14:57:17.921+02:00;12258.657662;;;12.47
2026-09-27T14:57:17.950+02:00;12258.686775;;100.062;
2026-09-27T14:57:17.952+02:00;12258.688867;10.36;;
2026-09-27T14:57:21.843+02:00;12262.579675;;;12.48
2026-09-27T14:57:21.880+02:00;12262.616531;10.363;100.062;
2026-09-27T14:57:25.246+02:00;12265.982360;;;12.48
2026-09-27T14:57:25.275+02:00;12266.011535;;100.062;
2026-09-27T14:57:25.277+02:00;12266.013493;10.366;;
2026-09-27T14:57:28.657+02:00;12269.394113;;;12.5
2026-09-27T14:57:28.687+02:00;12269.423272;;100.063;
2026-09-27T14:57:28.689+02:00;12269.425550;10.365;;
2026-09-27T14:57:32.069+02:00;12272.806016;;;12.51
2026-09-27T14:57:32.098+02:00;12272.835049;;100.062;
2026-09-27T14:57:32.100+02:00;12272.837007;10.363;;
2026-09-27T14:57:35.481+02:00;12276.217669;;;12.5
2026-09-27T14:57:35.511+02:00;12276.247483;;100.062;
2026-09-27T14:57:35.519+02:00;12276.255504;10.365;;
2026-09-27T14:57:38.894+02:00;12279.630355;;;12.49
2026-09-27T14:57:38.934+02:00;12279.670253;10.365;100.061;
2026-09-27T14:57:42.304+02:00;12283.041126;;;12.5
2026-09-27T14:57:42.334+02:00;12283.070349;;100.062;
2026-09-27T14:57:42.347+02:00;12283.083929;10.366;;
2026-09-27T14:57:45.716+02:00;12286.452917;;;12.51
2026-09-27T14:57:45.745+02:00;12286.482080;;100.061;
2026-09-27T14:57:45.747+02:00;12286.484091;10.366;;
2026-09-27T14:57:49.128+02:00;12289.864717;;;12.5
2026-09-27T14:57:49.162+02:00;12289.898215;10.366;100.062;
2026-09-27T14:57:52.540+02:00;12293.276394;;;12.5
2026-09-27T14:57:52.574+02:00;12293.310760;10.369;100.062;
2026-09-27T14:57:55.951+02:00;12296.688145;;;12.48
2026-09-27T14:57:55.981+02:00;12296.717594;;100.062;
2026-09-27T14:57:55.991+02:00;12296.727525;10.366;;
2026-09-27T14:57:59.363+02:00;12300.099962;;;12.5
2026-09-27T14:57:59.403+02:00;12300.139500;10.366;100.062;
2026-09-27T14:58:02.775+02:00;12303.511715;;;12.49
2026-09-27T14:58:02.814+02:00;12303.550834;10.365;100.061;
2026-09-27T14:58:06.187+02:00;12306.923309;;;12.48
2026-09-27T14:58:06.216+02:00;12306.952510;;100.061;
2026-09-27T14:58:06.230+02:00;12306.966250;10.367;;
2026-09-27T14:58:09.598+02:00;12310.335123;;;12.48
2026-09-27T14:58:09.628+02:00;12310.364263;;100.062;
2026-09-27T14:58:09.630+02:00;12310.366241;10.367;;
2026-09-27T14:58:13.011+02:00;12313.748008;;;12.48
2026-09-27T14:58:13.040+02:00;12313.777017;;100.062;
2026-09-27T14:58:13.042+02:00;12313.779001;10.365;;
2026-09-27T14:58:16.422+02:00;12317.158685;;;12.49
2026-09-27T14:58:16.451+02:00;12317.187795;;100.062;
2026-09-27T14:58:16.453+02:00;12317.189762;10.369;;
2026-09-27T14:58:19.834+02:00;12320.570406;;;12.49
2026-09-27T14:58:19.863+02:00;12320.599550;;100.062;
2026-09-27T14:58:19.865+02:00;12320.601521;10.365;;
2026-09-27T14:58:23.628+02:00;12324.364538;;;12.51
2026-09-27T14:58:23.657+02:00;12324.393705;;100.062;
2026-09-27T14:58:23.659+02:00;12324.395664;10.367;;
2026-09-27T14:58:27.041+02:00;12327.777311;;;12.5
2026-09-27T14:58:27.070+02:00;12327.806438;;100.063;
2026-09-27T14:58:27.072+02:00;12327.808386;10.367;;
2026-09-27T14:58:30.451+02:00;12331.188069;;;12.49
2026-09-27T14:58:30.480+02:00;12331.217079;;100.062;
2026-09-27T14:58:30.482+02:00;12331.219069;10.37;;
2026-09-27T14:58:33.863+02:00;12334.599729;;;12.49
2026-09-27T14:58:33.892+02:00;12334.628820;;100.062;
2026-09-27T14:58:33.894+02:00;12334.630775;10.367;;
2026-09-27T14:58:37.275+02:00;12338.011450;;;12.49
2026-09-27T14:58:37.316+02:00;12338.052208;10.369;100.062;
2026-09-27T14:58:41.076+02:00;12341.812725;;;12.49
2026-09-27T14:58:41.105+02:00;12341.841844;;100.061;
2026-09-27T14:58:41.107+02:00;12341.843852;10.37;;
2026-09-27T14:58:44.488+02:00;12345.224482;;;12.5
2026-09-27T14:58:44.517+02:00;12345.253661;;100.062;
2026-09-27T14:58:44.519+02:00;12345.255614;10.369;;
2026-09-27T14:58:47.900+02:00;12348.636219;;;12.51
2026-09-27T14:58:47.929+02:00;12348.665368;;100.063;
2026-09-27T14:58:47.931+02:00;12348.668035;10.369;;
2026-09-27T14:58:51.311+02:00;12352.047982;;;12.52
2026-09-27T14:58:51.340+02:00;12352.077125;;100.062;
2026-09-27T14:58:51.342+02:00;12352.079093;10.37;;
2026-09-27T14:58:54.723+02:00;12355.459777;;;12.52
2026-09-27T14:58:54.752+02:00;12355.488953;;100.062;
2026-09-27T14:58:54.754+02:00;12355.490873;10.37;;
2026-09-27T14:58:58.135+02:00;12358.871507;;;12.52
2026-09-27T14:58:58.164+02:00;12358.900676;;100.062;
2026-09-27T14:58:58.166+02:00;12358.902635;10.37;;
2026-09-27T14:59:01.547+02:00;12362.283266;;;12.52
2026-09-27T14:59:01.576+02:00;12362.312397;;100.061;
2026-09-27T14:59:01.578+02:00;12362.314367;10.37;;
2026-09-27T14:59:04.958+02:00;12365.694991;;;12.52
2026-09-27T14:59:04.990+02:00;12365.727193;10.37;100.062;
2026-09-27T14:59:08.370+02:00;12369.106811;;;12.52
2026-09-27T14:59:08.402+02:00;12369.138949;10.37;100.062;
2026-09-27T14:59:11.782+02:00;12372.518544;;;12.51
2026-09-27T14:59:11.811+02:00;12372.547735;;100.062;
2026-09-27T14:59:11.813+02:00;12372.549672;10.37;;
2026-09-27T14:59:15.194+02:00;12375.930288;;;12.52
2026-09-27T14:59:15.232+02:00;12375.968875;10.371;100.062;
2026-09-27T14:59:18.605+02:00;12379.342042;;;12.52
2026-09-27T14:59:18.635+02:00;12379.371207;;100.061;
2026-09-27T14:59:18.637+02:00;12379.373375;10.37;;
2026-09-27T14:59:22.017+02:00;12382.753803;;;12.52
2026-09-27T14:59:22.054+02:00;12382.790620;10.371;100.062;
2026-09-27T14:59:25.429+02:00;12386.165624;;;12.51
2026-09-27T14:59:25.459+02:00;12386.195268;;100.062;
2026-09-27T14:59:25.467+02:00;12386.204095;10.371;;
2026-09-27T14:59:28.841+02:00;12389.577268;;;12.51
2026-09-27T14:59:28.870+02:00;12389.606602;;100.062;
2026-09-27T14:59:28.887+02:00;12389.623827;10.37;;
2026-09-27T14:59:32.252+02:00;12392.988962;;;12.5
2026-09-27T14:59:32.281+02:00;12393.018118;;100.062;
2026-09-27T14:59:32.284+02:00;12393.020229;10.37;;
2026-09-27T14:59:35.664+02:00;12396.400779;;;12.5
2026-09-27T14:59:35.694+02:00;12396.430933;;100.061;
2026-09-27T14:59:35.703+02:00;12396.439942;10.37;;
2026-09-27T14:59:39.076+02:00;12399.812540;;;12.52
2026-09-27T14:59:39.114+02:00;12399.850749;10.371;100.061;
2026-09-27T14:59:42.488+02:00;12403.224350;;;12.51
2026-09-27T14:59:42.527+02:00;12403.263231;10.372;100.062;
2026-09-27T14:59:45.899+02:00;12406.636004;;;12.52
2026-09-27T14:59:45.928+02:00;12406.665153;;100.062;
2026-09-27T14:59:45.931+02:00;12406.667268;10.372;;
2026-09-27T14:59:49.311+02:00;12410.047912;;;12.52
2026-09-27T14:59:49.352+02:00;12410.088621;10.375;100.062;
2026-09-27T14:59:52.723+02:00;12413.459530;;;12.52
2026-09-27T14:59:52.752+02:00;12413.488721;;100.062;
2026-09-27T14:59:52.754+02:00;12413.490669;10.375;;
2026-09-27T14:59:56.135+02:00;12416.871413;;;12.52
2026-09-27T14:59:56.170+02:00;12416.906628;;100.062;
2026-09-27T14:59:56.171+02:00;12416.907241;10.373;;
2026-09-27T14:59:59.547+02:00;12420.284181;;;12.52
2026-09-27T14:59:59.577+02:00;12420.313266;;100.063;
2026-09-27T14:59:59.579+02:00;12420.315314;10.374;;
2026-09-27T15:00:02.958+02:00;12423.694946;;;12.52
2026-09-27T15:00:02.987+02:00;12423.723958;;100.061;
2026-09-27T15:00:02.989+02:00;12423.725947;10.374;;
2026-09-27T15:00:06.370+02:00;12427.106546;;;12.52
2026-09-27T15:00:06.408+02:00;12427.144613;10.374;100.062;
2026-09-27T15:00:09.782+02:00;12430.518335;;;12.52
2026-09-27T15:00:09.811+02:00;12430.547503;;100.062;
2026-09-27T15:00:09.813+02:00;12430.549466;10.375;;
2026-09-27T15:00:13.193+02:00;12433.930091;;;12.52
2026-09-27T15:00:13.223+02:00;12433.959229;;100.062;
2026-09-27T15:00:13.225+02:00;12433.961343;10.376;;
2026-09-27T15:00:16.606+02:00;12437.342863;;;12.51
2026-09-27T15:00:16.635+02:00;12437.372001;;100.062;
2026-09-27T15:00:16.637+02:00;12437.373973;10.379;;
2026-09-27T15:00:20.017+02:00;12440.753653;;;12.51
2026-09-27T15:00:20.046+02:00;12440.782828;;100.063;
2026-09-27T15:00:20.048+02:00;12440.784755;10.379;;
2026-09-27T15:00:23.429+02:00;12444.165370;;;12.52
2026-09-27T15:00:23.458+02:00;12444.194523;;100.062;
2026-09-27T15:00:23.460+02:00;12444.196476;10.378;;
2026-09-27T15:00:26.840+02:00;12447.577119;;;12.51
2026-09-27T15:00:26.870+02:00;12447.606274;;100.062;
2026-09-27T15:00:26.872+02:00;12447.608383;10.38;;
2026-09-27T15:00:30.252+02:00;12450.988907;;;12.5
2026-09-27T15:00:30.281+02:00;12451.018061;;100.063;
2026-09-27T15:00:30.283+02:00;12451.020037;10.378;;
2026-09-27T15:00:33.664+02:00;12454.400702;;;12.52
2026-09-27T15:00:33.693+02:00;12454.429848;;100.062;
2026-09-27T15:00:33.695+02:00;12454.431768;10.379;;
2026-09-27T15:00:37.076+02:00;12457.812409;;;12.51
2026-09-27T15:00:37.108+02:00;12457.845186;;100.062;
2026-09-27T15:00:37.113+02:00;12457.849607;10.38;;
2026-09-27T15:00:40.487+02:00;12461.224097;;;12.51
2026-09-27T15:00:40.521+02:00;12461.258142;;100.062;
2026-09-27T15:00:40.523+02:00;12461.259610;10.382;;
2026-09-27T15:00:43.899+02:00;12464.635764;;;12.52
2026-09-27T15:00:43.935+02:00;12464.672186;10.383;100.063;
2026-09-27T15:00:47.311+02:00;12468.047524;;;12.52
2026-09-27T15:00:47.345+02:00;12468.081922;10.382;100.062;
2026-09-27T15:00:50.724+02:00;12471.460333;;;12.52
2026-09-27T15:00:50.753+02:00;12471.489507;;100.062;
2026-09-27T15:00:50.755+02:00;12471.491657;10.383;;
2026-09-27T15:00:54.134+02:00;12474.871045;;;12.53
2026-09-27T15:00:54.164+02:00;12474.900255;;100.062;
2026-09-27T15:00:54.166+02:00;12474.902222;10.384;;
2026-09-27T15:00:57.546+02:00;12478.282807;;;12.55
2026-09-27T15:00:57.582+02:00;12478.318216;10.386;100.061;
2026-09-27T15:01:01.333+02:00;12482.069884;;;12.52
2026-09-27T15:01:01.362+02:00;12482.099026;;100.063;
2026-09-27T15:01:01.364+02:00;12482.101006;10.386;;
2026-09-27T15:01:04.745+02:00;12485.481774;;;12.54
2026-09-27T15:01:04.774+02:00;12485.510798;;100.062;
2026-09-27T15:01:04.776+02:00;12485.512644;10.386;;
2026-09-27T15:01:08.157+02:00;12488.893392;;;12.53
2026-09-27T15:01:08.186+02:00;12488.922595;;100.062;
2026-09-27T15:01:08.188+02:00;12488.924642;10.387;;
2026-09-27T15:01:11.568+02:00;12492.305153;;;12.55
2026-09-27T15:01:11.598+02:00;12492.334314;;100.062;
2026-09-27T15:01:11.600+02:00;12492.336277;10.386;;
2026-09-27T15:01:14.980+02:00;12495.716994;;;12.53
2026-09-27T15:01:15.009+02:00;12495.746057;;100.063;
2026-09-27T15:01:15.011+02:00;12495.748176;10.388;;
2026-09-27T15:01:18.392+02:00;12499.128659;;;12.52
2026-09-27T15:01:18.421+02:00;12499.157838;;100.061;
2026-09-27T15:01:18.423+02:00;12499.159809;10.388;;
2026-09-27T15:01:21.805+02:00;12502.541423;;;12.52
2026-09-27T15:01:21.835+02:00;12502.571527;;100.062;
2026-09-27T15:01:21.844+02:00;12502.580253;10.388;;
2026-09-27T15:01:25.216+02:00;12505.952221;;;12.55
2026-09-27T15:01:25.248+02:00;12505.984783;10.387;100.062;
2026-09-27T15:01:28.627+02:00;12509.363933;;;12.54
2026-09-27T15:01:28.657+02:00;12509.393406;;100.063;
2026-09-27T15:01:28.670+02:00;12509.406600;10.391;;
2026-09-27T15:01:32.039+02:00;12512.775687;;;12.53
2026-09-27T15:01:32.068+02:00;12512.804860;;100.062;
2026-09-27T15:01:32.070+02:00;12512.806828;10.389;;
2026-09-27T15:01:35.451+02:00;12516.187732;;;12.55
2026-09-27T15:01:35.490+02:00;12516.226440;10.393;100.062;
2026-09-27T15:01:39.250+02:00;12519.986225;;;12.55
2026-09-27T15:01:39.279+02:00;12520.015391;;100.062;
2026-09-27T15:01:39.281+02:00;12520.017346;10.395;;
2026-09-27T15:01:42.661+02:00;12523.398006;;;12.54
2026-09-27T15:01:42.690+02:00;12523.427167;;100.061;
2026-09-27T15:01:42.692+02:00;12523.429003;10.397;;
2026-09-27T15:01:46.073+02:00;12526.809796;;;12.53
2026-09-27T15:01:46.102+02:00;12526.838901;;100.062;
2026-09-27T15:01:46.104+02:00;12526.840746;10.396;;
2026-09-27T15:01:49.485+02:00;12530.221401;;;12.55
2026-09-27T15:01:49.522+02:00;12530.258276;10.399;100.063;
2026-09-27T15:01:52.897+02:00;12533.633309;;;12.52
2026-09-27T15:01:52.926+02:00;12533.662492;;100.063;
2026-09-27T15:01:52.935+02:00;12533.671789;10.398;;
2026-09-27T15:01:56.308+02:00;12537.045024;;;12.52
2026-09-27T15:01:56.346+02:00;12537.083154;10.398;100.063;
2026-09-27T15:01:59.720+02:00;12540.456827;;;12.53
2026-09-27T15:01:59.749+02:00;12540.486052;;100.062;
2026-09-27T15:01:59.751+02:00;12540.488053;10.397;;
2026-09-27T15:02:03.132+02:00;12543.868804;;;12.54
2026-09-27T15:02:03.161+02:00;12543.897765;;100.062;
2026-09-27T15:02:03.163+02:00;12543.899691;10.397;;
2026-09-27T15:02:06.544+02:00;12547.280355;;;12.55
2026-09-27T15:02:06.573+02:00;12547.309493;;100.062;
2026-09-27T15:02:06.575+02:00;12547.311438;10.397;;
2026-09-27T15:02:09.955+02:00;12550.692040;;;12.55
2026-09-27T15:02:09.986+02:00;12550.722481;;100.062;
2026-09-27T15:02:09.988+02:00;12550.724994;10.398;;
2026-09-27T15:02:13.367+02:00;12554.103783;;;12.55
2026-09-27T15:02:13.400+02:00;12554.136424;10.401;100.062;
2026-09-27T15:02:16.779+02:00;12557.515600;;;12.55
2026-09-27T15:02:16.813+02:00;12557.549301;10.401;100.062;
2026-09-27T15:02:20.191+02:00;12560.927311;;;12.55
2026-09-27T15:02:20.227+02:00;12560.963993;10.402;100.062;
2026-09-27T15:02:23.602+02:00;12564.339145;;;12.54
2026-09-27T15:02:23.632+02:00;12564.368302;;100.062;
2026-09-27T15:02:23.634+02:00;12564.370276;10.399;;
2026-09-27T15:02:27.014+02:00;12567.750864;;;12.53
2026-09-27T15:02:27.044+02:00;12567.780914;;100.062;
2026-09-27T15:02:27.053+02:00;12567.789724;10.402;;
2026-09-27T15:02:30.426+02:00;12571.162680;;;12.52
2026-09-27T15:02:30.455+02:00;12571.191796;;100.062;
2026-09-27T15:02:30.457+02:00;12571.193766;10.4;;
2026-09-27T15:02:33.839+02:00;12574.575437;;;12.53
2026-09-27T15:02:33.880+02:00;12574.616489;10.4;100.063;
2026-09-27T15:02:37.249+02:00;12577.986090;;;12.53
2026-09-27T15:02:37.279+02:00;12578.015347;;100.062;
2026-09-27T15:02:37.281+02:00;12578.017622;10.398;;
2026-09-27T15:02:40.661+02:00;12581.397910;;;12.54
2026-09-27T15:02:40.690+02:00;12581.427176;;100.062;
2026-09-27T15:02:40.704+02:00;12581.440343;10.398;;
2026-09-27T15:02:44.073+02:00;12584.809777;;;12.55
2026-09-27T15:02:44.102+02:00;12584.838864;;100.062;
2026-09-27T15:02:44.104+02:00;12584.840756;10.4;;
2026-09-27T15:02:47.485+02:00;12588.221481;;;12.55
2026-09-27T15:02:47.514+02:00;12588.250670;;100.062;
2026-09-27T15:02:47.516+02:00;12588.252601;10.402;;
2026-09-27T15:02:50.897+02:00;12591.633207;;;12.53
2026-09-27T15:02:50.926+02:00;12591.662374;;100.062;
2026-09-27T15:02:50.928+02:00;12591.664333;10.402;;
2026-09-27T15:02:54.308+02:00;12595.045014;;;12.55
2026-09-27T15:02:54.343+02:00;12595.080133;10.402;100.062;
2026-09-27T15:02:57.720+02:00;12598.456660;;;12.55
2026-09-27T15:02:57.761+02:00;12598.497526;10.403;100.062;
2026-09-27T15:03:01.132+02:00;12601.868369;;;12.54
2026-09-27T15:03:01.161+02:00;12601.897531;;100.061;
2026-09-27T15:03:01.163+02:00;12601.899500;10.403;;
2026-09-27T15:03:04.544+02:00;12605.280258;;;12.53
2026-09-27T15:03:04.576+02:00;12605.312531;10.403;100.062;
2026-09-27T15:03:07.956+02:00;12608.693051;;;12.53
2026-09-27T15:03:07.985+02:00;12608.722072;;100.062;
2026-09-27T15:03:07.988+02:00;12608.724323;10.403;;
2026-09-27T15:03:11.367+02:00;12612.103712;;;12.53
2026-09-27T15:03:11.396+02:00;12612.132825;;100.062;
2026-09-27T15:03:11.398+02:00;12612.134923;10.403;;
2026-09-27T15:03:14.779+02:00;12615.515442;;;12.54
2026-09-27T15:03:14.808+02:00;12615.544635;;100.061;
2026-09-27T15:03:14.810+02:00;12615.546891;10.403;;
2026-09-27T15:03:18.190+02:00;12618.927145;;;12.53
2026-09-27T15:03:18.220+02:00;12618.956359;;100.062;
2026-09-27T15:03:18.233+02:00;12618.970176;10.403;;
2026-09-27T15:03:21.602+02:00;12622.339107;;;12.55
2026-09-27T15:03:21.632+02:00;12622.368252;;100.062;
2026-09-27T15:03:21.633+02:00;12622.370108;10.403;;
2026-09-27T15:03:25.393+02:00;12626.129847;;;12.53
2026-09-27T15:03:25.422+02:00;12626.158876;;100.062;
2026-09-27T15:03:25.424+02:00;12626.160975;10.403;;
2026-09-27T15:03:28.805+02:00;12629.541503;;;12.53
2026-09-27T15:03:28.834+02:00;12629.570679;;100.062;
2026-09-27T15:03:28.836+02:00;12629.572626;10.403;;
2026-09-27T15:03:32.217+02:00;12632.953368;;;12.55
2026-09-27T15:03:32.246+02:00;12632.982686;;100.061;
2026-09-27T15:03:32.259+02:00;12632.995596;10.403;;
2026-09-27T15:03:35.628+02:00;12636.365077;;;12.54
2026-09-27T15:03:35.658+02:00;12636.394214;;100.062;
2026-09-27T15:03:35.670+02:00;12636.407081;10.403;;
2026-09-27T15:03:39.040+02:00;12639.776739;;;12.53
2026-09-27T15:03:39.069+02:00;12639.805915;;100.062;
2026-09-27T15:03:39.071+02:00;12639.808024;10.403;;
2026-09-27T15:03:42.452+02:00;12643.188674;;;12.53
2026-09-27T15:03:42.481+02:00;12643.217753;;100.062;
2026-09-27T15:03:42.483+02:00;12643.219987;10.403;;
2026-09-27T15:03:45.864+02:00;12646.600261;;;12.53
2026-09-27T15:03:45.893+02:00;12646.629461;;100.062;
2026-09-27T15:03:45.895+02:00;12646.631431;10.403;;
2026-09-27T15:03:49.275+02:00;12650.012168;;;12.53
2026-09-27T15:03:49.306+02:00;12650.043021;;100.062;
2026-09-27T15:03:49.311+02:00;12650.047446;10.403;;
2026-09-27T15:03:52.687+02:00;12653.423874;;;12.54
2026-09-27T15:03:52.720+02:00;12653.456960;10.403;100.061;
2026-09-27T15:03:56.099+02:00;12656.835521;;;12.54
2026-09-27T15:03:56.128+02:00;12656.864928;;100.061;
2026-09-27T15:03:56.141+02:00;12656.877521;10.403;;
2026-09-27T15:03:59.511+02:00;12660.247345;;;12.54
2026-09-27T15:03:59.540+02:00;12660.276498;;100.061;
2026-09-27T15:03:59.542+02:00;12660.278464;10.404;;
2026-09-27T15:04:02.923+02:00;12663.659219;;;12.53
2026-09-27T15:04:02.952+02:00;12663.688258;;100.061;
2026-09-27T15:04:02.954+02:00;12663.690229;10.404;;
2026-09-27T15:04:06.334+02:00;12667.070877;;;12.53
2026-09-27T15:04:06.363+02:00;12667.099929;;100.061;
2026-09-27T15:04:06.366+02:00;12667.102393;10.404;;
2026-09-27T15:04:09.746+02:00;12670.482515;;;12.53
2026-09-27T15:04:09.775+02:00;12670.511727;;100.062;
2026-09-27T15:04:09.777+02:00;12670.513648;10.404;;
2026-09-27T15:04:13.158+02:00;12673.894389;;;12.54
2026-09-27T15:04:13.187+02:00;12673.923428;;100.062;
2026-09-27T15:04:13.189+02:00;12673.925402;10.407;;
2026-09-27T15:04:16.569+02:00;12677.306048;;;12.53
2026-09-27T15:04:16.599+02:00;12677.335217;;100.062;
2026-09-27T15:04:16.600+02:00;12677.337167;10.405;;
2026-09-27T15:04:19.982+02:00;12680.718861;;;12.52
2026-09-27T15:04:20.013+02:00;12680.749921;10.409;100.062;
2026-09-27T15:04:23.393+02:00;12684.129628;;;12.52
2026-09-27T15:04:23.422+02:00;12684.158872;;100.062;
2026-09-27T15:04:23.424+02:00;12684.160865;10.408;;
2026-09-27T15:04:26.805+02:00;12687.541357;;;12.53
2026-09-27T15:04:26.835+02:00;12687.571782;;100.062;
2026-09-27T15:04:26.840+02:00;12687.576433;10.406;;
2026-09-27T15:04:30.216+02:00;12690.953073;;;12.54
2026-09-27T15:04:30.252+02:00;12690.988212;10.405;100.062;
2026-09-27T15:04:33.628+02:00;12694.364946;;;12.52
2026-09-27T15:04:33.657+02:00;12694.393986;;100.062;
2026-09-27T15:04:33.660+02:00;12694.396301;10.404;;
2026-09-27T15:04:37.040+02:00;12697.776776;;;12.54
2026-09-27T15:04:37.069+02:00;12697.805792;;100.062;
2026-09-27T15:04:37.071+02:00;12697.807741;10.405;;
2026-09-27T15:04:40.452+02:00;12701.188517;;;12.54
2026-09-27T15:04:40.488+02:00;12701.224736;10.405;100.062;
2026-09-27T15:04:43.864+02:00;12704.600365;;;12.55
2026-09-27T15:04:43.893+02:00;12704.629289;;100.062;
2026-09-27T15:04:43.895+02:00;12704.631262;10.407;;
2026-09-27T15:04:47.275+02:00;12708.011999;;;12.55
2026-09-27T15:04:47.311+02:00;12708.047513;10.404;100.062;
2026-09-27T15:04:50.687+02:00;12711.423795;;;12.55
2026-09-27T15:04:50.720+02:00;12711.456729;10.406;100.062;
2026-09-27T15:04:54.099+02:00;12714.835646;;;12.55
2026-09-27T15:04:54.129+02:00;12714.866050;;100.061;
2026-09-27T15:04:54.138+02:00;12714.874640;10.405;;
2026-09-27T15:04:57.511+02:00;12718.247253;;;12.55
2026-09-27T15:04:57.545+02:00;12718.282116;;100.062;
2026-09-27T15:04:57.550+02:00;12718.286615;10.408;;
2026-09-27T15:05:00.922+02:00;12721.659063;;;12.53
2026-09-27T15:05:00.952+02:00;12721.688221;;100.061;
2026-09-27T15:05:00.954+02:00;12721.690340;10.408;;
2026-09-27T15:05:04.334+02:00;12725.070813;;;12.55
2026-09-27T15:05:04.366+02:00;12725.102623;10.409;100.062;
2026-09-27T15:05:07.746+02:00;12728.482642;;;12.55
2026-09-27T15:05:07.775+02:00;12728.511764;;100.062;
2026-09-27T15:05:07.777+02:00;12728.513740;10.408;;
2026-09-27T15:05:11.158+02:00;12731.894461;;;12.55
2026-09-27T15:05:11.196+02:00;12731.932721;10.41;100.061;
2026-09-27T15:05:14.569+02:00;12735.306130;;;12.55
2026-09-27T15:05:14.599+02:00;12735.335311;;100.062;
2026-09-27T15:05:14.601+02:00;12735.337387;10.411;;
2026-09-27T15:05:17.981+02:00;12738.717878;;;12.57
2026-09-27T15:05:18.023+02:00;12738.759805;10.412;100.062;
2026-09-27T15:05:21.393+02:00;12742.129615;;;12.55
2026-09-27T15:05:21.432+02:00;12742.168722;;100.062;
2026-09-27T15:05:21.434+02:00;12742.171165;10.41;;
2026-09-27T15:05:24.805+02:00;12745.541427;;;12.56
2026-09-27T15:05:24.841+02:00;12745.577261;10.413;100.061;
2026-09-27T15:05:28.217+02:00;12748.953229;;;12.56
2026-09-27T15:05:28.247+02:00;12748.983245;;100.061;
2026-09-27T15:05:28.251+02:00;12748.987982;10.414;;
2026-09-27T15:05:31.628+02:00;12752.364941;;;12.55
2026-09-27T15:05:31.661+02:00;12752.397280;10.414;100.062;
2026-09-27T15:05:35.040+02:00;12755.776735;;;12.56
2026-09-27T15:05:35.080+02:00;12755.816918;10.415;100.062;
2026-09-27T15:05:38.452+02:00;12759.188504;;;12.57
2026-09-27T15:05:38.489+02:00;12759.225239;10.413;100.062;
2026-09-27T15:05:41.863+02:00;12762.600179;;;12.57
2026-09-27T15:05:41.904+02:00;12762.640314;10.412;100.062;
2026-09-27T15:05:45.275+02:00;12766.012130;;;12.56
2026-09-27T15:05:45.305+02:00;12766.041431;;100.061;
2026-09-27T15:05:45.313+02:00;12766.050146;10.415;;
2026-09-27T15:05:48.687+02:00;12769.423714;;;12.55
2026-09-27T15:05:48.716+02:00;12769.452955;;100.061;
2026-09-27T15:05:48.718+02:00;12769.454887;10.414;;
2026-09-27T15:05:52.099+02:00;12772.835540;;;12.55
2026-09-27T15:05:52.128+02:00;12772.864821;;100.061;
2026-09-27T15:05:52.142+02:00;12772.878415;10.418;;
2026-09-27T15:05:55.511+02:00;12776.247224;;;12.54
2026-09-27T15:05:55.540+02:00;12776.276493;;100.062;
2026-09-27T15:05:55.549+02:00;12776.285613;10.415;;
2026-09-27T15:05:58.922+02:00;12779.658978;;;12.55
2026-09-27T15:05:58.951+02:00;12779.688187;;100.062;
2026-09-27T15:05:58.953+02:00;12779.690192;10.416;;
2026-09-27T15:06:02.334+02:00;12783.070755;;;12.56
2026-09-27T15:06:02.366+02:00;12783.103090;10.417;100.061;
2026-09-27T15:06:05.746+02:00;12786.482702;;;12.56
2026-09-27T15:06:05.781+02:00;12786.517861;10.416;100.062;
2026-09-27T15:06:09.158+02:00;12789.894276;;;12.56
2026-09-27T15:06:09.196+02:00;12789.933143;10.417;100.061;
2026-09-27T15:06:12.569+02:00;12793.306044;;;12.56
2026-09-27T15:06:12.599+02:00;12793.335256;;100.061;
2026-09-27T15:06:12.601+02:00;12793.337236;10.416;;
2026-09-27T15:06:15.981+02:00;12796.717790;;;12.58
2026-09-27T15:06:16.016+02:00;12796.753021;10.417;100.061;
2026-09-27T15:06:19.393+02:00;12800.129601;;;12.56
2026-09-27T15:06:19.425+02:00;12800.162104;10.419;100.061;
2026-09-27T15:06:22.805+02:00;12803.541398;;;12.56
2026-09-27T15:06:22.834+02:00;12803.570405;;100.061;
2026-09-27T15:06:22.836+02:00;12803.572401;10.418;;
2026-09-27T15:06:26.216+02:00;12806.953148;;;12.55
2026-09-27T15:06:26.257+02:00;12806.993839;10.419;100.062;
2026-09-27T15:06:29.628+02:00;12810.364818;;;12.55
2026-09-27T15:06:29.657+02:00;12810.393950;;100.061;
2026-09-27T15:06:29.659+02:00;12810.395925;10.419;;
2026-09-27T15:06:33.040+02:00;12813.776631;;;12.57
2026-09-27T15:06:33.069+02:00;12813.805735;;100.062;
2026-09-27T15:06:33.071+02:00;12813.807678;10.419;;
2026-09-27T15:06:36.453+02:00;12817.189328;;;12.55
2026-09-27T15:06:36.482+02:00;12817.218482;;100.062;
2026-09-27T15:06:36.484+02:00;12817.220444;10.419;;
2026-09-27T15:06:39.863+02:00;12820.600085;;;12.55
2026-09-27T15:06:39.893+02:00;12820.629236;;100.061;
2026-09-27T15:06:39.895+02:00;12820.631215;10.419;;
2026-09-27T15:06:43.878+02:00;12824.614867;;;12.52
2026-09-27T15:06:43.907+02:00;12824.643870;;100.062;
2026-09-27T15:06:43.909+02:00;12824.645842;10.419;;
2026-09-27T15:06:47.281+02:00;12828.017668;;;12.55
2026-09-27T15:06:47.310+02:00;12828.046770;;100.062;
2026-09-27T15:06:47.312+02:00;12828.048757;10.419;;
2026-09-27T15:06:50.693+02:00;12831.429376;;;12.55
2026-09-27T15:06:50.722+02:00;12831.458517;;100.062;
2026-09-27T15:06:50.724+02:00;12831.460364;10.419;;
2026-09-27T15:06:54.104+02:00;12834.841026;;;12.55
2026-09-27T15:06:54.133+02:00;12834.870172;;100.062;
2026-09-27T15:06:54.135+02:00;12834.872135;10.419;;
2026-09-27T15:06:57.516+02:00;12838.252926;;;12.55
2026-09-27T15:06:57.545+02:00;12838.282059;;100.062;
2026-09-27T15:06:57.547+02:00;12838.283900;10.419;;
2026-09-27T15:07:00.929+02:00;12841.665682;;;12.55
2026-09-27T15:07:00.958+02:00;12841.694811;;100.062;
2026-09-27T15:07:00.960+02:00;12841.696777;10.419;;
2026-09-27T15:07:04.340+02:00;12845.076425;;;12.55
2026-09-27T15:07:04.376+02:00;12845.112835;10.419;100.062;
2026-09-27T15:07:07.751+02:00;12848.488071;;;12.55
2026-09-27T15:07:07.781+02:00;12848.517216;;100.061;
2026-09-27T15:07:07.783+02:00;12848.519200;10.419;;
2026-09-27T15:07:11.163+02:00;12851.899943;;;12.56
2026-09-27T15:07:11.203+02:00;12851.939482;10.419;100.061;
2026-09-27T15:07:14.575+02:00;12855.311648;;;12.56
2026-09-27T15:07:14.604+02:00;12855.340774;;100.061;
2026-09-27T15:07:14.606+02:00;12855.342847;10.419;;
2026-09-27T15:07:17.987+02:00;12858.723430;;;12.55
2026-09-27T15:07:18.024+02:00;12858.760290;10.419;100.062;
2026-09-27T15:07:21.398+02:00;12862.135051;;;12.55
2026-09-27T15:07:21.428+02:00;12862.165024;;100.062;
2026-09-27T15:07:21.437+02:00;12862.173624;10.419;;
2026-09-27T15:07:24.810+02:00;12865.547018;;;12.55
2026-09-27T15:07:24.839+02:00;12865.576035;;100.062;
2026-09-27T15:07:24.841+02:00;12865.578012;10.42;;
2026-09-27T15:07:28.222+02:00;12868.958687;;;12.57
2026-09-27T15:07:28.251+02:00;12868.987794;;100.062;
2026-09-27T15:07:28.253+02:00;12868.989881;10.42;;
2026-09-27T15:07:31.634+02:00;12872.370424;;;12.56
2026-09-27T15:07:31.670+02:00;12872.406821;10.419;100.062;
2026-09-27T15:07:35.045+02:00;12875.782178;;;12.55
2026-09-27T15:07:35.075+02:00;12875.811324;;100.062;
2026-09-27T15:07:35.077+02:00;12875.813306;10.42;;
2026-09-27T15:07:38.457+02:00;12879.194074;;;12.56
2026-09-27T15:07:38.486+02:00;12879.223071;;100.063;
2026-09-27T15:07:38.488+02:00;12879.225053;10.421;;
2026-09-27T15:07:41.869+02:00;12882.605649;;;12.55
2026-09-27T15:07:41.906+02:00;12882.642346;10.419;100.062;
2026-09-27T15:07:45.281+02:00;12886.017411;;;12.57
2026-09-27T15:07:45.310+02:00;12886.046642;;100.061;
2026-09-27T15:07:45.312+02:00;12886.048627;10.422;;
2026-09-27T15:07:48.693+02:00;12889.429204;;;12.56
2026-09-27T15:07:48.722+02:00;12889.458365;;100.062;
2026-09-27T15:07:48.724+02:00;12889.460624;10.423;;
2026-09-27T15:07:52.105+02:00;12892.842000;;;12.55
2026-09-27T15:07:52.135+02:00;12892.871878;;100.061;
2026-09-27T15:07:52.144+02:00;12892.881196;10.423;;
2026-09-27T15:07:55.516+02:00;12896.252712;;;12.56
2026-09-27T15:07:55.545+02:00;12896.281899;;100.062;
2026-09-27T15:07:55.547+02:00;12896.284015;10.422;;
2026-09-27T15:07:58.928+02:00;12899.664524;;;12.55
2026-09-27T15:07:58.957+02:00;12899.693842;;100.061;
2026-09-27T15:07:58.971+02:00;12899.707517;10.421;;
2026-09-27T15:08:02.339+02:00;12903.076093;;;12.55
2026-09-27T15:08:02.369+02:00;12903.105287;;100.062;
2026-09-27T15:08:02.371+02:00;12903.107298;10.422;;
2026-09-27T15:08:05.751+02:00;12906.488038;;;12.56
2026-09-27T15:08:05.791+02:00;12906.527219;10.422;100.062;
2026-09-27T15:08:09.163+02:00;12909.899821;;;12.58
2026-09-27T15:08:09.192+02:00;12909.928829;;100.062;
2026-09-27T15:08:09.194+02:00;12909.930810;10.428;;
2026-09-27T15:08:12.575+02:00;12913.311442;;;12.58
2026-09-27T15:08:12.604+02:00;12913.340887;;100.063;
2026-09-27T15:08:12.622+02:00;12913.358657;10.428;;
2026-09-27T15:08:15.986+02:00;12916.723135;;;12.59
2026-09-27T15:08:16.016+02:00;12916.752379;;100.062;
2026-09-27T15:08:16.018+02:00;12916.754330;10.429;;
2026-09-27T15:08:19.398+02:00;12920.134957;;;12.59
2026-09-27T15:08:19.438+02:00;12920.175099;10.429;100.062;
2026-09-27T15:08:22.810+02:00;12923.546743;;;12.58
2026-09-27T15:08:22.839+02:00;12923.575898;;100.062;
2026-09-27T15:08:22.854+02:00;12923.590388;10.433;;
2026-09-27T15:08:26.222+02:00;12926.958507;;;12.55
2026-09-27T15:08:26.251+02:00;12926.987688;;100.061;
2026-09-27T15:08:26.253+02:00;12926.989652;10.433;;
2026-09-27T15:08:30.134+02:00;12930.870262;;;12.55
2026-09-27T15:08:30.163+02:00;12930.899426;;100.061;
2026-09-27T15:08:30.165+02:00;12930.901268;10.434;;
2026-09-27T15:08:33.536+02:00;12934.273020;;;12.58
2026-09-27T15:08:33.565+02:00;12934.302175;;100.062;
2026-09-27T15:08:33.567+02:00;12934.304150;10.434;;
2026-09-27T15:08:36.948+02:00;12937.684820;;;12.58
2026-09-27T15:08:36.977+02:00;12937.713935;;100.062;
2026-09-27T15:08:36.980+02:00;12937.716261;10.433;;
2026-09-27T15:08:40.360+02:00;12941.096505;;;12.57
2026-09-27T15:08:40.389+02:00;12941.125739;;100.062;
2026-09-27T15:08:40.391+02:00;12941.127694;10.435;;
2026-09-27T15:08:43.772+02:00;12944.508312;;;12.57
2026-09-27T15:08:43.807+02:00;12944.543624;10.435;100.062;
2026-09-27T15:08:47.184+02:00;12947.920202;;;12.56
2026-09-27T15:08:47.213+02:00;12947.949361;;100.063;
2026-09-27T15:08:47.215+02:00;12947.951212;10.435;;
2026-09-27T15:08:50.595+02:00;12951.331980;;;12.58
2026-09-27T15:08:50.626+02:00;12951.362229;;100.061;
2026-09-27T15:08:50.630+02:00;12951.367074;10.435;;
2026-09-27T15:08:54.007+02:00;12954.743642;;;12.57
2026-09-27T15:08:54.048+02:00;12954.784974;10.435;100.062;
2026-09-27T15:08:57.419+02:00;12958.155515;;;12.57
2026-09-27T15:08:57.448+02:00;12958.184519;;100.061;
2026-09-27T15:08:57.450+02:00;12958.186482;10.435;;
2026-09-27T15:09:00.831+02:00;12961.567288;;;12.58
2026-09-27T15:09:00.860+02:00;12961.596308;;100.062;
2026-09-27T15:09:00.862+02:00;12961.598276;10.435;;
2026-09-27T15:09:04.242+02:00;12964.979011;;;12.58
2026-09-27T15:09:04.275+02:00;12965.011637;10.435;100.062;
2026-09-27T15:09:07.654+02:00;12968.390752;;;12.57
2026-09-27T15:09:07.683+02:00;12968.419942;;100.062;
2026-09-27T15:09:07.693+02:00;12968.430119;10.435;;
2026-09-27T15:09:11.066+02:00;12971.802529;;;12.56
2026-09-27T15:09:11.095+02:00;12971.831745;;100.062;
2026-09-27T15:09:11.109+02:00;12971.845656;10.435;;
2026-09-27T15:09:14.478+02:00;12975.214330;;;12.59
2026-09-27T15:09:14.507+02:00;12975.243472;;100.062;
2026-09-27T15:09:14.509+02:00;12975.245454;10.435;;
2026-09-27T15:09:17.889+02:00;12978.626102;;;12.59
2026-09-27T15:09:17.919+02:00;12978.655348;;100.062;
2026-09-27T15:09:17.932+02:00;12978.668511;10.435;;
2026-09-27T15:09:21.302+02:00;12982.038862;;;12.58
2026-09-27T15:09:21.331+02:00;12982.068015;;100.062;
2026-09-27T15:09:21.333+02:00;12982.069972;10.434;;
2026-09-27T15:09:24.713+02:00;12985.449656;;;12.59
2026-09-27T15:09:24.742+02:00;12985.478762;;100.062;
2026-09-27T15:09:24.744+02:00;12985.480740;10.434;;
2026-09-27T15:09:28.125+02:00;12988.861376;;;12.58
2026-09-27T15:09:28.154+02:00;12988.890518;;100.063;
2026-09-27T15:09:28.156+02:00;12988.892476;10.435;;
2026-09-27T15:09:31.536+02:00;12992.273158;;;12.58
2026-09-27T15:09:31.566+02:00;12992.302312;;100.062;
2026-09-27T15:09:31.568+02:00;12992.304381;10.435;;
2026-09-27T15:09:35.453+02:00;12996.189422;;;12.56
2026-09-27T15:09:35.484+02:00;12996.220316;;100.062;
2026-09-27T15:09:35.484+02:00;12996.220914;10.435;;
2026-09-27T15:09:38.856+02:00;12999.592231;;;12.57
2026-09-27T15:09:38.885+02:00;12999.621444;;100.063;
2026-09-27T15:09:38.887+02:00;12999.623411;10.435;;
2026-09-27T15:09:42.267+02:00;13003.003938;;;12.59
2026-09-27T15:09:42.301+02:00;13003.037611;10.435;100.062;
2026-09-27T15:09:45.679+02:00;13006.415708;;;12.59
2026-09-27T15:09:45.720+02:00;13006.456632;10.435;100.062;
2026-09-27T15:09:49.091+02:00;13009.827529;;;12.58
2026-09-27T15:09:49.120+02:00;13009.856745;;100.063;
2026-09-27T15:09:49.122+02:00;13009.858890;10.435;;
2026-09-27T15:09:52.503+02:00;13013.239302;;;12.57
2026-09-27T15:09:52.532+02:00;13013.268510;;100.062;
2026-09-27T15:09:52.534+02:00;13013.270477;10.435;;
2026-09-27T15:09:55.914+02:00;13016.651011;;;12.57
2026-09-27T15:09:55.943+02:00;13016.680157;;100.062;
2026-09-27T15:09:55.946+02:00;13016.682226;10.435;;
2026-09-27T15:09:59.326+02:00;13020.062777;;;12.59
2026-09-27T15:09:59.355+02:00;13020.091915;;100.063;
2026-09-27T15:09:59.357+02:00;13020.093899;10.435;;
2026-09-27T15:10:02.738+02:00;13023.474694;;;12.58
2026-09-27T15:10:02.767+02:00;13023.503732;;100.062;
2026-09-27T15:10:02.769+02:00;13023.505719;10.436;;
2026-09-27T15:10:06.150+02:00;13026.886293;;;12.59
2026-09-27T15:10:06.179+02:00;13026.915458;;100.061;
2026-09-27T15:10:06.181+02:00;13026.917539;10.435;;
2026-09-27T15:10:09.562+02:00;13030.299155;;;12.59
2026-09-27T15:10:09.593+02:00;13030.329953;;100.062;
2026-09-27T15:10:09.594+02:00;13030.330265;10.435;;
2026-09-27T15:10:12.973+02:00;13033.709835;;;12.59
2026-09-27T15:10:13.002+02:00;13033.738974;;100.062;
2026-09-27T15:10:13.004+02:00;13033.740944;10.435;;
2026-09-27T15:10:16.385+02:00;13037.121752;;;12.59
2026-09-27T15:10:16.414+02:00;13037.150740;;100.062;
2026-09-27T15:10:16.416+02:00;13037.153089;10.435;;
2026-09-27T15:10:19.797+02:00;13040.533464;;;12.59
2026-09-27T15:10:19.826+02:00;13040.562585;;100.062;
2026-09-27T15:10:19.828+02:00;13040.564603;10.435;;
2026-09-27T15:10:23.208+02:00;13043.945116;;;12.6
2026-09-27T15:10:23.238+02:00;13043.974255;;100.061;
2026-09-27T15:10:23.240+02:00;13043.976237;10.437;;
2026-09-27T15:10:26.621+02:00;13047.357880;;;12.59
2026-09-27T15:10:26.650+02:00;13047.387009;;100.062;
2026-09-27T15:10:26.652+02:00;13047.389066;10.443;;
2026-09-27T15:10:30.032+02:00;13050.768989;;;12.59
2026-09-27T15:10:30.061+02:00;13050.797881;;100.061;
2026-09-27T15:10:30.063+02:00;13050.799774;10.45;;
2026-09-27T15:10:33.444+02:00;13054.180400;;;12.59
2026-09-27T15:10:33.473+02:00;13054.209657;;100.062;
2026-09-27T15:10:33.475+02:00;13054.211658;10.451;;
2026-09-27T15:10:36.855+02:00;13057.592184;;;12.6
2026-09-27T15:10:36.885+02:00;13057.621332;;100.062;
2026-09-27T15:10:36.887+02:00;13057.623292;10.464;;
2026-09-27T15:10:40.267+02:00;13061.003941;;;12.6
2026-09-27T15:10:40.296+02:00;13061.033117;;100.062;
2026-09-27T15:10:40.298+02:00;13061.035060;10.469;;
2026-09-27T15:10:43.679+02:00;13064.415838;;;12.6
2026-09-27T15:10:43.708+02:00;13064.444921;;100.062;
2026-09-27T15:10:43.710+02:00;13064.446824;10.482;;
2026-09-27T15:10:47.091+02:00;13067.827475;;;12.59
2026-09-27T15:10:47.120+02:00;13067.856634;;100.062;
2026-09-27T15:10:47.122+02:00;13067.858702;10.489;;
2026-09-27T15:10:50.503+02:00;13071.239235;;;12.61
2026-09-27T15:10:50.532+02:00;13071.268391;;100.062;
2026-09-27T15:10:50.534+02:00;13071.270330;10.502;;
2026-09-27T15:10:54.239+02:00;13074.975366;;;12.62
2026-09-27T15:10:54.268+02:00;13075.004373;;100.062;
2026-09-27T15:10:54.271+02:00;13075.007206;10.517;;
2026-09-27T15:10:57.650+02:00;13078.387127;;;12.62
2026-09-27T15:10:57.679+02:00;13078.416139;;100.062;
2026-09-27T15:10:57.681+02:00;13078.418142;10.532;;
2026-09-27T15:11:01.062+02:00;13081.798888;;;12.63
2026-09-27T15:11:01.091+02:00;13081.827915;;100.062;
2026-09-27T15:11:01.093+02:00;13081.829892;10.548;;
2026-09-27T15:11:04.474+02:00;13085.210547;;;12.63
2026-09-27T15:11:04.503+02:00;13085.239712;;100.062;
2026-09-27T15:11:04.505+02:00;13085.241790;10.565;;
2026-09-27T15:11:07.886+02:00;13088.622309;;;12.64
2026-09-27T15:11:07.915+02:00;13088.651453;;100.062;
2026-09-27T15:11:07.917+02:00;13088.653426;10.58;;
2026-09-27T15:11:11.297+02:00;13092.034056;;;12.64
2026-09-27T15:11:11.327+02:00;13092.063223;;100.062;
2026-09-27T15:11:11.328+02:00;13092.065173;10.602;;
2026-09-27T15:11:14.709+02:00;13095.445773;;;12.63
2026-09-27T15:11:14.738+02:00;13095.475076;;100.062;
2026-09-27T15:11:14.740+02:00;13095.476953;10.619;;
2026-09-27T15:11:18.121+02:00;13098.857632;;;12.66
2026-09-27T15:11:18.150+02:00;13098.886727;;100.061;
2026-09-27T15:11:18.152+02:00;13098.888835;10.639;;
2026-09-27T15:11:21.533+02:00;13102.269361;;;12.65
2026-09-27T15:11:21.562+02:00;13102.298595;;100.063;
2026-09-27T15:11:21.564+02:00;13102.300361;10.661;;
2026-09-27T15:11:24.944+02:00;13105.680972;;;12.65
2026-09-27T15:11:24.976+02:00;13105.712215;;100.061;
2026-09-27T15:11:24.976+02:00;13105.712474;10.683;;
2026-09-27T15:11:28.356+02:00;13109.092783;;;12.66
2026-09-27T15:11:28.386+02:00;13109.122923;;100.062;
2026-09-27T15:11:28.388+02:00;13109.125023;10.707;;
2026-09-27T15:11:31.768+02:00;13112.504624;;;12.66
2026-09-27T15:11:31.797+02:00;13112.533970;;100.062;
2026-09-27T15:11:31.800+02:00;13112.536303;10.731;;
2026-09-27T15:11:35.180+02:00;13115.916401;;;12.66
2026-09-27T15:11:35.209+02:00;13115.945696;;100.062;
2026-09-27T15:11:35.211+02:00;13115.947513;10.755;;
2026-09-27T15:11:38.592+02:00;13119.328215;;;12.69
2026-09-27T15:11:38.621+02:00;13119.357405;;100.062;
2026-09-27T15:11:38.623+02:00;13119.359284;10.777;;
2026-09-27T15:11:42.003+02:00;13122.739934;;;12.69
2026-09-27T15:11:42.032+02:00;13122.769094;;100.062;
2026-09-27T15:11:42.034+02:00;13122.771065;10.802;;
2026-09-27T15:11:45.415+02:00;13126.151750;;;12.69
2026-09-27T15:11:45.444+02:00;13126.180860;;100.062;
2026-09-27T15:11:45.446+02:00;13126.183007;10.827;;
2026-09-27T15:11:48.827+02:00;13129.563484;;;12.7
2026-09-27T15:11:48.856+02:00;13129.592648;;100.062;
2026-09-27T15:11:48.858+02:00;13129.594592;10.854;;
2026-09-27T15:11:52.239+02:00;13132.975238;;;12.7
2026-09-27T15:11:52.268+02:00;13133.004399;;100.062;
2026-09-27T15:11:52.270+02:00;13133.006341;10.88;;
2026-09-27T15:11:55.650+02:00;13136.386996;;;12.72
2026-09-27T15:11:55.679+02:00;13136.416147;;100.062;
2026-09-27T15:11:55.681+02:00;13136.418110;10.905;;
2026-09-27T15:11:59.062+02:00;13139.798684;;;12.73
2026-09-27T15:11:59.091+02:00;13139.827776;;100.063;
2026-09-27T15:11:59.093+02:00;13139.829747;10.931;;
2026-09-27T15:12:02.474+02:00;13143.210537;;;12.76
2026-09-27T15:12:02.503+02:00;13143.239604;;100.061;
2026-09-27T15:12:02.505+02:00;13143.241500;10.957;;
2026-09-27T15:12:06.447+02:00;13147.184149;;;12.75
2026-09-27T15:12:06.476+02:00;13147.213182;;100.062;
2026-09-27T15:12:06.478+02:00;13147.215156;11.005;;
2026-09-27T15:12:09.850+02:00;13150.586938;;;12.79
2026-09-27T15:12:09.879+02:00;13150.616105;;100.062;
2026-09-27T15:12:09.881+02:00;13150.618043;11.129;;
2026-09-27T15:12:13.262+02:00;13153.998720;;;12.83
2026-09-27T15:12:13.299+02:00;13154.035762;11.263;100.062;
2026-09-27T15:12:16.674+02:00;13157.410453;;;12.91
2026-09-27T15:12:16.703+02:00;13157.439720;;100.063;
2026-09-27T15:12:16.705+02:00;13157.441618;11.445;;
2026-09-27T15:12:20.086+02:00;13160.822227;;;13.02
2026-09-27T15:12:20.115+02:00;13160.851385;;100.062;
2026-09-27T15:12:20.117+02:00;13160.853333;11.669;;
2026-09-27T15:12:23.497+02:00;13164.233996;;;13.09
2026-09-27T15:12:23.526+02:00;13164.263149;;100.062;
2026-09-27T15:12:23.528+02:00;13164.265120;11.925;;
2026-09-27T15:12:26.909+02:00;13167.645858;;;13.16
2026-09-27T15:12:26.938+02:00;13167.674904;;100.062;
2026-09-27T15:12:26.940+02:00;13167.676870;12.123;;
2026-09-27T15:12:30.321+02:00;13171.057686;;;13.22
2026-09-27T15:12:30.350+02:00;13171.086782;;100.063;
2026-09-27T15:12:30.352+02:00;13171.088783;12.295;;
2026-09-27T15:12:33.733+02:00;13174.469415;;;13.27
2026-09-27T15:12:33.762+02:00;13174.498649;;100.064;
2026-09-27T15:12:33.764+02:00;13174.500513;12.455;;
2026-09-27T15:12:37.145+02:00;13177.881306;;;13.34
2026-09-27T15:12:37.174+02:00;13177.910330;;100.064;
2026-09-27T15:12:37.176+02:00;13177.912293;12.611;;
2026-09-27T15:12:40.557+02:00;13181.293979;;;13.4
2026-09-27T15:12:40.587+02:00;13181.323218;;100.063;
2026-09-27T15:12:40.589+02:00;13181.325203;12.742;;
2026-09-27T15:12:43.968+02:00;13184.704807;;;13.45
2026-09-27T15:12:43.997+02:00;13184.734014;;100.063;
2026-09-27T15:12:43.999+02:00;13184.735947;12.871;;
2026-09-27T15:12:47.380+02:00;13188.116739;;;13.51
2026-09-27T15:12:47.417+02:00;13188.153962;;100.064;
2026-09-27T15:12:47.422+02:00;13188.158516;12.988;;
2026-09-27T15:12:50.792+02:00;13191.528478;;;13.59
2026-09-27T15:12:50.821+02:00;13191.557680;;100.063;
2026-09-27T15:12:50.823+02:00;13191.559608;13.116;;
2026-09-27T15:12:54.204+02:00;13194.940394;;;13.67
2026-09-27T15:12:54.233+02:00;13194.969399;;100.065;
2026-09-27T15:12:54.235+02:00;13194.971354;13.297;;
2026-09-27T15:12:57.616+02:00;13198.353142;;;13.77
2026-09-27T15:12:57.646+02:00;13198.382337;;100.064;
2026-09-27T15:12:57.659+02:00;13198.396082;13.519;;
2026-09-27T15:13:01.027+02:00;13201.763881;;;13.84
2026-09-27T15:13:01.056+02:00;13201.793046;;100.063;
2026-09-27T15:13:01.058+02:00;13201.795013;13.705;;
2026-09-27T15:13:04.439+02:00;13205.175833;;;13.91
2026-09-27T15:13:04.468+02:00;13205.204954;;100.064;
2026-09-27T15:13:04.470+02:00;13205.207190;13.877;;
2026-09-27T15:13:07.851+02:00;13208.587590;;;13.99
2026-09-27T15:13:07.880+02:00;13208.616734;;100.063;
2026-09-27T15:13:07.882+02:00;13208.618689;14.027;;
2026-09-27T15:13:11.263+02:00;13211.999460;;;14.08
2026-09-27T15:13:11.292+02:00;13212.028634;;100.063;
2026-09-27T15:13:11.294+02:00;13212.030582;14.179;;
2026-09-27T15:13:14.675+02:00;13215.411395;;;14.16
2026-09-27T15:13:14.713+02:00;13215.449552;14.322;100.063;
2026-09-27T15:13:18.087+02:00;13218.823225;;;14.22
2026-09-27T15:13:18.116+02:00;13218.852372;;100.063;
2026-09-27T15:13:18.118+02:00;13218.854339;14.443;;
2026-09-27T15:13:21.498+02:00;13222.235095;;;14.3
2026-09-27T15:13:21.527+02:00;13222.264139;;100.063;
2026-09-27T15:13:21.542+02:00;13222.278592;14.563;;
2026-09-27T15:13:24.910+02:00;13225.646997;;;14.38
2026-09-27T15:13:24.939+02:00;13225.676032;;100.062;
2026-09-27T15:13:24.941+02:00;13225.678016;14.675;;
2026-09-27T15:13:28.322+02:00;13229.058779;;;14.45
2026-09-27T15:13:28.351+02:00;13229.087916;;100.064;
2026-09-27T15:13:28.353+02:00;13229.089887;14.78;;
2026-09-27T15:13:31.734+02:00;13232.470731;;;14.53
2026-09-27T15:13:31.763+02:00;13232.499801;;100.063;
2026-09-27T15:13:31.765+02:00;13232.501772;14.877;;
2026-09-27T15:13:35.146+02:00;13235.882467;;;14.6
2026-09-27T15:13:35.175+02:00;13235.911730;;100.062;
2026-09-27T15:13:35.177+02:00;13235.913671;14.973;;
2026-09-27T15:13:38.558+02:00;13239.294446;;;14.66
2026-09-27T15:13:38.587+02:00;13239.323456;;100.062;
2026-09-27T15:13:38.589+02:00;13239.325415;15.072;;
2026-09-27T15:13:41.969+02:00;13242.706178;;;14.74
2026-09-27T15:13:42.005+02:00;13242.741254;15.156;100.062;
2026-09-27T15:13:45.381+02:00;13246.118098;;;14.82
2026-09-27T15:13:45.411+02:00;13246.147246;;100.063;
2026-09-27T15:13:45.413+02:00;13246.149251;15.249;;
2026-09-27T15:13:48.794+02:00;13249.530980;;;14.9
2026-09-27T15:13:48.832+02:00;13249.568430;15.335;100.062;
2026-09-27T15:13:52.205+02:00;13252.941822;;;14.97
2026-09-27T15:13:52.234+02:00;13252.970908;;100.062;
2026-09-27T15:13:52.236+02:00;13252.972876;15.409;;
2026-09-27T15:13:55.617+02:00;13256.353782;;;15.04
2026-09-27T15:13:55.659+02:00;13256.395740;15.504;100.063;
2026-09-27T15:13:59.029+02:00;13259.765664;;;15.11
2026-09-27T15:13:59.058+02:00;13259.794703;;100.063;
2026-09-27T15:13:59.060+02:00;13259.796678;15.606;;
2026-09-27T15:14:02.441+02:00;13263.177543;;;15.18
2026-09-27T15:14:02.470+02:00;13263.206611;;100.063;
2026-09-27T15:14:02.472+02:00;13263.208527;15.724;;
2026-09-27T15:14:05.854+02:00;13266.590445;;;15.24
2026-09-27T15:14:05.883+02:00;13266.619610;;100.063;
2026-09-27T15:14:05.893+02:00;13266.630130;15.838;;
2026-09-27T15:14:09.265+02:00;13270.001295;;;15.3
2026-09-27T15:14:09.294+02:00;13270.030477;;100.064;
2026-09-27T15:14:09.296+02:00;13270.032548;15.949;;
2026-09-27T15:14:12.677+02:00;13273.413200;;;15.37
2026-09-27T15:14:12.706+02:00;13273.442414;;100.063;
2026-09-27T15:14:12.720+02:00;13273.456818;16.057;;
2026-09-27T15:14:16.088+02:00;13276.825024;;;15.43
2026-09-27T15:14:16.118+02:00;13276.854243;;100.064;
2026-09-27T15:14:16.120+02:00;13276.856393;16.167;;
2026-09-27T15:14:19.500+02:00;13280.236995;;;15.49
2026-09-27T15:14:19.529+02:00;13280.266147;;100.064;
2026-09-27T15:14:19.531+02:00;13280.268114;16.278;;
2026-09-27T15:14:22.913+02:00;13283.649886;;;15.55
2026-09-27T15:14:22.942+02:00;13283.679026;;100.064;
2026-09-27T15:14:22.944+02:00;13283.681002;16.388;;
2026-09-27T15:14:26.324+02:00;13287.060819;;;15.6
2026-09-27T15:14:26.353+02:00;13287.089926;;100.064;
2026-09-27T15:14:26.355+02:00;13287.091904;16.487;;
2026-09-27T15:14:29.736+02:00;13290.472820;;;15.67
2026-09-27T15:14:29.765+02:00;13290.501925;;100.065;
2026-09-27T15:14:29.767+02:00;13290.503805;16.59;;
2026-09-27T15:14:33.148+02:00;13293.884713;;;15.73
2026-09-27T15:14:33.177+02:00;13293.913835;;100.067;
2026-09-27T15:14:33.179+02:00;13293.915817;16.686;;
2026-09-27T15:14:36.560+02:00;13297.296613;;;15.8
2026-09-27T15:14:36.600+02:00;13297.336860;16.776;100.067;
2026-09-27T15:14:39.972+02:00;13300.708519;;;15.85
2026-09-27T15:14:40.002+02:00;13300.738285;;100.067;
2026-09-27T15:14:40.006+02:00;13300.743197;16.856;;
2026-09-27T15:14:43.384+02:00;13304.120469;;;15.91
2026-09-27T15:14:43.413+02:00;13304.149653;;100.067;
2026-09-27T15:14:43.415+02:00;13304.151722;16.945;;
2026-09-27T15:14:46.796+02:00;13307.532296;;;15.97
2026-09-27T15:14:46.825+02:00;13307.561528;;100.068;
2026-09-27T15:14:46.827+02:00;13307.563475;17.038;;
2026-09-27T15:14:50.208+02:00;13310.944323;;;16.03
2026-09-27T15:14:50.240+02:00;13310.976538;17.135;100.066;
2026-09-27T15:14:53.620+02:00;13314.356211;;;16.09
2026-09-27T15:14:53.660+02:00;13314.397188;17.218;100.067;
2026-09-27T15:14:57.032+02:00;13317.768268;;;16.13
2026-09-27T15:14:57.061+02:00;13317.797292;;100.063;
2026-09-27T15:14:57.063+02:00;13317.799279;17.296;;
2026-09-27T15:15:00.443+02:00;13321.180173;;;16.2
2026-09-27T15:15:00.473+02:00;13321.209320;;100.067;
2026-09-27T15:15:00.475+02:00;13321.211302;17.366;;
2026-09-27T15:15:03.855+02:00;13324.592178;;;16.26
2026-09-27T15:15:03.885+02:00;13324.621216;;100.067;
2026-09-27T15:15:03.886+02:00;13324.623198;17.437;;
2026-09-27T15:15:07.865+02:00;13328.601311;;;16.3
2026-09-27T15:15:07.894+02:00;13328.630745;;100.067;
2026-09-27T15:15:07.908+02:00;13328.644940;17.514;;
2026-09-27T15:15:11.268+02:00;13332.004468;;;16.38
2026-09-27T15:15:11.297+02:00;13332.033494;;100.062;
2026-09-27T15:15:11.299+02:00;13332.035452;17.603;;
2026-09-27T15:15:14.680+02:00;13335.416343;;;16.44
2026-09-27T15:15:14.709+02:00;13335.445611;;100.062;
2026-09-27T15:15:14.711+02:00;13335.447494;17.67;;
2026-09-27T15:15:18.423+02:00;13339.160122;;;16.5
2026-09-27T15:15:18.453+02:00;13339.189370;;100.062;
2026-09-27T15:15:18.455+02:00;13339.191237;17.749;;
2026-09-27T15:15:21.835+02:00;13342.572081;;;16.56
2026-09-27T15:15:21.865+02:00;13342.601754;;100.061;
2026-09-27T15:15:21.867+02:00;13342.603413;17.817;;
2026-09-27T15:15:25.247+02:00;13345.984087;;;16.62
2026-09-27T15:15:25.279+02:00;13346.016172;17.878;100.061;
2026-09-27T15:15:29.049+02:00;13349.785753;;;16.69
2026-09-27T15:15:29.083+02:00;13349.819793;17.946;100.061;
2026-09-27T15:15:32.461+02:00;13353.197752;;;16.73
2026-09-27T15:15:32.490+02:00;13353.226838;;100.061;
2026-09-27T15:15:32.492+02:00;13353.228954;18.003;;
2026-09-27T15:15:35.873+02:00;13356.609759;;;16.79
2026-09-27T15:15:35.902+02:00;13356.638932;;100.061;
2026-09-27T15:15:35.904+02:00;13356.640962;18.058;;
2026-09-27T15:15:39.285+02:00;13360.021746;;;16.84
2026-09-27T15:15:39.315+02:00;13360.051938;;100.061;
2026-09-27T15:15:39.316+02:00;13360.053128;18.108;;
2026-09-27T15:15:42.697+02:00;13363.433665;;;16.9
2026-09-27T15:15:42.726+02:00;13363.462774;;100.061;
2026-09-27T15:15:42.728+02:00;13363.464732;18.172;;
2026-09-27T15:15:46.109+02:00;13366.845696;;;16.95
2026-09-27T15:15:46.138+02:00;13366.874837;;100.061;
2026-09-27T15:15:46.140+02:00;13366.876758;18.23;;
2026-09-27T15:15:49.521+02:00;13370.257449;;;17.0
2026-09-27T15:15:49.554+02:00;13370.290408;18.289;100.061;
2026-09-27T15:15:52.933+02:00;13373.669538;;;17.05
2026-09-27T15:15:52.962+02:00;13373.698697;;100.061;
2026-09-27T15:15:52.964+02:00;13373.700681;18.352;;
2026-09-27T15:15:56.346+02:00;13377.082587;;;17.11
2026-09-27T15:15:56.375+02:00;13377.111710;;100.061;
2026-09-27T15:15:56.377+02:00;13377.113687;18.421;;
2026-09-27T15:15:59.757+02:00;13380.493626;;;17.16
2026-09-27T15:15:59.786+02:00;13380.522755;;100.061;
2026-09-27T15:15:59.788+02:00;13380.524727;18.489;;
2026-09-27T15:16:03.169+02:00;13383.905451;;;17.21
2026-09-27T15:16:03.198+02:00;13383.934630;;100.061;
2026-09-27T15:16:03.200+02:00;13383.936540;18.55;;
2026-09-27T15:16:06.581+02:00;13387.317476;;;17.27
2026-09-27T15:16:06.610+02:00;13387.346551;;100.061;
2026-09-27T15:16:06.612+02:00;13387.348435;18.599;;
2026-09-27T15:16:09.993+02:00;13390.729389;;;17.31
2026-09-27T15:16:10.022+02:00;13390.758514;;100.061;
2026-09-27T15:16:10.024+02:00;13390.760449;18.648;;
2026-09-27T15:16:13.405+02:00;13394.141385;;;17.36
2026-09-27T15:16:13.434+02:00;13394.170502;;100.061;
2026-09-27T15:16:13.436+02:00;13394.172471;18.698;;
2026-09-27T15:16:16.817+02:00;13397.553303;;;17.41
2026-09-27T15:16:16.846+02:00;13397.582450;;100.061;
2026-09-27T15:16:16.848+02:00;13397.584480;18.752;;
2026-09-27T15:16:20.229+02:00;13400.965283;;;17.45
2026-09-27T15:16:20.258+02:00;13400.994437;;100.061;
2026-09-27T15:16:20.260+02:00;13400.996371;18.8;;
2026-09-27T15:16:23.641+02:00;13404.377234;;;17.5
2026-09-27T15:16:23.671+02:00;13404.407758;;100.061;
2026-09-27T15:16:23.672+02:00;13404.408364;18.843;;
2026-09-27T15:16:27.053+02:00;13407.789443;;;17.55
2026-09-27T15:16:27.082+02:00;13407.818537;;100.061;
2026-09-27T15:16:27.084+02:00;13407.820669;18.891;;
2026-09-27T15:16:30.465+02:00;13411.201366;;;17.59
2026-09-27T15:16:30.494+02:00;13411.230742;;100.061;
2026-09-27T15:16:30.496+02:00;13411.232493;18.927;;
2026-09-27T15:16:33.877+02:00;13414.613352;;;17.64
2026-09-27T15:16:33.907+02:00;13414.643906;;100.061;
2026-09-27T15:16:33.911+02:00;13414.647846;18.972;;
2026-09-27T15:16:37.612+02:00;13418.348646;;;17.7
2026-09-27T15:16:37.641+02:00;13418.377661;;100.061;
2026-09-27T15:16:37.643+02:00;13418.379602;19.027;;
2026-09-27T15:16:41.025+02:00;13421.761246;;;17.74
2026-09-27T15:16:41.054+02:00;13421.790460;;100.061;
2026-09-27T15:16:41.055+02:00;13421.791730;19.069;;
2026-09-27T15:16:44.436+02:00;13425.172664;;;17.79
2026-09-27T15:16:44.465+02:00;13425.201685;;100.061;
2026-09-27T15:16:44.467+02:00;13425.203627;19.11;;
2026-09-27T15:16:47.848+02:00;13428.584704;;;17.83
2026-09-27T15:16:47.877+02:00;13428.613698;;100.061;
2026-09-27T15:16:47.879+02:00;13428.615645;19.143;;
2026-09-27T15:16:51.260+02:00;13431.996713;;;17.88
2026-09-27T15:16:51.289+02:00;13432.025820;;100.061;
2026-09-27T15:16:51.291+02:00;13432.027678;19.178;;
2026-09-27T15:16:54.672+02:00;13435.408741;;;17.92
2026-09-27T15:16:54.701+02:00;13435.437969;;100.061;
2026-09-27T15:16:54.703+02:00;13435.439937;19.216;;
2026-09-27T15:16:58.084+02:00;13438.820732;;;17.96
2026-09-27T15:16:58.113+02:00;13438.849929;;100.061;
2026-09-27T15:16:58.115+02:00;13438.851805;19.25;;
2026-09-27T15:17:01.496+02:00;13442.232729;;;18.01
2026-09-27T15:17:01.525+02:00;13442.261917;;100.061;
2026-09-27T15:17:01.527+02:00;13442.263821;19.286;;
2026-09-27T15:17:04.908+02:00;13445.644946;;;18.05
2026-09-27T15:17:04.937+02:00;13445.674167;;100.061;
2026-09-27T15:17:04.939+02:00;13445.675896;19.321;;
2026-09-27T15:17:08.320+02:00;13449.056778;;;18.1
2026-09-27T15:17:08.351+02:00;13449.087819;19.349;100.061;
2026-09-27T15:17:11.732+02:00;13452.468737;;;18.14
2026-09-27T15:17:11.762+02:00;13452.498526;;100.061;
2026-09-27T15:17:11.763+02:00;13452.500051;19.375;;
2026-09-27T15:17:15.144+02:00;13455.880815;;;18.19
2026-09-27T15:17:15.173+02:00;13455.909923;;100.061;
2026-09-27T15:17:15.175+02:00;13455.911903;19.402;;
2026-09-27T15:17:18.556+02:00;13459.292915;;;18.23
2026-09-27T15:17:18.585+02:00;13459.322060;;100.061;
2026-09-27T15:17:18.587+02:00;13459.324030;19.43;;
2026-09-27T15:17:21.968+02:00;13462.705194;;;18.27
2026-09-27T15:17:21.997+02:00;13462.734185;;100.061;
2026-09-27T15:17:21.999+02:00;13462.736052;19.46;;
2026-09-27T15:17:25.380+02:00;13466.116896;;;18.3
2026-09-27T15:17:25.409+02:00;13466.146187;;100.061;
2026-09-27T15:17:25.413+02:00;13466.149514;19.484;;
2026-09-27T15:17:28.792+02:00;13469.529054;;;18.34
2026-09-27T15:17:28.821+02:00;13469.558195;;100.061;
2026-09-27T15:17:28.823+02:00;13469.560168;19.51;;
2026-09-27T15:17:32.204+02:00;13472.941108;;;18.39
2026-09-27T15:17:32.234+02:00;13472.970254;;100.061;
2026-09-27T15:17:32.236+02:00;13472.972208;19.541;;
2026-09-27T15:17:35.617+02:00;13476.353229;;;18.42
2026-09-27T15:17:35.646+02:00;13476.382257;;100.061;
2026-09-27T15:17:35.647+02:00;13476.384127;19.565;;
2026-09-27T15:17:39.028+02:00;13479.765133;;;18.46
2026-09-27T15:17:39.058+02:00;13479.794432;;100.061;
2026-09-27T15:17:39.060+02:00;13479.796235;19.592;;
2026-09-27T15:17:42.440+02:00;13483.177171;;;18.5
2026-09-27T15:17:42.470+02:00;13483.206361;;100.061;
2026-09-27T15:17:42.472+02:00;13483.208271;19.612;;
2026-09-27T15:17:45.852+02:00;13486.589106;;;18.54
2026-09-27T15:17:45.882+02:00;13486.618682;;100.061;
2026-09-27T15:17:45.884+02:00;13486.620321;19.629;;
2026-09-27T15:17:49.265+02:00;13490.001212;;;18.58
2026-09-27T15:17:49.294+02:00;13490.030450;;100.061;
2026-09-27T15:17:49.296+02:00;13490.032529;19.652;;
2026-09-27T15:17:52.677+02:00;13493.413321;;;18.62
2026-09-27T15:17:52.706+02:00;13493.442486;;100.061;
2026-09-27T15:17:52.708+02:00;13493.444598;19.675;;
2026-09-27T15:17:56.089+02:00;13496.825328;;;18.66
2026-09-27T15:17:56.118+02:00;13496.854451;;100.061;
2026-09-27T15:17:56.120+02:00;13496.856545;19.7;;
2026-09-27T15:17:59.501+02:00;13500.237445;;;18.7
2026-09-27T15:17:59.531+02:00;13500.268061;;100.061;
2026-09-27T15:17:59.533+02:00;13500.269381;19.726;;
2026-09-27T15:18:02.913+02:00;13503.649500;;;18.73
2026-09-27T15:18:02.942+02:00;13503.678728;;100.061;
2026-09-27T15:18:02.944+02:00;13503.680626;19.751;;
2026-09-27T15:18:06.755+02:00;13507.491301;;;18.77
2026-09-27T15:18:06.784+02:00;13507.520549;;100.061;
2026-09-27T15:18:06.786+02:00;13507.522669;19.773;;
2026-09-27T15:18:10.167+02:00;13510.903607;;;18.8
2026-09-27T15:18:10.196+02:00;13510.932795;;100.061;
2026-09-27T15:18:10.198+02:00;13510.934651;19.789;;
2026-09-27T15:18:13.579+02:00;13514.315502;;;18.84
2026-09-27T15:18:13.610+02:00;13514.346398;;100.061;
2026-09-27T15:18:13.611+02:00;13514.347744;19.805;;
2026-09-27T15:18:16.991+02:00;13517.727858;;;18.88
2026-09-27T15:18:17.020+02:00;13517.756803;;100.061;
2026-09-27T15:18:17.022+02:00;13517.758683;19.82;;
2026-09-27T15:18:20.403+02:00;13521.139766;;;18.91
2026-09-27T15:18:20.432+02:00;13521.168930;;100.061;
2026-09-27T15:18:20.434+02:00;13521.170831;19.838;;
2026-09-27T15:18:23.815+02:00;13524.551838;;;18.95
2026-09-27T15:18:23.844+02:00;13524.580875;;100.061;
2026-09-27T15:18:23.846+02:00;13524.582829;19.854;;
2026-09-27T15:18:27.227+02:00;13527.963845;;;18.98
2026-09-27T15:18:27.256+02:00;13527.993046;;100.061;
2026-09-27T15:18:27.258+02:00;13527.994955;19.871;;
2026-09-27T15:18:30.639+02:00;13531.375779;;;19.02
2026-09-27T15:18:30.672+02:00;13531.408719;19.888;100.061;
2026-09-27T15:18:34.052+02:00;13534.789026;;;19.05
2026-09-27T15:18:34.081+02:00;13534.818161;;100.061;
2026-09-27T15:18:34.083+02:00;13534.820125;19.911;;
2026-09-27T15:18:37.463+02:00;13538.200144;;;19.08
2026-09-27T15:18:37.492+02:00;13538.229157;;100.061;
2026-09-27T15:18:37.494+02:00;13538.231119;19.928;;
2026-09-27T15:18:40.876+02:00;13541.612613;;;19.11
2026-09-27T15:18:40.905+02:00;13541.641400;;100.061;
2026-09-27T15:18:40.907+02:00;13541.643260;19.945;;
2026-09-27T15:18:44.288+02:00;13545.024216;;;19.15
2026-09-27T15:18:44.317+02:00;13545.053551;;100.061;
2026-09-27T15:18:44.319+02:00;13545.055442;19.954;;
2026-09-27T15:18:47.700+02:00;13548.436432;;;19.18
2026-09-27T15:18:47.729+02:00;13548.465627;;100.061;
2026-09-27T15:18:47.731+02:00;13548.467537;19.967;;
2026-09-27T15:18:51.112+02:00;13551.848597;;;19.2
2026-09-27T15:18:51.141+02:00;13551.877731;;100.061;
2026-09-27T15:18:51.143+02:00;13551.879587;19.983;;
2026-09-27T15:18:54.524+02:00;13555.260671;;;19.24
2026-09-27T15:18:54.553+02:00;13555.289863;;100.061;
2026-09-27T15:18:54.555+02:00;13555.291858;20.0;;
2026-09-27T15:18:57.936+02:00;13558.672800;;;19.27
2026-09-27T15:18:57.965+02:00;13558.701894;;100.061;
2026-09-27T15:18:57.967+02:00;13558.703852;20.019;;
2026-09-27T15:19:01.348+02:00;13562.085007;;;19.3
2026-09-27T15:19:01.377+02:00;13562.114020;;100.061;
2026-09-27T15:19:01.379+02:00;13562.115986;20.032;;
2026-09-27T15:19:04.760+02:00;13565.497026;;;19.34
2026-09-27T15:19:04.789+02:00;13565.526032;;100.061;
2026-09-27T15:19:04.791+02:00;13565.528007;20.048;;
2026-09-27T15:19:08.173+02:00;13568.910064;;;19.37
2026-09-27T15:19:08.203+02:00;13568.939321;;100.061;
2026-09-27T15:19:08.205+02:00;13568.941785;20.063;;
2026-09-27T15:19:11.962+02:00;13572.698751;;;19.41
2026-09-27T15:19:11.991+02:00;13572.728027;;100.061;
2026-09-27T15:19:11.993+02:00;13572.729934;20.08;;
2026-09-27T15:19:15.374+02:00;13576.110960;;;19.44
2026-09-27T15:19:15.403+02:00;13576.140090;;100.061;
2026-09-27T15:19:15.405+02:00;13576.142063;20.097;;
2026-09-27T15:19:18.786+02:00;13579.523042;;;19.48
2026-09-27T15:19:18.815+02:00;13579.552111;;100.061;
2026-09-27T15:19:18.817+02:00;13579.554067;20.116;;
2026-09-27T15:19:22.588+02:00;13583.324260;;;19.51
2026-09-27T15:19:22.618+02:00;13583.354903;;100.061;
2026-09-27T15:19:22.619+02:00;13583.356135;20.139;;
2026-09-27T15:19:26.000+02:00;13586.736475;;;19.53
2026-09-27T15:19:26.029+02:00;13586.765648;;100.061;
2026-09-27T15:19:26.031+02:00;13586.767610;20.156;;
2026-09-27T15:19:29.412+02:00;13590.148677;;;19.56
2026-09-27T15:19:29.441+02:00;13590.177768;;100.061;
2026-09-27T15:19:29.443+02:00;13590.179748;20.17;;
2026-09-27T15:19:32.824+02:00;13593.560816;;;19.59
2026-09-27T15:19:32.853+02:00;13593.589878;;100.061;
2026-09-27T15:19:32.855+02:00;13593.591762;20.188;;
2026-09-27T15:19:36.236+02:00;13596.972791;;;19.62
2026-09-27T15:19:36.266+02:00;13597.003150;;100.061;
2026-09-27T15:19:36.267+02:00;13597.004047;20.207;;
2026-09-27T15:19:39.648+02:00;13600.384843;;;19.66
2026-09-27T15:19:39.678+02:00;13600.414219;;100.061;
2026-09-27T15:19:39.680+02:00;13600.416866;20.213;;
2026-09-27T15:19:43.060+02:00;13603.797186;;;19.69
2026-09-27T15:19:43.090+02:00;13603.826224;;100.061;
2026-09-27T15:19:43.091+02:00;13603.828183;20.226;;
2026-09-27T15:19:46.472+02:00;13607.209193;;;19.71
2026-09-27T15:19:46.502+02:00;13607.238452;;100.061;
2026-09-27T15:19:46.504+02:00;13607.240326;20.245;;
2026-09-27T15:19:49.885+02:00;13610.621339;;;19.74
2026-09-27T15:19:49.914+02:00;13610.650478;;100.061;
2026-09-27T15:19:49.916+02:00;13610.652466;20.265;;
2026-09-27T15:19:53.297+02:00;13614.033469;;;19.77
2026-09-27T15:19:53.326+02:00;13614.062669;;100.061;
2026-09-27T15:19:53.328+02:00;13614.064604;20.275;;
2026-09-27T15:19:56.709+02:00;13617.445586;;;19.79
2026-09-27T15:19:56.738+02:00;13617.474794;;100.061;
2026-09-27T15:19:56.740+02:00;13617.476752;20.288;;
2026-09-27T15:20:00.121+02:00;13620.857794;;;19.81
2026-09-27T15:20:00.150+02:00;13620.886847;;100.061;
2026-09-27T15:20:00.152+02:00;13620.888744;20.296;;
2026-09-27T15:20:03.533+02:00;13624.269839;;;19.84
2026-09-27T15:20:03.562+02:00;13624.299040;;100.061;
2026-09-27T15:20:03.564+02:00;13624.300890;20.307;;
2026-09-27T15:20:06.945+02:00;13627.682020;;;19.88
2026-09-27T15:20:06.974+02:00;13627.711191;;100.061;
2026-09-27T15:20:06.978+02:00;13627.714247;20.31;;
2026-09-27T15:20:10.357+02:00;13631.094178;;;19.9
2026-09-27T15:20:10.386+02:00;13631.123187;;100.061;
2026-09-27T15:20:10.388+02:00;13631.125171;20.324;;
2026-09-27T15:20:13.770+02:00;13634.506330;;;19.92
2026-09-27T15:20:13.799+02:00;13634.535327;;100.061;
2026-09-27T15:20:13.801+02:00;13634.537326;20.327;;
2026-09-27T15:20:17.182+02:00;13637.918833;;;19.95
2026-09-27T15:20:17.211+02:00;13637.947615;;100.061;
2026-09-27T15:20:17.213+02:00;13637.949482;20.337;;
2026-09-27T15:20:20.594+02:00;13641.330611;;;19.98
2026-09-27T15:20:20.623+02:00;13641.360146;;100.061;
2026-09-27T15:20:20.627+02:00;13641.363212;20.34;;
2026-09-27T15:20:24.006+02:00;13644.742773;;;20.0
2026-09-27T15:20:24.035+02:00;13644.771759;;100.061;
2026-09-27T15:20:24.037+02:00;13644.773718;20.341;;
2026-09-27T15:20:27.418+02:00;13648.154899;;;20.02
2026-09-27T15:20:27.447+02:00;13648.184087;;100.061;
2026-09-27T15:20:27.449+02:00;13648.185895;20.354;;
2026-09-27T15:20:30.830+02:00;13651.567035;;;20.05
2026-09-27T15:20:30.860+02:00;13651.596224;;100.061;
2026-09-27T15:20:30.862+02:00;13651.598280;20.356;;
2026-09-27T15:20:34.242+02:00;13654.979083;;;20.08
2026-09-27T15:20:34.272+02:00;13655.008390;;100.061;
2026-09-27T15:20:34.274+02:00;13655.010793;20.362;;
2026-09-27T15:20:37.655+02:00;13658.391311;;;20.1
2026-09-27T15:20:37.684+02:00;13658.420466;;100.061;
2026-09-27T15:20:37.686+02:00;13658.422403;20.372;;
2026-09-27T15:20:41.067+02:00;13661.803602;;;20.12
2026-09-27T15:20:41.096+02:00;13661.832617;;100.061;
2026-09-27T15:20:41.098+02:00;13661.834590;20.376;;
2026-09-27T15:20:44.480+02:00;13665.216623;;;20.15
2026-09-27T15:20:44.509+02:00;13665.245742;;100.061;
2026-09-27T15:20:44.511+02:00;13665.247700;20.387;;
2026-09-27T15:20:47.892+02:00;13668.628935;;;20.17
2026-09-27T15:20:47.920+02:00;13668.656978;;100.061;
2026-09-27T15:20:47.922+02:00;13668.658839;20.394;;
2026-09-27T15:20:51.303+02:00;13672.039950;;;20.2
2026-09-27T15:20:51.333+02:00;13672.069700;;100.061;
2026-09-27T15:20:51.334+02:00;13672.071005;20.404;;
2026-09-27T15:20:54.715+02:00;13675.452018;;;20.22
2026-09-27T15:20:54.744+02:00;13675.481156;;100.061;
2026-09-27T15:20:54.746+02:00;13675.483122;20.41;;
2026-09-27T15:20:58.128+02:00;13678.864295;;;20.24
2026-09-27T15:20:58.157+02:00;13678.893428;;100.061;
2026-09-27T15:20:58.159+02:00;13678.895413;20.421;;
2026-09-27T15:21:01.541+02:00;13682.277420;;;20.27
2026-09-27T15:21:01.570+02:00;13682.306704;;100.061;
2026-09-27T15:21:01.572+02:00;13682.308521;20.43;;
2026-09-27T15:21:04.952+02:00;13685.688541;;;20.28
2026-09-27T15:21:04.981+02:00;13685.717845;;100.061;
2026-09-27T15:21:04.983+02:00;13685.719732;20.438;;
2026-09-27T15:21:08.364+02:00;13689.100724;;;20.3
2026-09-27T15:21:08.393+02:00;13689.129842;;100.061;
2026-09-27T15:21:08.395+02:00;13689.131814;20.453;;
2026-09-27T15:21:11.776+02:00;13692.512868;;;20.33
2026-09-27T15:21:11.805+02:00;13692.542059;;100.061;
2026-09-27T15:21:11.807+02:00;13692.543961;20.461;;
2026-09-27T15:21:15.189+02:00;13695.925376;;;20.35
2026-09-27T15:21:15.218+02:00;13695.954230;;100.061;
2026-09-27T15:21:15.219+02:00;13695.956110;20.47;;
2026-09-27T15:21:18.600+02:00;13699.337185;;;20.38
2026-09-27T15:21:18.630+02:00;13699.366491;;100.061;
2026-09-27T15:21:18.633+02:00;13699.369535;20.48;;
2026-09-27T15:21:22.013+02:00;13702.749254;;;20.4
2026-09-27T15:21:22.042+02:00;13702.778458;;100.061;
2026-09-27T15:21:22.044+02:00;13702.780512;20.492;;
2026-09-27T15:21:25.425+02:00;13706.161543;;;20.42
2026-09-27T15:21:25.454+02:00;13706.190686;;100.061;
2026-09-27T15:21:25.456+02:00;13706.192489;20.502;;
2026-09-27T15:21:28.837+02:00;13709.573615;;;20.45
2026-09-27T15:21:28.866+02:00;13709.602803;;100.061;
2026-09-27T15:21:28.870+02:00;13709.606761;20.51;;
2026-09-27T15:21:32.249+02:00;13712.985720;;;20.46
2026-09-27T15:21:32.278+02:00;13713.014835;;100.061;
2026-09-27T15:21:32.280+02:00;13713.016789;20.518;;
2026-09-27T15:21:35.661+02:00;13716.397945;;;20.48
2026-09-27T15:21:35.690+02:00;13716.427129;;100.061;
2026-09-27T15:21:35.692+02:00;13716.428948;20.518;;
2026-09-27T15:21:39.073+02:00;13719.809990;;;20.51
2026-09-27T15:21:39.103+02:00;13719.839385;;100.061;
2026-09-27T15:21:39.105+02:00;13719.841854;20.528;;
2026-09-27T15:21:42.486+02:00;13723.222226;;;20.52
2026-09-27T15:21:42.515+02:00;13723.251365;;100.061;
2026-09-27T15:21:42.517+02:00;13723.253317;20.534;;
2026-09-27T15:21:45.898+02:00;13726.634369;;;20.55
2026-09-27T15:21:45.927+02:00;13726.663496;;100.061;
2026-09-27T15:21:45.929+02:00;13726.665633;20.535;;
2026-09-27T15:21:49.310+02:00;13730.046434;;;20.56
2026-09-27T15:21:49.339+02:00;13730.075776;;100.061;
2026-09-27T15:21:49.341+02:00;13730.077683;20.539;;
2026-09-27T15:21:52.722+02:00;13733.458787;;;20.58
2026-09-27T15:21:52.751+02:00;13733.487933;;100.061;
2026-09-27T15:21:52.753+02:00;13733.489889;20.548;;
2026-09-27T15:21:56.134+02:00;13736.870918;;;20.6
2026-09-27T15:21:56.163+02:00;13736.900122;;100.061;
2026-09-27T15:21:56.165+02:00;13736.902040;20.551;;
2026-09-27T15:21:59.546+02:00;13740.283151;;;20.62
2026-09-27T15:21:59.576+02:00;13740.312332;;100.061;
2026-09-27T15:21:59.578+02:00;13740.314295;20.563;;
2026-09-27T15:22:02.959+02:00;13743.695313;;;20.64
2026-09-27T15:22:02.988+02:00;13743.724485;;100.061;
2026-09-27T15:22:02.990+02:00;13743.726289;20.567;;
2026-09-27T15:22:06.371+02:00;13747.107455;;;20.66
2026-09-27T15:22:06.401+02:00;13747.137346;;100.061;
2026-09-27T15:22:06.402+02:00;13747.139053;20.581;;
2026-09-27T15:22:09.783+02:00;13750.519645;;;20.68
2026-09-27T15:22:09.812+02:00;13750.548748;;100.061;
2026-09-27T15:22:09.814+02:00;13750.550709;20.585;;
2026-09-27T15:22:13.195+02:00;13753.931869;;;20.7
2026-09-27T15:22:13.224+02:00;13753.960887;;100.061;
2026-09-27T15:22:13.226+02:00;13753.962853;20.599;;
2026-09-27T15:22:17.137+02:00;13757.873992;;;20.7
2026-09-27T15:22:17.166+02:00;13757.903019;;100.061;
2026-09-27T15:22:17.168+02:00;13757.905009;20.599;;
2026-09-27T15:22:20.540+02:00;13761.277086;;;20.73
2026-09-27T15:22:20.570+02:00;13761.306387;;100.061;
2026-09-27T15:22:20.572+02:00;13761.308244;20.614;;
2026-09-27T15:22:23.953+02:00;13764.689375;;;20.75
2026-09-27T15:22:23.983+02:00;13764.719596;;100.061;
2026-09-27T15:22:23.984+02:00;13764.720465;20.615;;
2026-09-27T15:22:27.365+02:00;13768.101630;;;20.77
2026-09-27T15:22:27.394+02:00;13768.130831;;100.061;
2026-09-27T15:22:27.396+02:00;13768.132821;20.621;;
2026-09-27T15:22:30.777+02:00;13771.513732;;;20.79
2026-09-27T15:22:30.806+02:00;13771.542891;;100.061;
2026-09-27T15:22:30.808+02:00;13771.544823;20.631;;
2026-09-27T15:22:34.190+02:00;13774.926881;;;20.8
2026-09-27T15:22:34.220+02:00;13774.956220;;100.061;
2026-09-27T15:22:34.221+02:00;13774.958106;20.632;;
2026-09-27T15:22:37.602+02:00;13778.338231;;;20.82
2026-09-27T15:22:37.631+02:00;13778.367359;;100.061;
2026-09-27T15:22:37.633+02:00;13778.369227;20.642;;
2026-09-27T15:22:41.014+02:00;13781.750301;;;20.84
2026-09-27T15:22:41.043+02:00;13781.779642;;100.061;
2026-09-27T15:22:41.046+02:00;13781.782633;20.648;;
2026-09-27T15:22:44.426+02:00;13785.162503;;;20.86
2026-09-27T15:22:44.455+02:00;13785.191743;;100.061;
2026-09-27T15:22:44.457+02:00;13785.193655;20.652;;
2026-09-27T15:22:47.838+02:00;13788.574812;;;20.88
2026-09-27T15:22:47.868+02:00;13788.604887;;100.061;
2026-09-27T15:22:47.869+02:00;13788.605982;20.663;;
2026-09-27T15:22:51.250+02:00;13791.987024;;;20.89
2026-09-27T15:22:51.279+02:00;13792.016158;;100.061;
2026-09-27T15:22:51.281+02:00;13792.017917;20.664;;
2026-09-27T15:22:54.662+02:00;13795.399015;;;20.91
2026-09-27T15:22:54.692+02:00;13795.428445;;100.061;
2026-09-27T15:22:54.694+02:00;13795.430295;20.666;;
2026-09-27T15:22:58.075+02:00;13798.811314;;;20.93
2026-09-27T15:22:58.104+02:00;13798.840446;;100.061;
2026-09-27T15:22:58.106+02:00;13798.842312;20.675;;
2026-09-27T15:23:01.487+02:00;13802.223432;;;20.95
2026-09-27T15:23:01.516+02:00;13802.253012;;100.061;
2026-09-27T15:23:01.518+02:00;13802.254649;20.68;;
2026-09-27T15:23:05.277+02:00;13806.013674;;;20.97
2026-09-27T15:23:05.308+02:00;13806.044868;;100.061;
2026-09-27T15:23:05.308+02:00;13806.045161;20.682;;
2026-09-27T15:23:08.689+02:00;13809.425873;;;20.98
2026-09-27T15:23:08.718+02:00;13809.455101;;100.061;
2026-09-27T15:23:08.720+02:00;13809.456989;20.693;;
2026-09-27T15:23:12.101+02:00;13812.838089;;;20.99
2026-09-27T15:23:12.131+02:00;13812.867373;;100.061;
2026-09-27T15:23:12.133+02:00;13812.869266;20.696;;
2026-09-27T15:23:15.514+02:00;13816.250317;;;21.01
2026-09-27T15:23:15.543+02:00;13816.279491;;100.061;
2026-09-27T15:23:15.545+02:00;13816.281378;20.697;;
2026-09-27T15:23:18.926+02:00;13819.662448;;;21.02
2026-09-27T15:23:18.955+02:00;13819.691898;;100.061;
2026-09-27T15:23:18.957+02:00;13819.693853;20.709;;
2026-09-27T15:23:22.338+02:00;13823.074659;;;21.04
2026-09-27T15:23:22.368+02:00;13823.105189;;100.061;
2026-09-27T15:23:22.369+02:00;13823.105799;20.713;;
2026-09-27T15:23:25.750+02:00;13826.486937;;;21.05
2026-09-27T15:23:25.779+02:00;13826.516159;;100.061;
2026-09-27T15:23:25.781+02:00;13826.518062;20.713;;
2026-09-27T15:23:29.163+02:00;13829.899947;;;21.07
2026-09-27T15:23:29.192+02:00;13829.928461;;100.061;
2026-09-27T15:23:29.194+02:00;13829.930326;20.713;;
2026-09-27T15:23:32.575+02:00;13833.311455;;;21.09
2026-09-27T15:23:32.604+02:00;13833.340706;;100.061;
2026-09-27T15:23:32.606+02:00;13833.342638;20.724;;
2026-09-27T15:23:35.987+02:00;13836.723626;;;21.1
2026-09-27T15:23:36.016+02:00;13836.752875;;100.061;
2026-09-27T15:23:36.018+02:00;13836.754734;20.729;;
2026-09-27T15:23:39.399+02:00;13840.135691;;;21.12
2026-09-27T15:23:39.428+02:00;13840.165017;;100.061;
2026-09-27T15:23:39.430+02:00;13840.166903;20.731;;
2026-09-27T15:23:43.372+02:00;13844.108692;;;21.12
2026-09-27T15:23:43.401+02:00;13844.137793;;100.061;
2026-09-27T15:23:43.403+02:00;13844.139767;20.74;;
2026-09-27T15:23:46.775+02:00;13847.511966;;;21.15
2026-09-27T15:23:46.805+02:00;13847.541204;;100.061;
2026-09-27T15:23:46.806+02:00;13847.543150;20.745;;
2026-09-27T15:23:50.188+02:00;13850.924333;;;21.17
2026-09-27T15:23:50.217+02:00;13850.953435;;100.061;
2026-09-27T15:23:50.219+02:00;13850.955287;20.745;;
2026-09-27T15:23:53.600+02:00;13854.336369;;;21.18
2026-09-27T15:23:53.629+02:00;13854.365722;;100.061;
2026-09-27T15:23:53.631+02:00;13854.367604;20.749;;
2026-09-27T15:23:57.012+02:00;13857.748775;;;21.2
2026-09-27T15:23:57.041+02:00;13857.777808;;100.061;
2026-09-27T15:23:57.043+02:00;13857.779700;20.755;;
2026-09-27T15:24:00.424+02:00;13861.160765;;;21.21
2026-09-27T15:24:00.453+02:00;13861.190116;;100.061;
2026-09-27T15:24:00.455+02:00;13861.191989;20.76;;
2026-09-27T15:24:03.836+02:00;13864.573127;;;21.23
2026-09-27T15:24:03.866+02:00;13864.602262;;100.061;
2026-09-27T15:24:03.868+02:00;13864.604229;20.761;;
2026-09-27T15:24:07.249+02:00;13867.985305;;;21.24
2026-09-27T15:24:07.278+02:00;13868.014494;;100.061;
2026-09-27T15:24:07.282+02:00;13868.018798;20.762;;
2026-09-27T15:24:10.661+02:00;13871.397588;;;21.25
2026-09-27T15:24:10.690+02:00;13871.426742;;100.061;
2026-09-27T15:24:10.692+02:00;13871.428679;20.775;;
2026-09-27T15:24:14.073+02:00;13874.809744;;;21.27
2026-09-27T15:24:14.103+02:00;13874.839818;;100.061;
2026-09-27T15:24:14.104+02:00;13874.840920;20.78;;
2026-09-27T15:24:17.485+02:00;13878.221911;;;21.28
2026-09-27T15:24:17.514+02:00;13878.251150;;100.061;
2026-09-27T15:24:17.516+02:00;13878.253041;20.792;;
2026-09-27T15:24:20.897+02:00;13881.634118;;;21.29
2026-09-27T15:24:20.927+02:00;13881.663476;;100.061;
2026-09-27T15:24:20.929+02:00;13881.665450;20.794;;
2026-09-27T15:24:24.310+02:00;13885.046456;;;21.31
2026-09-27T15:24:24.339+02:00;13885.075551;;100.061;
2026-09-27T15:24:24.341+02:00;13885.077453;20.795;;
2026-09-27T15:24:27.722+02:00;13888.458529;;;21.32
2026-09-27T15:24:27.751+02:00;13888.488180;;100.061;
2026-09-27T15:24:27.754+02:00;13888.490313;20.794;;
2026-09-27T15:24:31.134+02:00;13891.870866;;;21.34
2026-09-27T15:24:31.163+02:00;13891.899966;;100.061;
2026-09-27T15:24:31.165+02:00;13891.901864;20.798;;
2026-09-27T15:24:34.546+02:00;13895.282951;;;21.35
2026-09-27T15:24:34.576+02:00;13895.312246;;100.061;
2026-09-27T15:24:34.579+02:00;13895.315206;20.804;;
2026-09-27T15:24:37.959+02:00;13898.695249;;;21.36
2026-09-27T15:24:37.988+02:00;13898.724546;;100.061;
2026-09-27T15:24:37.990+02:00;13898.726422;20.808;;
2026-09-27T15:24:41.371+02:00;13902.107497;;;21.38
2026-09-27T15:24:41.400+02:00;13902.136734;;100.061;
2026-09-27T15:24:41.402+02:00;13902.138584;20.81;;
2026-09-27T15:24:44.783+02:00;13905.519876;;;21.39
2026-09-27T15:24:44.812+02:00;13905.548943;;100.061;
2026-09-27T15:24:44.814+02:00;13905.550805;20.81;;
2026-09-27T15:24:48.195+02:00;13908.931931;;;21.4
2026-09-27T15:24:48.225+02:00;13908.961359;;100.061;
2026-09-27T15:24:48.227+02:00;13908.964019;20.81;;
2026-09-27T15:24:51.607+02:00;13912.343990;;;21.41
2026-09-27T15:24:51.637+02:00;13912.373329;;100.061;
2026-09-27T15:24:51.639+02:00;13912.375802;20.816;;
2026-09-27T15:24:55.514+02:00;13916.250764;;;21.41
2026-09-27T15:24:55.543+02:00;13916.279833;;100.061;
2026-09-27T15:24:55.545+02:00;13916.281734;20.825;;
2026-09-27T15:24:58.917+02:00;13919.653995;;;21.45
2026-09-27T15:24:58.946+02:00;13919.683144;;100.061;
2026-09-27T15:24:58.954+02:00;13919.690723;20.826;;
2026-09-27T15:25:02.329+02:00;13923.066171;;;21.45
2026-09-27T15:25:02.362+02:00;13923.098659;;100.061;
2026-09-27T15:25:02.362+02:00;13923.098899;20.826;;
2026-09-27T15:25:05.742+02:00;13926.478518;;;21.47
2026-09-27T15:25:05.771+02:00;13926.507794;;100.061;
2026-09-27T15:25:05.773+02:00;13926.509668;20.833;;
2026-09-27T15:25:09.154+02:00;13929.890822;;;21.48
2026-09-27T15:25:09.183+02:00;13929.919971;;100.061;
2026-09-27T15:25:09.185+02:00;13929.921907;20.842;;
2026-09-27T15:25:12.566+02:00;13933.302897;;;21.48
2026-09-27T15:25:12.596+02:00;13933.332377;;100.061;
2026-09-27T15:25:12.597+02:00;13933.334073;20.842;;
2026-09-27T15:25:15.978+02:00;13936.715191;;;21.5
2026-09-27T15:25:16.008+02:00;13936.744405;;100.061;
2026-09-27T15:25:16.010+02:00;13936.746293;20.842;;
2026-09-27T15:25:19.391+02:00;13940.127368;;;21.52
2026-09-27T15:25:19.420+02:00;13940.156771;;100.061;
2026-09-27T15:25:19.422+02:00;13940.158666;20.852;;
2026-09-27T15:25:22.803+02:00;13943.539826;;;21.52
2026-09-27T15:25:22.832+02:00;13943.568978;;100.061;
2026-09-27T15:25:22.834+02:00;13943.570854;20.859;;
2026-09-27T15:25:26.720+02:00;13947.456813;;;21.52
2026-09-27T15:25:26.754+02:00;13947.490315;20.861;100.061;
2026-09-27T15:25:30.123+02:00;13950.859456;;;21.55
2026-09-27T15:25:30.152+02:00;13950.888832;;100.061;
2026-09-27T15:25:30.156+02:00;13950.892229;20.872;;
2026-09-27T15:25:33.535+02:00;13954.271803;;;21.55
2026-09-27T15:25:33.564+02:00;13954.300909;;100.061;
2026-09-27T15:25:33.566+02:00;13954.302881;20.875;;
2026-09-27T15:25:36.947+02:00;13957.683946;;;21.57
2026-09-27T15:25:36.977+02:00;13957.713286;;100.061;
2026-09-27T15:25:36.978+02:00;13957.715190;20.875;;
2026-09-27T15:25:40.359+02:00;13961.096136;;;21.58
2026-09-27T15:25:40.389+02:00;13961.125507;;100.061;
2026-09-27T15:25:40.391+02:00;13961.128055;20.875;;
2026-09-27T15:25:43.772+02:00;13964.508455;;;21.59
2026-09-27T15:25:43.801+02:00;13964.537613;;100.061;
2026-09-27T15:25:43.803+02:00;13964.539691;20.877;;
2026-09-27T15:25:47.185+02:00;13967.921936;;;21.6
2026-09-27T15:25:47.213+02:00;13967.949946;;100.061;
2026-09-27T15:25:47.215+02:00;13967.951839;20.882;;
2026-09-27T15:25:50.596+02:00;13971.332917;;;21.62
2026-09-27T15:25:50.626+02:00;13971.362595;;100.061;
2026-09-27T15:25:50.628+02:00;13971.364799;20.887;;
2026-09-27T15:25:54.008+02:00;13974.745040;;;21.63
2026-09-27T15:25:54.039+02:00;13974.775856;;100.061;
2026-09-27T15:25:54.040+02:00;13974.776214;20.89;;
2026-09-27T15:25:57.421+02:00;13978.157507;;;21.64
2026-09-27T15:25:57.450+02:00;13978.186531;;100.061;
2026-09-27T15:25:57.452+02:00;13978.188496;20.89;;
2026-09-27T15:26:00.833+02:00;13981.569661;;;21.65
2026-09-27T15:26:00.862+02:00;13981.598865;;100.061;
2026-09-27T15:26:00.864+02:00;13981.600766;20.89;;
2026-09-27T15:26:04.245+02:00;13984.981858;;;21.66
2026-09-27T15:26:04.276+02:00;13985.012845;20.891;100.061;
2026-09-27T15:26:07.658+02:00;13988.394666;;;21.66
2026-09-27T15:26:07.687+02:00;13988.423323;;100.061;
2026-09-27T15:26:07.688+02:00;13988.425186;20.892;;
2026-09-27T15:26:11.070+02:00;13991.806329;;;21.68
2026-09-27T15:26:11.101+02:00;13991.837642;20.9;100.061;
2026-09-27T15:26:14.482+02:00;13995.218614;;;21.7
2026-09-27T15:26:14.511+02:00;13995.247846;;100.061;
2026-09-27T15:26:14.513+02:00;13995.249836;20.907;;
2026-09-27T15:26:17.895+02:00;13998.631774;;;21.7
2026-09-27T15:26:17.924+02:00;13998.660959;;100.061;
2026-09-27T15:26:17.926+02:00;13998.663076;20.907;;
2026-09-27T15:26:21.306+02:00;14002.042984;;;21.71
2026-09-27T15:26:21.336+02:00;14002.072244;;100.061;
2026-09-27T15:26:21.337+02:00;14002.074108;20.907;;
2026-09-27T15:26:24.719+02:00;14005.455229;;;21.73
2026-09-27T15:26:24.748+02:00;14005.484522;;100.061;
2026-09-27T15:26:24.750+02:00;14005.486503;20.909;;
2026-09-27T15:26:28.131+02:00;14008.867600;;;21.73
2026-09-27T15:26:28.161+02:00;14008.897268;;100.061;
2026-09-27T15:26:28.164+02:00;14008.900280;20.915;;
2026-09-27T15:26:31.543+02:00;14012.279842;;;21.73
2026-09-27T15:26:31.572+02:00;14012.308930;;100.061;
2026-09-27T15:26:31.574+02:00;14012.310948;20.921;;
2026-09-27T15:26:34.956+02:00;14015.693046;;;21.75
2026-09-27T15:26:34.985+02:00;14015.722195;;100.061;
2026-09-27T15:26:34.987+02:00;14015.724172;20.922;;
2026-09-27T15:26:38.368+02:00;14019.104314;;;21.76
2026-09-27T15:26:38.397+02:00;14019.133451;;100.061;
2026-09-27T15:26:38.399+02:00;14019.135347;20.923;;
2026-09-27T15:26:41.780+02:00;14022.516460;;;21.77
2026-09-27T15:26:41.810+02:00;14022.546995;;100.061;
2026-09-27T15:26:41.811+02:00;14022.547725;20.925;;
2026-09-27T15:26:45.192+02:00;14025.928671;;;21.77
2026-09-27T15:26:45.221+02:00;14025.957985;;100.061;
2026-09-27T15:26:45.225+02:00;14025.961976;20.929;;
2026-09-27T15:26:48.605+02:00;14029.341867;;;21.79
2026-09-27T15:26:48.633+02:00;14029.370117;;100.061;
2026-09-27T15:26:48.635+02:00;14029.371997;20.934;;
2026-09-27T15:26:52.017+02:00;14032.753223;;;21.8
2026-09-27T15:26:52.047+02:00;14032.783925;;100.061;
2026-09-27T15:26:52.048+02:00;14032.784347;20.937;;
2026-09-27T15:26:55.429+02:00;14036.165330;;;21.8
2026-09-27T15:26:55.458+02:00;14036.194678;;100.061;
2026-09-27T15:26:55.460+02:00;14036.196531;20.939;;
2026-09-27T15:26:58.841+02:00;14039.577803;;;21.82
2026-09-27T15:26:58.870+02:00;14039.606878;;100.061;
2026-09-27T15:26:58.872+02:00;14039.608790;20.94;;
2026-09-27T15:27:02.253+02:00;14042.989904;;;21.82
2026-09-27T15:27:02.283+02:00;14043.019202;;100.061;
2026-09-27T15:27:02.284+02:00;14043.021083;20.94;;
2026-09-27T15:27:05.666+02:00;14046.402220;;;21.83
2026-09-27T15:27:05.695+02:00;14046.431259;;100.061;
2026-09-27T15:27:05.696+02:00;14046.433199;20.941;;
2026-09-27T15:27:09.079+02:00;14049.815390;;;21.84
2026-09-27T15:27:09.108+02:00;14049.844618;;100.061;
2026-09-27T15:27:09.110+02:00;14049.846488;20.947;;
2026-09-27T15:27:12.490+02:00;14053.226618;;;21.85
2026-09-27T15:27:12.519+02:00;14053.255821;;100.061;
2026-09-27T15:27:12.521+02:00;14053.257718;20.951;;
2026-09-27T15:27:15.902+02:00;14056.638815;;;21.86
2026-09-27T15:27:15.931+02:00;14056.668127;;100.061;
2026-09-27T15:27:15.933+02:00;14056.670143;20.954;;
2026-09-27T15:27:19.315+02:00;14060.051265;;;21.88
2026-09-27T15:27:19.344+02:00;14060.080359;;100.061;
2026-09-27T15:27:19.346+02:00;14060.082234;20.955;;
2026-09-27T15:27:22.727+02:00;14063.463352;;;21.88
2026-09-27T15:27:22.756+02:00;14063.492686;;100.061;
2026-09-27T15:27:22.758+02:00;14063.494586;20.956;;
2026-09-27T15:27:26.140+02:00;14066.876726;;;21.89
2026-09-27T15:27:26.169+02:00;14066.905832;;100.061;
2026-09-27T15:27:26.171+02:00;14066.907790;20.956;;
2026-09-27T15:27:29.551+02:00;14070.287758;;;21.91
2026-09-27T15:27:29.580+02:00;14070.317078;;100.061;
2026-09-27T15:27:29.582+02:00;14070.318973;20.957;;
2026-09-27T15:27:32.963+02:00;14073.700097;;;21.91
2026-09-27T15:27:32.993+02:00;14073.729222;;100.061;
2026-09-27T15:27:32.994+02:00;14073.731198;20.966;;
2026-09-27T15:27:36.376+02:00;14077.112374;;;21.92
2026-09-27T15:27:36.405+02:00;14077.141628;;100.061;
2026-09-27T15:27:36.407+02:00;14077.143494;20.972;;
2026-09-27T15:27:39.788+02:00;14080.524658;;;21.93
2026-09-27T15:27:39.817+02:00;14080.553779;;100.061;
2026-09-27T15:27:39.819+02:00;14080.555755;20.973;;
2026-09-27T15:27:43.200+02:00;14083.936908;;;21.94
2026-09-27T15:27:43.229+02:00;14083.966115;;100.061;
2026-09-27T15:27:43.231+02:00;14083.968018;20.978;;
2026-09-27T15:27:46.613+02:00;14087.349917;;;21.94
2026-09-27T15:27:46.642+02:00;14087.378421;;100.061;
2026-09-27T15:27:46.644+02:00;14087.380278;20.982;;
2026-09-27T15:27:50.025+02:00;14090.761436;;;21.95
2026-09-27T15:27:50.054+02:00;14090.790628;;100.061;
2026-09-27T15:27:50.056+02:00;14090.792579;20.987;;
2026-09-27T15:27:54.024+02:00;14094.760284;;;21.93
2026-09-27T15:27:54.053+02:00;14094.789314;;100.061;
2026-09-27T15:27:54.055+02:00;14094.791335;20.988;;
2026-09-27T15:27:57.427+02:00;14098.163406;;;21.96
2026-09-27T15:27:57.456+02:00;14098.193122;;100.061;
2026-09-27T15:27:57.459+02:00;14098.195218;20.989;;
2026-09-27T15:28:00.839+02:00;14101.575791;;;21.98
2026-09-27T15:28:00.868+02:00;14101.604916;;100.061;
2026-09-27T15:28:00.870+02:00;14101.606866;20.993;;
2026-09-27T15:28:04.252+02:00;14104.988953;;;21.98
2026-09-27T15:28:04.283+02:00;14105.019819;;100.061;
2026-09-27T15:28:04.283+02:00;14105.020087;21.001;;
2026-09-27T15:28:07.664+02:00;14108.400292;;;21.99
2026-09-27T15:28:07.693+02:00;14108.429491;;100.061;
2026-09-27T15:28:07.695+02:00;14108.431387;21.003;;
2026-09-27T15:28:11.076+02:00;14111.812576;;;22.0
2026-09-27T15:28:11.105+02:00;14111.841790;;100.061;
2026-09-27T15:28:11.107+02:00;14111.843675;21.004;;
2026-09-27T15:28:14.488+02:00;14115.224826;;;22.01
2026-09-27T15:28:14.518+02:00;14115.254273;;100.061;
2026-09-27T15:28:14.520+02:00;14115.257024;21.004;;
2026-09-27T15:28:17.900+02:00;14118.637121;;;22.02
2026-09-27T15:28:17.930+02:00;14118.666337;;100.061;
2026-09-27T15:28:17.931+02:00;14118.668190;21.005;;
2026-09-27T15:28:21.313+02:00;14122.049283;;;22.02
2026-09-27T15:28:21.342+02:00;14122.078669;;100.061;
2026-09-27T15:28:21.344+02:00;14122.080505;21.007;;
2026-09-27T15:28:24.725+02:00;14125.461675;;;22.03
2026-09-27T15:28:24.754+02:00;14125.490849;;100.061;
2026-09-27T15:28:24.756+02:00;14125.492757;21.006;;
2026-09-27T15:28:28.696+02:00;14129.432981;;;22.02
2026-09-27T15:28:28.725+02:00;14129.462188;;100.061;
2026-09-27T15:28:28.727+02:00;14129.464156;21.009;;
2026-09-27T15:28:32.100+02:00;14132.836433;;;22.05
2026-09-27T15:28:32.129+02:00;14132.865663;;100.061;
2026-09-27T15:28:32.131+02:00;14132.867579;21.017;;
2026-09-27T15:28:35.512+02:00;14136.248660;;;22.05
2026-09-27T15:28:35.543+02:00;14136.279838;21.02;100.061;
2026-09-27T15:28:38.924+02:00;14139.661069;;;22.06
2026-09-27T15:28:38.953+02:00;14139.690145;;100.061;
2026-09-27T15:28:38.955+02:00;14139.692085;21.021;;
2026-09-27T15:28:42.336+02:00;14143.073152;;;22.06
2026-09-27T15:28:42.366+02:00;14143.102869;;100.061;
2026-09-27T15:28:42.368+02:00;14143.104372;21.021;;
2026-09-27T15:28:45.749+02:00;14146.485470;;;22.07
2026-09-27T15:28:45.778+02:00;14146.514681;;100.061;
2026-09-27T15:28:45.780+02:00;14146.516642;21.024;;
2026-09-27T15:28:49.161+02:00;14149.897936;;;22.09
2026-09-27T15:28:49.190+02:00;14149.927013;;100.061;
2026-09-27T15:28:49.192+02:00;14149.928895;21.029;;
2026-09-27T15:28:53.079+02:00;14153.815923;;;22.07
2026-09-27T15:28:53.109+02:00;14153.845445;;100.061;
2026-09-27T15:28:53.111+02:00;14153.848137;21.034;;
2026-09-27T15:28:56.483+02:00;14157.219315;;;22.09
2026-09-27T15:28:56.512+02:00;14157.248543;;100.061;
2026-09-27T15:28:56.514+02:00;14157.250424;21.036;;
2026-09-27T15:28:59.895+02:00;14160.631611;;;22.1
2026-09-27T15:28:59.924+02:00;14160.660732;;100.061;
2026-09-27T15:28:59.926+02:00;14160.662694;21.037;;
2026-09-27T15:29:03.307+02:00;14164.043760;;;22.1
2026-09-27T15:29:03.336+02:00;14164.073105;;100.061;
2026-09-27T15:29:03.338+02:00;14164.075000;21.037;;
2026-09-27T15:29:06.719+02:00;14167.456037;;;22.11
2026-09-27T15:29:06.749+02:00;14167.485284;;100.061;
2026-09-27T15:29:06.751+02:00;14167.487242;21.037;;
2026-09-27T15:29:10.132+02:00;14170.868390;;;22.12
2026-09-27T15:29:10.161+02:00;14170.897625;;100.061;
2026-09-27T15:29:10.163+02:00;14170.899475;21.037;;
2026-09-27T15:29:13.544+02:00;14174.280755;;;22.12
2026-09-27T15:29:13.575+02:00;14174.311885;21.037;100.061;
2026-09-27T15:29:16.957+02:00;14177.693794;;;22.12
2026-09-27T15:29:16.985+02:00;14177.722163;;100.061;
2026-09-27T15:29:16.987+02:00;14177.724021;21.04;;
2026-09-27T15:29:20.369+02:00;14181.105259;;;22.14
2026-09-27T15:29:20.398+02:00;14181.134475;;100.061;
2026-09-27T15:29:20.400+02:00;14181.136782;21.039;;
2026-09-27T15:29:23.781+02:00;14184.517617;;;22.15
2026-09-27T15:29:23.810+02:00;14184.546757;;100.061;
2026-09-27T15:29:23.812+02:00;14184.548665;21.039;;
2026-09-27T15:29:27.193+02:00;14187.929826;;;22.16
2026-09-27T15:29:27.222+02:00;14187.958981;;100.061;
2026-09-27T15:29:27.224+02:00;14187.961186;21.039;;
2026-09-27T15:29:30.605+02:00;14191.342054;;;22.16
2026-09-27T15:29:30.635+02:00;14191.371369;;100.061;
2026-09-27T15:29:30.637+02:00;14191.373255;21.046;;
2026-09-27T15:29:34.018+02:00;14194.754388;;;22.16
2026-09-27T15:29:34.047+02:00;14194.783532;;100.061;
2026-09-27T15:29:34.049+02:00;14194.785488;21.053;;
2026-09-27T15:29:37.930+02:00;14198.666958;;;22.16
2026-09-27T15:29:37.960+02:00;14198.696283;;100.061;
2026-09-27T15:29:37.962+02:00;14198.698819;21.053;;
2026-09-27T15:29:41.334+02:00;14202.070425;;;22.18
2026-09-27T15:29:41.363+02:00;14202.099722;;100.061;
2026-09-27T15:29:41.365+02:00;14202.101550;21.053;;
2026-09-27T15:29:44.746+02:00;14205.482705;;;22.18
2026-09-27T15:29:44.781+02:00;14205.517693;21.053;100.061;
2026-09-27T15:29:48.158+02:00;14208.894883;;;22.19
2026-09-27T15:29:48.188+02:00;14208.924868;;100.061;
2026-09-27T15:29:48.189+02:00;14208.926109;21.054;;
2026-09-27T15:29:51.571+02:00;14212.307238;;;22.19
2026-09-27T15:29:51.600+02:00;14212.336399;;100.061;
2026-09-27T15:29:51.602+02:00;14212.338358;21.057;;
2026-09-27T15:29:54.984+02:00;14215.720741;;;22.2
2026-09-27T15:29:55.012+02:00;14215.748799;;100.061;
2026-09-27T15:29:55.014+02:00;14215.750664;21.058;;
2026-09-27T15:29:58.395+02:00;14219.131722;;;22.2
2026-09-27T15:29:58.424+02:00;14219.161039;;100.061;
2026-09-27T15:29:58.426+02:00;14219.163136;21.06;;
2026-09-27T15:30:01.807+02:00;14222.544169;;;22.21
2026-09-27T15:30:01.837+02:00;14222.573280;;100.061;
2026-09-27T15:30:01.838+02:00;14222.575185;21.062;;
2026-09-27T15:30:05.220+02:00;14225.956616;;;22.21
2026-09-27T15:30:05.249+02:00;14225.985529;;100.061;
2026-09-27T15:30:05.251+02:00;14225.987405;21.066;;
2026-09-27T15:30:08.632+02:00;14229.368724;;;22.22
2026-09-27T15:30:08.662+02:00;14229.398245;;100.061;
2026-09-27T15:30:08.664+02:00;14229.400644;21.068;;
2026-09-27T15:30:12.044+02:00;14232.780905;;;22.22
2026-09-27T15:30:12.074+02:00;14232.810210;;100.061;
2026-09-27T15:30:12.075+02:00;14232.812111;21.069;;
2026-09-27T15:30:15.457+02:00;14236.193358;;;22.23
2026-09-27T15:30:15.486+02:00;14236.222378;;100.061;
2026-09-27T15:30:15.488+02:00;14236.224334;21.069;;
2026-09-27T15:30:18.869+02:00;14239.605454;;;22.23
2026-09-27T15:30:18.898+02:00;14239.634781;;100.061;
2026-09-27T15:30:18.901+02:00;14239.637372;21.069;;
2026-09-27T15:30:22.281+02:00;14243.017925;;;22.24
2026-09-27T15:30:22.310+02:00;14243.047120;;100.061;
2026-09-27T15:30:22.312+02:00;14243.049138;21.069;;
2026-09-27T15:30:25.694+02:00;14246.430214;;;22.25
2026-09-27T15:30:25.723+02:00;14246.459294;;100.061;
2026-09-27T15:30:25.724+02:00;14246.461187;21.069;;
2026-09-27T15:30:29.106+02:00;14249.842325;;;22.26
2026-09-27T15:30:29.135+02:00;14249.871467;;100.061;
2026-09-27T15:30:29.137+02:00;14249.873440;21.07;;
2026-09-27T15:30:32.518+02:00;14253.254690;;;22.27
2026-09-27T15:30:32.547+02:00;14253.284100;;100.061;
2026-09-27T15:30:32.550+02:00;14253.286281;21.072;;
2026-09-27T15:30:35.930+02:00;14256.666981;;;22.27
2026-09-27T15:30:35.960+02:00;14256.696200;;100.061;
2026-09-27T15:30:35.962+02:00;14256.698239;21.075;;
2026-09-27T15:30:39.343+02:00;14260.079302;;;22.27
2026-09-27T15:30:39.373+02:00;14260.109943;;100.061;
2026-09-27T15:30:39.374+02:00;14260.110344;21.076;;
2026-09-27T15:30:42.755+02:00;14263.491635;;;22.27
2026-09-27T15:30:42.784+02:00;14263.520782;;100.061;
2026-09-27T15:30:42.786+02:00;14263.522657;21.083;;
2026-09-27T15:30:46.167+02:00;14266.903841;;;22.28
2026-09-27T15:30:46.196+02:00;14266.933040;;100.061;
2026-09-27T15:30:46.198+02:00;14266.935023;21.084;;
2026-09-27T15:30:49.579+02:00;14270.316048;;;22.29
2026-09-27T15:30:49.608+02:00;14270.345199;;100.061;
2026-09-27T15:30:49.611+02:00;14270.347290;21.085;;
2026-09-27T15:30:52.992+02:00;14273.728449;;;22.29
2026-09-27T15:30:53.021+02:00;14273.757473;;100.061;
2026-09-27T15:30:53.023+02:00;14273.759425;21.085;;
2026-09-27T15:30:56.404+02:00;14277.140822;;;22.29
2026-09-27T15:30:56.433+02:00;14277.169724;;100.061;
2026-09-27T15:30:56.435+02:00;14277.171697;21.085;;
2026-09-27T15:30:59.816+02:00;14280.552986;;;22.29
2026-09-27T15:30:59.845+02:00;14280.582020;;100.061;
2026-09-27T15:30:59.847+02:00;14280.583971;21.085;;
2026-09-27T15:31:03.229+02:00;14283.965252;;;22.3
2026-09-27T15:31:03.258+02:00;14283.994415;;100.061;
2026-09-27T15:31:03.260+02:00;14283.996360;21.086;;
2026-09-27T15:31:06.641+02:00;14287.377662;;;22.3
2026-09-27T15:31:06.670+02:00;14287.406775;;100.061;
2026-09-27T15:31:06.672+02:00;14287.408656;21.091;;
2026-09-27T15:31:10.053+02:00;14290.789794;;;22.31
2026-09-27T15:31:10.085+02:00;14290.821400;21.089;100.061;
2026-09-27T15:31:13.466+02:00;14294.203076;;;22.32
2026-09-27T15:31:13.496+02:00;14294.232308;;100.061;
2026-09-27T15:31:13.497+02:00;14294.234177;21.096;;
2026-09-27T15:31:16.878+02:00;14297.614264;;;22.33
2026-09-27T15:31:16.907+02:00;14297.643894;;100.061;
2026-09-27T15:31:16.909+02:00;14297.645545;21.099;;
2026-09-27T15:31:20.290+02:00;14301.026605;;;22.34
2026-09-27T15:31:20.319+02:00;14301.055850;;100.061;
2026-09-27T15:31:20.321+02:00;14301.057712;21.102;;
2026-09-27T15:31:23.702+02:00;14304.438826;;;22.33
2026-09-27T15:31:23.733+02:00;14304.469930;;100.061;
2026-09-27T15:31:23.733+02:00;14304.470188;21.102;;
2026-09-27T15:31:27.114+02:00;14307.851174;;;22.34
2026-09-27T15:31:27.144+02:00;14307.880342;;100.061;
2026-09-27T15:31:27.146+02:00;14307.882491;21.102;;
2026-09-27T15:31:30.527+02:00;14311.263439;;;22.34
2026-09-27T15:31:30.557+02:00;14311.293813;;100.061;
2026-09-27T15:31:30.558+02:00;14311.294514;21.102;;
2026-09-27T15:31:33.939+02:00;14314.675857;;;22.34
2026-09-27T15:31:33.968+02:00;14314.704956;;100.061;
2026-09-27T15:31:33.970+02:00;14314.706900;21.104;;
2026-09-27T15:31:37.351+02:00;14318.088046;;;22.35
2026-09-27T15:31:37.383+02:00;14318.119877;21.112;100.061;
2026-09-27T15:31:40.764+02:00;14321.500330;;;22.35
2026-09-27T15:31:40.793+02:00;14321.529551;;100.061;
2026-09-27T15:31:40.795+02:00;14321.531577;21.114;;
2026-09-27T15:31:44.176+02:00;14324.912682;;;22.36
2026-09-27T15:31:44.205+02:00;14324.941835;;100.061;
2026-09-27T15:31:44.207+02:00;14324.943745;21.118;;
2026-09-27T15:31:47.589+02:00;14328.326005;;;22.38
2026-09-27T15:31:47.618+02:00;14328.355009;;100.061;
2026-09-27T15:31:47.620+02:00;14328.356975;21.118;;
2026-09-27T15:31:51.001+02:00;14331.737232;;;22.38
2026-09-27T15:31:51.030+02:00;14331.766386;;100.061;
2026-09-27T15:31:51.032+02:00;14331.768245;21.118;;
2026-09-27T15:31:54.413+02:00;14335.149481;;;22.38
2026-09-27T15:31:54.442+02:00;14335.178950;;100.061;
2026-09-27T15:31:54.444+02:00;14335.180832;21.118;;
2026-09-27T15:31:57.825+02:00;14338.561801;;;22.38
2026-09-27T15:31:57.854+02:00;14338.591000;;100.061;
2026-09-27T15:31:57.856+02:00;14338.592921;21.118;;
2026-09-27T15:32:01.237+02:00;14341.973981;;;22.39
2026-09-27T15:32:01.267+02:00;14342.003457;;100.061;
2026-09-27T15:32:01.269+02:00;14342.005316;21.119;;
2026-09-27T15:32:04.650+02:00;14345.386288;;;22.38
2026-09-27T15:32:04.679+02:00;14345.415639;;100.061;
2026-09-27T15:32:04.681+02:00;14345.417463;21.126;;
2026-09-27T15:32:08.062+02:00;14348.798623;;;22.4
2026-09-27T15:32:08.091+02:00;14348.827802;;100.061;
2026-09-27T15:32:08.093+02:00;14348.829710;21.131;;
2026-09-27T15:32:11.474+02:00;14352.210883;;;22.39
2026-09-27T15:32:11.503+02:00;14352.240093;;100.061;
2026-09-27T15:32:11.505+02:00;14352.241994;21.134;;
2026-09-27T15:32:14.886+02:00;14355.623129;;;22.4
2026-09-27T15:32:14.916+02:00;14355.652361;;100.061;
2026-09-27T15:32:14.918+02:00;14355.654248;21.134;;
