horodatage;temps_s;TempRTD1 (°C);TempRTD2 (°C);Math 1 — TempRTD1 − TempRTD2 (°C)
2026-09-22T11:10:09.256+02:00;0.256690;19.531;19.52;0.010999999999999233
2026-09-22T11:10:11.621+02:00;2.621751;19.531;19.52;0.010999999999999233
2026-09-22T11:10:13.408+02:00;4.409072;19.536;19.52;0.01600000000000179
2026-09-22T11:10:15.205+02:00;6.206383;19.537;19.52;0.01699999999999946
2026-09-22T11:10:17.003+02:00;8.003802;19.537;19.52;0.01699999999999946
2026-09-22T11:10:18.800+02:00;9.801309;19.539;19.52;0.019000000000001904
2026-09-22T11:10:20.597+02:00;11.598369;19.539;19.52;0.019000000000001904
2026-09-22T11:10:22.395+02:00;13.395768;19.539;19.52;0.019000000000001904
2026-09-22T11:10:24.192+02:00;15.192954;19.54;19.52;0.019999999999999574
2026-09-22T11:10:25.991+02:00;16.991555;19.54;19.521;0.01899999999999835
2026-09-22T11:10:27.787+02:00;18.787637;19.54;19.521;0.01899999999999835
2026-09-22T11:10:29.584+02:00;20.584963;19.54;19.522;0.018000000000000682
2026-09-22T11:10:31.381+02:00;22.382343;19.54;19.523;0.01699999999999946
2026-09-22T11:10:33.179+02:00;24.179530;19.54;19.528;0.012000000000000455
2026-09-22T11:10:34.976+02:00;25.976944;19.54;19.531;0.009000000000000341
2026-09-22T11:10:36.773+02:00;27.774426;19.54;19.533;0.006999999999997897
2026-09-22T11:10:38.571+02:00;29.571549;19.54;19.535;0.004999999999999005
2026-09-22T11:10:40.369+02:00;31.369850;19.541;19.534;0.0070000000000014495
2026-09-22T11:10:42.165+02:00;33.166237;19.543;19.536;0.006999999999997897
2026-09-22T11:10:43.963+02:00;34.963580;19.542;19.536;0.006000000000000227
2026-09-22T11:10:46.090+02:00;37.090805;19.546;19.536;0.00999999999999801
2026-09-22T11:10:47.887+02:00;38.887794;19.548;19.536;0.011999999999996902
2026-09-22T11:10:49.685+02:00;40.686123;19.547;19.536;0.010999999999999233
2026-09-22T11:10:51.482+02:00;42.482546;19.552;19.536;0.015999999999998238
2026-09-22T11:10:53.280+02:00;44.280837;19.554;19.537;0.01699999999999946
2026-09-22T11:10:55.076+02:00;46.077188;19.552;19.536;0.015999999999998238
2026-09-22T11:10:56.874+02:00;47.874544;19.555;19.536;0.01899999999999835
2026-09-22T11:10:58.672+02:00;49.673019;19.556;19.536;0.019999999999999574
2026-09-22T11:11:00.468+02:00;51.469145;19.556;19.536;0.019999999999999574
2026-09-22T11:11:02.266+02:00;53.266513;19.556;19.536;0.019999999999999574
2026-09-22T11:11:04.063+02:00;55.063959;19.556;19.536;0.019999999999999574
2026-09-22T11:11:05.860+02:00;56.861071;19.556;19.537;0.019000000000001904
2026-09-22T11:11:07.659+02:00;58.659487;19.556;19.538;0.018000000000000682
2026-09-22T11:11:09.455+02:00;60.455876;19.556;19.537;0.019000000000001904
2026-09-22T11:11:11.794+02:00;62.794891;19.556;19.543;0.013000000000001677
2026-09-22T11:11:13.582+02:00;64.583233;19.556;19.543;0.013000000000001677
2026-09-22T11:11:15.380+02:00;66.380597;19.556;19.545;0.010999999999999233
2026-09-22T11:11:17.177+02:00;68.178141;19.556;19.549;0.0070000000000014495
2026-09-22T11:11:18.974+02:00;69.975335;19.556;19.546;0.010000000000001563
2026-09-22T11:11:20.773+02:00;71.773727;19.556;19.549;0.0070000000000014495
2026-09-22T11:11:22.569+02:00;73.569939;19.556;19.55;0.006000000000000227
2026-09-22T11:11:24.366+02:00;75.367395;19.557;19.552;0.004999999999999005
2026-09-22T11:11:26.164+02:00;77.164822;19.556;19.551;0.005000000000002558
2026-09-22T11:11:27.961+02:00;78.961877;19.558;19.552;0.006000000000000227
2026-09-22T11:11:29.758+02:00;80.759235;19.557;19.552;0.004999999999999005
2026-09-22T11:11:31.557+02:00;82.557603;19.556;19.551;0.005000000000002558
2026-09-22T11:11:33.353+02:00;84.353939;19.558;19.552;0.006000000000000227
2026-09-22T11:11:35.151+02:00;86.151572;19.558;19.552;0.006000000000000227
2026-09-22T11:11:36.948+02:00;87.948741;19.562;19.552;0.010000000000001563
2026-09-22T11:11:38.745+02:00;89.745875;19.559;19.552;0.0070000000000014495
2026-09-22T11:11:40.542+02:00;91.543143;19.564;19.552;0.012000000000000455
2026-09-22T11:11:42.340+02:00;93.340744;19.565;19.552;0.013000000000001677
2026-09-22T11:11:44.137+02:00;95.137795;19.57;19.552;0.018000000000000682
2026-09-22T11:11:45.934+02:00;96.935116;19.571;19.552;0.019000000000001904
2026-09-22T11:11:47.732+02:00;98.732534;19.569;19.552;0.01699999999999946
2026-09-22T11:11:49.529+02:00;100.530083;19.57;19.552;0.018000000000000682
2026-09-22T11:11:51.326+02:00;102.327128;19.572;19.552;0.019999999999999574
2026-09-22T11:11:53.124+02:00;104.125432;19.571;19.552;0.019000000000001904
2026-09-22T11:11:54.921+02:00;105.921945;19.571;19.552;0.019000000000001904
2026-09-22T11:11:56.718+02:00;107.719127;19.572;19.552;0.019999999999999574
2026-09-22T11:11:58.516+02:00;109.516727;19.572;19.553;0.01899999999999835
2026-09-22T11:12:00.313+02:00;111.313789;19.572;19.552;0.019999999999999574
2026-09-22T11:12:02.110+02:00;113.111125;19.571;19.552;0.019000000000001904
2026-09-22T11:12:03.908+02:00;114.908683;19.572;19.553;0.01899999999999835
2026-09-22T11:12:05.705+02:00;116.705772;19.572;19.553;0.01899999999999835
2026-09-22T11:12:07.502+02:00;118.503282;19.572;19.558;0.013999999999999346
2026-09-22T11:12:09.300+02:00;120.300571;19.572;19.558;0.013999999999999346
2026-09-22T11:12:11.097+02:00;122.097757;19.572;19.556;0.015999999999998238
2026-09-22T11:12:12.894+02:00;123.895086;19.572;19.558;0.013999999999999346
2026-09-22T11:12:14.691+02:00;125.692425;19.572;19.561;0.010999999999999233
2026-09-22T11:12:16.489+02:00;127.489786;19.572;19.559;0.012999999999998124
2026-09-22T11:12:18.286+02:00;129.287401;19.572;19.564;0.007999999999999119
2026-09-22T11:12:20.083+02:00;131.084418;19.572;19.561;0.010999999999999233
2026-09-22T11:12:21.881+02:00;132.881995;19.572;19.562;0.00999999999999801
2026-09-22T11:12:24.069+02:00;135.069799;19.572;19.566;0.006000000000000227
2026-09-22T11:12:25.866+02:00;136.866865;19.573;19.565;0.007999999999999119
2026-09-22T11:12:28.095+02:00;139.095980;19.572;19.567;0.004999999999999005
2026-09-22T11:12:29.892+02:00;140.893382;19.572;19.568;0.003999999999997783
2026-09-22T11:12:31.690+02:00;142.690891;19.572;19.566;0.006000000000000227
2026-09-22T11:12:33.487+02:00;144.487888;19.572;19.567;0.004999999999999005
2026-09-22T11:12:35.284+02:00;146.285311;19.572;19.568;0.003999999999997783
2026-09-22T11:12:37.082+02:00;148.082773;19.572;19.568;0.003999999999997783
2026-09-22T11:12:38.879+02:00;149.880061;19.573;19.568;0.004999999999999005
2026-09-22T11:12:40.676+02:00;151.677224;19.574;19.568;0.006000000000000227
2026-09-22T11:12:42.474+02:00;153.474723;19.572;19.568;0.003999999999997783
2026-09-22T11:12:44.271+02:00;155.272079;19.574;19.568;0.006000000000000227
2026-09-22T11:12:46.068+02:00;157.069354;19.574;19.568;0.006000000000000227
2026-09-22T11:12:47.866+02:00;158.866747;19.574;19.568;0.006000000000000227
2026-09-22T11:12:49.663+02:00;160.664121;19.574;19.568;0.006000000000000227
2026-09-22T11:12:51.460+02:00;162.461394;19.576;19.568;0.007999999999999119
2026-09-22T11:12:53.258+02:00;164.258689;19.574;19.568;0.006000000000000227
2026-09-22T11:12:55.055+02:00;166.055783;19.577;19.568;0.009000000000000341
2026-09-22T11:12:56.852+02:00;167.853217;19.575;19.568;0.006999999999997897
2026-09-22T11:12:58.650+02:00;169.650764;19.576;19.568;0.007999999999999119
2026-09-22T11:13:00.447+02:00;171.448019;19.579;19.568;0.010999999999999233
2026-09-22T11:13:02.245+02:00;173.246227;19.583;19.568;0.014999999999997016
2026-09-22T11:13:04.041+02:00;175.042445;19.58;19.568;0.011999999999996902
2026-09-22T11:13:05.839+02:00;176.839773;19.584;19.568;0.015999999999998238
2026-09-22T11:13:08.229+02:00;179.229636;19.581;19.568;0.012999999999998124
2026-09-22T11:13:10.016+02:00;181.017037;19.585;19.568;0.01699999999999946
2026-09-22T11:13:11.814+02:00;182.814567;19.585;19.568;0.01699999999999946
2026-09-22T11:13:13.611+02:00;184.611805;19.585;19.568;0.01699999999999946
2026-09-22T11:13:15.945+02:00;186.946275;19.587;19.568;0.01899999999999835
2026-09-22T11:13:17.734+02:00;188.734541;19.587;19.568;0.01899999999999835
2026-09-22T11:13:19.531+02:00;190.531954;19.587;19.569;0.018000000000000682
2026-09-22T11:13:21.328+02:00;192.329284;19.587;19.568;0.01899999999999835
2026-09-22T11:13:23.126+02:00;194.126627;19.587;19.568;0.01899999999999835
2026-09-22T11:13:24.923+02:00;195.923864;19.588;19.568;0.019999999999999574
2026-09-22T11:13:27.243+02:00;198.243797;19.588;19.569;0.019000000000001904
2026-09-22T11:13:29.030+02:00;200.031305;19.588;19.568;0.019999999999999574
2026-09-22T11:13:30.828+02:00;201.828550;19.588;19.57;0.018000000000000682
2026-09-22T11:13:32.625+02:00;203.625923;19.588;19.569;0.019000000000001904
2026-09-22T11:13:34.422+02:00;205.423158;19.588;19.572;0.01600000000000179
2026-09-22T11:13:36.221+02:00;207.221500;19.588;19.574;0.013999999999999346
2026-09-22T11:13:38.017+02:00;209.018048;19.588;19.573;0.015000000000000568
2026-09-22T11:13:39.814+02:00;210.815175;19.588;19.571;0.01699999999999946
2026-09-22T11:13:41.612+02:00;212.612500;19.588;19.571;0.01699999999999946
2026-09-22T11:13:43.409+02:00;214.409858;19.588;19.571;0.01699999999999946
2026-09-22T11:13:45.206+02:00;216.207170;19.588;19.574;0.013999999999999346
2026-09-22T11:13:47.004+02:00;218.004529;19.588;19.572;0.01600000000000179
2026-09-22T11:13:48.801+02:00;219.801885;19.588;19.573;0.015000000000000568
2026-09-22T11:13:50.598+02:00;221.599195;19.588;19.573;0.015000000000000568
2026-09-22T11:13:52.395+02:00;223.396414;19.588;19.575;0.013000000000001677
2026-09-22T11:13:54.193+02:00;225.193802;19.588;19.579;0.009000000000000341
2026-09-22T11:13:55.990+02:00;226.991315;19.588;19.575;0.013000000000001677
2026-09-22T11:13:57.787+02:00;228.788438;19.588;19.577;0.010999999999999233
2026-09-22T11:13:59.585+02:00;230.585784;19.588;19.579;0.009000000000000341
2026-09-22T11:14:01.383+02:00;232.384111;19.588;19.58;0.008000000000002672
2026-09-22T11:14:03.179+02:00;234.180454;19.588;19.578;0.010000000000001563
2026-09-22T11:14:04.977+02:00;235.977735;19.588;19.58;0.008000000000002672
2026-09-22T11:14:06.774+02:00;237.774997;19.588;19.579;0.009000000000000341
2026-09-22T11:14:08.572+02:00;239.572548;19.588;19.581;0.0070000000000014495
2026-09-22T11:14:10.369+02:00;241.369676;19.588;19.579;0.009000000000000341
2026-09-22T11:14:12.166+02:00;243.167088;19.588;19.584;0.004000000000001336
2026-09-22T11:14:13.963+02:00;244.964367;19.588;19.584;0.004000000000001336
2026-09-22T11:14:15.761+02:00;246.761772;19.588;19.582;0.006000000000000227
2026-09-22T11:14:17.558+02:00;248.559066;19.588;19.584;0.004000000000001336
2026-09-22T11:14:19.355+02:00;250.356334;19.588;19.581;0.0070000000000014495
2026-09-22T11:14:21.153+02:00;252.153851;19.588;19.584;0.004000000000001336
2026-09-22T11:14:22.950+02:00;253.951134;19.588;19.583;0.005000000000002558
2026-09-22T11:14:24.747+02:00;255.748308;19.588;19.584;0.004000000000001336
2026-09-22T11:14:26.545+02:00;257.545633;19.588;19.584;0.004000000000001336
2026-09-22T11:14:28.870+02:00;259.871024;19.588;19.584;0.004000000000001336
2026-09-22T11:14:30.658+02:00;261.659430;19.591;19.584;0.0070000000000014495
2026-09-22T11:14:32.456+02:00;263.457040;19.588;19.584;0.004000000000001336
2026-09-22T11:14:34.254+02:00;265.255113;19.588;19.584;0.004000000000001336
2026-09-22T11:14:36.051+02:00;267.051524;19.59;19.584;0.006000000000000227
2026-09-22T11:14:37.848+02:00;268.848745;19.593;19.584;0.009000000000000341
2026-09-22T11:14:39.645+02:00;270.646136;19.59;19.584;0.006000000000000227
2026-09-22T11:14:41.442+02:00;272.443391;19.59;19.584;0.006000000000000227
2026-09-22T11:14:43.241+02:00;274.241653;19.589;19.584;0.004999999999999005
2026-09-22T11:14:45.037+02:00;276.037980;19.591;19.584;0.0070000000000014495
2026-09-22T11:14:46.834+02:00;277.835364;19.592;19.584;0.007999999999999119
2026-09-22T11:14:48.632+02:00;279.632640;19.594;19.584;0.010000000000001563
2026-09-22T11:14:50.429+02:00;281.430002;19.594;19.584;0.010000000000001563
2026-09-22T11:14:52.227+02:00;283.228404;19.596;19.584;0.012000000000000455
2026-09-22T11:14:54.024+02:00;285.024522;19.596;19.584;0.012000000000000455
2026-09-22T11:14:55.821+02:00;286.821917;19.594;19.584;0.010000000000001563
2026-09-22T11:14:57.618+02:00;288.619175;19.596;19.584;0.012000000000000455
2026-09-22T11:14:59.416+02:00;290.416560;19.594;19.584;0.010000000000001563
2026-09-22T11:15:01.213+02:00;292.213864;19.596;19.584;0.012000000000000455
2026-09-22T11:15:03.010+02:00;294.011172;19.599;19.584;0.015000000000000568
2026-09-22T11:15:04.808+02:00;295.808898;19.6;19.584;0.01600000000000179
2026-09-22T11:15:06.605+02:00;297.605803;19.599;19.584;0.015000000000000568
2026-09-22T11:15:08.402+02:00;299.403245;19.6;19.584;0.01600000000000179
2026-09-22T11:15:10.199+02:00;301.200408;19.601;19.584;0.01699999999999946
2026-09-22T11:15:11.997+02:00;302.997808;19.602;19.584;0.018000000000000682
2026-09-22T11:15:13.794+02:00;304.795087;19.601;19.584;0.01699999999999946
2026-09-22T11:15:15.591+02:00;306.592413;19.604;19.584;0.019999999999999574
2026-09-22T11:15:17.389+02:00;308.389916;19.601;19.584;0.01699999999999946
2026-09-22T11:15:19.186+02:00;310.187148;19.601;19.584;0.01699999999999946
2026-09-22T11:15:20.983+02:00;311.984416;19.603;19.584;0.019000000000001904
2026-09-22T11:15:22.781+02:00;313.781768;19.602;19.585;0.01699999999999946
2026-09-22T11:15:24.578+02:00;315.579035;19.602;19.584;0.018000000000000682
2026-09-22T11:15:26.375+02:00;317.376307;19.603;19.584;0.019000000000001904
2026-09-22T11:15:28.173+02:00;319.173649;19.603;19.584;0.019000000000001904
2026-09-22T11:15:29.970+02:00;320.971131;19.603;19.584;0.019000000000001904
2026-09-22T11:15:31.768+02:00;322.769310;19.604;19.585;0.01899999999999835
2026-09-22T11:15:33.565+02:00;324.565606;19.604;19.584;0.019999999999999574
2026-09-22T11:15:35.362+02:00;326.362952;19.604;19.585;0.01899999999999835
2026-09-22T11:15:37.159+02:00;328.160271;19.604;19.584;0.019999999999999574
2026-09-22T11:15:38.957+02:00;329.957569;19.604;19.586;0.018000000000000682
2026-09-22T11:15:40.754+02:00;331.754888;19.604;19.585;0.01899999999999835
2026-09-22T11:15:42.551+02:00;333.552376;19.604;19.587;0.01699999999999946
2026-09-22T11:15:44.349+02:00;335.349554;19.604;19.586;0.018000000000000682
2026-09-22T11:15:46.147+02:00;337.147850;19.604;19.587;0.01699999999999946
2026-09-22T11:15:47.943+02:00;338.944210;19.604;19.588;0.015999999999998238
2026-09-22T11:15:49.741+02:00;340.741533;19.604;19.584;0.019999999999999574
2026-09-22T11:15:51.538+02:00;342.538823;19.604;19.587;0.01699999999999946
2026-09-22T11:15:53.335+02:00;344.336155;19.604;19.593;0.010999999999999233
2026-09-22T11:15:55.133+02:00;346.133668;19.603;19.592;0.011000000000002785
2026-09-22T11:15:56.930+02:00;347.930826;19.604;19.592;0.012000000000000455
2026-09-22T11:15:58.727+02:00;349.728147;19.604;19.593;0.010999999999999233
2026-09-22T11:16:00.526+02:00;351.526488;19.604;19.591;0.012999999999998124
2026-09-22T11:16:02.323+02:00;353.323811;19.604;19.592;0.012000000000000455
2026-09-22T11:16:04.119+02:00;355.120149;19.604;19.595;0.009000000000000341
2026-09-22T11:16:05.916+02:00;356.917440;19.604;19.596;0.007999999999999119
2026-09-22T11:16:07.714+02:00;358.714929;19.604;19.595;0.009000000000000341
2026-09-22T11:16:09.511+02:00;360.512070;19.604;19.597;0.006999999999997897
2026-09-22T11:16:11.309+02:00;362.310406;19.604;19.595;0.009000000000000341
2026-09-22T11:16:13.106+02:00;364.106735;19.604;19.598;0.006000000000000227
2026-09-22T11:16:14.904+02:00;365.905073;19.604;19.599;0.004999999999999005
2026-09-22T11:16:16.700+02:00;367.701398;19.604;19.6;0.003999999999997783
2026-09-22T11:16:18.498+02:00;369.498702;19.604;19.599;0.004999999999999005
2026-09-22T11:16:20.296+02:00;371.297158;19.604;19.599;0.004999999999999005
2026-09-22T11:16:22.092+02:00;373.093338;19.604;19.597;0.006999999999997897
2026-09-22T11:16:23.890+02:00;374.890689;19.604;19.6;0.003999999999997783
2026-09-22T11:16:25.687+02:00;376.688033;19.605;19.6;0.004999999999999005
2026-09-22T11:16:27.484+02:00;378.485322;19.604;19.6;0.003999999999997783
2026-09-22T11:16:29.282+02:00;380.282698;19.604;19.6;0.003999999999997783
2026-09-22T11:16:31.079+02:00;382.080014;19.604;19.601;0.0030000000000001137
2026-09-22T11:16:32.876+02:00;383.877384;19.604;19.6;0.003999999999997783
2026-09-22T11:16:34.674+02:00;385.674648;19.604;19.601;0.0030000000000001137
2026-09-22T11:16:36.471+02:00;387.472017;19.604;19.601;0.0030000000000001137
2026-09-22T11:16:38.269+02:00;389.269478;19.604;19.601;0.0030000000000001137
2026-09-22T11:16:40.066+02:00;391.066622;19.604;19.601;0.0030000000000001137
2026-09-22T11:16:41.863+02:00;392.864004;19.605;19.601;0.004000000000001336
2026-09-22T11:16:43.660+02:00;394.661392;19.605;19.601;0.004000000000001336
2026-09-22T11:16:45.458+02:00;396.458688;19.607;19.601;0.006000000000000227
2026-09-22T11:16:47.255+02:00;398.256001;19.604;19.601;0.0030000000000001137
2026-09-22T11:16:49.052+02:00;400.053337;19.604;19.6;0.003999999999997783
2026-09-22T11:16:50.850+02:00;401.850733;19.604;19.601;0.0030000000000001137
2026-09-22T11:16:52.647+02:00;403.647984;19.605;19.601;0.004000000000001336
2026-09-22T11:16:54.444+02:00;405.445319;19.608;19.601;0.0070000000000014495
2026-09-22T11:16:56.242+02:00;407.242861;19.605;19.601;0.004000000000001336
2026-09-22T11:16:58.039+02:00;409.039994;19.606;19.601;0.005000000000002558
2026-09-22T11:16:59.836+02:00;410.837329;19.605;19.601;0.004000000000001336
2026-09-22T11:17:01.634+02:00;412.634659;19.605;19.601;0.004000000000001336
2026-09-22T11:17:03.431+02:00;414.432029;19.61;19.601;0.009000000000000341
2026-09-22T11:17:05.228+02:00;416.229274;19.608;19.601;0.0070000000000014495
2026-09-22T11:17:07.026+02:00;418.026592;19.613;19.601;0.012000000000000455
2026-09-22T11:17:09.169+02:00;420.170127;19.61;19.601;0.009000000000000341
2026-09-22T11:17:10.966+02:00;421.967310;19.608;19.601;0.0070000000000014495
2026-09-22T11:17:12.764+02:00;423.764679;19.61;19.601;0.009000000000000341
2026-09-22T11:17:14.561+02:00;425.561973;19.611;19.601;0.010000000000001563
2026-09-22T11:17:16.359+02:00;427.360265;19.614;19.601;0.013000000000001677
2026-09-22T11:17:18.156+02:00;429.156614;19.606;19.601;0.005000000000002558
2026-09-22T11:17:19.953+02:00;430.953931;19.615;19.601;0.013999999999999346
2026-09-22T11:17:21.750+02:00;432.751377;19.617;19.601;0.01600000000000179
2026-09-22T11:17:23.548+02:00;434.548563;19.615;19.601;0.013999999999999346
2026-09-22T11:17:25.345+02:00;436.345879;19.616;19.601;0.015000000000000568
2026-09-22T11:17:27.142+02:00;438.143223;19.616;19.601;0.015000000000000568
2026-09-22T11:17:28.940+02:00;439.940519;19.619;19.601;0.018000000000000682
2026-09-22T11:17:30.737+02:00;441.737838;19.619;19.601;0.018000000000000682
2026-09-22T11:17:32.534+02:00;443.535187;19.617;19.601;0.01600000000000179
2026-09-22T11:17:34.332+02:00;445.332645;19.619;19.601;0.018000000000000682
2026-09-22T11:17:36.129+02:00;447.129797;19.62;19.602;0.018000000000000682
2026-09-22T11:17:37.926+02:00;448.927132;19.62;19.601;0.019000000000001904
2026-09-22T11:17:39.723+02:00;450.724418;19.618;19.601;0.01699999999999946
2026-09-22T11:17:41.521+02:00;452.521754;19.621;19.602;0.01899999999999835
2026-09-22T11:17:43.318+02:00;454.319066;19.619;19.603;0.015999999999998238
2026-09-22T11:17:45.116+02:00;456.117395;19.621;19.601;0.019999999999999574
2026-09-22T11:17:46.913+02:00;457.913849;19.621;19.603;0.01799999999999713
2026-09-22T11:17:48.710+02:00;459.711029;19.62;19.602;0.018000000000000682
2026-09-22T11:17:50.507+02:00;461.508319;19.62;19.603;0.01699999999999946
2026-09-22T11:17:52.305+02:00;463.305618;19.621;19.603;0.01799999999999713
2026-09-22T11:17:54.102+02:00;465.103002;19.621;19.603;0.01799999999999713
2026-09-22T11:17:55.899+02:00;466.900332;19.621;19.604;0.01699999999999946
2026-09-22T11:17:57.697+02:00;468.697690;19.621;19.603;0.01799999999999713
2026-09-22T11:18:00.040+02:00;471.041161;19.621;19.604;0.01699999999999946
2026-09-22T11:18:01.828+02:00;472.828544;19.621;19.606;0.014999999999997016
2026-09-22T11:18:03.625+02:00;474.625835;19.621;19.605;0.015999999999998238
2026-09-22T11:18:05.423+02:00;476.424230;19.621;19.604;0.01699999999999946
2026-09-22T11:18:07.220+02:00;478.220496;19.621;19.607;0.013999999999999346
2026-09-22T11:18:09.017+02:00;480.017833;19.621;19.605;0.015999999999998238
2026-09-22T11:18:10.814+02:00;481.815322;19.621;19.607;0.013999999999999346
2026-09-22T11:18:12.612+02:00;483.612518;19.621;19.606;0.014999999999997016
2026-09-22T11:18:14.410+02:00;485.411002;19.621;19.609;0.011999999999996902
2026-09-22T11:18:16.206+02:00;487.207103;19.621;19.611;0.00999999999999801
2026-09-22T11:18:18.003+02:00;489.004464;19.621;19.609;0.011999999999996902
2026-09-22T11:18:19.801+02:00;490.801746;19.621;19.613;0.007999999999999119
2026-09-22T11:18:21.598+02:00;492.599066;19.621;19.611;0.00999999999999801
2026-09-22T11:18:23.397+02:00;494.397572;19.621;19.611;0.00999999999999801
2026-09-22T11:18:25.193+02:00;496.193738;19.621;19.616;0.004999999999999005
2026-09-22T11:18:26.990+02:00;497.991116;19.621;19.614;0.006999999999997897
2026-09-22T11:18:28.787+02:00;499.788406;19.621;19.614;0.006999999999997897
2026-09-22T11:18:30.585+02:00;501.585726;19.621;19.617;0.003999999999997783
2026-09-22T11:18:32.382+02:00;503.383027;19.621;19.616;0.004999999999999005
2026-09-22T11:18:34.179+02:00;505.180393;19.621;19.615;0.006000000000000227
2026-09-22T11:18:35.977+02:00;506.977873;19.621;19.614;0.006999999999997897
2026-09-22T11:18:37.774+02:00;508.774972;19.621;19.615;0.006000000000000227
2026-09-22T11:18:39.571+02:00;510.572292;19.621;19.617;0.003999999999997783
2026-09-22T11:18:41.369+02:00;512.369619;19.621;19.616;0.004999999999999005
2026-09-22T11:18:43.166+02:00;514.166979;19.621;19.617;0.003999999999997783
2026-09-22T11:18:44.963+02:00;515.964269;19.621;19.616;0.004999999999999005
2026-09-22T11:18:46.761+02:00;517.761627;19.621;19.616;0.004999999999999005
2026-09-22T11:18:48.558+02:00;519.559113;19.621;19.617;0.003999999999997783
2026-09-22T11:18:50.355+02:00;521.356221;19.621;19.616;0.004999999999999005
2026-09-22T11:18:52.153+02:00;523.153584;19.622;19.616;0.006000000000000227
2026-09-22T11:18:53.950+02:00;524.950946;19.621;19.617;0.003999999999997783
2026-09-22T11:18:55.747+02:00;526.748247;19.621;19.617;0.003999999999997783
2026-09-22T11:18:57.545+02:00;528.545608;19.622;19.617;0.004999999999999005
2026-09-22T11:18:59.342+02:00;530.342927;19.621;19.617;0.003999999999997783
2026-09-22T11:19:01.139+02:00;532.140363;19.623;19.617;0.006000000000000227
2026-09-22T11:19:02.937+02:00;533.937570;19.624;19.617;0.006999999999997897
2026-09-22T11:19:04.734+02:00;535.734866;19.622;19.617;0.004999999999999005
2026-09-22T11:19:06.531+02:00;537.532216;19.622;19.617;0.004999999999999005
2026-09-22T11:19:08.329+02:00;539.329591;19.624;19.617;0.006999999999997897
2026-09-22T11:19:10.126+02:00;541.126923;19.622;19.617;0.004999999999999005
2026-09-22T11:19:11.923+02:00;542.924228;19.626;19.617;0.009000000000000341
2026-09-22T11:19:13.721+02:00;544.721589;19.626;19.617;0.009000000000000341
2026-09-22T11:19:15.518+02:00;546.518878;19.624;19.617;0.006999999999997897
2026-09-22T11:19:17.315+02:00;548.316222;19.625;19.617;0.007999999999999119
2026-09-22T11:19:19.113+02:00;550.113710;19.627;19.617;0.00999999999999801
2026-09-22T11:19:20.910+02:00;551.910891;19.627;19.617;0.00999999999999801
2026-09-22T11:19:22.707+02:00;553.708216;19.626;19.617;0.009000000000000341
2026-09-22T11:19:24.505+02:00;555.505572;19.631;19.617;0.013999999999999346
2026-09-22T11:19:26.302+02:00;557.302917;19.631;19.617;0.013999999999999346
2026-09-22T11:19:28.099+02:00;559.100244;19.629;19.617;0.012000000000000455
2026-09-22T11:19:29.897+02:00;560.897541;19.632;19.617;0.015000000000000568
2026-09-22T11:19:31.694+02:00;562.694951;19.635;19.617;0.018000000000000682
2026-09-22T11:19:33.492+02:00;564.493257;19.632;19.617;0.015000000000000568
2026-09-22T11:19:35.289+02:00;566.289474;19.633;19.617;0.015999999999998238
2026-09-22T11:19:37.086+02:00;568.086794;19.636;19.617;0.01899999999999835
2026-09-22T11:19:38.883+02:00;569.884157;19.633;19.617;0.015999999999998238
2026-09-22T11:19:40.681+02:00;571.681513;19.635;19.617;0.018000000000000682
2026-09-22T11:19:42.479+02:00;573.479803;19.635;19.617;0.018000000000000682
2026-09-22T11:19:44.275+02:00;575.276228;19.635;19.617;0.018000000000000682
2026-09-22T11:19:46.072+02:00;577.073448;19.636;19.617;0.01899999999999835
2026-09-22T11:19:47.870+02:00;578.870763;19.636;19.617;0.01899999999999835
2026-09-22T11:19:49.667+02:00;580.668082;19.637;19.617;0.019999999999999574
2026-09-22T11:19:51.465+02:00;582.466405;19.636;19.618;0.018000000000000682
2026-09-22T11:19:53.262+02:00;584.262743;19.637;19.62;0.01699999999999946
2026-09-22T11:19:55.059+02:00;586.060072;19.636;19.621;0.015000000000000568
2026-09-22T11:19:56.856+02:00;587.857461;19.636;19.618;0.018000000000000682
2026-09-22T11:19:58.654+02:00;589.654734;19.636;19.62;0.015999999999998238
2026-09-22T11:20:00.451+02:00;591.452089;19.637;19.62;0.01699999999999946
2026-09-22T11:20:02.249+02:00;593.249602;19.637;19.623;0.013999999999999346
2026-09-22T11:20:04.046+02:00;595.046698;19.637;19.621;0.01600000000000179
2026-09-22T11:20:05.843+02:00;596.844057;19.637;19.618;0.019000000000001904
2026-09-22T11:20:07.640+02:00;598.641366;19.636;19.62;0.015999999999998238
2026-09-22T11:20:09.438+02:00;600.438706;19.637;19.621;0.01600000000000179
2026-09-22T11:20:11.235+02:00;602.236008;19.637;19.62;0.01699999999999946
2026-09-22T11:20:13.032+02:00;604.033343;19.637;19.624;0.013000000000001677
2026-09-22T11:20:14.830+02:00;605.830822;19.637;19.622;0.015000000000000568
2026-09-22T11:20:16.962+02:00;607.962851;19.637;19.629;0.007999999999999119
2026-09-22T11:20:18.759+02:00;609.760122;19.637;19.625;0.012000000000000455
2026-09-22T11:20:20.558+02:00;611.558504;19.637;19.627;0.010000000000001563
2026-09-22T11:20:22.354+02:00;613.354779;19.637;19.624;0.013000000000001677
2026-09-22T11:20:24.151+02:00;615.152076;19.637;19.63;0.0070000000000014495
2026-09-22T11:20:25.948+02:00;616.949395;19.637;19.628;0.009000000000000341
2026-09-22T11:20:27.746+02:00;618.746731;19.637;19.626;0.010999999999999233
2026-09-22T11:20:29.544+02:00;620.545111;19.637;19.627;0.010000000000001563
2026-09-22T11:20:31.340+02:00;622.341432;19.637;19.629;0.007999999999999119
2026-09-22T11:20:33.138+02:00;624.138721;19.637;19.631;0.006000000000000227
2026-09-22T11:20:34.935+02:00;625.936212;19.637;19.629;0.007999999999999119
2026-09-22T11:20:36.732+02:00;627.733420;19.637;19.633;0.004000000000001336
2026-09-22T11:20:38.531+02:00;629.531768;19.637;19.63;0.0070000000000014495
2026-09-22T11:20:40.327+02:00;631.328114;19.637;19.63;0.0070000000000014495
2026-09-22T11:20:42.124+02:00;633.125466;19.637;19.631;0.006000000000000227
2026-09-22T11:20:43.922+02:00;634.922795;19.637;19.632;0.004999999999999005
2026-09-22T11:20:45.719+02:00;636.720104;19.637;19.632;0.004999999999999005
2026-09-22T11:20:47.516+02:00;638.517468;19.637;19.633;0.004000000000001336
2026-09-22T11:20:49.825+02:00;640.825513;19.637;19.633;0.004000000000001336
2026-09-22T11:20:51.613+02:00;642.613773;19.637;19.633;0.004000000000001336
2026-09-22T11:20:53.410+02:00;644.411116;19.637;19.633;0.004000000000001336
2026-09-22T11:20:55.208+02:00;646.208628;19.638;19.633;0.005000000000002558
2026-09-22T11:20:57.005+02:00;648.005781;19.638;19.633;0.005000000000002558
2026-09-22T11:20:58.803+02:00;649.804124;19.637;19.633;0.004000000000001336
2026-09-22T11:21:01.030+02:00;652.030873;19.637;19.633;0.004000000000001336
2026-09-22T11:21:02.827+02:00;653.828216;19.638;19.633;0.005000000000002558
2026-09-22T11:21:04.625+02:00;655.625584;19.637;19.633;0.004000000000001336
2026-09-22T11:21:06.423+02:00;657.423915;19.637;19.633;0.004000000000001336
2026-09-22T11:21:08.727+02:00;659.727662;19.64;19.633;0.0070000000000014495
2026-09-22T11:21:10.515+02:00;661.516074;19.639;19.633;0.006000000000000227
2026-09-22T11:21:12.312+02:00;663.313404;19.641;19.633;0.007999999999999119
2026-09-22T11:21:14.111+02:00;665.111710;19.642;19.633;0.009000000000000341
2026-09-22T11:21:15.907+02:00;666.908040;19.642;19.633;0.009000000000000341
2026-09-22T11:21:17.704+02:00;668.705380;19.644;19.633;0.010999999999999233
2026-09-22T11:21:19.502+02:00;670.502718;19.644;19.633;0.010999999999999233
2026-09-22T11:21:21.299+02:00;672.300213;19.648;19.633;0.015000000000000568
2026-09-22T11:21:23.097+02:00;674.098354;19.645;19.633;0.012000000000000455
2026-09-22T11:21:24.894+02:00;675.894686;19.648;19.633;0.015000000000000568
2026-09-22T11:21:26.691+02:00;677.692028;19.65;19.633;0.01699999999999946
2026-09-22T11:21:28.488+02:00;679.489356;19.649;19.633;0.01600000000000179
2026-09-22T11:21:30.286+02:00;681.286632;19.65;19.633;0.01699999999999946
2026-09-22T11:21:32.083+02:00;683.083985;19.649;19.633;0.01600000000000179
2026-09-22T11:21:33.880+02:00;684.881403;19.65;19.633;0.01699999999999946
2026-09-22T11:21:35.678+02:00;686.678705;19.652;19.633;0.019000000000001904
2026-09-22T11:21:37.475+02:00;688.476019;19.649;19.634;0.015000000000000568
2026-09-22T11:21:39.273+02:00;690.273500;19.651;19.633;0.018000000000000682
2026-09-22T11:21:41.070+02:00;692.070712;19.65;19.633;0.01699999999999946
2026-09-22T11:21:42.867+02:00;693.868001;19.65;19.633;0.01699999999999946
2026-09-22T11:21:44.664+02:00;695.665289;19.652;19.633;0.019000000000001904
2026-09-22T11:21:46.979+02:00;697.979681;19.652;19.635;0.01699999999999946
2026-09-22T11:21:48.767+02:00;699.768078;19.653;19.634;0.01899999999999835
2026-09-22T11:21:50.564+02:00;701.565446;19.653;19.634;0.01899999999999835
2026-09-22T11:21:52.362+02:00;703.362815;19.653;19.634;0.01899999999999835
2026-09-22T11:21:54.160+02:00;705.161169;19.653;19.634;0.01899999999999835
2026-09-22T11:21:55.957+02:00;706.957559;19.652;19.637;0.015000000000000568
2026-09-22T11:21:57.754+02:00;708.754886;19.652;19.635;0.01699999999999946
2026-09-22T11:21:59.974+02:00;710.974922;19.653;19.642;0.010999999999999233
2026-09-22T11:22:01.771+02:00;712.772071;19.651;19.638;0.012999999999998124
2026-09-22T11:22:03.568+02:00;714.569412;19.653;19.637;0.015999999999998238
2026-09-22T11:22:05.881+02:00;716.882035;19.653;19.637;0.015999999999998238
2026-09-22T11:22:07.669+02:00;718.670375;19.653;19.638;0.014999999999997016
2026-09-22T11:22:09.467+02:00;720.467721;19.653;19.641;0.012000000000000455
2026-09-22T11:22:11.606+02:00;722.607162;19.653;19.645;0.007999999999999119
2026-09-22T11:22:13.403+02:00;724.404287;19.653;19.643;0.00999999999999801
2026-09-22T11:22:15.201+02:00;726.201648;19.653;19.639;0.013999999999999346
2026-09-22T11:22:16.998+02:00;727.999047;19.653;19.648;0.004999999999999005
2026-09-22T11:22:18.795+02:00;729.796366;19.653;19.645;0.007999999999999119
2026-09-22T11:22:20.593+02:00;731.593686;19.653;19.642;0.010999999999999233
2026-09-22T11:22:22.390+02:00;733.391026;19.653;19.647;0.006000000000000227
2026-09-22T11:22:24.188+02:00;735.189386;19.653;19.644;0.009000000000000341
2026-09-22T11:22:25.985+02:00;736.985683;19.653;19.646;0.006999999999997897
2026-09-22T11:22:27.782+02:00;738.783060;19.653;19.648;0.004999999999999005
2026-09-22T11:22:29.580+02:00;740.580539;19.653;19.647;0.006000000000000227
2026-09-22T11:22:31.739+02:00;742.739607;19.653;19.648;0.004999999999999005
2026-09-22T11:22:33.536+02:00;744.536956;19.653;19.649;0.003999999999997783
2026-09-22T11:22:35.333+02:00;746.334329;19.653;19.648;0.004999999999999005
2026-09-22T11:22:37.131+02:00;748.131647;19.654;19.649;0.004999999999999005
2026-09-22T11:22:38.928+02:00;749.928991;19.653;19.647;0.006000000000000227
2026-09-22T11:22:40.725+02:00;751.726259;19.653;19.648;0.004999999999999005
2026-09-22T11:22:42.523+02:00;753.523745;19.653;19.649;0.003999999999997783
2026-09-22T11:22:44.320+02:00;755.320960;19.653;19.649;0.003999999999997783
2026-09-22T11:22:46.117+02:00;757.118292;19.653;19.648;0.004999999999999005
2026-09-22T11:22:47.915+02:00;758.915629;19.654;19.649;0.004999999999999005
2026-09-22T11:22:49.712+02:00;760.712963;19.653;19.649;0.003999999999997783
2026-09-22T11:22:51.509+02:00;762.510237;19.655;19.649;0.006000000000000227
2026-09-22T11:22:53.307+02:00;764.307564;19.654;19.649;0.004999999999999005
2026-09-22T11:22:55.104+02:00;766.105015;19.655;19.649;0.006000000000000227
2026-09-22T11:22:56.901+02:00;767.902215;19.656;19.649;0.006999999999997897
2026-09-22T11:22:58.699+02:00;769.699569;19.659;19.649;0.00999999999999801
2026-09-22T11:23:01.022+02:00;772.023133;19.661;19.649;0.012000000000000455
2026-09-22T11:23:02.811+02:00;773.811489;19.665;19.649;0.015999999999998238
2026-09-22T11:23:04.608+02:00;775.608819;19.663;19.649;0.013999999999999346
2026-09-22T11:23:06.405+02:00;777.406221;19.659;19.649;0.00999999999999801
2026-09-22T11:23:08.204+02:00;779.204527;19.662;19.649;0.012999999999998124
2026-09-22T11:23:10.000+02:00;781.000875;19.66;19.649;0.010999999999999233
2026-09-22T11:23:11.797+02:00;782.798348;19.66;19.649;0.010999999999999233
2026-09-22T11:23:13.595+02:00;784.595563;19.663;19.649;0.013999999999999346
2026-09-22T11:23:15.392+02:00;786.392939;19.667;19.649;0.018000000000000682
2026-09-22T11:23:17.190+02:00;788.191254;19.667;19.649;0.018000000000000682
2026-09-22T11:23:18.988+02:00;789.988566;19.664;19.649;0.015000000000000568
2026-09-22T11:23:20.784+02:00;791.784895;19.666;19.649;0.01699999999999946
2026-09-22T11:23:22.581+02:00;793.582234;19.666;19.649;0.01699999999999946
2026-09-22T11:23:24.379+02:00;795.379608;19.666;19.649;0.01699999999999946
2026-09-22T11:23:26.177+02:00;797.178009;19.666;19.649;0.01699999999999946
2026-09-22T11:23:27.973+02:00;798.974210;19.665;19.649;0.015999999999998238
2026-09-22T11:23:29.771+02:00;800.771688;19.667;19.649;0.018000000000000682
2026-09-22T11:23:31.568+02:00;802.568884;19.668;19.649;0.01899999999999835
2026-09-22T11:23:33.365+02:00;804.366223;19.669;19.65;0.019000000000001904
2026-09-22T11:23:35.163+02:00;806.163611;19.669;19.649;0.019999999999999574
2026-09-22T11:23:36.960+02:00;807.960957;19.668;19.65;0.018000000000000682
2026-09-22T11:23:38.757+02:00;809.758266;19.668;19.65;0.018000000000000682
2026-09-22T11:23:40.555+02:00;811.555631;19.669;19.652;0.01699999999999946
2026-09-22T11:23:42.352+02:00;813.352967;19.669;19.653;0.01600000000000179
2026-09-22T11:23:44.149+02:00;815.150250;19.669;19.652;0.01699999999999946
2026-09-22T11:23:45.947+02:00;816.947566;19.669;19.65;0.019000000000001904
2026-09-22T11:23:47.744+02:00;818.745082;19.669;19.65;0.019000000000001904
2026-09-22T11:23:49.541+02:00;820.542255;19.669;19.652;0.01699999999999946
2026-09-22T11:23:51.913+02:00;822.913868;19.669;19.653;0.01600000000000179
2026-09-22T11:23:53.701+02:00;824.702315;19.669;19.654;0.015000000000000568
2026-09-22T11:23:55.499+02:00;826.499654;19.669;19.654;0.015000000000000568
2026-09-22T11:23:57.296+02:00;828.296978;19.669;19.655;0.013999999999999346
2026-09-22T11:23:59.093+02:00;830.094347;19.669;19.655;0.013999999999999346
2026-09-22T11:24:00.891+02:00;831.891693;19.669;19.66;0.009000000000000341
2026-09-22T11:24:02.688+02:00;833.689097;19.669;19.661;0.007999999999999119
2026-09-22T11:24:04.485+02:00;835.486380;19.669;19.659;0.010000000000001563
2026-09-22T11:24:06.283+02:00;837.283732;19.669;19.662;0.0070000000000014495
2026-09-22T11:24:08.080+02:00;839.081029;19.669;19.663;0.006000000000000227
2026-09-22T11:24:09.878+02:00;840.878494;19.669;19.662;0.0070000000000014495
2026-09-22T11:24:11.675+02:00;842.675724;19.669;19.663;0.006000000000000227
2026-09-22T11:24:13.472+02:00;844.473024;19.669;19.663;0.006000000000000227
2026-09-22T11:24:15.270+02:00;846.271343;19.669;19.664;0.004999999999999005
2026-09-22T11:24:17.067+02:00;848.067689;19.669;19.664;0.004999999999999005
2026-09-22T11:24:18.864+02:00;849.864994;19.669;19.664;0.004999999999999005
2026-09-22T11:24:20.661+02:00;851.662350;19.669;19.664;0.004999999999999005
2026-09-22T11:24:22.459+02:00;853.459788;19.669;19.665;0.004000000000001336
2026-09-22T11:24:24.257+02:00;855.258018;19.669;19.665;0.004000000000001336
2026-09-22T11:24:26.053+02:00;857.054355;19.671;19.664;0.006999999999997897
2026-09-22T11:24:27.851+02:00;858.851876;19.669;19.664;0.004999999999999005
2026-09-22T11:24:29.648+02:00;860.649032;19.67;19.665;0.005000000000002558
2026-09-22T11:24:31.445+02:00;862.446343;19.671;19.665;0.006000000000000227
2026-09-22T11:24:33.244+02:00;864.244679;19.669;19.665;0.004000000000001336
2026-09-22T11:24:35.040+02:00;866.040998;19.672;19.665;0.0070000000000014495
2026-09-22T11:24:36.837+02:00;867.838339;19.672;19.665;0.0070000000000014495
2026-09-22T11:24:39.022+02:00;870.022635;19.674;19.665;0.009000000000000341
2026-09-22T11:24:40.819+02:00;871.820154;19.674;19.665;0.009000000000000341
2026-09-22T11:24:42.616+02:00;873.617295;19.672;19.665;0.0070000000000014495
2026-09-22T11:24:44.414+02:00;875.414634;19.676;19.665;0.010999999999999233
2026-09-22T11:24:46.211+02:00;877.211986;19.678;19.665;0.013000000000001677
2026-09-22T11:24:48.008+02:00;879.009281;19.673;19.665;0.007999999999999119
2026-09-22T11:24:49.806+02:00;880.806660;19.677;19.665;0.012000000000000455
2026-09-22T11:24:51.603+02:00;882.603974;19.681;19.665;0.01600000000000179
2026-09-22T11:24:53.989+02:00;884.989531;19.68;19.665;0.015000000000000568
2026-09-22T11:24:55.777+02:00;886.777928;19.68;19.665;0.015000000000000568
2026-09-22T11:24:57.574+02:00;888.575454;19.68;19.665;0.015000000000000568
2026-09-22T11:24:59.372+02:00;890.372633;19.684;19.665;0.019000000000001904
2026-09-22T11:25:01.169+02:00;892.170047;19.683;19.665;0.018000000000000682
2026-09-22T11:25:02.966+02:00;893.967332;19.684;19.665;0.019000000000001904
2026-09-22T11:25:04.764+02:00;895.764717;19.681;19.665;0.01600000000000179
2026-09-22T11:25:06.561+02:00;897.562058;19.681;19.665;0.01600000000000179
2026-09-22T11:25:08.358+02:00;899.359403;19.684;19.665;0.019000000000001904
2026-09-22T11:25:10.156+02:00;901.156766;19.682;19.665;0.01699999999999946
2026-09-22T11:25:11.953+02:00;902.954084;19.685;19.665;0.019999999999999574
2026-09-22T11:25:13.750+02:00;904.751443;19.684;19.668;0.01600000000000179
2026-09-22T11:25:15.548+02:00;906.548831;19.685;19.666;0.01899999999999835
2026-09-22T11:25:17.346+02:00;908.347125;19.685;19.666;0.01899999999999835
2026-09-22T11:25:19.143+02:00;910.143489;19.685;19.67;0.014999999999997016
2026-09-22T11:25:20.940+02:00;911.940922;19.685;19.668;0.01699999999999946
2026-09-22T11:25:22.737+02:00;913.738165;19.685;19.666;0.01899999999999835
2026-09-22T11:25:24.535+02:00;915.535511;19.685;19.668;0.01699999999999946
2026-09-22T11:25:26.332+02:00;917.333059;19.685;19.67;0.014999999999997016
2026-09-22T11:25:28.129+02:00;919.130176;19.685;19.67;0.014999999999997016
2026-09-22T11:25:29.927+02:00;920.927542;19.685;19.67;0.014999999999997016
2026-09-22T11:25:31.724+02:00;922.724923;19.685;19.671;0.013999999999999346
2026-09-22T11:25:33.521+02:00;924.522273;19.685;19.67;0.014999999999997016
2026-09-22T11:25:35.320+02:00;926.320628;19.685;19.672;0.012999999999998124
2026-09-22T11:25:37.116+02:00;928.116956;19.685;19.674;0.010999999999999233
2026-09-22T11:25:38.913+02:00;929.914273;19.685;19.675;0.00999999999999801
2026-09-22T11:25:40.711+02:00;931.711612;19.685;19.676;0.009000000000000341
2026-09-22T11:25:42.508+02:00;933.508973;19.685;19.674;0.010999999999999233
2026-09-22T11:25:44.305+02:00;935.306380;19.685;19.678;0.006999999999997897
2026-09-22T11:25:46.103+02:00;937.103691;19.685;19.678;0.006999999999997897
2026-09-22T11:25:47.900+02:00;938.901071;19.685;19.678;0.006999999999997897
2026-09-22T11:25:49.698+02:00;940.698492;19.685;19.679;0.006000000000000227
2026-09-22T11:25:51.495+02:00;942.495726;19.685;19.681;0.003999999999997783
2026-09-22T11:25:53.292+02:00;944.293055;19.685;19.681;0.003999999999997783
2026-09-22T11:25:55.089+02:00;946.090378;19.685;19.682;0.0030000000000001137
2026-09-22T11:25:56.887+02:00;947.887733;19.686;19.682;0.004000000000001336
2026-09-22T11:25:58.684+02:00;949.685043;19.685;19.68;0.004999999999999005
2026-09-22T11:26:00.986+02:00;951.986474;19.685;19.681;0.003999999999997783
2026-09-22T11:26:02.774+02:00;953.774906;19.686;19.681;0.004999999999999005
2026-09-22T11:26:04.571+02:00;955.572207;19.685;19.682;0.0030000000000001137
2026-09-22T11:26:06.370+02:00;957.370551;19.687;19.682;0.005000000000002558
2026-09-22T11:26:08.167+02:00;959.167953;19.686;19.682;0.004000000000001336
2026-09-22T11:26:09.963+02:00;960.964283;19.687;19.682;0.005000000000002558
2026-09-22T11:26:11.761+02:00;962.761555;19.687;19.682;0.005000000000002558
2026-09-22T11:26:13.558+02:00;964.558968;19.69;19.682;0.008000000000002672
2026-09-22T11:26:15.355+02:00;966.356322;19.687;19.682;0.005000000000002558
2026-09-22T11:26:17.154+02:00;968.154669;19.686;19.682;0.004000000000001336
2026-09-22T11:26:18.951+02:00;969.952105;19.692;19.682;0.010000000000001563
2026-09-22T11:26:20.748+02:00;971.749302;19.692;19.682;0.010000000000001563
2026-09-22T11:26:22.546+02:00;973.546647;19.692;19.682;0.010000000000001563
2026-09-22T11:26:24.343+02:00;975.343986;19.694;19.682;0.012000000000000455
2026-09-22T11:26:26.139+02:00;977.140323;19.692;19.682;0.010000000000001563
2026-09-22T11:26:27.937+02:00;978.937631;19.7;19.682;0.018000000000000682
2026-09-22T11:26:30.290+02:00;981.290589;19.694;19.682;0.012000000000000455
2026-09-22T11:26:32.078+02:00;983.079026;19.698;19.682;0.01600000000000179
2026-09-22T11:26:33.876+02:00;984.877388;19.697;19.682;0.015000000000000568
2026-09-22T11:26:35.673+02:00;986.673826;19.698;19.682;0.01600000000000179
2026-09-22T11:26:37.470+02:00;988.471072;19.7;19.682;0.018000000000000682
2026-09-22T11:26:39.268+02:00;990.268505;19.7;19.682;0.018000000000000682
2026-09-22T11:26:41.065+02:00;992.065847;19.699;19.682;0.017000000000003013
2026-09-22T11:26:42.862+02:00;993.863149;19.699;19.682;0.017000000000003013
2026-09-22T11:26:44.660+02:00;995.660602;19.699;19.682;0.017000000000003013
2026-09-22T11:26:46.457+02:00;997.457797;19.7;19.682;0.018000000000000682
2026-09-22T11:26:48.254+02:00;999.255138;19.7;19.684;0.015999999999998238
2026-09-22T11:26:50.052+02:00;1001.052718;19.702;19.682;0.020000000000003126
2026-09-22T11:26:52.233+02:00;1003.233523;19.702;19.684;0.018000000000000682
2026-09-22T11:26:54.031+02:00;1005.031826;19.702;19.682;0.020000000000003126
2026-09-22T11:26:55.827+02:00;1006.828230;19.701;19.682;0.019000000000001904
2026-09-22T11:26:57.625+02:00;1008.625592;19.702;19.685;0.017000000000003013
2026-09-22T11:26:59.423+02:00;1010.423915;19.702;19.686;0.01600000000000179
2026-09-22T11:27:01.219+02:00;1012.220270;19.702;19.684;0.018000000000000682
2026-09-22T11:27:03.017+02:00;1014.017617;19.702;19.684;0.018000000000000682
2026-09-22T11:27:04.814+02:00;1015.815040;19.702;19.684;0.018000000000000682
2026-09-22T11:27:06.611+02:00;1017.612286;19.702;19.684;0.018000000000000682
2026-09-22T11:27:08.410+02:00;1019.410632;19.702;19.687;0.015000000000000568
2026-09-22T11:27:10.206+02:00;1021.207127;19.702;19.689;0.013000000000001677
2026-09-22T11:27:12.003+02:00;1023.004354;19.702;19.687;0.015000000000000568
2026-09-22T11:27:13.801+02:00;1024.801699;19.702;19.69;0.012000000000000455
2026-09-22T11:27:15.598+02:00;1026.598984;19.702;19.689;0.013000000000001677
2026-09-22T11:27:17.396+02:00;1028.397338;19.702;19.69;0.012000000000000455
2026-09-22T11:27:19.193+02:00;1030.193678;19.702;19.695;0.0070000000000014495
2026-09-22T11:27:20.990+02:00;1031.991014;19.702;19.695;0.0070000000000014495
2026-09-22T11:27:22.788+02:00;1033.789367;19.702;19.695;0.0070000000000014495
2026-09-22T11:27:24.585+02:00;1035.585713;19.702;19.694;0.008000000000002672
2026-09-22T11:27:26.382+02:00;1037.383068;19.702;19.698;0.004000000000001336
2026-09-22T11:27:28.180+02:00;1039.180473;19.702;19.695;0.0070000000000014495
2026-09-22T11:27:29.977+02:00;1040.977740;19.703;19.698;0.004999999999999005
2026-09-22T11:27:31.774+02:00;1042.775075;19.702;19.696;0.006000000000000227
2026-09-22T11:27:33.572+02:00;1044.572666;19.703;19.696;0.006999999999997897
2026-09-22T11:27:35.369+02:00;1046.369754;19.702;19.698;0.004000000000001336
2026-09-22T11:27:37.166+02:00;1048.167081;19.702;19.698;0.004000000000001336
2026-09-22T11:27:38.964+02:00;1049.964496;19.702;19.696;0.006000000000000227
2026-09-22T11:27:40.762+02:00;1051.762775;19.703;19.698;0.004999999999999005
2026-09-22T11:27:42.558+02:00;1053.559111;19.704;19.698;0.006000000000000227
2026-09-22T11:27:44.355+02:00;1055.356421;19.704;19.698;0.006000000000000227
2026-09-22T11:27:46.153+02:00;1057.153837;19.706;19.697;0.009000000000000341
2026-09-22T11:27:47.950+02:00;1058.951122;19.704;19.698;0.006000000000000227
2026-09-22T11:27:49.747+02:00;1060.748426;19.706;19.698;0.007999999999999119
2026-09-22T11:27:51.545+02:00;1062.545933;19.708;19.698;0.00999999999999801
2026-09-22T11:27:53.342+02:00;1064.343083;19.709;19.698;0.010999999999999233
2026-09-22T11:27:55.139+02:00;1066.140428;19.707;19.698;0.009000000000000341
2026-09-22T11:27:56.938+02:00;1067.938865;19.711;19.698;0.012999999999998124
2026-09-22T11:27:58.734+02:00;1069.735088;19.71;19.698;0.012000000000000455
2026-09-22T11:28:00.531+02:00;1071.532405;19.711;19.698;0.012999999999998124
2026-09-22T11:28:02.329+02:00;1073.329749;19.711;19.698;0.012999999999998124
2026-09-22T11:28:04.126+02:00;1075.127204;19.712;19.698;0.013999999999999346
2026-09-22T11:28:05.923+02:00;1076.924408;19.714;19.698;0.015999999999998238
2026-09-22T11:28:07.721+02:00;1078.721753;19.71;19.698;0.012000000000000455
2026-09-22T11:28:09.518+02:00;1080.519298;19.718;19.698;0.019999999999999574
2026-09-22T11:28:11.315+02:00;1082.316464;19.716;19.698;0.018000000000000682
2026-09-22T11:28:13.113+02:00;1084.113792;19.715;19.698;0.01699999999999946
2026-09-22T11:28:14.910+02:00;1085.911141;19.716;19.698;0.018000000000000682
2026-09-22T11:28:16.707+02:00;1087.708451;19.716;19.698;0.018000000000000682
2026-09-22T11:28:18.505+02:00;1089.505799;19.718;19.698;0.019999999999999574
2026-09-22T11:28:20.302+02:00;1091.303138;19.716;19.699;0.01699999999999946
2026-09-22T11:28:22.100+02:00;1093.100552;19.717;19.698;0.01899999999999835
2026-09-22T11:28:24.283+02:00;1095.284378;19.716;19.698;0.018000000000000682
2026-09-22T11:28:26.081+02:00;1097.081777;19.717;19.7;0.01699999999999946
2026-09-22T11:28:27.878+02:00;1098.879131;19.718;19.698;0.019999999999999574
2026-09-22T11:28:29.675+02:00;1100.676406;19.718;19.7;0.018000000000000682
2026-09-22T11:28:31.981+02:00;1102.982168;19.718;19.699;0.01899999999999835
2026-09-22T11:28:33.769+02:00;1104.769603;19.718;19.7;0.018000000000000682
2026-09-22T11:28:35.566+02:00;1106.566935;19.718;19.701;0.01699999999999946
2026-09-22T11:28:37.908+02:00;1108.909142;19.718;19.702;0.015999999999998238
2026-09-22T11:28:39.697+02:00;1110.697518;19.718;19.701;0.01699999999999946
2026-09-22T11:28:41.494+02:00;1112.494975;19.718;19.704;0.013999999999999346
2026-09-22T11:28:43.291+02:00;1114.292229;19.718;19.708;0.010000000000001563
2026-09-22T11:28:45.089+02:00;1116.089536;19.718;19.707;0.010999999999999233
2026-09-22T11:28:46.886+02:00;1117.887078;19.718;19.708;0.010000000000001563
2026-09-22T11:28:48.683+02:00;1119.684216;19.718;19.707;0.010999999999999233
2026-09-22T11:28:50.481+02:00;1121.481576;19.718;19.702;0.015999999999998238
2026-09-22T11:28:52.278+02:00;1123.278902;19.718;19.709;0.009000000000000341
2026-09-22T11:28:54.076+02:00;1125.077275;19.718;19.709;0.009000000000000341
2026-09-22T11:28:55.873+02:00;1126.873584;19.718;19.713;0.004999999999999005
2026-09-22T11:28:57.670+02:00;1128.670914;19.718;19.714;0.004000000000001336
2026-09-22T11:28:59.467+02:00;1130.468330;19.718;19.711;0.0070000000000014495
2026-09-22T11:29:01.265+02:00;1132.265707;19.718;19.711;0.0070000000000014495
2026-09-22T11:29:03.062+02:00;1134.063021;19.718;19.714;0.004000000000001336
2026-09-22T11:29:04.859+02:00;1135.860440;19.718;19.712;0.006000000000000227
2026-09-22T11:29:06.657+02:00;1137.657710;19.718;19.713;0.004999999999999005
2026-09-22T11:29:08.454+02:00;1139.455008;19.719;19.714;0.005000000000002558
2026-09-22T11:29:10.252+02:00;1141.252542;19.719;19.713;0.006000000000000227
2026-09-22T11:29:12.051+02:00;1143.051697;19.718;19.714;0.004000000000001336
2026-09-22T11:29:13.846+02:00;1144.847074;19.719;19.713;0.006000000000000227
2026-09-22T11:29:15.643+02:00;1146.644431;19.721;19.714;0.0070000000000014495
2026-09-22T11:29:17.441+02:00;1148.441749;19.721;19.714;0.0070000000000014495
2026-09-22T11:29:19.238+02:00;1150.239163;19.72;19.714;0.006000000000000227
2026-09-22T11:29:21.036+02:00;1152.037449;19.719;19.714;0.005000000000002558
2026-09-22T11:29:22.833+02:00;1153.833919;19.723;19.714;0.009000000000000341
2026-09-22T11:29:24.630+02:00;1155.631124;19.724;19.714;0.010000000000001563
2026-09-22T11:29:26.427+02:00;1157.428465;19.723;19.714;0.009000000000000341
2026-09-22T11:29:28.225+02:00;1159.225931;19.724;19.714;0.010000000000001563
2026-09-22T11:29:30.023+02:00;1161.024110;19.724;19.714;0.010000000000001563
2026-09-22T11:29:31.820+02:00;1162.820495;19.727;19.714;0.013000000000001677
2026-09-22T11:29:33.617+02:00;1164.617802;19.728;19.714;0.014000000000002899
2026-09-22T11:29:35.414+02:00;1166.415135;19.73;19.714;0.01600000000000179
2026-09-22T11:29:37.212+02:00;1168.212494;19.729;19.714;0.015000000000000568
2026-09-22T11:29:39.009+02:00;1170.009793;19.733;19.714;0.019000000000001904
2026-09-22T11:29:40.806+02:00;1171.807181;19.729;19.714;0.015000000000000568
2026-09-22T11:29:42.603+02:00;1173.604440;19.733;19.714;0.019000000000001904
2026-09-22T11:29:44.401+02:00;1175.401823;19.731;19.714;0.017000000000003013
2026-09-22T11:29:46.198+02:00;1177.199295;19.734;19.714;0.020000000000003126
2026-09-22T11:29:47.996+02:00;1178.996533;19.734;19.714;0.020000000000003126
2026-09-22T11:29:49.793+02:00;1180.793894;19.732;19.714;0.018000000000000682
2026-09-22T11:29:51.590+02:00;1182.591212;19.733;19.714;0.019000000000001904
2026-09-22T11:29:53.388+02:00;1184.388545;19.734;19.714;0.020000000000003126
2026-09-22T11:29:55.185+02:00;1186.185897;19.734;19.716;0.018000000000000682
2026-09-22T11:29:56.982+02:00;1187.983236;19.734;19.714;0.020000000000003126
2026-09-22T11:29:58.780+02:00;1189.780556;19.733;19.714;0.019000000000001904
2026-09-22T11:30:00.577+02:00;1191.577945;19.734;19.714;0.020000000000003126
2026-09-22T11:30:02.374+02:00;1193.375259;19.733;19.718;0.015000000000000568
2026-09-22T11:30:04.172+02:00;1195.172702;19.734;19.715;0.019000000000001904
2026-09-22T11:30:05.969+02:00;1196.969942;19.734;19.718;0.01600000000000179
2026-09-22T11:30:07.766+02:00;1198.767311;19.734;19.721;0.013000000000001677
2026-09-22T11:30:09.564+02:00;1200.564776;19.734;19.718;0.01600000000000179
2026-09-22T11:30:11.769+02:00;1202.770316;19.734;19.723;0.011000000000002785
2026-09-22T11:30:13.567+02:00;1204.567652;19.734;19.722;0.012000000000000455
2026-09-22T11:30:15.364+02:00;1206.365021;19.734;19.723;0.011000000000002785
2026-09-22T11:30:17.161+02:00;1208.162353;19.734;19.723;0.011000000000002785
2026-09-22T11:30:19.375+02:00;1210.375987;19.734;19.728;0.006000000000000227
2026-09-22T11:30:21.172+02:00;1212.173345;19.734;19.723;0.011000000000002785
2026-09-22T11:30:22.970+02:00;1213.970731;19.734;19.727;0.0070000000000014495
2026-09-22T11:30:24.767+02:00;1215.768093;19.734;19.725;0.009000000000000341
2026-09-22T11:30:26.564+02:00;1217.565398;19.734;19.726;0.008000000000002672
2026-09-22T11:30:28.362+02:00;1219.362699;19.734;19.726;0.008000000000002672
2026-09-22T11:30:30.159+02:00;1221.160218;19.734;19.728;0.006000000000000227
2026-09-22T11:30:31.956+02:00;1222.957364;19.734;19.73;0.004000000000001336
2026-09-22T11:30:33.754+02:00;1224.754764;19.734;19.728;0.006000000000000227
2026-09-22T11:30:35.551+02:00;1226.552111;19.734;19.728;0.006000000000000227
2026-09-22T11:30:37.349+02:00;1228.349485;19.735;19.73;0.004999999999999005
2026-09-22T11:30:39.146+02:00;1230.146799;19.734;19.729;0.005000000000002558
2026-09-22T11:30:40.943+02:00;1231.944125;19.736;19.729;0.0070000000000014495
2026-09-22T11:30:42.740+02:00;1233.741461;19.736;19.73;0.006000000000000227
2026-09-22T11:30:44.877+02:00;1235.877526;19.736;19.73;0.006000000000000227
2026-09-22T11:30:46.674+02:00;1237.674656;19.735;19.73;0.004999999999999005
2026-09-22T11:30:48.472+02:00;1239.473001;19.739;19.73;0.009000000000000341
2026-09-22T11:30:50.268+02:00;1241.269353;19.735;19.73;0.004999999999999005
2026-09-22T11:30:52.066+02:00;1243.066731;19.74;19.73;0.00999999999999801
2026-09-22T11:30:53.863+02:00;1244.864068;19.74;19.729;0.010999999999999233
2026-09-22T11:30:55.660+02:00;1246.661462;19.739;19.73;0.009000000000000341
2026-09-22T11:30:57.459+02:00;1248.459839;19.741;19.73;0.010999999999999233
2026-09-22T11:30:59.255+02:00;1250.256181;19.742;19.73;0.012000000000000455
2026-09-22T11:31:01.053+02:00;1252.053584;19.745;19.73;0.015000000000000568
2026-09-22T11:31:02.850+02:00;1253.850945;19.747;19.73;0.01699999999999946
2026-09-22T11:31:04.647+02:00;1255.648197;19.746;19.73;0.015999999999998238
2026-09-22T11:31:06.446+02:00;1257.446574;19.748;19.73;0.018000000000000682
2026-09-22T11:31:08.242+02:00;1259.243041;19.746;19.73;0.015999999999998238
2026-09-22T11:31:10.039+02:00;1261.040268;19.746;19.73;0.015999999999998238
2026-09-22T11:31:11.837+02:00;1262.837644;19.749;19.73;0.01899999999999835
2026-09-22T11:31:13.634+02:00;1264.635112;19.75;19.73;0.019999999999999574
2026-09-22T11:31:15.431+02:00;1266.432314;19.75;19.73;0.019999999999999574
2026-09-22T11:31:17.229+02:00;1268.229709;19.747;19.731;0.015999999999998238
2026-09-22T11:31:19.026+02:00;1270.027242;19.75;19.73;0.019999999999999574
2026-09-22T11:31:20.823+02:00;1271.824354;19.75;19.73;0.019999999999999574
2026-09-22T11:31:22.621+02:00;1273.621700;19.749;19.73;0.01899999999999835
2026-09-22T11:31:24.418+02:00;1275.419101;19.75;19.731;0.01899999999999835
2026-09-22T11:31:26.216+02:00;1277.216496;19.75;19.731;0.01899999999999835
2026-09-22T11:31:28.013+02:00;1279.013830;19.75;19.73;0.019999999999999574
2026-09-22T11:31:29.810+02:00;1280.811209;19.749;19.731;0.01799999999999713
2026-09-22T11:31:31.608+02:00;1282.608505;19.75;19.735;0.015000000000000568
2026-09-22T11:31:33.405+02:00;1284.405893;19.75;19.735;0.015000000000000568
2026-09-22T11:31:35.202+02:00;1286.203262;19.75;19.732;0.018000000000000682
2026-09-22T11:31:37.000+02:00;1288.000605;19.75;19.732;0.018000000000000682
2026-09-22T11:31:38.797+02:00;1289.797901;19.75;19.736;0.013999999999999346
2026-09-22T11:31:40.594+02:00;1291.595245;19.75;19.736;0.013999999999999346
2026-09-22T11:31:42.814+02:00;1293.814707;19.75;19.742;0.007999999999999119
2026-09-22T11:31:44.611+02:00;1295.611991;19.75;19.737;0.013000000000001677
2026-09-22T11:31:46.408+02:00;1297.409335;19.75;19.742;0.007999999999999119
2026-09-22T11:31:48.206+02:00;1299.206836;19.75;19.738;0.012000000000000455
2026-09-22T11:31:50.003+02:00;1301.004077;19.75;19.741;0.009000000000000341
2026-09-22T11:31:51.800+02:00;1302.801385;19.75;19.742;0.007999999999999119
2026-09-22T11:31:53.598+02:00;1304.598932;19.75;19.741;0.009000000000000341
2026-09-22T11:31:55.395+02:00;1306.396062;19.751;19.746;0.005000000000002558
2026-09-22T11:31:57.192+02:00;1308.193422;19.75;19.744;0.006000000000000227
2026-09-22T11:31:58.990+02:00;1309.990741;19.75;19.745;0.004999999999999005
2026-09-22T11:32:00.787+02:00;1311.788090;19.751;19.745;0.006000000000000227
2026-09-22T11:32:03.150+02:00;1314.151164;19.75;19.746;0.004000000000001336
2026-09-22T11:32:04.938+02:00;1315.938603;19.75;19.746;0.004000000000001336
2026-09-22T11:32:07.289+02:00;1318.289570;19.752;19.745;0.006999999999997897
2026-09-22T11:32:09.076+02:00;1320.076979;19.751;19.745;0.006000000000000227
2026-09-22T11:32:10.873+02:00;1321.874313;19.752;19.746;0.006000000000000227
2026-09-22T11:32:12.671+02:00;1323.671705;19.757;19.746;0.011000000000002785
2026-09-22T11:32:14.468+02:00;1325.469017;19.752;19.746;0.006000000000000227
2026-09-22T11:32:16.266+02:00;1327.267409;19.755;19.746;0.009000000000000341
2026-09-22T11:32:18.063+02:00;1329.063737;19.752;19.746;0.006000000000000227
2026-09-22T11:32:19.860+02:00;1330.861065;19.753;19.746;0.0070000000000014495
2026-09-22T11:32:21.658+02:00;1332.658505;19.759;19.746;0.013000000000001677
2026-09-22T11:32:23.455+02:00;1334.455760;19.756;19.746;0.010000000000001563
2026-09-22T11:32:25.252+02:00;1336.253075;19.761;19.746;0.015000000000000568
2026-09-22T11:32:27.050+02:00;1338.050608;19.761;19.746;0.015000000000000568
2026-09-22T11:32:28.847+02:00;1339.847825;19.758;19.746;0.012000000000000455
2026-09-22T11:32:30.644+02:00;1341.645123;19.759;19.746;0.013000000000001677
2026-09-22T11:32:32.442+02:00;1343.442477;19.763;19.746;0.017000000000003013
2026-09-22T11:32:34.239+02:00;1345.239851;19.763;19.746;0.017000000000003013
2026-09-22T11:32:36.036+02:00;1347.037159;19.765;19.746;0.019000000000001904
2026-09-22T11:32:37.834+02:00;1348.834502;19.764;19.746;0.018000000000000682
2026-09-22T11:32:39.631+02:00;1350.631893;19.764;19.746;0.018000000000000682
2026-09-22T11:32:41.428+02:00;1352.429189;19.763;19.747;0.01600000000000179
2026-09-22T11:32:43.226+02:00;1354.226528;19.766;19.746;0.019999999999999574
2026-09-22T11:32:45.023+02:00;1356.024027;19.766;19.746;0.019999999999999574
2026-09-22T11:32:46.820+02:00;1357.821256;19.765;19.747;0.018000000000000682
2026-09-22T11:32:48.618+02:00;1359.618588;19.766;19.746;0.019999999999999574
2026-09-22T11:32:50.415+02:00;1361.416131;19.765;19.747;0.018000000000000682
2026-09-22T11:32:52.607+02:00;1363.607783;19.766;19.747;0.01899999999999835
2026-09-22T11:32:54.405+02:00;1365.406231;19.766;19.749;0.01699999999999946
2026-09-22T11:32:56.201+02:00;1367.202456;19.766;19.746;0.019999999999999574
2026-09-22T11:32:57.999+02:00;1368.999810;19.766;19.749;0.01699999999999946
2026-09-22T11:32:59.796+02:00;1370.797318;19.766;19.749;0.01699999999999946
2026-09-22T11:33:01.594+02:00;1372.594486;19.766;19.75;0.015999999999998238
2026-09-22T11:33:03.391+02:00;1374.391870;19.766;19.752;0.013999999999999346
2026-09-22T11:33:05.188+02:00;1376.189407;19.766;19.751;0.014999999999997016
2026-09-22T11:33:06.986+02:00;1377.986599;19.766;19.752;0.013999999999999346
2026-09-22T11:33:08.783+02:00;1379.783940;19.766;19.755;0.010999999999999233
2026-09-22T11:33:10.580+02:00;1381.581286;19.766;19.754;0.011999999999996902
2026-09-22T11:33:12.379+02:00;1383.379616;19.766;19.755;0.010999999999999233
2026-09-22T11:33:14.175+02:00;1385.176023;19.766;19.754;0.011999999999996902
2026-09-22T11:33:15.972+02:00;1386.973321;19.766;19.756;0.00999999999999801
2026-09-22T11:33:17.770+02:00;1388.770715;19.766;19.759;0.006999999999997897
2026-09-22T11:33:19.898+02:00;1390.898729;19.766;19.762;0.003999999999997783
2026-09-22T11:33:21.695+02:00;1392.696034;19.766;19.76;0.005999999999996675
2026-09-22T11:33:23.492+02:00;1394.493408;19.766;19.76;0.005999999999996675
2026-09-22T11:33:25.290+02:00;1396.290830;19.766;19.761;0.004999999999999005
2026-09-22T11:33:27.087+02:00;1398.088138;19.766;19.763;0.002999999999996561
2026-09-22T11:33:28.884+02:00;1399.885468;19.766;19.763;0.002999999999996561
2026-09-22T11:33:30.682+02:00;1401.682991;19.766;19.762;0.003999999999997783
2026-09-22T11:33:32.479+02:00;1403.480162;19.769;19.763;0.005999999999996675
2026-09-22T11:33:34.277+02:00;1405.277477;19.769;19.762;0.006999999999997897
2026-09-22T11:33:36.074+02:00;1407.074857;19.769;19.763;0.005999999999996675
2026-09-22T11:33:37.871+02:00;1408.872228;19.766;19.763;0.002999999999996561
2026-09-22T11:33:39.669+02:00;1410.669578;19.769;19.762;0.006999999999997897
2026-09-22T11:33:41.466+02:00;1412.466934;19.77;19.763;0.006999999999997897
2026-09-22T11:33:43.264+02:00;1414.265295;19.767;19.763;0.003999999999997783
2026-09-22T11:33:45.061+02:00;1416.061642;19.77;19.763;0.006999999999997897
2026-09-22T11:33:46.858+02:00;1417.858952;19.773;19.763;0.00999999999999801
2026-09-22T11:33:48.655+02:00;1419.656335;19.771;19.763;0.007999999999999119
2026-09-22T11:33:50.453+02:00;1421.453685;19.775;19.763;0.011999999999996902
2026-09-22T11:33:52.250+02:00;1423.251056;19.775;19.763;0.011999999999996902
2026-09-22T11:33:54.047+02:00;1425.048451;19.778;19.763;0.014999999999997016
2026-09-22T11:33:55.845+02:00;1426.845775;19.778;19.763;0.014999999999997016
2026-09-22T11:33:57.642+02:00;1428.643085;19.777;19.763;0.013999999999999346
2026-09-22T11:33:59.440+02:00;1430.440608;19.777;19.763;0.013999999999999346
2026-09-22T11:34:01.237+02:00;1432.237769;19.782;19.763;0.01899999999999835
2026-09-22T11:34:03.035+02:00;1434.036174;19.779;19.763;0.015999999999998238
2026-09-22T11:34:04.832+02:00;1435.832668;19.78;19.763;0.01699999999999946
2026-09-22T11:34:06.629+02:00;1437.629861;19.779;19.763;0.015999999999998238
2026-09-22T11:34:08.426+02:00;1439.427234;19.782;19.763;0.01899999999999835
2026-09-22T11:34:10.225+02:00;1441.225561;19.783;19.764;0.019000000000001904
2026-09-22T11:34:12.022+02:00;1443.022898;19.783;19.763;0.019999999999999574
2026-09-22T11:34:13.818+02:00;1444.819233;19.783;19.763;0.019999999999999574
2026-09-22T11:34:15.616+02:00;1446.616596;19.782;19.763;0.01899999999999835
2026-09-22T11:34:17.413+02:00;1448.413966;19.783;19.763;0.019999999999999574
2026-09-22T11:34:19.210+02:00;1450.211282;19.783;19.763;0.019999999999999574
2026-09-22T11:34:21.008+02:00;1452.008662;19.783;19.764;0.019000000000001904
2026-09-22T11:34:22.805+02:00;1453.806057;19.783;19.764;0.019000000000001904
2026-09-22T11:34:24.603+02:00;1455.604380;19.783;19.765;0.018000000000000682
2026-09-22T11:34:26.400+02:00;1457.400722;19.783;19.766;0.017000000000003013
2026-09-22T11:34:28.197+02:00;1459.198174;19.783;19.763;0.019999999999999574
2026-09-22T11:34:29.994+02:00;1460.995429;19.783;19.769;0.014000000000002899
2026-09-22T11:34:31.792+02:00;1462.792777;19.783;19.768;0.015000000000000568
2026-09-22T11:34:33.589+02:00;1464.590263;19.783;19.767;0.01600000000000179
2026-09-22T11:34:35.386+02:00;1466.387444;19.783;19.771;0.012000000000000455
2026-09-22T11:34:37.184+02:00;1468.184827;19.783;19.773;0.010000000000001563
2026-09-22T11:34:38.981+02:00;1469.982194;19.783;19.775;0.008000000000002672
2026-09-22T11:34:40.779+02:00;1471.779525;19.783;19.771;0.012000000000000455
2026-09-22T11:34:42.576+02:00;1473.576840;19.783;19.774;0.009000000000000341
2026-09-22T11:34:44.373+02:00;1475.374184;19.783;19.774;0.009000000000000341
2026-09-22T11:34:46.171+02:00;1477.171542;19.783;19.775;0.008000000000002672
2026-09-22T11:34:48.370+02:00;1479.370587;19.783;19.777;0.006000000000000227
2026-09-22T11:34:50.167+02:00;1481.167849;19.783;19.776;0.0070000000000014495
2026-09-22T11:34:51.964+02:00;1482.965238;19.783;19.778;0.005000000000002558
2026-09-22T11:34:53.762+02:00;1484.762701;19.783;19.778;0.005000000000002558
2026-09-22T11:34:55.559+02:00;1486.559946;19.785;19.778;0.0070000000000014495
2026-09-22T11:34:57.356+02:00;1488.357273;19.783;19.779;0.004000000000001336
2026-09-22T11:34:59.154+02:00;1490.154807;19.784;19.778;0.006000000000000227
2026-09-22T11:35:01.548+02:00;1492.548910;19.783;19.779;0.004000000000001336
2026-09-22T11:35:03.335+02:00;1494.336279;19.786;19.779;0.0070000000000014495
2026-09-22T11:35:05.133+02:00;1496.133631;19.783;19.779;0.004000000000001336
2026-09-22T11:35:06.930+02:00;1497.930962;19.786;19.779;0.0070000000000014495
2026-09-22T11:35:08.727+02:00;1499.728336;19.788;19.779;0.009000000000000341
2026-09-22T11:35:10.526+02:00;1501.526734;19.789;19.779;0.010000000000001563
2026-09-22T11:35:12.322+02:00;1503.323142;19.789;19.779;0.010000000000001563
2026-09-22T11:35:14.119+02:00;1505.120456;19.786;19.779;0.0070000000000014495
2026-09-22T11:35:15.917+02:00;1506.917777;19.791;19.779;0.012000000000000455
2026-09-22T11:35:17.714+02:00;1508.715216;19.79;19.779;0.010999999999999233
2026-09-22T11:35:19.512+02:00;1510.512510;19.792;19.779;0.013000000000001677
2026-09-22T11:35:21.309+02:00;1512.309892;19.796;19.779;0.01699999999999946
2026-09-22T11:35:23.106+02:00;1514.107310;19.795;19.779;0.01600000000000179
2026-09-22T11:35:24.904+02:00;1515.904611;19.795;19.779;0.01600000000000179
2026-09-22T11:35:26.701+02:00;1517.701954;19.793;19.779;0.013999999999999346
2026-09-22T11:35:28.860+02:00;1519.860507;19.798;19.779;0.01899999999999835
2026-09-22T11:35:30.656+02:00;1521.656901;19.795;19.779;0.01600000000000179
2026-09-22T11:35:32.453+02:00;1523.454221;19.798;19.779;0.01899999999999835
2026-09-22T11:35:34.251+02:00;1525.251562;19.797;19.779;0.018000000000000682
2026-09-22T11:35:36.048+02:00;1527.048879;19.799;19.779;0.019999999999999574
2026-09-22T11:35:37.845+02:00;1528.846208;19.799;19.78;0.01899999999999835
2026-09-22T11:35:39.643+02:00;1530.643664;19.799;19.779;0.019999999999999574
2026-09-22T11:35:41.833+02:00;1532.833854;19.799;19.78;0.01899999999999835
2026-09-22T11:35:43.630+02:00;1534.631216;19.799;19.779;0.019999999999999574
2026-09-22T11:35:45.428+02:00;1536.428793;19.799;19.779;0.019999999999999574
2026-09-22T11:35:47.225+02:00;1538.225977;19.799;19.781;0.018000000000000682
2026-09-22T11:35:49.022+02:00;1540.023328;19.799;19.781;0.018000000000000682
2026-09-22T11:35:50.820+02:00;1541.820675;19.799;19.781;0.018000000000000682
2026-09-22T11:35:52.617+02:00;1543.618023;19.799;19.782;0.01699999999999946
2026-09-22T11:35:54.414+02:00;1545.415362;19.799;19.785;0.013999999999999346
2026-09-22T11:35:56.212+02:00;1547.212720;19.799;19.784;0.015000000000000568
2026-09-22T11:35:58.009+02:00;1549.010097;19.799;19.784;0.015000000000000568
2026-09-22T11:35:59.806+02:00;1550.807458;19.799;19.788;0.010999999999999233
2026-09-22T11:36:01.604+02:00;1552.604776;19.799;19.783;0.015999999999998238
2026-09-22T11:36:03.401+02:00;1554.402184;19.799;19.787;0.012000000000000455
2026-09-22T11:36:05.199+02:00;1556.199499;19.799;19.787;0.012000000000000455
2026-09-22T11:36:06.996+02:00;1557.996821;19.799;19.79;0.009000000000000341
2026-09-22T11:36:08.793+02:00;1559.794290;19.799;19.794;0.004999999999999005
2026-09-22T11:36:10.591+02:00;1561.591611;19.799;19.79;0.009000000000000341
2026-09-22T11:36:12.815+02:00;1563.815808;19.8;19.794;0.006000000000000227
2026-09-22T11:36:14.612+02:00;1565.613152;19.799;19.793;0.006000000000000227
2026-09-22T11:36:16.410+02:00;1567.410534;19.799;19.793;0.006000000000000227
2026-09-22T11:36:18.207+02:00;1569.207892;19.799;19.795;0.003999999999997783
2026-09-22T11:36:20.004+02:00;1571.005219;19.799;19.795;0.003999999999997783
2026-09-22T11:36:21.802+02:00;1572.802601;19.799;19.795;0.003999999999997783
2026-09-22T11:36:23.599+02:00;1574.599935;19.8;19.793;0.0070000000000014495
2026-09-22T11:36:25.396+02:00;1576.397279;19.801;19.794;0.006999999999997897
2026-09-22T11:36:27.194+02:00;1578.194650;19.799;19.795;0.003999999999997783
2026-09-22T11:36:28.991+02:00;1579.991998;19.801;19.795;0.005999999999996675
2026-09-22T11:36:31.158+02:00;1582.158889;19.8;19.795;0.004999999999999005
2026-09-22T11:36:32.955+02:00;1583.956269;19.803;19.795;0.007999999999999119
2026-09-22T11:36:34.753+02:00;1585.753819;19.8;19.795;0.004999999999999005
2026-09-22T11:36:36.974+02:00;1587.974982;19.807;19.795;0.011999999999996902
2026-09-22T11:36:38.771+02:00;1589.772352;19.806;19.795;0.010999999999999233
2026-09-22T11:36:40.570+02:00;1591.570707;19.806;19.795;0.010999999999999233
2026-09-22T11:36:42.366+02:00;1593.367074;19.804;19.795;0.008999999999996788
2026-09-22T11:36:44.163+02:00;1595.164433;19.81;19.795;0.014999999999997016
2026-09-22T11:36:45.961+02:00;1596.961774;19.807;19.795;0.011999999999996902
2026-09-22T11:36:47.759+02:00;1598.760107;19.809;19.795;0.013999999999999346
2026-09-22T11:36:49.556+02:00;1600.556512;19.81;19.795;0.014999999999997016
2026-09-22T11:36:51.353+02:00;1602.353926;19.811;19.795;0.015999999999998238
2026-09-22T11:36:53.150+02:00;1604.151295;19.811;19.795;0.015999999999998238
2026-09-22T11:36:54.948+02:00;1605.948652;19.812;19.795;0.01699999999999946
2026-09-22T11:36:56.745+02:00;1607.746016;19.814;19.795;0.01899999999999835
2026-09-22T11:36:58.543+02:00;1609.544354;19.815;19.795;0.019999999999999574
2026-09-22T11:37:00.340+02:00;1611.340764;19.815;19.795;0.019999999999999574
2026-09-22T11:37:02.137+02:00;1613.138071;19.815;19.795;0.019999999999999574
2026-09-22T11:37:03.934+02:00;1614.935446;19.814;19.797;0.01699999999999946
2026-09-22T11:37:05.732+02:00;1616.732805;19.815;19.796;0.019000000000001904
2026-09-22T11:37:07.529+02:00;1618.530157;19.815;19.797;0.018000000000000682
2026-09-22T11:37:09.327+02:00;1620.327607;19.815;19.795;0.019999999999999574
2026-09-22T11:37:11.124+02:00;1622.124884;19.815;19.796;0.019000000000001904
2026-09-22T11:37:12.921+02:00;1623.922247;19.815;19.796;0.019000000000001904
2026-09-22T11:37:14.719+02:00;1625.719750;19.815;19.798;0.017000000000003013
2026-09-22T11:37:16.516+02:00;1627.516962;19.815;19.797;0.018000000000000682
2026-09-22T11:37:18.313+02:00;1629.314394;19.815;19.799;0.01600000000000179
2026-09-22T11:37:20.111+02:00;1631.111807;19.815;19.803;0.012000000000000455
2026-09-22T11:37:21.908+02:00;1632.909065;19.815;19.796;0.019000000000001904
2026-09-22T11:37:23.706+02:00;1634.707433;19.815;19.8;0.015000000000000568
2026-09-22T11:37:25.503+02:00;1636.503954;19.815;19.8;0.015000000000000568
2026-09-22T11:37:27.300+02:00;1638.301148;19.815;19.802;0.013000000000001677
2026-09-22T11:37:29.098+02:00;1640.098514;19.815;19.801;0.014000000000002899
2026-09-22T11:37:30.895+02:00;1641.896058;19.815;19.805;0.010000000000001563
2026-09-22T11:37:32.692+02:00;1643.693185;19.815;19.804;0.011000000000002785
2026-09-22T11:37:34.491+02:00;1645.491610;19.815;19.808;0.0070000000000014495
2026-09-22T11:37:36.288+02:00;1647.288959;19.815;19.809;0.006000000000000227
2026-09-22T11:37:38.084+02:00;1649.085303;19.815;19.808;0.0070000000000014495
2026-09-22T11:37:39.882+02:00;1650.882705;19.815;19.811;0.004000000000001336
2026-09-22T11:37:41.679+02:00;1652.680036;19.815;19.809;0.006000000000000227
2026-09-22T11:37:43.859+02:00;1654.860367;19.815;19.81;0.005000000000002558
2026-09-22T11:37:46.188+02:00;1657.189434;19.815;19.811;0.004000000000001336
2026-09-22T11:37:47.976+02:00;1658.976752;19.816;19.809;0.006999999999997897
2026-09-22T11:37:49.773+02:00;1660.774091;19.815;19.811;0.004000000000001336
2026-09-22T11:37:51.571+02:00;1662.571517;19.816;19.811;0.004999999999999005
2026-09-22T11:37:53.369+02:00;1664.369807;19.816;19.811;0.004999999999999005
2026-09-22T11:37:55.165+02:00;1666.166191;19.818;19.811;0.0070000000000014495
2026-09-22T11:37:56.963+02:00;1667.963651;19.817;19.811;0.006000000000000227
2026-09-22T11:37:58.760+02:00;1669.760967;19.82;19.811;0.009000000000000341
2026-09-22T11:38:00.557+02:00;1671.558265;19.817;19.811;0.006000000000000227
2026-09-22T11:38:02.355+02:00;1673.355761;19.817;19.811;0.006000000000000227
2026-09-22T11:38:04.152+02:00;1675.153005;19.819;19.811;0.007999999999999119
2026-09-22T11:38:05.949+02:00;1676.950313;19.821;19.811;0.010000000000001563
2026-09-22T11:38:07.747+02:00;1678.747889;19.823;19.811;0.012000000000000455
2026-09-22T11:38:09.544+02:00;1680.545057;19.825;19.811;0.013999999999999346
2026-09-22T11:38:11.342+02:00;1682.343431;19.823;19.811;0.012000000000000455
2026-09-22T11:38:13.139+02:00;1684.139987;19.828;19.811;0.01699999999999946
2026-09-22T11:38:14.937+02:00;1685.938133;19.828;19.811;0.01699999999999946
2026-09-22T11:38:16.734+02:00;1687.734486;19.827;19.811;0.01600000000000179
2026-09-22T11:38:18.531+02:00;1689.531852;19.828;19.811;0.01699999999999946
2026-09-22T11:38:20.328+02:00;1691.329185;19.828;19.811;0.01699999999999946
2026-09-22T11:38:22.126+02:00;1693.126541;19.828;19.811;0.01699999999999946
2026-09-22T11:38:23.923+02:00;1694.923924;19.828;19.811;0.01699999999999946
2026-09-22T11:38:25.720+02:00;1696.721266;19.83;19.811;0.01899999999999835
2026-09-22T11:38:28.019+02:00;1699.019506;19.83;19.811;0.01899999999999835
2026-09-22T11:38:29.807+02:00;1700.807961;19.831;19.811;0.019999999999999574
2026-09-22T11:38:31.604+02:00;1702.605429;19.83;19.811;0.01899999999999835
2026-09-22T11:38:33.402+02:00;1704.402742;19.831;19.811;0.019999999999999574
2026-09-22T11:38:35.199+02:00;1706.200078;19.831;19.811;0.019999999999999574
2026-09-22T11:38:36.997+02:00;1707.997534;19.83;19.811;0.01899999999999835
2026-09-22T11:38:38.794+02:00;1709.794828;19.831;19.812;0.01899999999999835
2026-09-22T11:38:40.591+02:00;1711.592148;19.831;19.812;0.01899999999999835
2026-09-22T11:38:42.390+02:00;1713.390658;19.831;19.815;0.015999999999998238
2026-09-22T11:38:44.186+02:00;1715.186880;19.831;19.814;0.01699999999999946
2026-09-22T11:38:45.983+02:00;1716.984254;19.831;19.819;0.012000000000000455
2026-09-22T11:38:47.781+02:00;1718.781774;19.831;19.817;0.013999999999999346
2026-09-22T11:38:49.578+02:00;1720.578969;19.831;19.814;0.01699999999999946
2026-09-22T11:38:51.376+02:00;1722.377334;19.831;19.817;0.013999999999999346
2026-09-22T11:38:53.173+02:00;1724.173923;19.831;19.816;0.015000000000000568
2026-09-22T11:38:54.970+02:00;1725.971045;19.831;19.823;0.007999999999999119
2026-09-22T11:38:56.767+02:00;1727.768433;19.831;19.823;0.007999999999999119
2026-09-22T11:38:58.565+02:00;1729.565795;19.832;19.822;0.010000000000001563
2026-09-22T11:39:00.362+02:00;1731.363166;19.831;19.824;0.006999999999997897
2026-09-22T11:39:02.160+02:00;1733.160518;19.831;19.825;0.006000000000000227
2026-09-22T11:39:03.957+02:00;1734.957925;19.831;19.825;0.006000000000000227
2026-09-22T11:39:05.755+02:00;1736.756215;19.831;19.826;0.004999999999999005
2026-09-22T11:39:07.552+02:00;1738.552555;19.831;19.826;0.004999999999999005
2026-09-22T11:39:09.349+02:00;1740.349933;19.831;19.826;0.004999999999999005
2026-09-22T11:39:11.146+02:00;1742.147340;19.832;19.824;0.007999999999999119
2026-09-22T11:39:12.944+02:00;1743.944620;19.831;19.826;0.004999999999999005
2026-09-22T11:39:14.741+02:00;1745.741940;19.835;19.828;0.0070000000000014495
2026-09-22T11:39:16.539+02:00;1747.539503;19.833;19.826;0.006999999999997897
2026-09-22T11:39:18.336+02:00;1749.336657;19.833;19.828;0.004999999999999005
2026-09-22T11:39:20.133+02:00;1751.134037;19.833;19.828;0.004999999999999005
2026-09-22T11:39:21.931+02:00;1752.931552;19.835;19.828;0.0070000000000014495
2026-09-22T11:39:23.728+02:00;1754.728742;19.831;19.828;0.0030000000000001137
2026-09-22T11:39:25.525+02:00;1756.526072;19.837;19.828;0.009000000000000341
2026-09-22T11:39:27.322+02:00;1758.323450;19.836;19.828;0.007999999999999119
2026-09-22T11:39:29.120+02:00;1760.120832;19.837;19.828;0.009000000000000341
2026-09-22T11:39:30.917+02:00;1761.918140;19.837;19.828;0.009000000000000341
2026-09-22T11:39:32.715+02:00;1763.715489;19.841;19.828;0.013000000000001677
2026-09-22T11:39:34.512+02:00;1765.512872;19.843;19.828;0.015000000000000568
2026-09-22T11:39:36.806+02:00;1767.807201;19.845;19.828;0.01699999999999946
2026-09-22T11:39:38.594+02:00;1769.594652;19.845;19.828;0.01699999999999946
2026-09-22T11:39:40.392+02:00;1771.393044;19.848;19.828;0.019999999999999574
2026-09-22T11:39:42.188+02:00;1773.189328;19.845;19.828;0.01699999999999946
2026-09-22T11:39:43.986+02:00;1774.986713;19.845;19.828;0.01699999999999946
2026-09-22T11:39:45.784+02:00;1776.785077;19.846;19.828;0.018000000000000682
2026-09-22T11:39:47.580+02:00;1778.581406;19.848;19.828;0.019999999999999574
2026-09-22T11:39:49.378+02:00;1780.378800;19.848;19.828;0.019999999999999574
2026-09-22T11:39:51.176+02:00;1782.177183;19.846;19.83;0.01600000000000179
2026-09-22T11:39:52.972+02:00;1783.973461;19.848;19.829;0.01899999999999835
2026-09-22T11:39:54.770+02:00;1785.770807;19.848;19.828;0.019999999999999574
2026-09-22T11:39:56.567+02:00;1787.568316;19.848;19.829;0.01899999999999835
2026-09-22T11:39:58.365+02:00;1789.365569;19.848;19.829;0.01899999999999835
2026-09-22T11:40:00.162+02:00;1791.162894;19.848;19.831;0.01699999999999946
2026-09-22T11:40:01.959+02:00;1792.960200;19.848;19.829;0.01899999999999835
2026-09-22T11:40:03.757+02:00;1794.757568;19.848;19.829;0.01899999999999835
2026-09-22T11:40:05.554+02:00;1796.554984;19.848;19.83;0.018000000000000682
2026-09-22T11:40:07.351+02:00;1798.352333;19.848;19.832;0.015999999999998238
2026-09-22T11:40:09.149+02:00;1800.149648;19.848;19.837;0.010999999999999233
2026-09-22T11:40:10.946+02:00;1801.947015;19.848;19.838;0.00999999999999801
2026-09-22T11:40:12.743+02:00;1803.744371;19.848;19.836;0.012000000000000455
2026-09-22T11:40:14.541+02:00;1805.541736;19.848;19.837;0.010999999999999233
2026-09-22T11:40:16.338+02:00;1807.339035;19.848;19.836;0.012000000000000455
2026-09-22T11:40:18.135+02:00;1809.136411;19.848;19.839;0.009000000000000341
2026-09-22T11:40:19.934+02:00;1810.934849;19.848;19.839;0.009000000000000341
2026-09-22T11:40:21.730+02:00;1812.731146;19.848;19.843;0.004999999999999005
2026-09-22T11:40:23.527+02:00;1814.528466;19.848;19.842;0.006000000000000227
2026-09-22T11:40:25.325+02:00;1816.325961;19.848;19.844;0.003999999999997783
2026-09-22T11:40:27.122+02:00;1818.123177;19.849;19.842;0.0070000000000014495
2026-09-22T11:40:28.920+02:00;1819.920571;19.848;19.844;0.003999999999997783
2026-09-22T11:40:30.717+02:00;1821.718083;19.848;19.844;0.003999999999997783
2026-09-22T11:40:32.514+02:00;1823.515279;19.849;19.844;0.004999999999999005
2026-09-22T11:40:34.312+02:00;1825.312668;19.848;19.844;0.003999999999997783
2026-09-22T11:40:36.109+02:00;1827.110193;19.849;19.844;0.004999999999999005
2026-09-22T11:40:37.906+02:00;1828.907371;19.848;19.844;0.003999999999997783
2026-09-22T11:40:39.704+02:00;1830.704727;19.849;19.844;0.004999999999999005
2026-09-22T11:40:41.501+02:00;1832.502079;19.848;19.844;0.003999999999997783
2026-09-22T11:40:43.299+02:00;1834.300422;19.85;19.844;0.006000000000000227
2026-09-22T11:40:45.096+02:00;1836.096846;19.853;19.844;0.009000000000000341
2026-09-22T11:40:46.893+02:00;1837.894154;19.855;19.844;0.010999999999999233
2026-09-22T11:40:48.692+02:00;1839.692528;19.854;19.844;0.00999999999999801
2026-09-22T11:40:50.488+02:00;1841.488882;19.853;19.844;0.009000000000000341
2026-09-22T11:40:52.285+02:00;1843.286248;19.854;19.844;0.00999999999999801
2026-09-22T11:40:54.083+02:00;1845.083606;19.854;19.844;0.00999999999999801
2026-09-22T11:40:55.881+02:00;1846.881905;19.858;19.844;0.013999999999999346
2026-09-22T11:40:57.677+02:00;1848.678277;19.855;19.844;0.010999999999999233
2026-09-22T11:40:59.475+02:00;1850.475722;19.861;19.844;0.01699999999999946
2026-09-22T11:41:01.272+02:00;1852.272983;19.859;19.844;0.015000000000000568
2026-09-22T11:41:03.069+02:00;1854.070362;19.861;19.844;0.01699999999999946
2026-09-22T11:41:04.868+02:00;1855.868877;19.861;19.844;0.01699999999999946
2026-09-22T11:41:06.664+02:00;1857.665039;19.863;19.844;0.01899999999999835
2026-09-22T11:41:08.461+02:00;1859.462400;19.864;19.844;0.019999999999999574
2026-09-22T11:41:10.259+02:00;1861.259731;19.863;19.844;0.01899999999999835
2026-09-22T11:41:12.056+02:00;1863.057082;19.863;19.844;0.01899999999999835
2026-09-22T11:41:13.854+02:00;1864.855430;19.863;19.844;0.01899999999999835
2026-09-22T11:41:15.651+02:00;1866.651802;19.864;19.845;0.019000000000001904
2026-09-22T11:41:17.449+02:00;1868.450169;19.864;19.845;0.019000000000001904
2026-09-22T11:41:19.247+02:00;1870.247502;19.863;19.844;0.01899999999999835
2026-09-22T11:41:21.043+02:00;1872.043858;19.864;19.844;0.019999999999999574
2026-09-22T11:41:22.841+02:00;1873.842240;19.864;19.845;0.019000000000001904
2026-09-22T11:41:24.638+02:00;1875.638534;19.864;19.845;0.019000000000001904
2026-09-22T11:41:26.435+02:00;1877.435936;19.864;19.848;0.01600000000000179
2026-09-22T11:41:28.232+02:00;1879.233346;19.864;19.848;0.01600000000000179
2026-09-22T11:41:30.030+02:00;1881.030701;19.864;19.852;0.012000000000000455
2026-09-22T11:41:31.827+02:00;1882.828059;19.864;19.849;0.015000000000000568
2026-09-22T11:41:33.625+02:00;1884.625503;19.864;19.853;0.010999999999999233
2026-09-22T11:41:35.422+02:00;1886.422729;19.864;19.851;0.013000000000001677
2026-09-22T11:41:37.219+02:00;1888.220104;19.864;19.849;0.015000000000000568
2026-09-22T11:41:39.017+02:00;1890.017594;19.864;19.851;0.013000000000001677
2026-09-22T11:41:40.814+02:00;1891.814895;19.864;19.857;0.0070000000000014495
2026-09-22T11:41:42.611+02:00;1893.612220;19.864;19.854;0.010000000000001563
2026-09-22T11:41:44.409+02:00;1895.409703;19.864;19.857;0.0070000000000014495
2026-09-22T11:41:46.206+02:00;1897.206972;19.864;19.858;0.006000000000000227
2026-09-22T11:41:48.003+02:00;1899.004339;19.864;19.858;0.006000000000000227
2026-09-22T11:41:49.801+02:00;1900.801820;19.864;19.858;0.006000000000000227
2026-09-22T11:41:51.598+02:00;1902.599050;19.864;19.86;0.004000000000001336
2026-09-22T11:41:53.395+02:00;1904.396406;19.864;19.859;0.004999999999999005
2026-09-22T11:41:55.193+02:00;1906.193918;19.865;19.86;0.004999999999999005
2026-09-22T11:41:56.990+02:00;1907.991161;19.867;19.859;0.007999999999999119
2026-09-22T11:41:58.788+02:00;1909.788523;19.865;19.859;0.005999999999996675
2026-09-22T11:42:00.585+02:00;1911.586027;19.866;19.86;0.006000000000000227
2026-09-22T11:42:02.382+02:00;1913.383247;19.866;19.86;0.006000000000000227
2026-09-22T11:42:04.180+02:00;1915.180612;19.868;19.86;0.007999999999999119
2026-09-22T11:42:05.977+02:00;1916.977908;19.868;19.859;0.008999999999996788
2026-09-22T11:42:07.774+02:00;1918.775298;19.871;19.86;0.010999999999999233
2026-09-22T11:42:09.572+02:00;1920.572645;19.87;19.86;0.010000000000001563
2026-09-22T11:42:11.369+02:00;1922.370004;19.871;19.86;0.010999999999999233
2026-09-22T11:42:13.167+02:00;1924.168356;19.872;19.86;0.012000000000000455
2026-09-22T11:42:14.964+02:00;1925.964700;19.872;19.86;0.012000000000000455
2026-09-22T11:42:16.761+02:00;1927.762133;19.875;19.86;0.015000000000000568
2026-09-22T11:42:18.558+02:00;1929.559424;19.876;19.86;0.01600000000000179
2026-09-22T11:42:20.356+02:00;1931.356792;19.875;19.86;0.015000000000000568
2026-09-22T11:42:22.153+02:00;1933.154195;19.878;19.86;0.018000000000000682
2026-09-22T11:42:23.951+02:00;1934.951544;19.88;19.86;0.019999999999999574
2026-09-22T11:42:25.748+02:00;1936.748825;19.877;19.86;0.01699999999999946
2026-09-22T11:42:27.545+02:00;1938.546195;19.878;19.86;0.018000000000000682
2026-09-22T11:42:29.343+02:00;1940.343639;19.88;19.86;0.019999999999999574
2026-09-22T11:42:31.140+02:00;1942.140942;19.88;19.86;0.019999999999999574
2026-09-22T11:42:32.938+02:00;1943.939260;19.88;19.861;0.01899999999999835
2026-09-22T11:42:34.735+02:00;1945.735752;19.879;19.86;0.019000000000001904
2026-09-22T11:42:36.532+02:00;1947.533001;19.88;19.86;0.019999999999999574
2026-09-22T11:42:38.329+02:00;1949.330315;19.88;19.86;0.019999999999999574
2026-09-22T11:42:40.127+02:00;1951.127642;19.88;19.86;0.019999999999999574
2026-09-22T11:42:41.924+02:00;1952.925028;19.88;19.861;0.01899999999999835
2026-09-22T11:42:43.721+02:00;1954.722439;19.88;19.863;0.01699999999999946
2026-09-22T11:42:45.519+02:00;1956.519775;19.88;19.861;0.01899999999999835
2026-09-22T11:42:47.317+02:00;1958.318135;19.88;19.863;0.01699999999999946
2026-09-22T11:42:49.114+02:00;1960.114478;19.879;19.863;0.01600000000000179
2026-09-22T11:42:50.911+02:00;1961.911846;19.88;19.863;0.01699999999999946
2026-09-22T11:42:52.708+02:00;1963.709151;19.88;19.867;0.012999999999998124
2026-09-22T11:42:54.506+02:00;1965.506515;19.88;19.867;0.012999999999998124
2026-09-22T11:42:56.303+02:00;1967.303895;19.88;19.865;0.015000000000000568
2026-09-22T11:42:58.100+02:00;1969.101254;19.88;19.865;0.015000000000000568
2026-09-22T11:42:59.898+02:00;1970.898638;19.88;19.871;0.009000000000000341
2026-09-22T11:43:01.695+02:00;1972.695938;19.88;19.87;0.00999999999999801
2026-09-22T11:43:03.492+02:00;1974.493385;19.88;19.872;0.007999999999999119
2026-09-22T11:43:05.290+02:00;1976.290603;19.88;19.872;0.007999999999999119
2026-09-22T11:43:07.087+02:00;1978.087967;19.88;19.874;0.006000000000000227
2026-09-22T11:43:08.885+02:00;1979.885501;19.88;19.871;0.009000000000000341
2026-09-22T11:43:10.682+02:00;1981.682671;19.88;19.875;0.004999999999999005
2026-09-22T11:43:12.479+02:00;1983.479993;19.88;19.874;0.006000000000000227
2026-09-22T11:43:14.276+02:00;1985.277400;19.88;19.876;0.003999999999997783
2026-09-22T11:43:16.074+02:00;1987.074705;19.881;19.875;0.006000000000000227
2026-09-22T11:43:17.871+02:00;1988.872100;19.881;19.876;0.004999999999999005
2026-09-22T11:43:19.668+02:00;1990.669429;19.881;19.874;0.0070000000000014495
2026-09-22T11:43:21.466+02:00;1992.466758;19.881;19.876;0.004999999999999005
2026-09-22T11:43:23.263+02:00;1994.264159;19.882;19.876;0.006000000000000227
2026-09-22T11:43:25.061+02:00;1996.061488;19.882;19.876;0.006000000000000227
2026-09-22T11:43:26.858+02:00;1997.858870;19.882;19.876;0.006000000000000227
2026-09-22T11:43:28.655+02:00;1999.656257;19.884;19.876;0.007999999999999119
2026-09-22T11:43:30.453+02:00;2001.453605;19.881;19.876;0.004999999999999005
2026-09-22T11:43:32.250+02:00;2003.251005;19.884;19.876;0.007999999999999119
2026-09-22T11:43:34.047+02:00;2005.048306;19.887;19.876;0.010999999999999233
2026-09-22T11:43:35.845+02:00;2006.845675;19.889;19.876;0.012999999999998124
2026-09-22T11:43:37.642+02:00;2008.643107;19.887;19.876;0.010999999999999233
2026-09-22T11:43:39.439+02:00;2010.440346;19.889;19.876;0.012999999999998124
2026-09-22T11:43:41.237+02:00;2012.237713;19.89;19.876;0.013999999999999346
2026-09-22T11:43:43.034+02:00;2014.035208;19.891;19.876;0.014999999999997016
2026-09-22T11:43:44.832+02:00;2015.832478;19.891;19.876;0.014999999999997016
2026-09-22T11:43:46.629+02:00;2017.629851;19.896;19.876;0.019999999999999574
2026-09-22T11:43:48.426+02:00;2019.427345;19.896;19.876;0.019999999999999574
2026-09-22T11:43:50.224+02:00;2021.224536;19.893;19.876;0.01699999999999946
2026-09-22T11:43:52.021+02:00;2023.021927;19.896;19.876;0.019999999999999574
2026-09-22T11:43:54.189+02:00;2025.189617;19.895;19.876;0.01899999999999835
2026-09-22T11:43:55.986+02:00;2026.986992;19.895;19.876;0.01899999999999835
2026-09-22T11:43:57.783+02:00;2028.784293;19.896;19.876;0.019999999999999574
2026-09-22T11:43:59.581+02:00;2030.581635;19.896;19.876;0.019999999999999574
2026-09-22T11:44:01.378+02:00;2032.379010;19.896;19.876;0.019999999999999574
2026-09-22T11:44:03.175+02:00;2034.176389;19.896;19.876;0.019999999999999574
2026-09-22T11:44:04.973+02:00;2035.973739;19.896;19.876;0.019999999999999574
2026-09-22T11:44:06.770+02:00;2037.771078;19.896;19.878;0.018000000000000682
2026-09-22T11:44:08.567+02:00;2039.568430;19.896;19.882;0.013999999999999346
2026-09-22T11:44:10.365+02:00;2041.365833;19.896;19.883;0.013000000000001677
2026-09-22T11:44:12.162+02:00;2043.163179;19.896;19.88;0.01600000000000179
2026-09-22T11:44:13.960+02:00;2044.960528;19.896;19.878;0.018000000000000682
2026-09-22T11:44:15.757+02:00;2046.757964;19.896;19.883;0.013000000000001677
2026-09-22T11:44:17.554+02:00;2048.555222;19.896;19.881;0.015000000000000568
2026-09-22T11:44:19.352+02:00;2050.352577;19.896;19.884;0.012000000000000455
2026-09-22T11:44:21.149+02:00;2052.150045;19.896;19.885;0.010999999999999233
2026-09-22T11:44:22.946+02:00;2053.947282;19.896;19.886;0.010000000000001563
2026-09-22T11:44:24.744+02:00;2055.744622;19.896;19.885;0.010999999999999233
2026-09-22T11:44:26.541+02:00;2057.542157;19.896;19.888;0.007999999999999119
2026-09-22T11:44:28.339+02:00;2059.340394;19.896;19.888;0.007999999999999119
2026-09-22T11:44:30.136+02:00;2061.136732;19.896;19.887;0.009000000000000341
2026-09-22T11:44:31.933+02:00;2062.934286;19.896;19.89;0.006000000000000227
2026-09-22T11:44:33.730+02:00;2064.731422;19.896;19.89;0.006000000000000227
2026-09-22T11:44:35.528+02:00;2066.528798;19.896;19.892;0.004000000000001336
2026-09-22T11:44:37.326+02:00;2068.327162;19.896;19.892;0.004000000000001336
2026-09-22T11:44:39.123+02:00;2070.123523;19.896;19.891;0.005000000000002558
2026-09-22T11:44:40.920+02:00;2071.920828;19.897;19.892;0.004999999999999005
2026-09-22T11:44:42.717+02:00;2073.718205;19.898;19.892;0.006000000000000227
2026-09-22T11:44:44.516+02:00;2075.516593;19.897;19.892;0.004999999999999005
2026-09-22T11:44:46.848+02:00;2077.849337;19.898;19.892;0.006000000000000227
2026-09-22T11:44:48.994+02:00;2079.995249;19.901;19.892;0.009000000000000341
2026-09-22T11:44:50.792+02:00;2081.792705;19.899;19.892;0.0070000000000014495
2026-09-22T11:44:52.589+02:00;2083.589969;19.897;19.892;0.004999999999999005
2026-09-22T11:44:54.386+02:00;2085.387302;19.902;19.892;0.010000000000001563
2026-09-22T11:44:56.184+02:00;2087.184803;19.902;19.892;0.010000000000001563
2026-09-22T11:44:57.981+02:00;2088.982014;19.902;19.892;0.010000000000001563
2026-09-22T11:44:59.778+02:00;2090.779384;19.902;19.892;0.010000000000001563
2026-09-22T11:45:01.576+02:00;2092.576893;19.904;19.892;0.012000000000000455
2026-09-22T11:45:03.373+02:00;2094.374114;19.908;19.892;0.01600000000000179
2026-09-22T11:45:05.171+02:00;2096.171486;19.908;19.892;0.01600000000000179
2026-09-22T11:45:06.968+02:00;2097.969012;19.906;19.892;0.013999999999999346
2026-09-22T11:45:08.765+02:00;2099.766182;19.908;19.892;0.01600000000000179
2026-09-22T11:45:10.563+02:00;2101.563528;19.911;19.892;0.019000000000001904
2026-09-22T11:45:12.360+02:00;2103.360895;19.912;19.892;0.019999999999999574
2026-09-22T11:45:14.158+02:00;2105.159205;19.91;19.892;0.018000000000000682
2026-09-22T11:45:15.955+02:00;2106.955565;19.912;19.892;0.019999999999999574
2026-09-22T11:45:17.752+02:00;2108.752903;19.912;19.892;0.019999999999999574
2026-09-22T11:45:19.549+02:00;2110.550294;19.911;19.892;0.019000000000001904
2026-09-22T11:45:21.347+02:00;2112.347641;19.912;19.892;0.019999999999999574
2026-09-22T11:45:23.145+02:00;2114.146014;19.912;19.892;0.019999999999999574
2026-09-22T11:45:24.941+02:00;2115.942435;19.912;19.893;0.01899999999999835
2026-09-22T11:45:26.739+02:00;2117.739746;19.912;19.892;0.019999999999999574
2026-09-22T11:45:28.536+02:00;2119.537083;19.912;19.894;0.018000000000000682
2026-09-22T11:45:30.334+02:00;2121.334528;19.912;19.894;0.018000000000000682
2026-09-22T11:45:32.132+02:00;2123.132768;19.912;19.893;0.01899999999999835
2026-09-22T11:45:33.928+02:00;2124.929101;19.912;19.893;0.01899999999999835
2026-09-22T11:45:35.726+02:00;2126.726642;19.912;19.895;0.01699999999999946
2026-09-22T11:45:37.523+02:00;2128.523820;19.912;19.895;0.01699999999999946
2026-09-22T11:45:39.321+02:00;2130.322156;19.912;19.896;0.015999999999998238
2026-09-22T11:45:41.655+02:00;2132.655968;19.912;19.897;0.015000000000000568
2026-09-22T11:45:43.442+02:00;2134.443372;19.912;19.899;0.012999999999998124
2026-09-22T11:45:45.240+02:00;2136.240814;19.912;19.902;0.00999999999999801
2026-09-22T11:45:47.037+02:00;2138.038078;19.912;19.9;0.012000000000000455
2026-09-22T11:45:48.834+02:00;2139.835471;19.912;19.9;0.012000000000000455
2026-09-22T11:45:50.633+02:00;2141.633942;19.912;19.901;0.010999999999999233
2026-09-22T11:45:52.429+02:00;2143.430249;19.912;19.904;0.007999999999999119
2026-09-22T11:45:54.227+02:00;2145.227556;19.912;19.901;0.010999999999999233
2026-09-22T11:45:56.024+02:00;2147.025065;19.912;19.902;0.00999999999999801
2026-09-22T11:45:57.821+02:00;2148.822259;19.912;19.906;0.006000000000000227
2026-09-22T11:45:59.619+02:00;2150.619632;19.912;19.904;0.007999999999999119
2026-09-22T11:46:01.416+02:00;2152.417219;19.912;19.908;0.003999999999997783
2026-09-22T11:46:03.213+02:00;2154.214372;19.913;19.909;0.004000000000001336
2026-09-22T11:46:05.011+02:00;2156.011748;19.914;19.906;0.008000000000002672
2026-09-22T11:46:06.808+02:00;2157.809308;19.912;19.909;0.0030000000000001137
2026-09-22T11:46:08.605+02:00;2159.606459;19.912;19.909;0.0030000000000001137
2026-09-22T11:46:10.403+02:00;2161.403837;19.913;19.909;0.004000000000001336
2026-09-22T11:46:12.200+02:00;2163.201139;19.914;19.909;0.005000000000002558
2026-09-22T11:46:13.998+02:00;2164.998524;19.914;19.909;0.005000000000002558
2026-09-22T11:46:15.795+02:00;2166.795874;19.914;19.909;0.005000000000002558
2026-09-22T11:46:17.592+02:00;2168.593224;19.918;19.909;0.009000000000000341
2026-09-22T11:46:19.390+02:00;2170.390622;19.917;19.909;0.008000000000002672
2026-09-22T11:46:21.187+02:00;2172.187943;19.918;19.909;0.009000000000000341
2026-09-22T11:46:22.984+02:00;2173.985303;19.92;19.909;0.011000000000002785
2026-09-22T11:46:24.782+02:00;2175.782655;19.922;19.909;0.013000000000001677
2026-09-22T11:46:26.579+02:00;2177.580062;19.916;19.909;0.0070000000000014495
2026-09-22T11:46:28.376+02:00;2179.377411;19.922;19.909;0.013000000000001677
2026-09-22T11:46:30.174+02:00;2181.174799;19.919;19.909;0.010000000000001563
2026-09-22T11:46:31.971+02:00;2182.972136;19.926;19.909;0.01699999999999946
2026-09-22T11:46:33.769+02:00;2184.769474;19.929;19.909;0.019999999999999574
2026-09-22T11:46:35.566+02:00;2186.566903;19.926;19.909;0.01699999999999946
2026-09-22T11:46:37.363+02:00;2188.364206;19.928;19.909;0.019000000000001904
2026-09-22T11:46:39.161+02:00;2190.161582;19.928;19.909;0.019000000000001904
2026-09-22T11:46:40.958+02:00;2191.959027;19.928;19.91;0.018000000000000682
2026-09-22T11:46:42.755+02:00;2193.756317;19.929;19.909;0.019999999999999574
2026-09-22T11:46:44.553+02:00;2195.553664;19.929;19.909;0.019999999999999574
2026-09-22T11:46:46.350+02:00;2197.351169;19.929;19.909;0.019999999999999574
2026-09-22T11:46:48.147+02:00;2199.148361;19.929;19.909;0.019999999999999574
2026-09-22T11:46:49.945+02:00;2200.945688;19.929;19.909;0.019999999999999574
2026-09-22T11:46:52.342+02:00;2203.342930;19.928;19.91;0.018000000000000682
2026-09-22T11:46:54.130+02:00;2205.131391;19.929;19.912;0.01699999999999946
2026-09-22T11:46:56.480+02:00;2207.481339;19.929;19.911;0.01799999999999713
2026-09-22T11:46:58.269+02:00;2209.269745;19.929;19.912;0.01699999999999946
2026-09-22T11:47:00.066+02:00;2211.067099;19.929;19.91;0.01899999999999835
2026-09-22T11:47:01.863+02:00;2212.864455;19.929;19.913;0.015999999999998238
2026-09-22T11:47:03.662+02:00;2214.662873;19.929;19.916;0.012999999999998124
2026-09-22T11:47:05.458+02:00;2216.459187;19.929;19.916;0.012999999999998124
2026-09-22T11:47:07.256+02:00;2218.256548;19.929;19.914;0.014999999999997016
2026-09-22T11:47:09.053+02:00;2220.053950;19.929;19.919;0.00999999999999801
2026-09-22T11:47:10.850+02:00;2221.851324;19.929;19.917;0.011999999999996902
2026-09-22T11:47:12.649+02:00;2223.649684;19.929;19.921;0.007999999999999119
2026-09-22T11:47:14.445+02:00;2225.446042;19.929;19.922;0.006999999999997897
2026-09-22T11:47:16.242+02:00;2227.243412;19.929;19.923;0.006000000000000227
2026-09-22T11:47:18.040+02:00;2229.040806;19.929;19.923;0.006000000000000227
2026-09-22T11:47:19.837+02:00;2230.838115;19.929;19.923;0.006000000000000227
2026-09-22T11:47:21.635+02:00;2232.635542;19.929;19.925;0.003999999999997783
2026-09-22T11:47:23.432+02:00;2234.432931;19.93;19.923;0.0070000000000014495
2026-09-22T11:47:25.229+02:00;2236.230137;19.929;19.923;0.006000000000000227
2026-09-22T11:47:27.027+02:00;2238.027513;19.929;19.923;0.006000000000000227
2026-09-22T11:47:28.824+02:00;2239.825036;19.93;19.924;0.006000000000000227
2026-09-22T11:47:30.621+02:00;2241.622236;19.929;19.925;0.003999999999997783
2026-09-22T11:47:32.419+02:00;2243.419584;19.931;19.925;0.006000000000000227
2026-09-22T11:47:34.216+02:00;2245.217139;19.93;19.925;0.004999999999999005
2026-09-22T11:47:36.013+02:00;2247.014302;19.933;19.925;0.007999999999999119
2026-09-22T11:47:37.811+02:00;2248.811631;19.934;19.924;0.010000000000001563
2026-09-22T11:47:39.608+02:00;2250.608984;19.933;19.925;0.007999999999999119
2026-09-22T11:47:41.405+02:00;2252.406338;19.936;19.925;0.010999999999999233
2026-09-22T11:47:43.203+02:00;2254.203681;19.934;19.925;0.009000000000000341
2026-09-22T11:47:45.000+02:00;2256.001077;19.941;19.925;0.015999999999998238
2026-09-22T11:47:46.797+02:00;2257.798417;19.937;19.925;0.012000000000000455
2026-09-22T11:47:48.595+02:00;2259.595773;19.936;19.925;0.010999999999999233
2026-09-22T11:47:50.392+02:00;2261.393203;19.94;19.925;0.015000000000000568
2026-09-22T11:47:52.190+02:00;2263.190503;19.937;19.925;0.012000000000000455
2026-09-22T11:47:53.987+02:00;2264.987811;19.944;19.925;0.01899999999999835
2026-09-22T11:47:55.784+02:00;2266.785196;19.941;19.925;0.015999999999998238
2026-09-22T11:47:57.582+02:00;2268.582650;19.941;19.925;0.015999999999998238
2026-09-22T11:47:59.379+02:00;2270.379958;19.944;19.925;0.01899999999999835
2026-09-22T11:48:01.176+02:00;2272.177303;19.943;19.925;0.018000000000000682
2026-09-22T11:48:02.975+02:00;2273.975752;19.943;19.925;0.018000000000000682
2026-09-22T11:48:04.771+02:00;2275.771995;19.945;19.925;0.019999999999999574
2026-09-22T11:48:06.568+02:00;2277.569356;19.944;19.925;0.01899999999999835
2026-09-22T11:48:08.366+02:00;2279.366842;19.945;19.925;0.019999999999999574
2026-09-22T11:48:10.163+02:00;2281.164033;19.944;19.926;0.018000000000000682
2026-09-22T11:48:11.960+02:00;2282.961451;19.945;19.926;0.019000000000001904
2026-09-22T11:48:13.758+02:00;2284.758994;19.945;19.927;0.018000000000000682
2026-09-22T11:48:15.555+02:00;2286.556198;19.945;19.925;0.019999999999999574
2026-09-22T11:48:17.907+02:00;2288.907708;19.945;19.925;0.019999999999999574
2026-09-22T11:48:19.694+02:00;2290.695201;19.945;19.927;0.018000000000000682
2026-09-22T11:48:21.492+02:00;2292.492542;19.945;19.927;0.018000000000000682
2026-09-22T11:48:23.289+02:00;2294.289898;19.945;19.931;0.013999999999999346
2026-09-22T11:48:25.086+02:00;2296.087273;19.945;19.927;0.018000000000000682
2026-09-22T11:48:26.885+02:00;2297.885660;19.945;19.931;0.013999999999999346
2026-09-22T11:48:28.681+02:00;2299.682037;19.945;19.931;0.013999999999999346
2026-09-22T11:48:30.478+02:00;2301.479415;19.945;19.934;0.010999999999999233
2026-09-22T11:48:32.277+02:00;2303.277799;19.945;19.935;0.010000000000001563
2026-09-22T11:48:34.073+02:00;2305.074107;19.945;19.939;0.006000000000000227
2026-09-22T11:48:35.871+02:00;2306.871483;19.945;19.936;0.009000000000000341
2026-09-22T11:48:37.668+02:00;2308.668840;19.946;19.937;0.009000000000000341
2026-09-22T11:48:39.465+02:00;2310.466170;19.945;19.94;0.004999999999999005
2026-09-22T11:48:41.263+02:00;2312.263566;19.945;19.935;0.010000000000001563
2026-09-22T11:48:43.060+02:00;2314.060945;19.945;19.937;0.007999999999999119
2026-09-22T11:48:44.857+02:00;2315.858366;19.945;19.937;0.007999999999999119
2026-09-22T11:48:46.655+02:00;2317.655712;19.945;19.941;0.004000000000001336
2026-09-22T11:48:48.452+02:00;2319.453061;19.945;19.941;0.004000000000001336
2026-09-22T11:48:50.249+02:00;2321.250417;19.945;19.941;0.004000000000001336
2026-09-22T11:48:52.047+02:00;2323.047784;19.945;19.939;0.006000000000000227
2026-09-22T11:48:53.844+02:00;2324.845119;19.947;19.941;0.006000000000000227
2026-09-22T11:48:55.642+02:00;2326.642507;19.948;19.941;0.0070000000000014495
2026-09-22T11:48:57.439+02:00;2328.439890;19.947;19.941;0.006000000000000227
2026-09-22T11:48:59.236+02:00;2330.237241;19.945;19.941;0.004000000000001336
2026-09-22T11:49:01.034+02:00;2332.034625;19.947;19.941;0.006000000000000227
2026-09-22T11:49:02.831+02:00;2333.832028;19.95;19.941;0.009000000000000341
2026-09-22T11:49:04.628+02:00;2335.629324;19.953;19.941;0.012000000000000455
2026-09-22T11:49:06.426+02:00;2337.426676;19.952;19.941;0.011000000000002785
2026-09-22T11:49:08.223+02:00;2339.224167;19.952;19.941;0.011000000000002785
2026-09-22T11:49:10.020+02:00;2341.021388;19.955;19.941;0.013999999999999346
2026-09-22T11:49:11.818+02:00;2342.818740;19.955;19.941;0.013999999999999346
2026-09-22T11:49:13.615+02:00;2344.616228;19.952;19.941;0.011000000000002785
2026-09-22T11:49:15.413+02:00;2346.413472;19.957;19.941;0.01600000000000179
2026-09-22T11:49:17.542+02:00;2348.542486;19.958;19.941;0.01699999999999946
2026-09-22T11:49:19.667+02:00;2350.667643;19.957;19.941;0.01600000000000179
2026-09-22T11:49:21.464+02:00;2352.465032;19.958;19.941;0.01699999999999946
2026-09-22T11:49:23.261+02:00;2354.262430;19.961;19.941;0.019999999999999574
2026-09-22T11:49:25.059+02:00;2356.059719;19.959;19.941;0.018000000000000682
2026-09-22T11:49:26.856+02:00;2357.857058;19.961;19.941;0.019999999999999574
2026-09-22T11:49:28.654+02:00;2359.654553;19.961;19.941;0.019999999999999574
2026-09-22T11:49:30.451+02:00;2361.451831;19.96;19.942;0.018000000000000682
2026-09-22T11:49:32.248+02:00;2363.249183;19.961;19.941;0.019999999999999574
2026-09-22T11:49:34.046+02:00;2365.046662;19.961;19.941;0.019999999999999574
2026-09-22T11:49:35.843+02:00;2366.843939;19.961;19.942;0.01899999999999835
2026-09-22T11:49:37.640+02:00;2368.641297;19.961;19.943;0.01799999999999713
2026-09-22T11:49:39.438+02:00;2370.438794;19.961;19.943;0.01799999999999713
2026-09-22T11:49:41.235+02:00;2372.235999;19.961;19.943;0.01799999999999713
2026-09-22T11:49:43.032+02:00;2374.033386;19.961;19.945;0.015999999999998238
2026-09-22T11:49:44.830+02:00;2375.830879;19.961;19.946;0.014999999999997016
2026-09-22T11:49:46.627+02:00;2377.628132;19.961;19.947;0.013999999999999346
2026-09-22T11:49:48.424+02:00;2379.425451;19.961;19.948;0.012999999999998124
2026-09-22T11:49:50.222+02:00;2381.223029;19.961;19.948;0.012999999999998124
2026-09-22T11:49:52.019+02:00;2383.020191;19.961;19.949;0.011999999999996902
2026-09-22T11:49:53.817+02:00;2384.817547;19.961;19.949;0.011999999999996902
2026-09-22T11:49:55.614+02:00;2386.614913;19.961;19.947;0.013999999999999346
2026-09-22T11:49:57.411+02:00;2388.412263;19.961;19.955;0.006000000000000227
2026-09-22T11:49:59.799+02:00;2390.800332;19.962;19.956;0.006000000000000227
2026-09-22T11:50:01.588+02:00;2392.588823;19.961;19.954;0.006999999999997897
2026-09-22T11:50:03.385+02:00;2394.386295;19.961;19.954;0.006999999999997897
2026-09-22T11:50:05.183+02:00;2396.183556;19.961;19.955;0.006000000000000227
2026-09-22T11:50:06.981+02:00;2397.982008;19.961;19.957;0.003999999999997783
2026-09-22T11:50:08.777+02:00;2399.778398;19.961;19.957;0.003999999999997783
2026-09-22T11:50:10.576+02:00;2401.576660;19.961;19.956;0.004999999999999005
2026-09-22T11:50:12.372+02:00;2403.373000;19.961;19.957;0.003999999999997783
2026-09-22T11:50:14.170+02:00;2405.170547;19.964;19.957;0.006999999999997897
2026-09-22T11:50:15.968+02:00;2406.968732;19.964;19.957;0.006999999999997897
2026-09-22T11:50:17.764+02:00;2408.765106;19.965;19.957;0.007999999999999119
2026-09-22T11:50:19.562+02:00;2410.562665;19.963;19.957;0.006000000000000227
2026-09-22T11:50:21.359+02:00;2412.359915;19.963;19.957;0.006000000000000227
2026-09-22T11:50:23.156+02:00;2414.157182;19.967;19.957;0.00999999999999801
2026-09-22T11:50:24.955+02:00;2415.955775;19.968;19.957;0.010999999999999233
2026-09-22T11:50:26.751+02:00;2417.751927;19.967;19.957;0.00999999999999801
2026-09-22T11:50:28.548+02:00;2419.549267;19.971;19.956;0.015000000000000568
2026-09-22T11:50:30.346+02:00;2421.346670;19.97;19.957;0.012999999999998124
2026-09-22T11:50:32.143+02:00;2423.143991;19.968;19.957;0.010999999999999233
2026-09-22T11:50:34.473+02:00;2425.474304;19.97;19.957;0.012999999999998124
2026-09-22T11:50:36.261+02:00;2427.261748;19.973;19.957;0.015999999999998238
2026-09-22T11:50:38.612+02:00;2429.612666;19.973;19.957;0.015999999999998238
2026-09-22T11:50:40.400+02:00;2431.401128;19.977;19.957;0.019999999999999574
2026-09-22T11:50:42.197+02:00;2433.197482;19.975;19.957;0.018000000000000682
2026-09-22T11:50:43.994+02:00;2434.994878;19.977;19.957;0.019999999999999574
2026-09-22T11:50:45.792+02:00;2436.793250;19.977;19.957;0.019999999999999574
2026-09-22T11:50:47.590+02:00;2438.590621;19.975;19.957;0.018000000000000682
2026-09-22T11:50:49.386+02:00;2440.386989;19.977;19.957;0.019999999999999574
2026-09-22T11:50:51.184+02:00;2442.185352;19.977;19.957;0.019999999999999574
2026-09-22T11:50:52.981+02:00;2443.981691;19.977;19.958;0.019000000000001904
2026-09-22T11:50:54.778+02:00;2445.779047;19.977;19.958;0.019000000000001904
2026-09-22T11:50:56.575+02:00;2447.576406;19.977;19.957;0.019999999999999574
2026-09-22T11:50:58.373+02:00;2449.373749;19.977;19.957;0.019999999999999574
2026-09-22T11:51:00.170+02:00;2451.171124;19.977;19.959;0.018000000000000682
2026-09-22T11:51:01.968+02:00;2452.968523;19.977;19.959;0.018000000000000682
2026-09-22T11:51:03.765+02:00;2454.765870;19.977;19.958;0.019000000000001904
2026-09-22T11:51:05.562+02:00;2456.563228;19.977;19.96;0.01699999999999946
2026-09-22T11:51:07.360+02:00;2458.360637;19.977;19.96;0.01699999999999946
2026-09-22T11:51:09.157+02:00;2460.157978;19.977;19.959;0.018000000000000682
2026-09-22T11:51:10.954+02:00;2461.955283;19.977;19.961;0.01600000000000179
2026-09-22T11:51:12.752+02:00;2463.752786;19.977;19.966;0.010999999999999233
2026-09-22T11:51:14.549+02:00;2465.549990;19.977;19.966;0.010999999999999233
2026-09-22T11:51:16.346+02:00;2467.347418;19.977;19.966;0.010999999999999233
2026-09-22T11:51:18.144+02:00;2469.144851;19.977;19.966;0.010999999999999233
2026-09-22T11:51:19.941+02:00;2470.942103;19.977;19.965;0.012000000000000455
2026-09-22T11:51:21.738+02:00;2472.739445;19.977;19.966;0.010999999999999233
2026-09-22T11:51:23.536+02:00;2474.536972;19.978;19.969;0.009000000000000341
2026-09-22T11:51:25.334+02:00;2476.335145;19.977;19.969;0.007999999999999119
2026-09-22T11:51:27.131+02:00;2478.131513;19.977;19.972;0.004999999999999005
2026-09-22T11:51:28.928+02:00;2479.928855;19.977;19.97;0.0070000000000014495
2026-09-22T11:51:30.725+02:00;2481.726258;19.979;19.972;0.006999999999997897
2026-09-22T11:51:32.524+02:00;2483.524589;19.977;19.973;0.004000000000001336
2026-09-22T11:51:34.320+02:00;2485.320969;19.977;19.973;0.004000000000001336
2026-09-22T11:51:36.117+02:00;2487.118293;19.978;19.972;0.006000000000000227
2026-09-22T11:51:37.915+02:00;2488.915683;19.978;19.973;0.005000000000002558
2026-09-22T11:51:39.712+02:00;2490.713016;19.979;19.972;0.006999999999997897
2026-09-22T11:51:41.509+02:00;2492.510417;19.978;19.973;0.005000000000002558
2026-09-22T11:51:43.307+02:00;2494.307822;19.98;19.973;0.0070000000000014495
2026-09-22T11:51:45.104+02:00;2496.105192;19.981;19.973;0.008000000000002672
2026-09-22T11:51:46.902+02:00;2497.902618;19.985;19.973;0.012000000000000455
2026-09-22T11:51:48.699+02:00;2499.699960;19.983;19.973;0.010000000000001563
2026-09-22T11:51:50.496+02:00;2501.497306;19.987;19.973;0.013999999999999346
2026-09-22T11:51:52.294+02:00;2503.294667;19.985;19.973;0.012000000000000455
2026-09-22T11:51:54.091+02:00;2505.092021;19.984;19.973;0.011000000000002785
2026-09-22T11:51:55.888+02:00;2506.889463;19.988;19.973;0.015000000000000568
2026-09-22T11:51:57.687+02:00;2508.687825;19.987;19.973;0.013999999999999346
2026-09-22T11:51:59.483+02:00;2510.484177;19.986;19.973;0.013000000000001677
2026-09-22T11:52:01.281+02:00;2512.281777;19.99;19.973;0.01699999999999946
2026-09-22T11:52:03.078+02:00;2514.078955;19.991;19.973;0.018000000000000682
2026-09-22T11:52:04.875+02:00;2515.876294;19.993;19.973;0.019999999999999574
2026-09-22T11:52:06.674+02:00;2517.674653;19.993;19.973;0.019999999999999574
2026-09-22T11:52:08.470+02:00;2519.471009;19.991;19.974;0.01699999999999946
2026-09-22T11:52:10.267+02:00;2521.268399;19.993;19.973;0.019999999999999574
2026-09-22T11:52:12.065+02:00;2523.065783;19.993;19.973;0.019999999999999574
2026-09-22T11:52:13.862+02:00;2524.863159;19.993;19.973;0.019999999999999574
2026-09-22T11:52:15.661+02:00;2526.661539;19.992;19.973;0.019000000000001904
2026-09-22T11:52:17.457+02:00;2528.458155;19.993;19.975;0.01799999999999713
2026-09-22T11:52:19.254+02:00;2530.255246;19.993;19.973;0.019999999999999574
2026-09-22T11:52:21.052+02:00;2532.052583;19.993;19.974;0.01899999999999835
2026-09-22T11:52:22.849+02:00;2533.849954;19.993;19.974;0.01899999999999835
2026-09-22T11:52:24.646+02:00;2535.647343;19.993;19.975;0.01799999999999713
2026-09-22T11:52:26.444+02:00;2537.444694;19.993;19.975;0.01799999999999713
2026-09-22T11:52:28.241+02:00;2539.242050;19.993;19.975;0.01799999999999713
2026-09-22T11:52:30.039+02:00;2541.040411;19.993;19.978;0.014999999999997016
2026-09-22T11:52:31.836+02:00;2542.836783;19.993;19.975;0.01799999999999713
2026-09-22T11:52:33.633+02:00;2544.634105;19.993;19.98;0.012999999999998124
2026-09-22T11:52:35.431+02:00;2546.431484;19.993;19.981;0.011999999999996902
2026-09-22T11:52:37.228+02:00;2548.228829;19.993;19.978;0.014999999999997016
2026-09-22T11:52:39.025+02:00;2550.026192;19.993;19.984;0.008999999999996788
2026-09-22T11:52:40.823+02:00;2551.823615;19.993;19.984;0.008999999999996788
2026-09-22T11:52:43.210+02:00;2554.211441;19.993;19.988;0.004999999999999005
2026-09-22T11:52:44.998+02:00;2555.998924;19.993;19.988;0.004999999999999005
2026-09-22T11:52:46.795+02:00;2557.796315;19.993;19.988;0.004999999999999005
2026-09-22T11:52:48.593+02:00;2559.593777;19.993;19.99;0.0030000000000001137
2026-09-22T11:52:50.391+02:00;2561.392007;19.993;19.989;0.003999999999997783
2026-09-22T11:52:52.188+02:00;2563.189368;19.994;19.989;0.004999999999999005
2026-09-22T11:52:53.985+02:00;2564.985915;19.994;19.986;0.007999999999999119
2026-09-22T11:52:55.782+02:00;2566.783068;19.993;19.99;0.0030000000000001137
2026-09-22T11:52:57.579+02:00;2568.580463;19.997;19.99;0.0070000000000014495
2026-09-22T11:52:59.377+02:00;2570.377987;19.993;19.989;0.003999999999997783
2026-09-22T11:53:01.174+02:00;2572.175236;19.995;19.99;0.005000000000002558
2026-09-22T11:53:02.972+02:00;2573.972621;19.999;19.99;0.009000000000000341
2026-09-22T11:53:04.769+02:00;2575.770105;19.996;19.99;0.006000000000000227
2026-09-22T11:53:06.566+02:00;2577.567390;19.998;19.99;0.008000000000002672
2026-09-22T11:53:08.364+02:00;2579.364727;19.999;19.99;0.009000000000000341
2026-09-22T11:53:10.161+02:00;2581.162229;20.0;19.99;0.010000000000001563
2026-09-22T11:53:11.958+02:00;2582.959445;19.999;19.99;0.009000000000000341
2026-09-22T11:53:13.756+02:00;2584.756865;20.004;19.99;0.014000000000002899
2026-09-22T11:53:15.553+02:00;2586.554327;20.002;19.99;0.012000000000000455
2026-09-22T11:53:17.351+02:00;2588.351571;20.002;19.99;0.012000000000000455
2026-09-22T11:53:19.148+02:00;2590.148948;20.006;19.99;0.01600000000000179
2026-09-22T11:53:20.946+02:00;2591.946497;20.007;19.99;0.017000000000003013
2026-09-22T11:53:22.743+02:00;2593.743671;20.006;19.99;0.01600000000000179
2026-09-22T11:53:24.540+02:00;2595.541039;20.007;19.99;0.017000000000003013
2026-09-22T11:53:26.338+02:00;2597.338570;20.007;19.99;0.017000000000003013
2026-09-22T11:53:28.135+02:00;2599.135732;20.008;19.99;0.018000000000000682
2026-09-22T11:53:29.932+02:00;2600.933112;20.009;19.99;0.019000000000001904
2026-09-22T11:53:31.730+02:00;2602.730683;20.01;19.99;0.020000000000003126
2026-09-22T11:53:33.527+02:00;2604.527870;20.01;19.99;0.020000000000003126
2026-09-22T11:53:35.324+02:00;2606.325239;20.01;19.99;0.020000000000003126
2026-09-22T11:53:37.681+02:00;2608.681478;20.01;19.991;0.019000000000001904
2026-09-22T11:53:39.468+02:00;2610.468947;20.01;19.991;0.019000000000001904
2026-09-22T11:53:41.265+02:00;2612.266299;20.01;19.992;0.018000000000000682
2026-09-22T11:53:43.063+02:00;2614.063643;20.01;19.993;0.017000000000003013
2026-09-22T11:53:44.861+02:00;2615.862023;20.01;19.991;0.019000000000001904
2026-09-22T11:53:46.658+02:00;2617.659381;20.01;19.994;0.01600000000000179
2026-09-22T11:53:48.455+02:00;2619.455769;20.01;19.993;0.017000000000003013
2026-09-22T11:53:50.252+02:00;2621.253109;20.01;19.997;0.013000000000001677
2026-09-22T11:53:52.050+02:00;2623.050519;20.01;19.995;0.015000000000000568
2026-09-22T11:53:53.847+02:00;2624.847936;20.01;19.998;0.012000000000000455
2026-09-22T11:53:55.644+02:00;2626.645196;20.01;19.999;0.011000000000002785
2026-09-22T11:53:57.442+02:00;2628.442558;20.01;19.996;0.014000000000002899
2026-09-22T11:53:59.239+02:00;2630.239979;20.01;20.0;0.010000000000001563
2026-09-22T11:54:01.036+02:00;2632.037301;20.01;20.003;0.0070000000000014495
2026-09-22T11:54:02.834+02:00;2633.834668;20.01;20.0;0.010000000000001563
2026-09-22T11:54:04.631+02:00;2635.632047;20.011;20.003;0.007999999999999119
2026-09-22T11:54:06.428+02:00;2637.429420;20.01;20.005;0.005000000000002558
2026-09-22T11:54:08.226+02:00;2639.226745;20.01;20.004;0.006000000000000227
2026-09-22T11:54:10.023+02:00;2641.024142;20.01;20.006;0.004000000000001336
2026-09-22T11:54:11.821+02:00;2642.821526;20.01;20.006;0.004000000000001336
2026-09-22T11:54:13.618+02:00;2644.618814;20.011;20.006;0.004999999999999005
2026-09-22T11:54:15.415+02:00;2646.416176;20.01;20.006;0.004000000000001336
2026-09-22T11:54:17.213+02:00;2648.213637;20.013;20.006;0.0070000000000014495
2026-09-22T11:54:19.010+02:00;2650.010880;20.014;20.006;0.007999999999999119
2026-09-22T11:54:20.807+02:00;2651.808242;20.012;20.006;0.006000000000000227
2026-09-22T11:54:23.203+02:00;2654.203757;20.016;20.006;0.00999999999999801
2026-09-22T11:54:24.990+02:00;2655.991095;20.016;20.006;0.00999999999999801
2026-09-22T11:54:26.787+02:00;2657.788450;20.015;20.006;0.009000000000000341
2026-09-22T11:54:28.585+02:00;2659.585891;20.018;20.006;0.012000000000000455
2026-09-22T11:54:30.382+02:00;2661.383163;20.02;20.006;0.013999999999999346
2026-09-22T11:54:32.180+02:00;2663.180541;20.018;20.006;0.012000000000000455
2026-09-22T11:54:33.977+02:00;2664.977989;20.017;20.006;0.010999999999999233
2026-09-22T11:54:35.774+02:00;2666.775255;20.023;20.006;0.01699999999999946
2026-09-22T11:54:37.572+02:00;2668.572623;20.022;20.006;0.015999999999998238
2026-09-22T11:54:39.369+02:00;2670.370109;20.025;20.006;0.01899999999999835
2026-09-22T11:54:41.166+02:00;2672.167315;20.022;20.006;0.015999999999998238
2026-09-22T11:54:42.964+02:00;2673.964674;20.022;20.006;0.015999999999998238
2026-09-22T11:54:44.761+02:00;2675.762210;20.024;20.006;0.018000000000000682
2026-09-22T11:54:46.558+02:00;2677.559360;20.023;20.006;0.01699999999999946
2026-09-22T11:54:48.356+02:00;2679.356746;20.025;20.006;0.01899999999999835
2026-09-22T11:54:50.153+02:00;2681.154094;20.026;20.007;0.01899999999999835
2026-09-22T11:54:51.951+02:00;2682.951494;20.025;20.006;0.01899999999999835
2026-09-22T11:54:53.748+02:00;2684.748815;20.026;20.006;0.019999999999999574
2026-09-22T11:54:55.545+02:00;2686.546150;20.026;20.006;0.019999999999999574
2026-09-22T11:54:57.343+02:00;2688.343496;20.026;20.006;0.019999999999999574
2026-09-22T11:54:59.140+02:00;2690.140862;20.026;20.006;0.019999999999999574
2026-09-22T11:55:00.937+02:00;2691.938245;20.026;20.006;0.019999999999999574
2026-09-22T11:55:02.735+02:00;2693.735607;20.026;20.007;0.01899999999999835
2026-09-22T11:55:04.532+02:00;2695.532983;20.026;20.011;0.015000000000000568
2026-09-22T11:55:06.329+02:00;2697.330294;20.026;20.008;0.018000000000000682
2026-09-22T11:55:08.127+02:00;2699.127735;20.026;20.01;0.015999999999998238
2026-09-22T11:55:09.924+02:00;2700.925025;20.026;20.01;0.015999999999998238
2026-09-22T11:55:11.721+02:00;2702.722386;20.026;20.015;0.010999999999999233
2026-09-22T11:55:13.519+02:00;2704.519815;20.026;20.012;0.013999999999999346
2026-09-22T11:55:15.316+02:00;2706.317101;20.026;20.014;0.012000000000000455
2026-09-22T11:55:17.113+02:00;2708.114453;20.026;20.014;0.012000000000000455
2026-09-22T11:55:18.911+02:00;2709.911929;20.026;20.016;0.010000000000001563
2026-09-22T11:55:20.708+02:00;2711.709233;20.026;20.019;0.0070000000000014495
2026-09-22T11:55:22.506+02:00;2713.506600;20.026;20.019;0.0070000000000014495
2026-09-22T11:55:24.303+02:00;2715.304031;20.026;20.02;0.006000000000000227
2026-09-22T11:55:26.100+02:00;2717.101316;20.026;20.02;0.006000000000000227
2026-09-22T11:55:27.898+02:00;2718.898662;20.026;20.02;0.006000000000000227
2026-09-22T11:55:29.695+02:00;2720.696154;20.026;20.021;0.004999999999999005
2026-09-22T11:55:31.492+02:00;2722.493415;20.026;20.021;0.004999999999999005
2026-09-22T11:55:33.290+02:00;2724.290809;20.026;20.021;0.004999999999999005
2026-09-22T11:55:35.087+02:00;2726.088269;20.026;20.022;0.004000000000001336
2026-09-22T11:55:36.885+02:00;2727.885592;20.026;20.021;0.004999999999999005
2026-09-22T11:55:38.682+02:00;2729.682932;20.026;20.022;0.004000000000001336
2026-09-22T11:55:40.479+02:00;2731.480384;20.028;20.022;0.006000000000000227
2026-09-22T11:55:42.278+02:00;2733.278669;20.027;20.022;0.005000000000002558
2026-09-22T11:55:44.424+02:00;2735.425199;20.03;20.022;0.008000000000002672
2026-09-22T11:55:46.222+02:00;2737.222519;20.031;20.022;0.009000000000000341
2026-09-22T11:55:48.019+02:00;2739.019945;20.036;20.022;0.014000000000002899
2026-09-22T11:55:49.816+02:00;2740.817260;20.034;20.022;0.012000000000000455
2026-09-22T11:55:51.614+02:00;2742.614622;20.034;20.022;0.012000000000000455
2026-09-22T11:55:53.411+02:00;2744.412001;20.037;20.022;0.015000000000000568
2026-09-22T11:55:55.208+02:00;2746.209343;20.037;20.022;0.015000000000000568
2026-09-22T11:55:57.006+02:00;2748.006708;20.034;20.022;0.012000000000000455
2026-09-22T11:55:59.188+02:00;2750.189083;20.04;20.022;0.018000000000000682
2026-09-22T11:56:00.985+02:00;2751.986457;20.04;20.022;0.018000000000000682
2026-09-22T11:56:02.783+02:00;2753.783837;20.04;20.022;0.018000000000000682
2026-09-22T11:56:04.580+02:00;2755.581229;20.041;20.022;0.019000000000001904
2026-09-22T11:56:06.378+02:00;2757.378632;20.041;20.022;0.019000000000001904
2026-09-22T11:56:08.175+02:00;2759.175988;20.042;20.022;0.020000000000003126
2026-09-22T11:56:09.972+02:00;2760.973385;20.041;20.022;0.019000000000001904
2026-09-22T11:56:11.770+02:00;2762.770690;20.042;20.022;0.020000000000003126
2026-09-22T11:56:13.567+02:00;2764.568071;20.042;20.022;0.020000000000003126
2026-09-22T11:56:15.364+02:00;2766.365468;20.042;20.023;0.019000000000001904
2026-09-22T11:56:17.162+02:00;2768.162813;20.042;20.022;0.020000000000003126
2026-09-22T11:56:18.959+02:00;2769.960186;20.042;20.023;0.019000000000001904
2026-09-22T11:56:20.757+02:00;2771.757542;20.042;20.022;0.020000000000003126
2026-09-22T11:56:22.555+02:00;2773.555918;20.042;20.023;0.019000000000001904
2026-09-22T11:56:24.351+02:00;2775.352301;20.042;20.023;0.019000000000001904
2026-09-22T11:56:26.149+02:00;2777.149679;20.042;20.026;0.01600000000000179
2026-09-22T11:56:27.946+02:00;2778.947044;20.042;20.026;0.01600000000000179
2026-09-22T11:56:29.743+02:00;2780.744398;20.042;20.03;0.012000000000000455
2026-09-22T11:56:31.541+02:00;2782.541781;20.042;20.027;0.015000000000000568
2026-09-22T11:56:33.338+02:00;2784.339154;20.042;20.027;0.015000000000000568
2026-09-22T11:56:35.136+02:00;2786.136520;20.042;20.03;0.012000000000000455
2026-09-22T11:56:36.933+02:00;2787.933943;20.042;20.031;0.011000000000002785
2026-09-22T11:56:38.730+02:00;2789.731272;20.042;20.03;0.012000000000000455
2026-09-22T11:56:40.528+02:00;2791.528641;20.042;20.035;0.0070000000000014495
2026-09-22T11:56:42.325+02:00;2793.325976;20.042;20.035;0.0070000000000014495
2026-09-22T11:56:44.122+02:00;2795.123390;20.042;20.034;0.008000000000002672
2026-09-22T11:56:45.920+02:00;2796.920737;20.042;20.034;0.008000000000002672
2026-09-22T11:56:47.717+02:00;2798.718128;20.042;20.034;0.008000000000002672
2026-09-22T11:56:49.515+02:00;2800.515534;20.043;20.038;0.004999999999999005
2026-09-22T11:56:51.312+02:00;2802.312914;20.042;20.036;0.006000000000000227
2026-09-22T11:56:53.109+02:00;2804.110251;20.043;20.038;0.004999999999999005
2026-09-22T11:56:54.907+02:00;2805.907590;20.043;20.038;0.004999999999999005
2026-09-22T11:56:56.704+02:00;2807.704972;20.044;20.038;0.006000000000000227
2026-09-22T11:56:58.501+02:00;2809.502314;20.044;20.038;0.006000000000000227
2026-09-22T11:57:00.299+02:00;2811.299703;20.047;20.038;0.009000000000000341
2026-09-22T11:57:02.096+02:00;2813.097087;20.044;20.038;0.006000000000000227
2026-09-22T11:57:03.894+02:00;2814.894479;20.044;20.038;0.006000000000000227
2026-09-22T11:57:05.691+02:00;2816.691834;20.048;20.037;0.010999999999999233
2026-09-22T11:57:07.489+02:00;2818.490229;20.047;20.038;0.009000000000000341
2026-09-22T11:57:09.286+02:00;2820.286589;20.047;20.038;0.009000000000000341
2026-09-22T11:57:11.083+02:00;2822.083998;20.051;20.038;0.012999999999998124
2026-09-22T11:57:12.880+02:00;2823.881364;20.052;20.038;0.013999999999999346
2026-09-22T11:57:14.678+02:00;2825.678711;20.054;20.038;0.015999999999998238
2026-09-22T11:57:16.475+02:00;2827.476144;20.053;20.038;0.015000000000000568
2026-09-22T11:57:18.804+02:00;2829.805183;20.057;20.038;0.01899999999999835
2026-09-22T11:57:20.592+02:00;2831.592657;20.058;20.038;0.019999999999999574
2026-09-22T11:57:22.389+02:00;2833.390068;20.056;20.038;0.018000000000000682
2026-09-22T11:57:24.187+02:00;2835.187558;20.058;20.038;0.019999999999999574
2026-09-22T11:57:25.984+02:00;2836.984837;20.058;20.038;0.019999999999999574
2026-09-22T11:57:27.782+02:00;2838.783200;20.058;20.038;0.019999999999999574
2026-09-22T11:57:29.579+02:00;2840.579677;20.058;20.038;0.019999999999999574
2026-09-22T11:57:31.376+02:00;2842.377003;20.058;20.038;0.019999999999999574
2026-09-22T11:57:33.173+02:00;2844.174325;20.058;20.039;0.01899999999999835
2026-09-22T11:57:34.971+02:00;2845.971762;20.058;20.039;0.01899999999999835
2026-09-22T11:57:36.768+02:00;2847.769157;20.058;20.042;0.015999999999998238
2026-09-22T11:57:38.566+02:00;2849.566538;20.058;20.041;0.01699999999999946
2026-09-22T11:57:40.364+02:00;2851.364981;20.058;20.04;0.018000000000000682
2026-09-22T11:57:42.160+02:00;2853.161315;20.058;20.041;0.01699999999999946
2026-09-22T11:57:43.958+02:00;2854.958723;20.058;20.045;0.012999999999998124
2026-09-22T11:57:45.755+02:00;2856.756064;20.058;20.04;0.018000000000000682
2026-09-22T11:57:47.552+02:00;2858.553417;20.058;20.045;0.012999999999998124
2026-09-22T11:57:49.350+02:00;2860.350852;20.058;20.043;0.015000000000000568
2026-09-22T11:57:51.148+02:00;2862.149162;20.058;20.045;0.012999999999998124
2026-09-22T11:57:52.945+02:00;2863.945560;20.058;20.044;0.013999999999999346
2026-09-22T11:57:54.742+02:00;2865.743020;20.058;20.045;0.012999999999998124
2026-09-22T11:57:56.539+02:00;2867.540308;20.058;20.048;0.010000000000001563
2026-09-22T11:57:58.337+02:00;2869.337694;20.058;20.048;0.010000000000001563
2026-09-22T11:58:00.134+02:00;2871.135092;20.058;20.047;0.010999999999999233
2026-09-22T11:58:01.931+02:00;2872.932465;20.058;20.051;0.0070000000000014495
2026-09-22T11:58:03.729+02:00;2874.729915;20.059;20.05;0.009000000000000341
2026-09-22T11:58:05.526+02:00;2876.527407;20.058;20.051;0.0070000000000014495
2026-09-22T11:58:07.324+02:00;2878.324674;20.058;20.054;0.004000000000001336
2026-09-22T11:58:09.121+02:00;2880.122055;20.058;20.053;0.004999999999999005
2026-09-22T11:58:10.919+02:00;2881.919548;20.059;20.052;0.0070000000000014495
2026-09-22T11:58:12.716+02:00;2883.716768;20.06;20.054;0.006000000000000227
2026-09-22T11:58:14.513+02:00;2885.514148;20.061;20.054;0.0070000000000014495
2026-09-22T11:58:16.311+02:00;2887.311650;20.061;20.054;0.0070000000000014495
2026-09-22T11:58:18.108+02:00;2889.108935;20.062;20.054;0.008000000000002672
2026-09-22T11:58:19.905+02:00;2890.906268;20.064;20.054;0.010000000000001563
2026-09-22T11:58:21.703+02:00;2892.703747;20.065;20.054;0.011000000000002785
2026-09-22T11:58:23.500+02:00;2894.501076;20.065;20.054;0.011000000000002785
2026-09-22T11:58:25.297+02:00;2896.298454;20.062;20.054;0.008000000000002672
2026-09-22T11:58:27.095+02:00;2898.095871;20.067;20.054;0.013000000000001677
2026-09-22T11:58:28.892+02:00;2899.893189;20.066;20.054;0.012000000000000455
2026-09-22T11:58:30.690+02:00;2901.690580;20.071;20.054;0.017000000000003013
2026-09-22T11:58:32.487+02:00;2903.487975;20.07;20.054;0.01600000000000179
2026-09-22T11:58:34.284+02:00;2905.285295;20.071;20.054;0.017000000000003013
2026-09-22T11:58:36.082+02:00;2907.082658;20.07;20.054;0.01600000000000179
2026-09-22T11:58:37.880+02:00;2908.881150;20.07;20.054;0.01600000000000179
2026-09-22T11:58:39.676+02:00;2910.677462;20.071;20.054;0.017000000000003013
2026-09-22T11:58:41.474+02:00;2912.474835;20.072;20.054;0.018000000000000682
2026-09-22T11:58:43.271+02:00;2914.272222;20.071;20.054;0.017000000000003013
2026-09-22T11:58:45.069+02:00;2916.069516;20.074;20.054;0.020000000000003126
2026-09-22T11:58:46.866+02:00;2917.866851;20.074;20.054;0.020000000000003126
2026-09-22T11:58:49.177+02:00;2920.178414;20.073;20.054;0.019000000000001904
2026-09-22T11:58:50.965+02:00;2921.965913;20.074;20.054;0.020000000000003126
2026-09-22T11:58:52.762+02:00;2923.763413;20.074;20.054;0.020000000000003126
2026-09-22T11:58:54.560+02:00;2925.560674;20.074;20.055;0.019000000000001904
2026-09-22T11:58:56.357+02:00;2927.358060;20.074;20.054;0.020000000000003126
2026-09-22T11:58:58.156+02:00;2929.156514;20.074;20.058;0.01600000000000179
2026-09-22T11:58:59.952+02:00;2930.952818;20.074;20.054;0.020000000000003126
2026-09-22T11:59:01.749+02:00;2932.750146;20.074;20.054;0.020000000000003126
2026-09-22T11:59:03.547+02:00;2934.547638;20.074;20.056;0.018000000000000682
2026-09-22T11:59:05.344+02:00;2936.344904;20.074;20.06;0.014000000000002899
2026-09-22T11:59:07.141+02:00;2938.142323;20.074;20.057;0.017000000000003013
2026-09-22T11:59:08.939+02:00;2939.939732;20.074;20.06;0.014000000000002899
2026-09-22T11:59:10.736+02:00;2941.737104;20.074;20.059;0.015000000000000568
2026-09-22T11:59:12.909+02:00;2943.909999;20.074;20.068;0.006000000000000227
2026-09-22T11:59:14.706+02:00;2945.707377;20.074;20.065;0.009000000000000341
2026-09-22T11:59:16.504+02:00;2947.504906;20.074;20.066;0.008000000000002672
2026-09-22T11:59:18.301+02:00;2949.302139;20.074;20.066;0.008000000000002672
2026-09-22T11:59:20.099+02:00;2951.099484;20.074;20.063;0.011000000000002785
2026-09-22T11:59:21.896+02:00;2952.896993;20.075;20.067;0.007999999999999119
2026-09-22T11:59:23.693+02:00;2954.694248;20.074;20.068;0.006000000000000227
2026-09-22T11:59:25.491+02:00;2956.491584;20.075;20.069;0.006000000000000227
2026-09-22T11:59:27.288+02:00;2958.289124;20.074;20.069;0.005000000000002558
2026-09-22T11:59:29.085+02:00;2960.086325;20.074;20.07;0.004000000000001336
2026-09-22T11:59:30.883+02:00;2961.883688;20.075;20.071;0.003999999999997783
2026-09-22T11:59:32.680+02:00;2963.681244;20.076;20.071;0.004999999999999005
2026-09-22T11:59:34.477+02:00;2965.478409;20.077;20.071;0.006000000000000227
2026-09-22T11:59:36.275+02:00;2967.275780;20.075;20.071;0.003999999999997783
2026-09-22T11:59:38.072+02:00;2969.073379;20.077;20.071;0.006000000000000227
2026-09-22T11:59:39.870+02:00;2970.870519;20.08;20.07;0.00999999999999801
2026-09-22T11:59:41.667+02:00;2972.667918;20.082;20.071;0.010999999999999233
2026-09-22T11:59:43.464+02:00;2974.465442;20.077;20.071;0.006000000000000227
2026-09-22T11:59:45.263+02:00;2976.263648;20.079;20.071;0.007999999999999119
2026-09-22T11:59:47.059+02:00;2978.059988;20.087;20.071;0.015999999999998238
2026-09-22T11:59:48.857+02:00;2979.857552;20.079;20.071;0.007999999999999119
2026-09-22T11:59:50.654+02:00;2981.654754;20.083;20.071;0.011999999999996902
2026-09-22T11:59:52.451+02:00;2983.452085;20.083;20.071;0.011999999999996902
2026-09-22T11:59:54.249+02:00;2985.249704;20.088;20.071;0.01699999999999946
2026-09-22T11:59:56.046+02:00;2987.046840;20.089;20.071;0.01799999999999713
2026-09-22T11:59:57.843+02:00;2988.844209;20.089;20.071;0.01799999999999713
2026-09-22T11:59:59.641+02:00;2990.641591;20.086;20.071;0.014999999999997016
2026-09-22T12:00:01.438+02:00;2992.438952;20.089;20.071;0.01799999999999713
2026-09-22T12:00:03.236+02:00;2994.237309;20.09;20.071;0.01899999999999835
2026-09-22T12:00:05.366+02:00;2996.366888;20.091;20.072;0.019000000000001904
2026-09-22T12:00:07.163+02:00;2998.164116;20.091;20.071;0.019999999999999574
2026-09-22T12:00:08.960+02:00;2999.961439;20.091;20.071;0.019999999999999574
2026-09-22T12:00:10.758+02:00;3001.758997;20.091;20.071;0.019999999999999574
2026-09-22T12:00:12.555+02:00;3003.556222;20.09;20.072;0.018000000000000682
2026-09-22T12:00:14.353+02:00;3005.353635;20.091;20.072;0.019000000000001904
2026-09-22T12:00:16.551+02:00;3007.551563;20.091;20.074;0.01699999999999946
2026-09-22T12:00:18.348+02:00;3009.348916;20.091;20.072;0.019000000000001904
2026-09-22T12:00:20.145+02:00;3011.146336;20.091;20.073;0.018000000000000682
2026-09-22T12:00:21.943+02:00;3012.943713;20.091;20.074;0.01699999999999946
2026-09-22T12:00:23.740+02:00;3014.741023;20.091;20.075;0.01600000000000179
2026-09-22T12:00:25.537+02:00;3016.538421;20.091;20.075;0.01600000000000179
2026-09-22T12:00:27.335+02:00;3018.335786;20.091;20.078;0.013000000000001677
2026-09-22T12:00:29.132+02:00;3020.133137;20.091;20.081;0.010000000000001563
2026-09-22T12:00:31.518+02:00;3022.518472;20.091;20.082;0.009000000000000341
2026-09-22T12:00:33.306+02:00;3024.306908;20.091;20.077;0.013999999999999346
2026-09-22T12:00:35.103+02:00;3026.104295;20.091;20.079;0.012000000000000455
2026-09-22T12:00:37.446+02:00;3028.446570;20.091;20.082;0.009000000000000341
2026-09-22T12:00:39.234+02:00;3030.234858;20.091;20.082;0.009000000000000341
2026-09-22T12:00:41.031+02:00;3032.032241;20.091;20.085;0.006000000000000227
2026-09-22T12:00:42.829+02:00;3033.829660;20.092;20.087;0.004999999999999005
2026-09-22T12:00:44.627+02:00;3035.628008;20.093;20.086;0.0070000000000014495
2026-09-22T12:00:46.423+02:00;3037.424379;20.091;20.086;0.005000000000002558
2026-09-22T12:00:48.221+02:00;3039.221790;20.092;20.086;0.006000000000000227
2026-09-22T12:00:50.018+02:00;3041.019106;20.093;20.087;0.006000000000000227
2026-09-22T12:00:51.815+02:00;3042.816466;20.092;20.086;0.006000000000000227
2026-09-22T12:00:53.614+02:00;3044.614942;20.093;20.087;0.006000000000000227
2026-09-22T12:00:55.410+02:00;3046.411239;20.095;20.087;0.007999999999999119
2026-09-22T12:00:57.208+02:00;3048.208621;20.096;20.087;0.009000000000000341
2026-09-22T12:00:59.006+02:00;3050.007033;20.097;20.087;0.010000000000001563
2026-09-22T12:01:00.802+02:00;3051.803405;20.093;20.087;0.006000000000000227
2026-09-22T12:01:02.600+02:00;3053.600750;20.098;20.087;0.010999999999999233
2026-09-22T12:01:04.397+02:00;3055.398113;20.099;20.087;0.012000000000000455
2026-09-22T12:01:06.195+02:00;3057.195516;20.101;20.087;0.013999999999999346
2026-09-22T12:01:07.992+02:00;3058.992841;20.099;20.087;0.012000000000000455
2026-09-22T12:01:09.789+02:00;3060.790269;20.102;20.087;0.015000000000000568
2026-09-22T12:01:11.587+02:00;3062.587676;20.099;20.087;0.012000000000000455
2026-09-22T12:01:13.385+02:00;3064.386023;20.1;20.087;0.013000000000001677
2026-09-22T12:01:15.181+02:00;3066.182422;20.104;20.087;0.01699999999999946
2026-09-22T12:01:16.979+02:00;3067.979774;20.105;20.087;0.018000000000000682
2026-09-22T12:01:18.776+02:00;3069.777220;20.106;20.087;0.019000000000001904
2026-09-22T12:01:20.574+02:00;3071.574548;20.106;20.087;0.019000000000001904
2026-09-22T12:01:22.371+02:00;3073.371977;20.106;20.087;0.019000000000001904
2026-09-22T12:01:24.168+02:00;3075.169307;20.105;20.087;0.018000000000000682
2026-09-22T12:01:25.966+02:00;3076.966694;20.107;20.087;0.019999999999999574
2026-09-22T12:01:27.764+02:00;3078.765113;20.106;20.087;0.019000000000001904
2026-09-22T12:01:29.561+02:00;3080.561738;20.107;20.089;0.018000000000000682
2026-09-22T12:01:31.358+02:00;3082.358807;20.107;20.088;0.01899999999999835
2026-09-22T12:01:33.155+02:00;3084.156170;20.107;20.087;0.019999999999999574
2026-09-22T12:01:34.953+02:00;3085.953567;20.107;20.09;0.01699999999999946
2026-09-22T12:01:36.750+02:00;3087.750935;20.107;20.089;0.018000000000000682
2026-09-22T12:01:38.547+02:00;3089.548313;20.107;20.091;0.015999999999998238
2026-09-22T12:01:40.345+02:00;3091.345877;20.107;20.09;0.01699999999999946
2026-09-22T12:01:42.142+02:00;3093.143072;20.107;20.088;0.01899999999999835
2026-09-22T12:01:43.940+02:00;3094.940502;20.107;20.091;0.015999999999998238
2026-09-22T12:01:45.737+02:00;3096.738010;20.107;20.091;0.015999999999998238
2026-09-22T12:01:47.534+02:00;3098.535188;20.107;20.094;0.012999999999998124
2026-09-22T12:01:49.332+02:00;3100.332558;20.107;20.098;0.009000000000000341
2026-09-22T12:01:51.129+02:00;3102.130081;20.107;20.095;0.012000000000000455
2026-09-22T12:01:52.926+02:00;3103.927328;20.107;20.092;0.015000000000000568
2026-09-22T12:01:54.724+02:00;3105.724660;20.107;20.1;0.006999999999997897
2026-09-22T12:01:56.521+02:00;3107.522219;20.107;20.099;0.007999999999999119
2026-09-22T12:01:58.318+02:00;3109.319444;20.107;20.102;0.004999999999999005
2026-09-22T12:02:00.116+02:00;3111.116809;20.108;20.102;0.006000000000000227
2026-09-22T12:02:01.913+02:00;3112.914334;20.107;20.102;0.004999999999999005
2026-09-22T12:02:03.712+02:00;3114.712535;20.108;20.102;0.006000000000000227
2026-09-22T12:02:05.508+02:00;3116.508971;20.107;20.102;0.004999999999999005
2026-09-22T12:02:07.305+02:00;3118.306452;20.108;20.103;0.004999999999999005
2026-09-22T12:02:09.103+02:00;3120.103689;20.11;20.103;0.006999999999997897
2026-09-22T12:02:10.900+02:00;3121.901062;20.108;20.102;0.006000000000000227
2026-09-22T12:02:12.699+02:00;3123.699542;20.109;20.103;0.006000000000000227
2026-09-22T12:02:14.495+02:00;3125.495805;20.112;20.103;0.008999999999996788
2026-09-22T12:02:16.292+02:00;3127.293163;20.112;20.103;0.008999999999996788
2026-09-22T12:02:18.090+02:00;3129.090700;20.114;20.103;0.010999999999999233
2026-09-22T12:02:19.887+02:00;3130.887890;20.112;20.103;0.008999999999996788
2026-09-22T12:02:21.685+02:00;3132.686270;20.117;20.103;0.013999999999999346
2026-09-22T12:02:23.482+02:00;3134.482747;20.116;20.103;0.012999999999998124
2026-09-22T12:02:25.279+02:00;3136.280148;20.117;20.103;0.013999999999999346
2026-09-22T12:02:27.076+02:00;3138.077428;20.117;20.103;0.013999999999999346
2026-09-22T12:02:28.874+02:00;3139.874875;20.121;20.103;0.01799999999999713
2026-09-22T12:02:30.671+02:00;3141.672126;20.121;20.103;0.01799999999999713
2026-09-22T12:02:32.469+02:00;3143.469499;20.119;20.103;0.015999999999998238
2026-09-22T12:02:34.266+02:00;3145.267117;20.12;20.103;0.01699999999999946
2026-09-22T12:02:36.564+02:00;3147.564601;20.121;20.103;0.01799999999999713
2026-09-22T12:02:38.352+02:00;3149.353076;20.122;20.103;0.01899999999999835
2026-09-22T12:02:40.149+02:00;3151.150440;20.123;20.103;0.019999999999999574
2026-09-22T12:02:41.947+02:00;3152.947831;20.123;20.103;0.019999999999999574
2026-09-22T12:02:43.745+02:00;3154.746173;20.123;20.103;0.019999999999999574
2026-09-22T12:02:45.543+02:00;3156.543547;20.123;20.103;0.019999999999999574
2026-09-22T12:02:47.861+02:00;3158.862270;20.123;20.103;0.019999999999999574
2026-09-22T12:02:49.649+02:00;3160.649677;20.123;20.105;0.018000000000000682
2026-09-22T12:02:51.446+02:00;3162.447037;20.123;20.103;0.019999999999999574
2026-09-22T12:02:53.243+02:00;3164.244422;20.123;20.104;0.019000000000001904
2026-09-22T12:02:55.041+02:00;3166.041814;20.123;20.103;0.019999999999999574
2026-09-22T12:02:56.839+02:00;3167.840206;20.123;20.104;0.019000000000001904
2026-09-22T12:02:58.636+02:00;3169.636574;20.123;20.104;0.019000000000001904
2026-09-22T12:03:00.433+02:00;3171.433955;20.123;20.108;0.015000000000000568
2026-09-22T12:03:02.231+02:00;3173.232340;20.123;20.107;0.01600000000000179
2026-09-22T12:03:04.028+02:00;3175.028676;20.123;20.109;0.013999999999999346
2026-09-22T12:03:05.825+02:00;3176.826073;20.123;20.108;0.015000000000000568
2026-09-22T12:03:07.622+02:00;3178.623395;20.123;20.11;0.013000000000001677
2026-09-22T12:03:09.421+02:00;3180.421758;20.123;20.112;0.011000000000002785
2026-09-22T12:03:11.217+02:00;3182.218128;20.123;20.112;0.011000000000002785
2026-09-22T12:03:13.015+02:00;3184.015525;20.123;20.115;0.008000000000002672
2026-09-22T12:03:14.812+02:00;3185.812973;20.123;20.116;0.0070000000000014495
2026-09-22T12:03:16.609+02:00;3187.610290;20.124;20.116;0.007999999999999119
2026-09-22T12:03:18.407+02:00;3189.407653;20.123;20.117;0.006000000000000227
2026-09-22T12:03:20.204+02:00;3191.205021;20.123;20.117;0.006000000000000227
2026-09-22T12:03:22.001+02:00;3193.002389;20.124;20.118;0.006000000000000227
2026-09-22T12:03:23.799+02:00;3194.799775;20.124;20.118;0.006000000000000227
2026-09-22T12:03:25.596+02:00;3196.597110;20.125;20.117;0.007999999999999119
2026-09-22T12:03:27.394+02:00;3198.394493;20.125;20.119;0.006000000000000227
2026-09-22T12:03:29.191+02:00;3200.191841;20.126;20.119;0.0070000000000014495
2026-09-22T12:03:30.988+02:00;3201.989216;20.129;20.119;0.010000000000001563
2026-09-22T12:03:32.786+02:00;3203.786659;20.125;20.119;0.006000000000000227
2026-09-22T12:03:34.583+02:00;3205.584057;20.124;20.118;0.006000000000000227
2026-09-22T12:03:36.380+02:00;3207.381341;20.131;20.119;0.012000000000000455
2026-09-22T12:03:38.178+02:00;3209.178722;20.128;20.119;0.009000000000000341
2026-09-22T12:03:39.975+02:00;3210.976111;20.13;20.119;0.010999999999999233
2026-09-22T12:03:41.773+02:00;3212.773490;20.13;20.119;0.010999999999999233
2026-09-22T12:03:43.570+02:00;3214.570852;20.129;20.119;0.010000000000001563
2026-09-22T12:03:45.367+02:00;3216.368234;20.134;20.119;0.015000000000000568
2026-09-22T12:03:47.165+02:00;3218.165591;20.135;20.119;0.01600000000000179
2026-09-22T12:03:48.962+02:00;3219.962962;20.135;20.119;0.01600000000000179
2026-09-22T12:03:50.759+02:00;3221.760306;20.138;20.119;0.019000000000001904
2026-09-22T12:03:52.557+02:00;3223.557658;20.133;20.119;0.013999999999999346
2026-09-22T12:03:54.354+02:00;3225.355026;20.137;20.119;0.018000000000000682
2026-09-22T12:03:56.151+02:00;3227.152415;20.137;20.119;0.018000000000000682
2026-09-22T12:03:57.949+02:00;3228.949797;20.139;20.119;0.019999999999999574
2026-09-22T12:03:59.746+02:00;3230.747164;20.139;20.119;0.019999999999999574
2026-09-22T12:04:01.544+02:00;3232.544543;20.138;20.119;0.019000000000001904
2026-09-22T12:04:03.341+02:00;3234.341925;20.139;20.119;0.019999999999999574
2026-09-22T12:04:05.138+02:00;3236.139281;20.139;20.119;0.019999999999999574
2026-09-22T12:04:06.937+02:00;3237.937659;20.139;20.119;0.019999999999999574
2026-09-22T12:04:08.733+02:00;3239.733965;20.139;20.119;0.019999999999999574
2026-09-22T12:04:10.530+02:00;3241.531351;20.139;20.119;0.019999999999999574
2026-09-22T12:04:12.328+02:00;3243.328726;20.139;20.119;0.019999999999999574
2026-09-22T12:04:14.126+02:00;3245.127090;20.139;20.121;0.018000000000000682
2026-09-22T12:04:15.924+02:00;3246.924473;20.139;20.12;0.01899999999999835
2026-09-22T12:04:17.720+02:00;3248.720914;20.139;20.122;0.01699999999999946
2026-09-22T12:04:19.517+02:00;3250.518238;20.139;20.122;0.01699999999999946
2026-09-22T12:04:21.315+02:00;3252.315635;20.139;20.122;0.01699999999999946
2026-09-22T12:04:23.112+02:00;3254.112950;20.139;20.127;0.012000000000000455
2026-09-22T12:04:24.910+02:00;3255.911337;20.139;20.125;0.013999999999999346
2026-09-22T12:04:26.707+02:00;3257.707691;20.139;20.125;0.013999999999999346
2026-09-22T12:04:28.504+02:00;3259.505060;20.139;20.131;0.007999999999999119
2026-09-22T12:04:30.302+02:00;3261.303431;20.139;20.129;0.00999999999999801
2026-09-22T12:04:32.099+02:00;3263.099804;20.139;20.131;0.007999999999999119
2026-09-22T12:04:33.896+02:00;3264.897144;20.139;20.133;0.006000000000000227
2026-09-22T12:04:36.038+02:00;3267.039060;20.139;20.135;0.003999999999997783
2026-09-22T12:04:37.836+02:00;3268.836589;20.139;20.134;0.004999999999999005
2026-09-22T12:04:39.633+02:00;3270.633722;20.139;20.133;0.006000000000000227
2026-09-22T12:04:41.430+02:00;3272.431124;20.139;20.135;0.003999999999997783
2026-09-22T12:04:43.228+02:00;3274.228658;20.139;20.135;0.003999999999997783
2026-09-22T12:04:45.025+02:00;3276.025902;20.141;20.135;0.005999999999996675
2026-09-22T12:04:46.822+02:00;3277.823256;20.14;20.134;0.006000000000000227
2026-09-22T12:04:48.620+02:00;3279.620779;20.141;20.135;0.005999999999996675
2026-09-22T12:04:50.417+02:00;3281.417968;20.142;20.135;0.006999999999997897
2026-09-22T12:04:52.214+02:00;3283.215347;20.143;20.135;0.007999999999999119
2026-09-22T12:04:54.012+02:00;3285.012911;20.142;20.135;0.006999999999997897
2026-09-22T12:04:55.809+02:00;3286.810053;20.147;20.135;0.011999999999996902
2026-09-22T12:04:57.607+02:00;3288.607473;20.147;20.135;0.011999999999996902
2026-09-22T12:04:59.953+02:00;3290.953759;20.144;20.135;0.008999999999996788
2026-09-22T12:05:01.741+02:00;3292.742232;20.148;20.135;0.012999999999998124
2026-09-22T12:05:04.091+02:00;3295.092140;20.149;20.135;0.013999999999999346
2026-09-22T12:05:05.880+02:00;3296.880596;20.155;20.135;0.019999999999999574
2026-09-22T12:05:07.677+02:00;3298.678244;20.154;20.135;0.01899999999999835
2026-09-22T12:05:09.474+02:00;3300.475377;20.151;20.135;0.015999999999998238
2026-09-22T12:05:11.272+02:00;3302.272729;20.15;20.135;0.014999999999997016
2026-09-22T12:05:13.069+02:00;3304.070298;20.154;20.135;0.01899999999999835
2026-09-22T12:05:14.866+02:00;3305.867453;20.154;20.135;0.01899999999999835
2026-09-22T12:05:16.664+02:00;3307.664866;20.155;20.135;0.019999999999999574
2026-09-22T12:05:18.461+02:00;3309.462385;20.154;20.135;0.01899999999999835
2026-09-22T12:05:20.259+02:00;3311.259604;20.155;20.135;0.019999999999999574
2026-09-22T12:05:22.056+02:00;3313.056985;20.155;20.136;0.019000000000001904
2026-09-22T12:05:23.854+02:00;3314.854494;20.155;20.136;0.019000000000001904
2026-09-22T12:05:25.651+02:00;3316.651722;20.155;20.135;0.019999999999999574
2026-09-22T12:05:27.448+02:00;3318.449101;20.155;20.135;0.019999999999999574
2026-09-22T12:05:29.246+02:00;3320.246600;20.155;20.136;0.019000000000001904
2026-09-22T12:05:31.043+02:00;3322.043853;20.155;20.135;0.019999999999999574
2026-09-22T12:05:32.840+02:00;3323.841175;20.155;20.135;0.019999999999999574
2026-09-22T12:05:34.638+02:00;3325.638728;20.155;20.138;0.01699999999999946
2026-09-22T12:05:36.435+02:00;3327.435947;20.155;20.139;0.01600000000000179
2026-09-22T12:05:38.561+02:00;3329.562106;20.155;20.138;0.01699999999999946
2026-09-22T12:05:40.359+02:00;3331.359540;20.155;20.145;0.010000000000001563
2026-09-22T12:05:42.157+02:00;3333.157927;20.155;20.146;0.009000000000000341
2026-09-22T12:05:43.953+02:00;3334.954199;20.155;20.141;0.014000000000002899
2026-09-22T12:05:45.751+02:00;3336.751565;20.155;20.148;0.0070000000000014495
2026-09-22T12:05:47.548+02:00;3338.548984;20.155;20.147;0.008000000000002672
2026-09-22T12:05:49.345+02:00;3340.346290;20.155;20.148;0.0070000000000014495
2026-09-22T12:05:51.143+02:00;3342.143664;20.155;20.151;0.004000000000001336
2026-09-22T12:05:52.940+02:00;3343.941092;20.155;20.151;0.004000000000001336
2026-09-22T12:05:54.737+02:00;3345.738418;20.155;20.151;0.004000000000001336
2026-09-22T12:05:56.535+02:00;3347.535859;20.155;20.151;0.004000000000001336
2026-09-22T12:05:58.332+02:00;3349.333207;20.156;20.151;0.004999999999999005
2026-09-22T12:06:00.131+02:00;3351.131568;20.156;20.152;0.003999999999997783
2026-09-22T12:06:01.927+02:00;3352.927868;20.157;20.152;0.004999999999999005
2026-09-22T12:06:03.724+02:00;3354.725318;20.157;20.152;0.004999999999999005
2026-09-22T12:06:05.522+02:00;3356.522535;20.156;20.151;0.004999999999999005
2026-09-22T12:06:07.319+02:00;3358.319944;20.158;20.152;0.006000000000000227
2026-09-22T12:06:09.116+02:00;3360.117438;20.158;20.152;0.006000000000000227
2026-09-22T12:06:10.914+02:00;3361.914679;20.158;20.152;0.006000000000000227
2026-09-22T12:06:12.711+02:00;3363.712008;20.161;20.152;0.009000000000000341
2026-09-22T12:06:14.509+02:00;3365.509541;20.161;20.152;0.009000000000000341
2026-09-22T12:06:16.306+02:00;3367.306714;20.164;20.152;0.012000000000000455
2026-09-22T12:06:18.103+02:00;3369.104082;20.162;20.152;0.00999999999999801
2026-09-22T12:06:19.900+02:00;3370.901426;20.165;20.152;0.012999999999998124
2026-09-22T12:06:21.698+02:00;3372.698821;20.165;20.152;0.012999999999998124
2026-09-22T12:06:23.495+02:00;3374.496146;20.167;20.152;0.015000000000000568
2026-09-22T12:06:25.293+02:00;3376.293526;20.168;20.152;0.015999999999998238
2026-09-22T12:06:27.091+02:00;3378.091905;20.171;20.152;0.01899999999999835
2026-09-22T12:06:28.887+02:00;3379.888260;20.172;20.152;0.019999999999999574
2026-09-22T12:06:30.685+02:00;3381.685585;20.17;20.152;0.018000000000000682
2026-09-22T12:06:32.482+02:00;3383.482936;20.172;20.152;0.019999999999999574
2026-09-22T12:06:34.279+02:00;3385.280298;20.17;20.152;0.018000000000000682
2026-09-22T12:06:36.077+02:00;3387.077660;20.171;20.152;0.01899999999999835
2026-09-22T12:06:37.874+02:00;3388.875051;20.172;20.152;0.019999999999999574
2026-09-22T12:06:39.671+02:00;3390.672404;20.171;20.152;0.01899999999999835
2026-09-22T12:06:41.469+02:00;3392.469778;20.172;20.152;0.019999999999999574
2026-09-22T12:06:43.266+02:00;3394.267154;20.172;20.153;0.019000000000001904
2026-09-22T12:06:45.064+02:00;3396.064529;20.172;20.152;0.019999999999999574
2026-09-22T12:06:46.861+02:00;3397.861889;20.172;20.155;0.01699999999999946
2026-09-22T12:06:48.658+02:00;3399.659245;20.172;20.153;0.019000000000001904
2026-09-22T12:06:50.456+02:00;3401.456554;20.172;20.154;0.018000000000000682
2026-09-22T12:06:52.253+02:00;3403.253951;20.172;20.153;0.019000000000001904
2026-09-22T12:06:54.050+02:00;3405.051346;20.172;20.154;0.018000000000000682
2026-09-22T12:06:55.848+02:00;3406.848684;20.172;20.155;0.01699999999999946
2026-09-22T12:06:57.645+02:00;3408.646110;20.172;20.157;0.015000000000000568
2026-09-22T12:06:59.443+02:00;3410.443499;20.172;20.158;0.013999999999999346
2026-09-22T12:07:01.240+02:00;3412.240744;20.172;20.162;0.010000000000001563
2026-09-22T12:07:03.037+02:00;3414.038112;20.172;20.16;0.012000000000000455
2026-09-22T12:07:04.835+02:00;3415.835615;20.172;20.161;0.010999999999999233
2026-09-22T12:07:06.632+02:00;3417.632844;20.172;20.165;0.0070000000000014495
2026-09-22T12:07:08.429+02:00;3419.430206;20.172;20.168;0.004000000000001336
2026-09-22T12:07:10.227+02:00;3421.227687;20.172;20.162;0.010000000000001563
2026-09-22T12:07:12.024+02:00;3423.024982;20.172;20.166;0.006000000000000227
2026-09-22T12:07:13.821+02:00;3424.822354;20.172;20.166;0.006000000000000227
2026-09-22T12:07:15.619+02:00;3426.619871;20.172;20.166;0.006000000000000227
2026-09-22T12:07:17.416+02:00;3428.417054;20.173;20.167;0.005999999999996675
2026-09-22T12:07:19.214+02:00;3430.215434;20.172;20.166;0.006000000000000227
2026-09-22T12:07:21.011+02:00;3432.011914;20.173;20.167;0.005999999999996675
2026-09-22T12:07:22.808+02:00;3433.809154;20.175;20.168;0.0070000000000014495
2026-09-22T12:07:24.606+02:00;3435.606564;20.173;20.168;0.004999999999999005
2026-09-22T12:07:26.403+02:00;3437.404048;20.174;20.168;0.006000000000000227
2026-09-22T12:07:28.201+02:00;3439.202265;20.175;20.168;0.0070000000000014495
2026-09-22T12:07:29.998+02:00;3440.998656;20.175;20.168;0.0070000000000014495
2026-09-22T12:07:31.795+02:00;3442.796138;20.173;20.168;0.004999999999999005
2026-09-22T12:07:33.592+02:00;3444.593383;20.175;20.168;0.0070000000000014495
2026-09-22T12:07:35.390+02:00;3446.390714;20.181;20.168;0.013000000000001677
2026-09-22T12:07:37.187+02:00;3448.188252;20.18;20.168;0.012000000000000455
2026-09-22T12:07:38.985+02:00;3449.985508;20.181;20.168;0.013000000000001677
2026-09-22T12:07:40.782+02:00;3451.782871;20.182;20.168;0.013999999999999346
2026-09-22T12:07:42.579+02:00;3453.580363;20.184;20.168;0.01600000000000179
2026-09-22T12:07:44.377+02:00;3455.377605;20.184;20.168;0.01600000000000179
2026-09-22T12:07:46.174+02:00;3457.174937;20.184;20.168;0.01600000000000179
2026-09-22T12:07:47.972+02:00;3458.972483;20.187;20.168;0.019000000000001904
2026-09-22T12:07:49.769+02:00;3460.769662;20.187;20.168;0.019000000000001904
2026-09-22T12:07:51.566+02:00;3462.567080;20.188;20.168;0.019999999999999574
2026-09-22T12:07:53.364+02:00;3464.364595;20.188;20.168;0.019999999999999574
2026-09-22T12:07:55.162+02:00;3466.162790;20.188;20.168;0.019999999999999574
2026-09-22T12:07:56.958+02:00;3467.959139;20.188;20.168;0.019999999999999574
2026-09-22T12:07:58.756+02:00;3469.756711;20.188;20.168;0.019999999999999574
2026-09-22T12:08:00.553+02:00;3471.553931;20.187;20.168;0.019000000000001904
2026-09-22T12:08:02.350+02:00;3473.351251;20.188;20.168;0.019999999999999574
2026-09-22T12:08:04.148+02:00;3475.148804;20.188;20.168;0.019999999999999574
2026-09-22T12:08:05.945+02:00;3476.945981;20.188;20.169;0.01899999999999835
2026-09-22T12:08:07.742+02:00;3478.743399;20.188;20.169;0.01899999999999835
2026-09-22T12:08:09.540+02:00;3480.541022;20.188;20.17;0.01799999999999713
2026-09-22T12:08:11.337+02:00;3482.338161;20.188;20.169;0.01899999999999835
2026-09-22T12:08:13.135+02:00;3484.135545;20.188;20.171;0.01699999999999946
2026-09-22T12:08:14.932+02:00;3485.933076;20.188;20.174;0.013999999999999346
2026-09-22T12:08:16.729+02:00;3487.730301;20.188;20.177;0.010999999999999233
2026-09-22T12:08:18.527+02:00;3489.527665;20.188;20.171;0.01699999999999946
2026-09-22T12:08:20.324+02:00;3491.325149;20.188;20.174;0.013999999999999346
2026-09-22T12:08:22.121+02:00;3493.122392;20.188;20.178;0.00999999999999801
2026-09-22T12:08:23.919+02:00;3494.919765;20.188;20.177;0.010999999999999233
2026-09-22T12:08:25.716+02:00;3496.717290;20.188;20.178;0.00999999999999801
2026-09-22T12:08:27.514+02:00;3498.514481;20.188;20.18;0.007999999999999119
2026-09-22T12:08:29.311+02:00;3500.311853;20.188;20.182;0.006000000000000227
2026-09-22T12:08:31.108+02:00;3502.109370;20.188;20.182;0.006000000000000227
2026-09-22T12:08:32.906+02:00;3503.906613;20.189;20.183;0.006000000000000227
2026-09-22T12:08:34.703+02:00;3505.703992;20.188;20.183;0.004999999999999005
2026-09-22T12:08:36.500+02:00;3507.501470;20.188;20.184;0.003999999999997783
2026-09-22T12:08:38.299+02:00;3509.299766;20.188;20.183;0.004999999999999005
2026-09-22T12:08:40.095+02:00;3511.096147;20.189;20.184;0.004999999999999005
2026-09-22T12:08:41.893+02:00;3512.893593;20.189;20.184;0.004999999999999005
2026-09-22T12:08:43.690+02:00;3514.690908;20.191;20.184;0.006999999999997897
2026-09-22T12:08:45.487+02:00;3516.488303;20.19;20.184;0.006000000000000227
2026-09-22T12:08:47.285+02:00;3518.285700;20.194;20.184;0.00999999999999801
2026-09-22T12:08:49.082+02:00;3520.083048;20.192;20.184;0.007999999999999119
2026-09-22T12:08:50.879+02:00;3521.880399;20.192;20.184;0.007999999999999119
2026-09-22T12:08:52.677+02:00;3523.677825;20.195;20.183;0.012000000000000455
2026-09-22T12:08:54.474+02:00;3525.475127;20.194;20.184;0.00999999999999801
2026-09-22T12:08:56.273+02:00;3527.273499;20.195;20.184;0.010999999999999233
2026-09-22T12:08:58.069+02:00;3529.069997;20.195;20.184;0.010999999999999233
2026-09-22T12:08:59.866+02:00;3530.867212;20.199;20.184;0.015000000000000568
2026-09-22T12:09:01.664+02:00;3532.664600;20.2;20.184;0.015999999999998238
2026-09-22T12:09:03.461+02:00;3534.462044;20.199;20.184;0.015000000000000568
2026-09-22T12:09:05.258+02:00;3536.259355;20.2;20.184;0.015999999999998238
2026-09-22T12:09:07.056+02:00;3538.056756;20.202;20.184;0.018000000000000682
2026-09-22T12:09:08.854+02:00;3539.855139;20.201;20.184;0.01699999999999946
2026-09-22T12:09:10.650+02:00;3541.651452;20.203;20.184;0.01899999999999835
2026-09-22T12:09:12.448+02:00;3543.448895;20.204;20.184;0.019999999999999574
2026-09-22T12:09:14.245+02:00;3545.246248;20.204;20.184;0.019999999999999574
2026-09-22T12:09:16.043+02:00;3547.043550;20.203;20.184;0.01899999999999835
2026-09-22T12:09:17.840+02:00;3548.840926;20.204;20.184;0.019999999999999574
2026-09-22T12:09:19.637+02:00;3550.638377;20.204;20.184;0.019999999999999574
2026-09-22T12:09:21.435+02:00;3552.435679;20.204;20.185;0.019000000000001904
2026-09-22T12:09:23.232+02:00;3554.233052;20.204;20.184;0.019999999999999574
2026-09-22T12:09:25.030+02:00;3556.030481;20.204;20.185;0.019000000000001904
2026-09-22T12:09:26.827+02:00;3557.827735;20.204;20.185;0.019000000000001904
2026-09-22T12:09:28.624+02:00;3559.625103;20.204;20.185;0.019000000000001904
2026-09-22T12:09:30.422+02:00;3561.422577;20.204;20.185;0.019000000000001904
2026-09-22T12:09:32.219+02:00;3563.219920;20.204;20.187;0.01699999999999946
2026-09-22T12:09:34.016+02:00;3565.017251;20.204;20.189;0.015000000000000568
2026-09-22T12:09:35.814+02:00;3566.814744;20.204;20.187;0.01699999999999946
2026-09-22T12:09:37.611+02:00;3568.612025;20.204;20.192;0.012000000000000455
2026-09-22T12:09:39.408+02:00;3570.409354;20.204;20.191;0.013000000000001677
2026-09-22T12:09:41.206+02:00;3572.206825;20.204;20.189;0.015000000000000568
2026-09-22T12:09:43.003+02:00;3574.004069;20.204;20.191;0.013000000000001677
2026-09-22T12:09:44.801+02:00;3575.801502;20.204;20.197;0.0070000000000014495
2026-09-22T12:09:46.598+02:00;3577.598935;20.204;20.19;0.013999999999999346
2026-09-22T12:09:48.395+02:00;3579.396211;20.204;20.198;0.006000000000000227
2026-09-22T12:09:50.193+02:00;3581.193591;20.204;20.199;0.004999999999999005
2026-09-22T12:09:51.990+02:00;3582.991026;20.204;20.199;0.004999999999999005
2026-09-22T12:09:53.787+02:00;3584.788380;20.205;20.199;0.005999999999996675
2026-09-22T12:09:55.585+02:00;3586.585697;20.204;20.197;0.0070000000000014495
2026-09-22T12:09:57.916+02:00;3588.917195;20.204;20.198;0.006000000000000227
2026-09-22T12:09:59.705+02:00;3590.705485;20.207;20.197;0.010000000000001563
2026-09-22T12:10:01.502+02:00;3592.502818;20.207;20.198;0.009000000000000341
2026-09-22T12:10:03.300+02:00;3594.301279;20.207;20.2;0.0070000000000014495
2026-09-22T12:10:05.097+02:00;3596.097498;20.205;20.2;0.004999999999999005
2026-09-22T12:10:06.894+02:00;3597.894943;20.208;20.2;0.007999999999999119
2026-09-22T12:10:08.691+02:00;3599.692389;20.209;20.2;0.009000000000000341
2026-09-22T12:10:10.489+02:00;3601.489683;20.206;20.2;0.006000000000000227
2026-09-22T12:10:12.287+02:00;3603.287988;20.207;20.2;0.0070000000000014495
2026-09-22T12:10:14.085+02:00;3605.085485;20.212;20.2;0.012000000000000455
2026-09-22T12:10:15.881+02:00;3606.881740;20.212;20.2;0.012000000000000455
2026-09-22T12:10:17.678+02:00;3608.679072;20.21;20.2;0.010000000000001563
2026-09-22T12:10:19.476+02:00;3610.476631;20.216;20.2;0.01600000000000179
2026-09-22T12:10:21.273+02:00;3612.273835;20.217;20.2;0.01699999999999946
2026-09-22T12:10:23.070+02:00;3614.071213;20.216;20.2;0.01600000000000179
2026-09-22T12:10:24.868+02:00;3615.868807;20.217;20.2;0.01699999999999946
2026-09-22T12:10:26.665+02:00;3617.665935;20.219;20.2;0.019000000000001904
2026-09-22T12:10:28.462+02:00;3619.463266;20.219;20.2;0.019000000000001904
2026-09-22T12:10:30.260+02:00;3621.260844;20.218;20.2;0.018000000000000682
2026-09-22T12:10:32.057+02:00;3623.057957;20.219;20.2;0.019000000000001904
2026-09-22T12:10:33.854+02:00;3624.855320;20.22;20.2;0.019999999999999574
2026-09-22T12:10:35.652+02:00;3626.652744;20.219;20.2;0.019000000000001904
2026-09-22T12:10:37.449+02:00;3628.450089;20.22;20.2;0.019999999999999574
2026-09-22T12:10:39.248+02:00;3630.248496;20.219;20.201;0.018000000000000682
2026-09-22T12:10:41.045+02:00;3632.045836;20.22;20.201;0.01899999999999835
2026-09-22T12:10:42.841+02:00;3633.842152;20.22;20.201;0.01899999999999835
2026-09-22T12:10:44.639+02:00;3635.639576;20.22;20.202;0.01799999999999713
2026-09-22T12:10:46.436+02:00;3637.436888;20.22;20.2;0.019999999999999574
2026-09-22T12:10:48.233+02:00;3639.234245;20.22;20.201;0.01899999999999835
2026-09-22T12:10:50.031+02:00;3641.031643;20.22;20.201;0.01899999999999835
2026-09-22T12:10:51.828+02:00;3642.829015;20.22;20.202;0.01799999999999713
2026-09-22T12:10:53.625+02:00;3644.626388;20.22;20.203;0.01699999999999946
2026-09-22T12:10:55.424+02:00;3646.424757;20.22;20.206;0.013999999999999346
2026-09-22T12:10:57.220+02:00;3648.221095;20.22;20.208;0.012000000000000455
2026-09-22T12:10:59.341+02:00;3650.342418;20.22;20.207;0.012999999999998124
2026-09-22T12:11:01.139+02:00;3652.139674;20.22;20.208;0.012000000000000455
2026-09-22T12:11:02.936+02:00;3653.936999;20.22;20.211;0.009000000000000341
2026-09-22T12:11:04.734+02:00;3655.734546;20.22;20.213;0.006999999999997897
2026-09-22T12:11:06.531+02:00;3657.531742;20.22;20.21;0.00999999999999801
2026-09-22T12:11:08.328+02:00;3659.329163;20.22;20.211;0.009000000000000341
2026-09-22T12:11:10.126+02:00;3661.126682;20.22;20.212;0.007999999999999119
2026-09-22T12:11:11.923+02:00;3662.923952;20.22;20.213;0.006999999999997897
2026-09-22T12:11:14.105+02:00;3665.106225;20.221;20.215;0.006000000000000227
2026-09-22T12:11:15.904+02:00;3666.904788;20.221;20.215;0.006000000000000227
2026-09-22T12:11:17.700+02:00;3668.700968;20.22;20.216;0.003999999999997783
2026-09-22T12:11:19.497+02:00;3670.498317;20.222;20.215;0.0070000000000014495
2026-09-22T12:11:21.295+02:00;3672.295656;20.22;20.216;0.003999999999997783
2026-09-22T12:11:23.092+02:00;3674.092999;20.223;20.216;0.006999999999997897
2026-09-22T12:11:24.889+02:00;3675.890357;20.22;20.216;0.003999999999997783
2026-09-22T12:11:26.687+02:00;3677.687713;20.224;20.216;0.007999999999999119
2026-09-22T12:11:28.485+02:00;3679.486123;20.223;20.216;0.006999999999997897
2026-09-22T12:11:30.281+02:00;3681.282413;20.223;20.216;0.006999999999997897
2026-09-22T12:11:32.079+02:00;3683.079818;20.226;20.216;0.00999999999999801
2026-09-22T12:11:33.876+02:00;3684.877154;20.229;20.216;0.012999999999998124
2026-09-22T12:11:35.674+02:00;3686.674510;20.229;20.216;0.012999999999998124
2026-09-22T12:11:37.472+02:00;3688.472851;20.227;20.216;0.010999999999999233
2026-09-22T12:11:39.268+02:00;3690.269283;20.23;20.216;0.013999999999999346
2026-09-22T12:11:41.599+02:00;3692.600300;20.233;20.216;0.01699999999999946
2026-09-22T12:11:43.388+02:00;3694.388667;20.235;20.216;0.01899999999999835
2026-09-22T12:11:45.185+02:00;3696.186037;20.234;20.216;0.018000000000000682
2026-09-22T12:11:46.982+02:00;3697.983437;20.234;20.216;0.018000000000000682
2026-09-22T12:11:48.780+02:00;3699.780781;20.235;20.216;0.01899999999999835
2026-09-22T12:11:50.577+02:00;3701.578115;20.235;20.216;0.01899999999999835
2026-09-22T12:11:52.375+02:00;3703.375529;20.235;20.216;0.01899999999999835
2026-09-22T12:11:54.172+02:00;3705.172824;20.235;20.216;0.01899999999999835
2026-09-22T12:11:55.969+02:00;3706.970206;20.236;20.216;0.019999999999999574
2026-09-22T12:11:57.767+02:00;3708.767675;20.236;20.216;0.019999999999999574
2026-09-22T12:11:59.564+02:00;3710.565004;20.236;20.216;0.019999999999999574
2026-09-22T12:12:01.361+02:00;3712.362358;20.236;20.216;0.019999999999999574
2026-09-22T12:12:03.160+02:00;3714.160758;20.236;20.216;0.019999999999999574
2026-09-22T12:12:04.956+02:00;3715.956981;20.236;20.217;0.019000000000001904
2026-09-22T12:12:06.753+02:00;3717.754365;20.236;20.217;0.019000000000001904
2026-09-22T12:12:08.551+02:00;3719.551905;20.236;20.217;0.019000000000001904
2026-09-22T12:12:10.348+02:00;3721.349080;20.236;20.216;0.019999999999999574
2026-09-22T12:12:12.145+02:00;3723.146466;20.236;20.216;0.019999999999999574
2026-09-22T12:12:13.943+02:00;3724.944005;20.236;20.223;0.013000000000001677
2026-09-22T12:12:15.740+02:00;3726.741166;20.236;20.223;0.013000000000001677
2026-09-22T12:12:17.538+02:00;3728.538550;20.236;20.225;0.010999999999999233
2026-09-22T12:12:19.335+02:00;3730.336085;20.236;20.222;0.013999999999999346
2026-09-22T12:12:21.132+02:00;3732.133310;20.236;20.223;0.013000000000001677
2026-09-22T12:12:22.930+02:00;3733.930638;20.236;20.228;0.007999999999999119
2026-09-22T12:12:24.727+02:00;3735.728207;20.236;20.229;0.0070000000000014495
2026-09-22T12:12:26.524+02:00;3737.525379;20.236;20.227;0.009000000000000341
2026-09-22T12:12:28.322+02:00;3739.322737;20.236;20.231;0.004999999999999005
2026-09-22T12:12:30.119+02:00;3741.120330;20.236;20.23;0.006000000000000227
2026-09-22T12:12:31.917+02:00;3742.917502;20.236;20.23;0.006000000000000227
2026-09-22T12:12:33.714+02:00;3744.714897;20.236;20.232;0.004000000000001336
2026-09-22T12:12:35.511+02:00;3746.512433;20.236;20.233;0.0030000000000001137
2026-09-22T12:12:37.309+02:00;3748.309586;20.236;20.231;0.004999999999999005
2026-09-22T12:12:39.106+02:00;3750.106949;20.236;20.232;0.004000000000001336
2026-09-22T12:12:41.775+02:00;3752.775540;20.237;20.233;0.003999999999997783
2026-09-22T12:12:43.562+02:00;3754.562926;20.238;20.232;0.006000000000000227
2026-09-22T12:12:45.359+02:00;3756.360279;20.238;20.233;0.004999999999999005
2026-09-22T12:12:47.157+02:00;3758.157663;20.239;20.233;0.006000000000000227
2026-09-22T12:12:48.954+02:00;3759.954991;20.24;20.233;0.006999999999997897
2026-09-22T12:12:50.752+02:00;3761.753341;20.238;20.233;0.004999999999999005
2026-09-22T12:12:52.549+02:00;3763.549775;20.244;20.233;0.010999999999999233
2026-09-22T12:12:54.346+02:00;3765.346977;20.244;20.233;0.010999999999999233
2026-09-22T12:12:56.143+02:00;3767.144332;20.244;20.233;0.010999999999999233
2026-09-22T12:12:57.941+02:00;3768.941658;20.249;20.233;0.015999999999998238
2026-09-22T12:12:59.738+02:00;3770.739006;20.247;20.233;0.013999999999999346
2026-09-22T12:13:01.535+02:00;3772.536323;20.248;20.233;0.015000000000000568
2026-09-22T12:13:03.333+02:00;3774.333685;20.246;20.233;0.012999999999998124
2026-09-22T12:13:05.130+02:00;3776.131071;20.249;20.233;0.015999999999998238
2026-09-22T12:13:06.928+02:00;3777.929424;20.249;20.233;0.015999999999998238
2026-09-22T12:13:08.725+02:00;3779.725801;20.253;20.233;0.019999999999999574
2026-09-22T12:13:10.522+02:00;3781.523142;20.252;20.233;0.01899999999999835
2026-09-22T12:13:12.320+02:00;3783.320503;20.253;20.233;0.019999999999999574
2026-09-22T12:13:14.117+02:00;3785.117848;20.252;20.233;0.01899999999999835
2026-09-22T12:13:15.914+02:00;3786.915284;20.253;20.233;0.019999999999999574
2026-09-22T12:13:18.033+02:00;3789.033951;20.252;20.233;0.01899999999999835
2026-09-22T12:13:19.830+02:00;3790.831343;20.253;20.233;0.019999999999999574
2026-09-22T12:13:21.628+02:00;3792.628726;20.253;20.234;0.01899999999999835
2026-09-22T12:13:23.425+02:00;3794.426116;20.253;20.235;0.018000000000000682
2026-09-22T12:13:25.222+02:00;3796.223452;20.253;20.233;0.019999999999999574
2026-09-22T12:13:27.020+02:00;3798.020839;20.253;20.235;0.018000000000000682
2026-09-22T12:13:28.817+02:00;3799.818227;20.253;20.235;0.018000000000000682
2026-09-22T12:13:30.615+02:00;3801.615583;20.253;20.235;0.018000000000000682
2026-09-22T12:13:32.412+02:00;3803.412940;20.253;20.236;0.01699999999999946
2026-09-22T12:13:34.209+02:00;3805.210283;20.253;20.238;0.015000000000000568
2026-09-22T12:13:36.007+02:00;3807.007676;20.253;20.237;0.01600000000000179
2026-09-22T12:13:37.804+02:00;3808.805055;20.253;20.24;0.013000000000001677
2026-09-22T12:13:39.601+02:00;3810.602391;20.253;20.238;0.015000000000000568
2026-09-22T12:13:41.399+02:00;3812.399786;20.253;20.24;0.013000000000001677
2026-09-22T12:13:43.196+02:00;3814.197138;20.253;20.244;0.009000000000000341
2026-09-22T12:13:44.994+02:00;3815.994536;20.253;20.243;0.010000000000001563
2026-09-22T12:13:46.791+02:00;3817.791915;20.253;20.246;0.0070000000000014495
2026-09-22T12:13:48.588+02:00;3819.589229;20.253;20.247;0.006000000000000227
2026-09-22T12:13:50.386+02:00;3821.386591;20.254;20.245;0.009000000000000341
2026-09-22T12:13:52.184+02:00;3823.185002;20.253;20.248;0.004999999999999005
2026-09-22T12:13:53.980+02:00;3824.981373;20.253;20.246;0.0070000000000014495
2026-09-22T12:13:55.778+02:00;3826.778743;20.253;20.247;0.006000000000000227
2026-09-22T12:13:57.575+02:00;3828.576109;20.253;20.249;0.004000000000001336
2026-09-22T12:13:59.373+02:00;3830.373484;20.253;20.248;0.004999999999999005
2026-09-22T12:14:01.170+02:00;3832.170809;20.256;20.247;0.009000000000000341
2026-09-22T12:14:03.535+02:00;3834.536348;20.254;20.249;0.005000000000002558
2026-09-22T12:14:05.323+02:00;3836.323808;20.255;20.249;0.006000000000000227
2026-09-22T12:14:07.120+02:00;3838.121320;20.259;20.249;0.010000000000001563
2026-09-22T12:14:08.918+02:00;3839.918555;20.258;20.249;0.009000000000000341
2026-09-22T12:14:10.715+02:00;3841.715946;20.259;20.249;0.010000000000001563
2026-09-22T12:14:12.513+02:00;3843.514439;20.261;20.249;0.012000000000000455
2026-09-22T12:14:14.310+02:00;3845.310666;20.261;20.249;0.012000000000000455
2026-09-22T12:14:16.622+02:00;3847.622566;20.259;20.249;0.010000000000001563
2026-09-22T12:14:18.767+02:00;3849.767569;20.266;20.249;0.01699999999999946
2026-09-22T12:14:20.564+02:00;3851.564795;20.263;20.249;0.014000000000002899
2026-09-22T12:14:22.361+02:00;3853.362175;20.267;20.249;0.018000000000000682
2026-09-22T12:14:24.159+02:00;3855.159654;20.267;20.249;0.018000000000000682
2026-09-22T12:14:25.956+02:00;3856.956893;20.268;20.249;0.019000000000001904
2026-09-22T12:14:27.753+02:00;3858.754378;20.267;20.249;0.018000000000000682
2026-09-22T12:14:29.551+02:00;3860.551773;20.269;20.249;0.019999999999999574
2026-09-22T12:14:31.348+02:00;3862.349119;20.268;20.249;0.019000000000001904
2026-09-22T12:14:33.145+02:00;3864.146433;20.267;20.249;0.018000000000000682
2026-09-22T12:14:34.943+02:00;3865.943913;20.269;20.25;0.01899999999999835
2026-09-22T12:14:36.740+02:00;3867.741198;20.269;20.249;0.019999999999999574
2026-09-22T12:14:38.538+02:00;3869.538528;20.269;20.249;0.019999999999999574
2026-09-22T12:14:40.335+02:00;3871.336000;20.269;20.25;0.01899999999999835
2026-09-22T12:14:42.132+02:00;3873.133279;20.269;20.251;0.01799999999999713
2026-09-22T12:14:43.930+02:00;3874.930611;20.269;20.25;0.01899999999999835
2026-09-22T12:14:45.727+02:00;3876.728104;20.269;20.25;0.01899999999999835
2026-09-22T12:14:47.524+02:00;3878.525398;20.269;20.249;0.019999999999999574
2026-09-22T12:14:49.322+02:00;3880.322707;20.269;20.251;0.01799999999999713
2026-09-22T12:14:51.119+02:00;3882.120225;20.269;20.249;0.019999999999999574
2026-09-22T12:14:52.916+02:00;3883.917448;20.269;20.251;0.01799999999999713
2026-09-22T12:14:54.714+02:00;3885.714824;20.269;20.251;0.01799999999999713
2026-09-22T12:14:56.511+02:00;3887.512346;20.269;20.255;0.013999999999999346
2026-09-22T12:14:58.309+02:00;3889.309514;20.269;20.256;0.012999999999998124
2026-09-22T12:15:00.106+02:00;3891.106918;20.269;20.255;0.013999999999999346
2026-09-22T12:15:01.904+02:00;3892.905454;20.269;20.259;0.00999999999999801
2026-09-22T12:15:03.702+02:00;3894.702662;20.269;20.258;0.010999999999999233
2026-09-22T12:15:05.498+02:00;3896.499034;20.269;20.261;0.007999999999999119
2026-09-22T12:15:07.296+02:00;3898.296546;20.269;20.262;0.006999999999997897
2026-09-22T12:15:09.093+02:00;3900.093745;20.269;20.261;0.007999999999999119
2026-09-22T12:15:10.891+02:00;3901.892162;20.27;20.262;0.007999999999999119
2026-09-22T12:15:13.217+02:00;3904.217677;20.269;20.264;0.004999999999999005
2026-09-22T12:15:15.004+02:00;3906.005197;20.269;20.265;0.003999999999997783
2026-09-22T12:15:16.802+02:00;3907.802537;20.269;20.264;0.004999999999999005
2026-09-22T12:15:18.599+02:00;3909.599886;20.27;20.264;0.006000000000000227
2026-09-22T12:15:20.396+02:00;3911.397315;20.271;20.265;0.006000000000000227
2026-09-22T12:15:22.195+02:00;3913.195657;20.271;20.263;0.007999999999999119
2026-09-22T12:15:23.991+02:00;3914.992062;20.27;20.265;0.004999999999999005
2026-09-22T12:15:25.788+02:00;3916.789355;20.273;20.265;0.007999999999999119
2026-09-22T12:15:27.586+02:00;3918.586756;20.271;20.265;0.006000000000000227
2026-09-22T12:15:29.383+02:00;3920.384089;20.274;20.265;0.009000000000000341
2026-09-22T12:15:31.181+02:00;3922.181497;20.275;20.264;0.010999999999999233
2026-09-22T12:15:32.978+02:00;3923.979114;20.274;20.265;0.009000000000000341
2026-09-22T12:15:34.775+02:00;3925.776292;20.274;20.265;0.009000000000000341
2026-09-22T12:15:36.573+02:00;3927.573662;20.278;20.265;0.012999999999998124
2026-09-22T12:15:38.370+02:00;3929.371190;20.279;20.265;0.013999999999999346
2026-09-22T12:15:40.167+02:00;3931.168365;20.281;20.265;0.015999999999998238
2026-09-22T12:15:41.965+02:00;3932.965735;20.28;20.265;0.015000000000000568
2026-09-22T12:15:43.763+02:00;3934.764094;20.281;20.265;0.015999999999998238
2026-09-22T12:15:45.559+02:00;3936.560460;20.283;20.265;0.018000000000000682
2026-09-22T12:15:47.358+02:00;3938.358844;20.284;20.265;0.01899999999999835
2026-09-22T12:15:49.154+02:00;3940.155208;20.284;20.265;0.01899999999999835
2026-09-22T12:15:50.952+02:00;3941.952616;20.283;20.265;0.018000000000000682
2026-09-22T12:15:52.749+02:00;3943.750016;20.285;20.265;0.019999999999999574
2026-09-22T12:15:54.547+02:00;3945.547522;20.285;20.265;0.019999999999999574
2026-09-22T12:15:56.344+02:00;3947.344712;20.285;20.265;0.019999999999999574
2026-09-22T12:15:58.141+02:00;3949.142096;20.284;20.265;0.01899999999999835
2026-09-22T12:15:59.939+02:00;3950.939654;20.285;20.265;0.019999999999999574
2026-09-22T12:16:01.736+02:00;3952.736849;20.285;20.266;0.019000000000001904
2026-09-22T12:16:03.533+02:00;3954.534217;20.285;20.265;0.019999999999999574
2026-09-22T12:16:05.331+02:00;3956.331770;20.285;20.266;0.019000000000001904
2026-09-22T12:16:07.128+02:00;3958.128996;20.285;20.267;0.018000000000000682
2026-09-22T12:16:08.925+02:00;3959.926332;20.285;20.267;0.018000000000000682
2026-09-22T12:16:10.723+02:00;3961.723880;20.285;20.267;0.018000000000000682
2026-09-22T12:16:12.520+02:00;3963.521008;20.285;20.267;0.018000000000000682
2026-09-22T12:16:14.317+02:00;3965.318399;20.285;20.269;0.01600000000000179
2026-09-22T12:16:16.115+02:00;3967.115815;20.285;20.268;0.01699999999999946
2026-09-22T12:16:17.912+02:00;3968.913144;20.285;20.274;0.010999999999999233
2026-09-22T12:16:19.710+02:00;3970.710568;20.285;20.273;0.012000000000000455
2026-09-22T12:16:21.507+02:00;3972.507924;20.285;20.275;0.010000000000001563
2026-09-22T12:16:23.304+02:00;3974.305226;20.285;20.277;0.007999999999999119
2026-09-22T12:16:25.102+02:00;3976.102634;20.285;20.277;0.007999999999999119
2026-09-22T12:16:26.899+02:00;3977.900044;20.285;20.277;0.007999999999999119
2026-09-22T12:16:28.696+02:00;3979.697348;20.285;20.277;0.007999999999999119
2026-09-22T12:16:30.494+02:00;3981.494716;20.286;20.279;0.0070000000000014495
2026-09-22T12:16:32.292+02:00;3983.293108;20.285;20.277;0.007999999999999119
2026-09-22T12:16:34.642+02:00;3985.643101;20.286;20.28;0.006000000000000227
2026-09-22T12:16:36.430+02:00;3987.430578;20.285;20.279;0.006000000000000227
2026-09-22T12:16:38.228+02:00;3989.228970;20.285;20.281;0.004000000000001336
2026-09-22T12:16:40.025+02:00;3991.025491;20.287;20.279;0.007999999999999119
2026-09-22T12:16:41.822+02:00;3992.822668;20.287;20.281;0.006000000000000227
2026-09-22T12:16:43.620+02:00;3994.621040;20.289;20.281;0.008000000000002672
2026-09-22T12:16:45.417+02:00;3996.417614;20.29;20.281;0.009000000000000341
2026-09-22T12:16:47.214+02:00;3998.214823;20.287;20.281;0.006000000000000227
2026-09-22T12:16:49.011+02:00;4000.012180;20.287;20.281;0.006000000000000227
2026-09-22T12:16:50.809+02:00;4001.809713;20.288;20.281;0.0070000000000014495
2026-09-22T12:16:52.606+02:00;4003.606947;20.289;20.281;0.008000000000002672
2026-09-22T12:16:54.403+02:00;4005.404311;20.293;20.281;0.012000000000000455
2026-09-22T12:16:56.201+02:00;4007.201847;20.292;20.281;0.011000000000002785
2026-09-22T12:16:57.998+02:00;4008.999013;20.295;20.281;0.014000000000002899
2026-09-22T12:16:59.795+02:00;4010.796357;20.294;20.281;0.013000000000001677
2026-09-22T12:17:01.593+02:00;4012.593702;20.297;20.281;0.01600000000000179
2026-09-22T12:17:03.390+02:00;4014.391105;20.295;20.281;0.014000000000002899
2026-09-22T12:17:05.187+02:00;4016.188438;20.296;20.281;0.015000000000000568
2026-09-22T12:17:06.985+02:00;4017.985872;20.298;20.281;0.01699999999999946
2026-09-22T12:17:08.782+02:00;4019.783205;20.299;20.281;0.018000000000000682
2026-09-22T12:17:10.580+02:00;4021.580553;20.3;20.281;0.019000000000001904
2026-09-22T12:17:12.377+02:00;4023.377964;20.301;20.281;0.019999999999999574
2026-09-22T12:17:14.174+02:00;4025.175300;20.3;20.281;0.019000000000001904
2026-09-22T12:17:15.972+02:00;4026.972657;20.3;20.281;0.019000000000001904
2026-09-22T12:17:17.769+02:00;4028.770057;20.301;20.281;0.019999999999999574
2026-09-22T12:17:19.566+02:00;4030.567457;20.3;20.281;0.019000000000001904
2026-09-22T12:17:21.364+02:00;4032.364829;20.301;20.281;0.019999999999999574
2026-09-22T12:17:23.161+02:00;4034.162397;20.301;20.282;0.01899999999999835
2026-09-22T12:17:24.959+02:00;4035.959626;20.301;20.281;0.019999999999999574
2026-09-22T12:17:26.756+02:00;4037.756943;20.301;20.282;0.01899999999999835
2026-09-22T12:17:28.554+02:00;4039.554509;20.301;20.282;0.01899999999999835
2026-09-22T12:17:30.351+02:00;4041.351688;20.301;20.281;0.019999999999999574
2026-09-22T12:17:32.148+02:00;4043.149055;20.301;20.287;0.013999999999999346
2026-09-22T12:17:33.946+02:00;4044.946614;20.301;20.282;0.01899999999999835
2026-09-22T12:17:35.743+02:00;4046.743788;20.301;20.289;0.011999999999996902
2026-09-22T12:17:37.540+02:00;4048.541156;20.301;20.287;0.013999999999999346
2026-09-22T12:17:39.338+02:00;4050.338722;20.301;20.288;0.012999999999998124
2026-09-22T12:17:41.135+02:00;4052.135889;20.301;20.288;0.012999999999998124
2026-09-22T12:17:42.932+02:00;4053.933311;20.301;20.293;0.007999999999999119
2026-09-22T12:17:44.730+02:00;4055.730833;20.301;20.293;0.007999999999999119
2026-09-22T12:17:46.527+02:00;4057.528038;20.301;20.29;0.010999999999999233
2026-09-22T12:17:48.324+02:00;4059.325397;20.301;20.291;0.00999999999999801
2026-09-22T12:17:50.122+02:00;4061.122934;20.301;20.297;0.003999999999997783
2026-09-22T12:17:51.919+02:00;4062.920100;20.301;20.296;0.004999999999999005
2026-09-22T12:17:53.718+02:00;4064.718524;20.302;20.294;0.007999999999999119
2026-09-22T12:17:55.514+02:00;4066.515074;20.301;20.297;0.003999999999997783
2026-09-22T12:17:57.311+02:00;4068.312197;20.301;20.295;0.005999999999996675
2026-09-22T12:17:59.109+02:00;4070.109598;20.302;20.296;0.006000000000000227
2026-09-22T12:18:00.906+02:00;4071.906937;20.302;20.297;0.004999999999999005
2026-09-22T12:18:02.704+02:00;4073.705331;20.305;20.295;0.00999999999999801
2026-09-22T12:18:04.501+02:00;4075.501690;20.301;20.297;0.003999999999997783
2026-09-22T12:18:06.298+02:00;4077.299047;20.303;20.296;0.0070000000000014495
2026-09-22T12:18:08.095+02:00;4079.096395;20.307;20.296;0.010999999999999233
2026-09-22T12:18:09.893+02:00;4080.893756;20.304;20.296;0.007999999999999119
2026-09-22T12:18:11.691+02:00;4082.692115;20.306;20.297;0.009000000000000341
2026-09-22T12:18:13.489+02:00;4084.489494;20.305;20.297;0.007999999999999119
2026-09-22T12:18:15.285+02:00;4086.285837;20.305;20.297;0.007999999999999119
2026-09-22T12:18:17.653+02:00;4088.654181;20.309;20.297;0.012000000000000455
2026-09-22T12:18:19.442+02:00;4090.442615;20.311;20.297;0.013999999999999346
2026-09-22T12:18:21.239+02:00;4092.239990;20.31;20.297;0.012999999999998124
2026-09-22T12:18:23.036+02:00;4094.037407;20.312;20.297;0.015000000000000568
2026-09-22T12:18:24.834+02:00;4095.834817;20.316;20.297;0.01899999999999835
2026-09-22T12:18:26.631+02:00;4097.632175;20.313;20.297;0.015999999999998238
2026-09-22T12:18:28.429+02:00;4099.429501;20.315;20.297;0.018000000000000682
2026-09-22T12:18:30.226+02:00;4101.226891;20.317;20.297;0.019999999999999574
2026-09-22T12:18:32.023+02:00;4103.024240;20.315;20.297;0.018000000000000682
2026-09-22T12:18:33.821+02:00;4104.821603;20.317;20.297;0.019999999999999574
2026-09-22T12:18:35.618+02:00;4106.619005;20.316;20.297;0.01899999999999835
2026-09-22T12:18:37.415+02:00;4108.416392;20.317;20.297;0.019999999999999574
2026-09-22T12:18:39.213+02:00;4110.213721;20.317;20.298;0.019000000000001904
2026-09-22T12:18:41.010+02:00;4112.011117;20.317;20.297;0.019999999999999574
2026-09-22T12:18:42.808+02:00;4113.808493;20.317;20.297;0.019999999999999574
2026-09-22T12:18:44.605+02:00;4115.605853;20.317;20.298;0.019000000000001904
2026-09-22T12:18:46.402+02:00;4117.403226;20.317;20.298;0.019000000000001904
2026-09-22T12:18:48.200+02:00;4119.200615;20.317;20.299;0.018000000000000682
2026-09-22T12:18:49.997+02:00;4120.997933;20.317;20.298;0.019000000000001904
2026-09-22T12:18:51.794+02:00;4122.795321;20.317;20.301;0.01600000000000179
2026-09-22T12:18:53.592+02:00;4124.592670;20.317;20.301;0.01600000000000179
2026-09-22T12:18:55.389+02:00;4126.390094;20.317;20.302;0.015000000000000568
2026-09-22T12:18:57.186+02:00;4128.187436;20.317;20.301;0.01600000000000179
2026-09-22T12:18:58.984+02:00;4129.984813;20.317;20.306;0.010999999999999233
2026-09-22T12:19:00.782+02:00;4131.783173;20.317;20.305;0.012000000000000455
2026-09-22T12:19:02.579+02:00;4133.579534;20.317;20.305;0.012000000000000455
2026-09-22T12:19:04.376+02:00;4135.376977;20.317;20.307;0.010000000000001563
2026-09-22T12:19:06.173+02:00;4137.174298;20.317;20.306;0.010999999999999233
2026-09-22T12:19:07.971+02:00;4138.971724;20.317;20.308;0.009000000000000341
2026-09-22T12:19:09.769+02:00;4140.770108;20.317;20.312;0.004999999999999005
2026-09-22T12:19:11.565+02:00;4142.565632;20.317;20.309;0.007999999999999119
2026-09-22T12:19:13.914+02:00;4144.914766;20.317;20.309;0.007999999999999119
2026-09-22T12:19:15.701+02:00;4146.702218;20.317;20.309;0.007999999999999119
2026-09-22T12:19:17.499+02:00;4148.499756;20.317;20.313;0.004000000000001336
2026-09-22T12:19:19.296+02:00;4150.296971;20.318;20.314;0.004000000000001336
2026-09-22T12:19:21.093+02:00;4152.094343;20.317;20.314;0.0030000000000001137
2026-09-22T12:19:22.892+02:00;4153.892887;20.318;20.314;0.004000000000001336
2026-09-22T12:19:24.688+02:00;4155.689115;20.319;20.314;0.004999999999999005
2026-09-22T12:19:26.486+02:00;4157.486507;20.323;20.313;0.010000000000001563
2026-09-22T12:19:28.284+02:00;4159.284990;20.323;20.314;0.009000000000000341
2026-09-22T12:19:30.080+02:00;4161.081220;20.325;20.314;0.010999999999999233
2026-09-22T12:19:31.878+02:00;4162.878547;20.323;20.314;0.009000000000000341
2026-09-22T12:19:33.675+02:00;4164.676059;20.324;20.314;0.010000000000001563
2026-09-22T12:19:35.472+02:00;4166.473290;20.326;20.314;0.012000000000000455
2026-09-22T12:19:37.270+02:00;4168.270686;20.325;20.314;0.010999999999999233
2026-09-22T12:19:39.067+02:00;4170.068197;20.328;20.314;0.013999999999999346
2026-09-22T12:19:40.864+02:00;4171.865408;20.326;20.314;0.012000000000000455
2026-09-22T12:19:42.662+02:00;4173.662798;20.33;20.314;0.015999999999998238
2026-09-22T12:19:44.459+02:00;4175.460331;20.329;20.314;0.015000000000000568
2026-09-22T12:19:46.257+02:00;4177.257530;20.332;20.314;0.018000000000000682
2026-09-22T12:19:48.054+02:00;4179.054857;20.326;20.314;0.012000000000000455
2026-09-22T12:19:49.851+02:00;4180.852218;20.332;20.314;0.018000000000000682
2026-09-22T12:19:51.649+02:00;4182.649578;20.333;20.314;0.01899999999999835
2026-09-22T12:19:53.446+02:00;4184.447010;20.334;20.314;0.019999999999999574
2026-09-22T12:19:55.243+02:00;4186.244337;20.334;20.314;0.019999999999999574
2026-09-22T12:19:57.041+02:00;4188.041720;20.332;20.314;0.018000000000000682
2026-09-22T12:19:58.838+02:00;4189.839132;20.333;20.314;0.01899999999999835
2026-09-22T12:20:00.635+02:00;4191.636458;20.334;20.315;0.01899999999999835
2026-09-22T12:20:02.433+02:00;4193.433896;20.334;20.314;0.019999999999999574
2026-09-22T12:20:04.230+02:00;4195.231193;20.334;20.315;0.01899999999999835
2026-09-22T12:20:06.028+02:00;4197.028747;20.334;20.314;0.019999999999999574
2026-09-22T12:20:07.826+02:00;4198.826958;20.334;20.314;0.019999999999999574
2026-09-22T12:20:09.622+02:00;4200.623324;20.334;20.315;0.01899999999999835
2026-09-22T12:20:11.420+02:00;4202.420856;20.334;20.314;0.019999999999999574
2026-09-22T12:20:13.217+02:00;4204.218104;20.334;20.317;0.01699999999999946
2026-09-22T12:20:15.014+02:00;4206.015460;20.334;20.315;0.01899999999999835
2026-09-22T12:20:16.812+02:00;4207.812968;20.334;20.317;0.01699999999999946
2026-09-22T12:20:18.609+02:00;4209.610214;20.334;20.318;0.015999999999998238
2026-09-22T12:20:20.407+02:00;4211.407595;20.334;20.32;0.013999999999999346
2026-09-22T12:20:22.204+02:00;4213.205098;20.334;20.322;0.012000000000000455
2026-09-22T12:20:24.001+02:00;4215.002358;20.334;20.325;0.009000000000000341
2026-09-22T12:20:25.799+02:00;4216.799741;20.334;20.325;0.009000000000000341
2026-09-22T12:20:27.596+02:00;4218.597193;20.334;20.324;0.00999999999999801
2026-09-22T12:20:29.394+02:00;4220.394506;20.334;20.323;0.010999999999999233
2026-09-22T12:20:31.191+02:00;4222.191828;20.334;20.325;0.009000000000000341
2026-09-22T12:20:32.989+02:00;4223.990344;20.334;20.325;0.009000000000000341
2026-09-22T12:20:34.786+02:00;4225.786653;20.334;20.329;0.004999999999999005
2026-09-22T12:20:36.583+02:00;4227.584003;20.334;20.328;0.006000000000000227
2026-09-22T12:20:38.380+02:00;4229.381428;20.335;20.329;0.006000000000000227
2026-09-22T12:20:40.178+02:00;4231.178760;20.335;20.33;0.005000000000002558
2026-09-22T12:20:41.976+02:00;4232.977192;20.337;20.329;0.007999999999999119
2026-09-22T12:20:43.773+02:00;4234.773546;20.334;20.328;0.006000000000000227
2026-09-22T12:20:45.570+02:00;4236.570893;20.338;20.33;0.008000000000002672
2026-09-22T12:20:47.367+02:00;4238.368235;20.337;20.33;0.0070000000000014495
2026-09-22T12:20:49.165+02:00;4240.165650;20.336;20.33;0.006000000000000227
2026-09-22T12:20:50.963+02:00;4241.963970;20.34;20.33;0.010000000000001563
2026-09-22T12:20:52.759+02:00;4243.760368;20.341;20.33;0.011000000000002785
2026-09-22T12:20:54.557+02:00;4245.557755;20.343;20.33;0.013000000000001677
2026-09-22T12:20:56.355+02:00;4247.356109;20.341;20.33;0.011000000000002785
2026-09-22T12:20:58.151+02:00;4249.152437;20.345;20.33;0.015000000000000568
2026-09-22T12:20:59.949+02:00;4250.949893;20.345;20.33;0.015000000000000568
2026-09-22T12:21:01.746+02:00;4252.747205;20.344;20.33;0.014000000000002899
2026-09-22T12:21:04.084+02:00;4255.085130;20.346;20.33;0.01600000000000179
2026-09-22T12:21:05.872+02:00;4256.872640;20.349;20.33;0.019000000000001904
2026-09-22T12:21:07.669+02:00;4258.670052;20.348;20.33;0.018000000000000682
2026-09-22T12:21:09.466+02:00;4260.467384;20.348;20.33;0.018000000000000682
2026-09-22T12:21:11.264+02:00;4262.264767;20.348;20.33;0.018000000000000682
2026-09-22T12:21:13.062+02:00;4264.063193;20.35;20.33;0.020000000000003126
2026-09-22T12:21:14.860+02:00;4265.860620;20.349;20.33;0.019000000000001904
2026-09-22T12:21:16.656+02:00;4267.656948;20.35;20.33;0.020000000000003126
2026-09-22T12:21:18.453+02:00;4269.454348;20.349;20.331;0.018000000000000682
2026-09-22T12:21:20.251+02:00;4271.251694;20.35;20.33;0.020000000000003126
2026-09-22T12:21:22.048+02:00;4273.049090;20.35;20.33;0.020000000000003126
2026-09-22T12:21:23.846+02:00;4274.846498;20.35;20.33;0.020000000000003126
2026-09-22T12:21:25.643+02:00;4276.643853;20.35;20.33;0.020000000000003126
2026-09-22T12:21:27.440+02:00;4278.441251;20.35;20.33;0.020000000000003126
2026-09-22T12:21:29.239+02:00;4280.239587;20.35;20.333;0.017000000000003013
2026-09-22T12:21:31.035+02:00;4282.035990;20.35;20.333;0.017000000000003013
2026-09-22T12:21:33.388+02:00;4284.389345;20.35;20.335;0.015000000000000568
2026-09-22T12:21:35.176+02:00;4286.176779;20.35;20.333;0.017000000000003013
2026-09-22T12:21:36.973+02:00;4287.974169;20.35;20.339;0.011000000000002785
2026-09-22T12:21:38.771+02:00;4289.771722;20.35;20.333;0.017000000000003013
2026-09-22T12:21:40.568+02:00;4291.568878;20.35;20.34;0.010000000000001563
2026-09-22T12:21:42.366+02:00;4293.367279;20.35;20.337;0.013000000000001677
2026-09-22T12:21:44.163+02:00;4295.163806;20.35;20.341;0.009000000000000341
2026-09-22T12:21:45.960+02:00;4296.961052;20.35;20.341;0.009000000000000341
2026-09-22T12:21:47.758+02:00;4298.759440;20.35;20.341;0.009000000000000341
2026-09-22T12:21:49.555+02:00;4300.555920;20.35;20.341;0.009000000000000341
2026-09-22T12:21:51.955+02:00;4302.956118;20.35;20.342;0.008000000000002672
2026-09-22T12:21:53.743+02:00;4304.743606;20.35;20.344;0.006000000000000227
2026-09-22T12:21:55.540+02:00;4306.541023;20.351;20.346;0.004999999999999005
2026-09-22T12:21:57.337+02:00;4308.338367;20.35;20.344;0.006000000000000227
2026-09-22T12:21:59.135+02:00;4310.135716;20.35;20.345;0.005000000000002558
2026-09-22T12:22:00.933+02:00;4311.934153;20.351;20.345;0.006000000000000227
2026-09-22T12:22:02.730+02:00;4313.730504;20.35;20.345;0.005000000000002558
2026-09-22T12:22:04.527+02:00;4315.527917;20.352;20.346;0.006000000000000227
2026-09-22T12:22:06.324+02:00;4317.325360;20.356;20.346;0.010000000000001563
2026-09-22T12:22:08.122+02:00;4319.122689;20.353;20.346;0.0070000000000014495
2026-09-22T12:22:09.919+02:00;4320.920076;20.352;20.346;0.006000000000000227
2026-09-22T12:22:11.717+02:00;4322.718454;20.356;20.346;0.010000000000001563
2026-09-22T12:22:13.514+02:00;4324.514801;20.358;20.346;0.012000000000000455
2026-09-22T12:22:15.312+02:00;4326.313185;20.361;20.346;0.015000000000000568
2026-09-22T12:22:17.110+02:00;4328.110542;20.36;20.346;0.013999999999999346
2026-09-22T12:22:18.906+02:00;4329.906943;20.361;20.346;0.015000000000000568
2026-09-22T12:22:20.703+02:00;4331.704315;20.36;20.346;0.013999999999999346
2026-09-22T12:22:22.501+02:00;4333.501756;20.36;20.346;0.013999999999999346
2026-09-22T12:22:24.298+02:00;4335.299072;20.361;20.346;0.015000000000000568
2026-09-22T12:22:26.095+02:00;4337.096422;20.364;20.346;0.018000000000000682
2026-09-22T12:22:27.893+02:00;4338.893820;20.363;20.346;0.01699999999999946
2026-09-22T12:22:29.690+02:00;4340.691234;20.366;20.346;0.019999999999999574
2026-09-22T12:22:31.488+02:00;4342.488788;20.365;20.346;0.01899999999999835
2026-09-22T12:22:33.285+02:00;4344.285963;20.366;20.346;0.019999999999999574
2026-09-22T12:22:35.082+02:00;4346.083299;20.365;20.346;0.01899999999999835
2026-09-22T12:22:36.880+02:00;4347.880915;20.365;20.346;0.01899999999999835
2026-09-22T12:22:38.677+02:00;4349.678083;20.366;20.346;0.019999999999999574
2026-09-22T12:22:40.474+02:00;4351.475447;20.366;20.346;0.019999999999999574
2026-09-22T12:22:42.272+02:00;4353.272757;20.366;20.346;0.019999999999999574
2026-09-22T12:22:44.069+02:00;4355.070183;20.366;20.347;0.01899999999999835
2026-09-22T12:22:45.867+02:00;4356.867565;20.366;20.346;0.019999999999999574
2026-09-22T12:22:48.011+02:00;4359.011755;20.366;20.347;0.01899999999999835
2026-09-22T12:22:49.808+02:00;4360.809156;20.366;20.348;0.018000000000000682
2026-09-22T12:22:51.606+02:00;4362.606517;20.366;20.348;0.018000000000000682
2026-09-22T12:22:53.404+02:00;4364.404902;20.366;20.349;0.01699999999999946
2026-09-22T12:22:55.200+02:00;4366.201305;20.366;20.351;0.015000000000000568
2026-09-22T12:22:56.998+02:00;4367.998656;20.366;20.351;0.015000000000000568
2026-09-22T12:22:58.795+02:00;4369.796003;20.366;20.353;0.012999999999998124
2026-09-22T12:23:00.592+02:00;4371.593389;20.366;20.354;0.012000000000000455
2026-09-22T12:23:02.390+02:00;4373.390813;20.366;20.356;0.00999999999999801
2026-09-22T12:23:04.187+02:00;4375.188151;20.366;20.354;0.012000000000000455
2026-09-22T12:23:05.986+02:00;4376.986567;20.366;20.356;0.00999999999999801
2026-09-22T12:23:07.782+02:00;4378.782923;20.366;20.356;0.00999999999999801
2026-09-22T12:23:09.579+02:00;4380.580305;20.366;20.358;0.007999999999999119
2026-09-22T12:23:11.377+02:00;4382.377692;20.366;20.357;0.009000000000000341
2026-09-22T12:23:13.715+02:00;4384.716079;20.366;20.358;0.007999999999999119
2026-09-22T12:23:15.504+02:00;4386.504695;20.366;20.359;0.006999999999997897
2026-09-22T12:23:17.301+02:00;4388.301940;20.366;20.362;0.004000000000001336
2026-09-22T12:23:19.099+02:00;4390.100283;20.366;20.36;0.006000000000000227
2026-09-22T12:23:20.896+02:00;4391.896799;20.366;20.362;0.004000000000001336
2026-09-22T12:23:22.693+02:00;4393.694038;20.367;20.362;0.005000000000002558
2026-09-22T12:23:24.490+02:00;4395.491423;20.368;20.362;0.006000000000000227
2026-09-22T12:23:26.288+02:00;4397.288913;20.372;20.362;0.010000000000001563
2026-09-22T12:23:28.086+02:00;4399.087193;20.369;20.362;0.0070000000000014495
2026-09-22T12:23:29.883+02:00;4400.883575;20.368;20.362;0.006000000000000227
2026-09-22T12:23:31.680+02:00;4402.681010;20.371;20.362;0.009000000000000341
2026-09-22T12:23:33.477+02:00;4404.478300;20.373;20.362;0.011000000000002785
2026-09-22T12:23:35.275+02:00;4406.275691;20.373;20.362;0.011000000000002785
2026-09-22T12:23:37.073+02:00;4408.074146;20.373;20.362;0.011000000000002785
2026-09-22T12:23:38.870+02:00;4409.870517;20.373;20.362;0.011000000000002785
2026-09-22T12:23:40.667+02:00;4411.667885;20.377;20.362;0.015000000000000568
2026-09-22T12:23:42.464+02:00;4413.465255;20.376;20.362;0.014000000000002899
2026-09-22T12:23:44.262+02:00;4415.262629;20.377;20.362;0.015000000000000568
2026-09-22T12:23:46.059+02:00;4417.060018;20.379;20.362;0.017000000000003013
2026-09-22T12:23:47.856+02:00;4418.857349;20.379;20.362;0.017000000000003013
2026-09-22T12:23:49.654+02:00;4420.654730;20.38;20.362;0.018000000000000682
2026-09-22T12:23:51.451+02:00;4422.452088;20.382;20.362;0.020000000000003126
2026-09-22T12:23:53.249+02:00;4424.249505;20.38;20.362;0.018000000000000682
2026-09-22T12:23:55.046+02:00;4426.046906;20.381;20.362;0.019000000000001904
2026-09-22T12:23:56.844+02:00;4427.845261;20.38;20.362;0.018000000000000682
2026-09-22T12:23:58.641+02:00;4429.641653;20.38;20.362;0.018000000000000682
2026-09-22T12:24:00.438+02:00;4431.439006;20.382;20.362;0.020000000000003126
2026-09-22T12:24:02.235+02:00;4433.236373;20.382;20.363;0.019000000000001904
2026-09-22T12:24:04.034+02:00;4435.034764;20.382;20.362;0.020000000000003126
2026-09-22T12:24:05.830+02:00;4436.831128;20.382;20.362;0.020000000000003126
2026-09-22T12:24:07.628+02:00;4438.628515;20.382;20.362;0.020000000000003126
2026-09-22T12:24:09.426+02:00;4440.426893;20.381;20.364;0.01699999999999946
2026-09-22T12:24:11.222+02:00;4442.223275;20.382;20.364;0.018000000000000682
2026-09-22T12:24:13.020+02:00;4444.020634;20.382;20.363;0.019000000000001904
2026-09-22T12:24:14.818+02:00;4445.818984;20.382;20.364;0.018000000000000682
2026-09-22T12:24:16.614+02:00;4447.615360;20.382;20.365;0.017000000000003013
2026-09-22T12:24:18.412+02:00;4449.412777;20.382;20.365;0.017000000000003013
2026-09-22T12:24:20.209+02:00;4451.210165;20.382;20.369;0.013000000000001677
2026-09-22T12:24:22.007+02:00;4453.007594;20.382;20.363;0.019000000000001904
2026-09-22T12:24:23.804+02:00;4454.805112;20.382;20.367;0.015000000000000568
2026-09-22T12:24:25.601+02:00;4456.602371;20.382;20.368;0.014000000000002899
2026-09-22T12:24:27.399+02:00;4458.399758;20.382;20.37;0.012000000000000455
2026-09-22T12:24:29.196+02:00;4460.197235;20.382;20.375;0.0070000000000014495
2026-09-22T12:24:31.358+02:00;4462.359407;20.382;20.379;0.0030000000000001137
2026-09-22T12:24:33.156+02:00;4464.156763;20.382;20.373;0.009000000000000341
2026-09-22T12:24:34.953+02:00;4465.954365;20.382;20.377;0.005000000000002558
2026-09-22T12:24:36.751+02:00;4467.751552;20.382;20.376;0.006000000000000227
2026-09-22T12:24:38.548+02:00;4469.548954;20.382;20.376;0.006000000000000227
2026-09-22T12:24:40.346+02:00;4471.346474;20.382;20.377;0.005000000000002558
2026-09-22T12:24:42.143+02:00;4473.143726;20.384;20.379;0.004999999999999005
2026-09-22T12:24:43.940+02:00;4474.941102;20.382;20.379;0.0030000000000001137
2026-09-22T12:24:45.738+02:00;4476.738600;20.384;20.379;0.004999999999999005
2026-09-22T12:24:47.535+02:00;4478.535827;20.385;20.379;0.006000000000000227
2026-09-22T12:24:49.332+02:00;4480.333226;20.385;20.379;0.006000000000000227
2026-09-22T12:24:51.130+02:00;4482.130709;20.386;20.379;0.006999999999997897
2026-09-22T12:24:53.484+02:00;4484.484747;20.387;20.379;0.007999999999999119
2026-09-22T12:24:55.272+02:00;4486.273058;20.391;20.379;0.011999999999996902
2026-09-22T12:24:57.069+02:00;4488.070465;20.39;20.379;0.010999999999999233
2026-09-22T12:24:58.867+02:00;4489.868155;20.388;20.379;0.009000000000000341
2026-09-22T12:25:00.664+02:00;4491.665250;20.388;20.379;0.009000000000000341
2026-09-22T12:25:02.463+02:00;4493.463641;20.392;20.379;0.012999999999998124
2026-09-22T12:25:04.259+02:00;4495.260033;20.395;20.379;0.015999999999998238
2026-09-22T12:25:06.056+02:00;4497.057422;20.393;20.379;0.013999999999999346
2026-09-22T12:25:07.854+02:00;4498.854781;20.396;20.379;0.01699999999999946
2026-09-22T12:25:09.651+02:00;4500.652179;20.396;20.379;0.01699999999999946
2026-09-22T12:25:11.449+02:00;4502.449590;20.397;20.379;0.01799999999999713
2026-09-22T12:25:13.246+02:00;4504.247158;20.397;20.379;0.01799999999999713
2026-09-22T12:25:15.043+02:00;4506.044415;20.399;20.379;0.019999999999999574
2026-09-22T12:25:16.841+02:00;4507.841778;20.397;20.379;0.01799999999999713
2026-09-22T12:25:18.638+02:00;4509.639287;20.397;20.379;0.01799999999999713
2026-09-22T12:25:20.436+02:00;4511.436557;20.397;20.379;0.01799999999999713
2026-09-22T12:25:22.585+02:00;4513.585831;20.397;20.379;0.01799999999999713
2026-09-22T12:25:24.382+02:00;4515.383377;20.397;20.379;0.01799999999999713
2026-09-22T12:25:26.180+02:00;4517.180592;20.399;20.379;0.019999999999999574
2026-09-22T12:25:28.401+02:00;4519.401948;20.399;20.381;0.018000000000000682
2026-09-22T12:25:30.199+02:00;4521.199525;20.399;20.38;0.019000000000001904
2026-09-22T12:25:31.996+02:00;4522.996715;20.399;20.38;0.019000000000001904
2026-09-22T12:25:33.793+02:00;4524.794127;20.399;20.38;0.019000000000001904
2026-09-22T12:25:35.591+02:00;4526.591613;20.399;20.383;0.01600000000000179
2026-09-22T12:25:37.388+02:00;4528.388957;20.399;20.382;0.01699999999999946
2026-09-22T12:25:39.185+02:00;4530.186377;20.399;20.383;0.01600000000000179
2026-09-22T12:25:40.983+02:00;4531.983745;20.399;20.384;0.015000000000000568
2026-09-22T12:25:42.780+02:00;4533.781141;20.399;20.384;0.015000000000000568
2026-09-22T12:25:44.577+02:00;4535.578463;20.399;20.389;0.010000000000001563
2026-09-22T12:25:46.375+02:00;4537.375856;20.399;20.389;0.010000000000001563
2026-09-22T12:25:48.172+02:00;4539.173265;20.399;20.386;0.013000000000001677
2026-09-22T12:25:49.970+02:00;4540.970652;20.399;20.39;0.009000000000000341
2026-09-22T12:25:51.767+02:00;4542.768053;20.399;20.391;0.008000000000002672
2026-09-22T12:25:53.566+02:00;4544.566484;20.399;20.393;0.006000000000000227
2026-09-22T12:25:55.363+02:00;4546.364002;20.399;20.392;0.0070000000000014495
2026-09-22T12:25:57.159+02:00;4548.160240;20.399;20.393;0.006000000000000227
2026-09-22T12:25:58.957+02:00;4549.957604;20.399;20.395;0.004000000000001336
2026-09-22T12:26:00.754+02:00;4551.755145;20.399;20.395;0.004000000000001336
2026-09-22T12:26:02.551+02:00;4553.552365;20.401;20.394;0.0070000000000014495
2026-09-22T12:26:04.349+02:00;4555.349747;20.401;20.392;0.009000000000000341
2026-09-22T12:26:06.146+02:00;4557.147234;20.4;20.394;0.006000000000000227
2026-09-22T12:26:07.945+02:00;4558.945497;20.4;20.395;0.004999999999999005
2026-09-22T12:26:09.741+02:00;4560.741941;20.401;20.395;0.006000000000000227
2026-09-22T12:26:11.538+02:00;4562.539359;20.401;20.395;0.006000000000000227
2026-09-22T12:26:13.336+02:00;4564.336667;20.402;20.394;0.008000000000002672
2026-09-22T12:26:15.133+02:00;4566.134058;20.403;20.395;0.007999999999999119
2026-09-22T12:26:16.931+02:00;4567.931474;20.404;20.395;0.009000000000000341
2026-09-22T12:26:18.729+02:00;4569.729817;20.404;20.395;0.009000000000000341
2026-09-22T12:26:20.525+02:00;4571.526264;20.406;20.395;0.010999999999999233
2026-09-22T12:26:22.323+02:00;4573.323599;20.409;20.395;0.013999999999999346
2026-09-22T12:26:24.120+02:00;4575.120975;20.409;20.395;0.013999999999999346
2026-09-22T12:26:25.917+02:00;4576.918364;20.413;20.395;0.018000000000000682
2026-09-22T12:26:27.716+02:00;4578.716753;20.414;20.395;0.019000000000001904
2026-09-22T12:26:29.512+02:00;4580.513113;20.413;20.395;0.018000000000000682
2026-09-22T12:26:31.310+02:00;4582.310502;20.413;20.395;0.018000000000000682
2026-09-22T12:26:33.107+02:00;4584.107895;20.41;20.395;0.015000000000000568
2026-09-22T12:26:34.904+02:00;4585.905308;20.414;20.395;0.019000000000001904
2026-09-22T12:26:36.703+02:00;4587.703897;20.414;20.395;0.019000000000001904
2026-09-22T12:26:38.499+02:00;4589.500112;20.413;20.395;0.018000000000000682
2026-09-22T12:26:40.297+02:00;4591.297505;20.415;20.395;0.019999999999999574
2026-09-22T12:26:42.094+02:00;4593.095003;20.414;20.395;0.019000000000001904
2026-09-22T12:26:43.891+02:00;4594.892241;20.415;20.395;0.019999999999999574
2026-09-22T12:26:45.689+02:00;4596.689645;20.415;20.395;0.019999999999999574
2026-09-22T12:26:47.486+02:00;4598.487113;20.415;20.397;0.018000000000000682
2026-09-22T12:26:49.284+02:00;4600.284478;20.415;20.396;0.01899999999999835
2026-09-22T12:26:51.081+02:00;4602.081827;20.415;20.395;0.019999999999999574
2026-09-22T12:26:52.878+02:00;4603.879230;20.415;20.398;0.01699999999999946
2026-09-22T12:26:54.676+02:00;4605.676587;20.415;20.397;0.018000000000000682
2026-09-22T12:26:56.473+02:00;4607.473981;20.415;20.398;0.01699999999999946
2026-09-22T12:26:58.270+02:00;4609.271351;20.415;20.396;0.01899999999999835
2026-09-22T12:27:00.068+02:00;4611.068737;20.415;20.401;0.013999999999999346
2026-09-22T12:27:01.865+02:00;4612.866172;20.415;20.399;0.015999999999998238
2026-09-22T12:27:03.663+02:00;4614.663560;20.415;20.4;0.015000000000000568
2026-09-22T12:27:05.460+02:00;4616.460922;20.415;20.4;0.015000000000000568
2026-09-22T12:27:07.258+02:00;4618.258534;20.415;20.402;0.012999999999998124
2026-09-22T12:27:09.055+02:00;4620.055697;20.415;20.405;0.00999999999999801
2026-09-22T12:27:10.852+02:00;4621.853057;20.415;20.403;0.012000000000000455
2026-09-22T12:27:12.650+02:00;4623.650651;20.415;20.404;0.010999999999999233
2026-09-22T12:27:14.447+02:00;4625.447805;20.415;20.407;0.007999999999999119
2026-09-22T12:27:16.244+02:00;4627.245176;20.415;20.409;0.006000000000000227
2026-09-22T12:27:18.042+02:00;4629.042769;20.415;20.408;0.006999999999997897
2026-09-22T12:27:19.839+02:00;4630.839960;20.415;20.408;0.006999999999997897
2026-09-22T12:27:21.636+02:00;4632.637374;20.415;20.41;0.004999999999999005
2026-09-22T12:27:23.434+02:00;4634.434868;20.415;20.408;0.006999999999997897
2026-09-22T12:27:25.231+02:00;4636.232138;20.416;20.41;0.006000000000000227
2026-09-22T12:27:27.029+02:00;4638.029497;20.418;20.41;0.007999999999999119
2026-09-22T12:27:29.400+02:00;4640.400997;20.418;20.411;0.006999999999997897
2026-09-22T12:27:31.188+02:00;4642.189327;20.418;20.411;0.006999999999997897
2026-09-22T12:27:32.986+02:00;4643.986721;20.417;20.41;0.0070000000000014495
2026-09-22T12:27:34.784+02:00;4645.785157;20.42;20.411;0.009000000000000341
2026-09-22T12:27:36.581+02:00;4647.581557;20.419;20.411;0.007999999999999119
2026-09-22T12:27:38.704+02:00;4649.705177;20.422;20.411;0.010999999999999233
2026-09-22T12:27:40.501+02:00;4651.502402;20.421;20.411;0.00999999999999801
2026-09-22T12:27:42.299+02:00;4653.299778;20.424;20.411;0.012999999999998124
2026-09-22T12:27:44.096+02:00;4655.097368;20.426;20.411;0.014999999999997016
2026-09-22T12:27:45.894+02:00;4656.894517;20.425;20.411;0.013999999999999346
2026-09-22T12:27:47.691+02:00;4658.691920;20.428;20.411;0.01699999999999946
2026-09-22T12:27:49.488+02:00;4660.489405;20.43;20.411;0.01899999999999835
2026-09-22T12:27:51.286+02:00;4662.286652;20.428;20.411;0.01699999999999946
2026-09-22T12:27:53.083+02:00;4664.084097;20.428;20.411;0.01699999999999946
2026-09-22T12:27:54.881+02:00;4665.881511;20.429;20.411;0.01799999999999713
2026-09-22T12:27:56.678+02:00;4667.678883;20.43;20.411;0.01899999999999835
2026-09-22T12:27:59.041+02:00;4670.041599;20.429;20.411;0.01799999999999713
2026-09-22T12:28:01.186+02:00;4672.186641;20.431;20.411;0.019999999999999574
2026-09-22T12:28:02.983+02:00;4673.983870;20.431;20.411;0.019999999999999574
2026-09-22T12:28:04.780+02:00;4675.781225;20.43;20.411;0.01899999999999835
2026-09-22T12:28:06.578+02:00;4677.578783;20.431;20.411;0.019999999999999574
2026-09-22T12:28:08.375+02:00;4679.375981;20.431;20.411;0.019999999999999574
2026-09-22T12:28:10.172+02:00;4681.173372;20.431;20.411;0.019999999999999574
2026-09-22T12:28:11.970+02:00;4682.970879;20.431;20.411;0.019999999999999574
2026-09-22T12:28:13.767+02:00;4684.768154;20.431;20.412;0.019000000000001904
2026-09-22T12:28:15.565+02:00;4686.565573;20.431;20.412;0.019000000000001904
2026-09-22T12:28:17.362+02:00;4688.362978;20.431;20.413;0.018000000000000682
2026-09-22T12:28:19.159+02:00;4690.160366;20.431;20.414;0.01699999999999946
2026-09-22T12:28:21.522+02:00;4692.523050;20.431;20.412;0.019000000000001904
2026-09-22T12:28:23.310+02:00;4694.310547;20.431;20.415;0.01600000000000179
2026-09-22T12:28:25.107+02:00;4696.108141;20.431;20.414;0.01699999999999946
2026-09-22T12:28:26.904+02:00;4697.905299;20.431;20.416;0.015000000000000568
2026-09-22T12:28:28.702+02:00;4699.702725;20.431;20.421;0.010000000000001563
2026-09-22T12:28:30.500+02:00;4701.501249;20.431;20.418;0.013000000000001677
2026-09-22T12:28:32.297+02:00;4703.297532;20.431;20.422;0.009000000000000341
2026-09-22T12:28:34.094+02:00;4705.094917;20.431;20.423;0.008000000000002672
2026-09-22T12:28:35.891+02:00;4706.892386;20.431;20.421;0.010000000000001563
2026-09-22T12:28:37.689+02:00;4708.689662;20.431;20.423;0.008000000000002672
2026-09-22T12:28:39.486+02:00;4710.487083;20.431;20.424;0.0070000000000014495
2026-09-22T12:28:41.284+02:00;4712.284472;20.431;20.427;0.004000000000001336
2026-09-22T12:28:43.081+02:00;4714.081857;20.432;20.427;0.004999999999999005
2026-09-22T12:28:44.878+02:00;4715.879209;20.432;20.425;0.006999999999997897
2026-09-22T12:28:46.676+02:00;4717.676574;20.431;20.427;0.004000000000001336
2026-09-22T12:28:48.473+02:00;4719.473993;20.433;20.425;0.007999999999999119
2026-09-22T12:28:50.271+02:00;4721.272384;20.431;20.427;0.004000000000001336
2026-09-22T12:28:52.068+02:00;4723.068793;20.432;20.426;0.006000000000000227
2026-09-22T12:28:53.865+02:00;4724.866085;20.434;20.427;0.0070000000000014495
2026-09-22T12:28:56.194+02:00;4727.194968;20.433;20.427;0.006000000000000227
2026-09-22T12:28:57.982+02:00;4728.983452;20.434;20.427;0.0070000000000014495
2026-09-22T12:28:59.780+02:00;4730.780865;20.438;20.427;0.010999999999999233
2026-09-22T12:29:01.578+02:00;4732.579219;20.435;20.427;0.007999999999999119
2026-09-22T12:29:03.375+02:00;4734.375649;20.438;20.427;0.010999999999999233
2026-09-22T12:29:05.173+02:00;4736.174028;20.439;20.427;0.012000000000000455
2026-09-22T12:29:06.969+02:00;4737.970463;20.438;20.427;0.010999999999999233
2026-09-22T12:29:08.767+02:00;4739.767840;20.443;20.427;0.01600000000000179
2026-09-22T12:29:10.565+02:00;4741.566203;20.439;20.427;0.012000000000000455
2026-09-22T12:29:12.362+02:00;4743.362565;20.443;20.427;0.01600000000000179
2026-09-22T12:29:14.159+02:00;4745.160157;20.443;20.427;0.01600000000000179
2026-09-22T12:29:15.956+02:00;4746.957344;20.445;20.427;0.018000000000000682
2026-09-22T12:29:17.754+02:00;4748.754719;20.445;20.427;0.018000000000000682
2026-09-22T12:29:19.552+02:00;4750.553323;20.445;20.427;0.018000000000000682
2026-09-22T12:29:21.349+02:00;4752.349530;20.447;20.428;0.01899999999999835
2026-09-22T12:29:23.147+02:00;4754.147927;20.446;20.427;0.019000000000001904
2026-09-22T12:29:24.943+02:00;4755.944399;20.447;20.427;0.019999999999999574
2026-09-22T12:29:26.741+02:00;4757.741696;20.446;20.427;0.019000000000001904
2026-09-22T12:29:28.539+02:00;4759.540085;20.447;20.428;0.01899999999999835
2026-09-22T12:29:30.336+02:00;4761.336513;20.447;20.427;0.019999999999999574
2026-09-22T12:29:32.133+02:00;4763.133802;20.447;20.427;0.019999999999999574
2026-09-22T12:29:33.930+02:00;4764.931203;20.447;20.427;0.019999999999999574
2026-09-22T12:29:35.728+02:00;4766.728599;20.447;20.427;0.019999999999999574
2026-09-22T12:29:37.525+02:00;4768.525948;20.447;20.429;0.018000000000000682
2026-09-22T12:29:39.322+02:00;4770.323307;20.447;20.427;0.019999999999999574
2026-09-22T12:29:41.120+02:00;4772.120743;20.447;20.428;0.01899999999999835
2026-09-22T12:29:42.917+02:00;4773.918057;20.447;20.427;0.019999999999999574
2026-09-22T12:29:44.714+02:00;4775.715410;20.447;20.428;0.01899999999999835
2026-09-22T12:29:46.512+02:00;4777.512843;20.447;20.429;0.018000000000000682
2026-09-22T12:29:48.309+02:00;4779.310231;20.447;20.432;0.015000000000000568
2026-09-22T12:29:50.107+02:00;4781.107599;20.447;20.428;0.01899999999999835
2026-09-22T12:29:51.904+02:00;4782.905014;20.447;20.432;0.015000000000000568
2026-09-22T12:29:53.701+02:00;4784.702359;20.447;20.435;0.012000000000000455
2026-09-22T12:29:55.499+02:00;4786.499763;20.447;20.435;0.012000000000000455
2026-09-22T12:29:57.297+02:00;4788.298187;20.447;20.435;0.012000000000000455
2026-09-22T12:29:59.094+02:00;4790.094498;20.447;20.433;0.013999999999999346
2026-09-22T12:30:00.891+02:00;4791.891861;20.447;20.438;0.009000000000000341
2026-09-22T12:30:02.688+02:00;4793.689273;20.447;20.439;0.007999999999999119
2026-09-22T12:30:04.486+02:00;4795.486670;20.447;20.44;0.006999999999997897
2026-09-22T12:30:06.283+02:00;4797.284023;20.448;20.441;0.0070000000000014495
2026-09-22T12:30:08.080+02:00;4799.081389;20.447;20.44;0.006999999999997897
2026-09-22T12:30:09.878+02:00;4800.878767;20.447;20.442;0.004999999999999005
2026-09-22T12:30:11.675+02:00;4802.676139;20.448;20.442;0.006000000000000227
2026-09-22T12:30:13.473+02:00;4804.473497;20.447;20.441;0.006000000000000227
2026-09-22T12:30:15.270+02:00;4806.270876;20.447;20.443;0.003999999999997783
2026-09-22T12:30:17.068+02:00;4808.068475;20.447;20.443;0.003999999999997783
2026-09-22T12:30:19.746+02:00;4810.746536;20.45;20.442;0.007999999999999119
2026-09-22T12:30:21.533+02:00;4812.533977;20.451;20.443;0.007999999999999119
2026-09-22T12:30:23.330+02:00;4814.331354;20.452;20.443;0.009000000000000341
2026-09-22T12:30:25.128+02:00;4816.128736;20.45;20.443;0.006999999999997897
2026-09-22T12:30:26.925+02:00;4817.926212;20.455;20.443;0.011999999999996902
2026-09-22T12:30:28.723+02:00;4819.723698;20.453;20.443;0.00999999999999801
2026-09-22T12:30:30.520+02:00;4821.520930;20.455;20.443;0.011999999999996902
2026-09-22T12:30:32.317+02:00;4823.318289;20.455;20.443;0.011999999999996902
2026-09-22T12:30:34.115+02:00;4825.115841;20.457;20.443;0.013999999999999346
2026-09-22T12:30:35.912+02:00;4826.913088;20.461;20.443;0.01799999999999713
2026-09-22T12:30:37.709+02:00;4828.710410;20.459;20.443;0.015999999999998238
2026-09-22T12:30:39.898+02:00;4830.898940;20.459;20.443;0.015999999999998238
2026-09-22T12:30:41.695+02:00;4832.696327;20.459;20.443;0.015999999999998238
2026-09-22T12:30:43.493+02:00;4834.493651;20.462;20.443;0.01899999999999835
2026-09-22T12:30:45.291+02:00;4836.292090;20.462;20.443;0.01899999999999835
2026-09-22T12:30:47.087+02:00;4838.088469;20.46;20.443;0.01699999999999946
2026-09-22T12:30:48.885+02:00;4839.885868;20.462;20.443;0.01899999999999835
2026-09-22T12:30:50.682+02:00;4841.683204;20.463;20.443;0.019999999999999574
2026-09-22T12:30:52.480+02:00;4843.480592;20.463;20.443;0.019999999999999574
2026-09-22T12:30:54.277+02:00;4845.277975;20.463;20.443;0.019999999999999574
2026-09-22T12:30:56.074+02:00;4847.075343;20.463;20.443;0.019999999999999574
2026-09-22T12:30:57.872+02:00;4848.872759;20.463;20.443;0.019999999999999574
2026-09-22T12:30:59.669+02:00;4850.670090;20.463;20.445;0.018000000000000682
2026-09-22T12:31:01.468+02:00;4852.468503;20.463;20.443;0.019999999999999574
2026-09-22T12:31:03.264+02:00;4854.264884;20.463;20.445;0.018000000000000682
2026-09-22T12:31:05.061+02:00;4856.062232;20.463;20.444;0.019000000000001904
2026-09-22T12:31:06.859+02:00;4857.859635;20.463;20.446;0.01699999999999946
2026-09-22T12:31:08.656+02:00;4859.656989;20.463;20.443;0.019999999999999574
2026-09-22T12:31:10.454+02:00;4861.454608;20.463;20.444;0.019000000000001904
2026-09-22T12:31:12.251+02:00;4863.251772;20.463;20.448;0.015000000000000568
2026-09-22T12:31:14.049+02:00;4865.050180;20.463;20.445;0.018000000000000682
2026-09-22T12:31:15.846+02:00;4866.846707;20.463;20.451;0.012000000000000455
2026-09-22T12:31:17.643+02:00;4868.643885;20.463;20.447;0.01600000000000179
2026-09-22T12:31:19.440+02:00;4870.441282;20.463;20.448;0.015000000000000568
2026-09-22T12:31:21.238+02:00;4872.238804;20.464;20.451;0.012999999999998124
2026-09-22T12:31:23.035+02:00;4874.036055;20.463;20.454;0.009000000000000341
2026-09-22T12:31:24.832+02:00;4875.833403;20.463;20.452;0.010999999999999233
2026-09-22T12:31:26.630+02:00;4877.630941;20.463;20.452;0.010999999999999233
2026-09-22T12:31:28.427+02:00;4879.428161;20.463;20.455;0.008000000000002672
2026-09-22T12:31:30.768+02:00;4881.769057;20.463;20.454;0.009000000000000341
2026-09-22T12:31:32.557+02:00;4883.557511;20.463;20.457;0.006000000000000227
2026-09-22T12:31:34.354+02:00;4885.355075;20.464;20.458;0.006000000000000227
2026-09-22T12:31:36.151+02:00;4887.152346;20.463;20.457;0.006000000000000227
2026-09-22T12:31:37.949+02:00;4888.949766;20.464;20.458;0.006000000000000227
2026-09-22T12:31:39.746+02:00;4890.747188;20.463;20.459;0.004000000000001336
2026-09-22T12:31:41.544+02:00;4892.544486;20.465;20.459;0.006000000000000227
2026-09-22T12:31:43.341+02:00;4894.341867;20.465;20.46;0.004999999999999005
2026-09-22T12:31:45.138+02:00;4896.139332;20.465;20.46;0.004999999999999005
2026-09-22T12:31:46.936+02:00;4897.936588;20.467;20.46;0.006999999999997897
2026-09-22T12:31:48.733+02:00;4899.733986;20.467;20.459;0.007999999999999119
2026-09-22T12:31:50.530+02:00;4901.531395;20.468;20.46;0.007999999999999119
2026-09-22T12:31:52.328+02:00;4903.328721;20.473;20.46;0.012999999999998124
2026-09-22T12:31:54.125+02:00;4905.126060;20.468;20.46;0.007999999999999119
2026-09-22T12:31:55.923+02:00;4906.923530;20.468;20.46;0.007999999999999119
2026-09-22T12:31:57.720+02:00;4908.720815;20.472;20.46;0.012000000000000455
2026-09-22T12:31:59.517+02:00;4910.518185;20.472;20.46;0.012000000000000455
2026-09-22T12:32:01.315+02:00;4912.315665;20.475;20.46;0.015000000000000568
2026-09-22T12:32:03.113+02:00;4914.114004;20.474;20.46;0.013999999999999346
2026-09-22T12:32:04.909+02:00;4915.910351;20.475;20.46;0.015000000000000568
2026-09-22T12:32:06.707+02:00;4917.707750;20.475;20.46;0.015000000000000568
2026-09-22T12:32:08.504+02:00;4919.505131;20.477;20.461;0.01600000000000179
2026-09-22T12:32:10.302+02:00;4921.302497;20.474;20.46;0.013999999999999346
2026-09-22T12:32:12.100+02:00;4923.100886;20.479;20.46;0.01899999999999835
2026-09-22T12:32:13.896+02:00;4924.897289;20.48;20.46;0.019999999999999574
2026-09-22T12:32:16.291+02:00;4927.292249;20.479;20.46;0.01899999999999835
2026-09-22T12:32:18.079+02:00;4929.079728;20.48;20.46;0.019999999999999574
2026-09-22T12:32:19.876+02:00;4930.877096;20.478;20.46;0.018000000000000682
2026-09-22T12:32:21.674+02:00;4932.674520;20.48;20.46;0.019999999999999574
2026-09-22T12:32:23.472+02:00;4934.472887;20.479;20.46;0.01899999999999835
2026-09-22T12:32:25.269+02:00;4936.270241;20.48;20.46;0.019999999999999574
2026-09-22T12:32:27.066+02:00;4938.066634;20.48;20.46;0.019999999999999574
2026-09-22T12:32:28.863+02:00;4939.864216;20.48;20.46;0.019999999999999574
2026-09-22T12:32:30.660+02:00;4941.661373;20.48;20.461;0.019000000000001904
2026-09-22T12:32:32.458+02:00;4943.458737;20.48;20.461;0.019000000000001904
2026-09-22T12:32:34.255+02:00;4945.256352;20.48;20.462;0.018000000000000682
2026-09-22T12:32:36.053+02:00;4947.053510;20.48;20.465;0.015000000000000568
2026-09-22T12:32:37.850+02:00;4948.850890;20.48;20.463;0.01699999999999946
2026-09-22T12:32:39.647+02:00;4950.648441;20.48;20.462;0.018000000000000682
2026-09-22T12:32:41.445+02:00;4952.445626;20.48;20.461;0.019000000000001904
2026-09-22T12:32:43.242+02:00;4954.242976;20.48;20.468;0.012000000000000455
2026-09-22T12:32:45.039+02:00;4956.040319;20.48;20.468;0.012000000000000455
2026-09-22T12:32:46.837+02:00;4957.837718;20.48;20.47;0.010000000000001563
2026-09-22T12:32:48.634+02:00;4959.635113;20.48;20.465;0.015000000000000568
2026-09-22T12:32:50.432+02:00;4961.432663;20.48;20.472;0.007999999999999119
2026-09-22T12:32:52.229+02:00;4963.229893;20.48;20.472;0.007999999999999119
2026-09-22T12:32:54.026+02:00;4965.027216;20.481;20.472;0.009000000000000341
2026-09-22T12:32:55.824+02:00;4966.824753;20.48;20.474;0.006000000000000227
2026-09-22T12:32:57.621+02:00;4968.621985;20.48;20.471;0.009000000000000341
2026-09-22T12:32:59.418+02:00;4970.419348;20.48;20.474;0.006000000000000227
2026-09-22T12:33:01.216+02:00;4972.216907;20.48;20.474;0.006000000000000227
2026-09-22T12:33:03.013+02:00;4974.014089;20.48;20.476;0.004000000000001336
2026-09-22T12:33:04.811+02:00;4975.811487;20.481;20.476;0.005000000000002558
2026-09-22T12:33:06.608+02:00;4977.609009;20.481;20.476;0.005000000000002558
2026-09-22T12:33:08.405+02:00;4979.406270;20.481;20.473;0.008000000000002672
2026-09-22T12:33:10.203+02:00;4981.203688;20.48;20.474;0.006000000000000227
2026-09-22T12:33:12.000+02:00;4983.001127;20.483;20.476;0.0070000000000014495
2026-09-22T12:33:13.797+02:00;4984.798409;20.483;20.476;0.0070000000000014495
2026-09-22T12:33:15.595+02:00;4986.595770;20.486;20.476;0.010000000000001563
2026-09-22T12:33:17.392+02:00;4988.393219;20.484;20.476;0.008000000000002672
2026-09-22T12:33:19.190+02:00;4990.190587;20.484;20.476;0.008000000000002672
2026-09-22T12:33:20.987+02:00;4991.987991;20.491;20.476;0.015000000000000568
2026-09-22T12:33:22.784+02:00;4993.785356;20.487;20.476;0.010999999999999233
2026-09-22T12:33:24.582+02:00;4995.582755;20.489;20.476;0.013000000000001677
2026-09-22T12:33:26.379+02:00;4997.380088;20.492;20.476;0.01600000000000179
2026-09-22T12:33:28.178+02:00;4999.178477;20.491;20.476;0.015000000000000568
2026-09-22T12:33:29.974+02:00;5000.974864;20.49;20.476;0.013999999999999346
2026-09-22T12:33:31.771+02:00;5002.772290;20.493;20.476;0.01699999999999946
2026-09-22T12:33:33.569+02:00;5004.569633;20.494;20.476;0.018000000000000682
2026-09-22T12:33:35.367+02:00;5006.368044;20.494;20.476;0.018000000000000682
2026-09-22T12:33:37.163+02:00;5008.164449;20.493;20.476;0.01699999999999946
2026-09-22T12:33:38.961+02:00;5009.961788;20.494;20.476;0.018000000000000682
2026-09-22T12:33:40.758+02:00;5011.759162;20.495;20.476;0.019000000000001904
2026-09-22T12:33:42.556+02:00;5013.556737;20.495;20.476;0.019000000000001904
2026-09-22T12:33:44.354+02:00;5015.354937;20.496;20.476;0.019999999999999574
2026-09-22T12:33:46.150+02:00;5017.151292;20.496;20.476;0.019999999999999574
2026-09-22T12:33:47.948+02:00;5018.948910;20.496;20.477;0.01899999999999835
2026-09-22T12:33:49.745+02:00;5020.746102;20.496;20.476;0.019999999999999574
2026-09-22T12:33:51.542+02:00;5022.543466;20.496;20.478;0.01799999999999713
2026-09-22T12:33:53.341+02:00;5024.341950;20.496;20.476;0.019999999999999574
2026-09-22T12:33:55.137+02:00;5026.138212;20.496;20.477;0.01899999999999835
2026-09-22T12:33:56.935+02:00;5027.935618;20.496;20.476;0.019999999999999574
2026-09-22T12:33:58.732+02:00;5029.733093;20.496;20.477;0.01899999999999835
2026-09-22T12:34:00.529+02:00;5031.530346;20.496;20.477;0.01899999999999835
2026-09-22T12:34:02.327+02:00;5033.327748;20.496;20.48;0.015999999999998238
2026-09-22T12:34:04.124+02:00;5035.125194;20.496;20.479;0.01699999999999946
2026-09-22T12:34:05.922+02:00;5036.922581;20.496;20.48;0.015999999999998238
2026-09-22T12:34:07.719+02:00;5038.719947;20.496;20.482;0.013999999999999346
2026-09-22T12:34:09.516+02:00;5040.517311;20.496;20.482;0.013999999999999346
2026-09-22T12:34:11.314+02:00;5042.314732;20.496;20.482;0.013999999999999346
2026-09-22T12:34:13.619+02:00;5044.619865;20.496;20.488;0.007999999999999119
2026-09-22T12:34:15.407+02:00;5046.408424;20.496;20.482;0.013999999999999346
2026-09-22T12:34:17.757+02:00;5048.758252;20.496;20.487;0.009000000000000341
2026-09-22T12:34:19.903+02:00;5050.904154;20.496;20.49;0.006000000000000227
2026-09-22T12:34:21.701+02:00;5052.701559;20.496;20.49;0.006000000000000227
2026-09-22T12:34:23.498+02:00;5054.498921;20.496;20.491;0.004999999999999005
2026-09-22T12:34:25.295+02:00;5056.296333;20.496;20.491;0.004999999999999005
2026-09-22T12:34:27.093+02:00;5058.093709;20.496;20.489;0.006999999999997897
2026-09-22T12:34:29.298+02:00;5060.299400;20.496;20.492;0.003999999999997783
2026-09-22T12:34:31.096+02:00;5062.096829;20.497;20.492;0.004999999999999005
2026-09-22T12:34:32.893+02:00;5063.894237;20.499;20.492;0.006999999999997897
2026-09-22T12:34:34.691+02:00;5065.691830;20.497;20.492;0.004999999999999005
2026-09-22T12:34:36.488+02:00;5067.489063;20.499;20.492;0.006999999999997897
2026-09-22T12:34:38.285+02:00;5069.286425;20.499;20.492;0.006999999999997897
2026-09-22T12:34:40.083+02:00;5071.083965;20.501;20.492;0.009000000000000341
2026-09-22T12:34:41.880+02:00;5072.881186;20.505;20.492;0.012999999999998124
2026-09-22T12:34:43.678+02:00;5074.678596;20.506;20.492;0.013999999999999346
2026-09-22T12:34:45.475+02:00;5076.476060;20.503;20.492;0.010999999999999233
2026-09-22T12:34:47.272+02:00;5078.273393;20.505;20.492;0.012999999999998124
2026-09-22T12:34:49.070+02:00;5080.070775;20.505;20.492;0.012999999999998124
2026-09-22T12:34:50.867+02:00;5081.868188;20.508;20.492;0.015999999999998238
2026-09-22T12:34:52.665+02:00;5083.665546;20.508;20.492;0.015999999999998238
2026-09-22T12:34:54.462+02:00;5085.462977;20.508;20.492;0.015999999999998238
2026-09-22T12:34:56.259+02:00;5087.260320;20.509;20.492;0.01699999999999946
2026-09-22T12:34:58.057+02:00;5089.057722;20.508;20.492;0.015999999999998238
2026-09-22T12:34:59.854+02:00;5090.855108;20.509;20.492;0.01699999999999946
2026-09-22T12:35:01.652+02:00;5092.652506;20.511;20.492;0.01899999999999835
2026-09-22T12:35:03.450+02:00;5094.450878;20.511;20.492;0.01899999999999835
2026-09-22T12:35:05.246+02:00;5096.247462;20.512;20.492;0.019999999999999574
2026-09-22T12:35:07.044+02:00;5098.044646;20.512;20.492;0.019999999999999574
2026-09-22T12:35:08.841+02:00;5099.841995;20.511;20.492;0.01899999999999835
2026-09-22T12:35:10.639+02:00;5101.639571;20.512;20.492;0.019999999999999574
2026-09-22T12:35:12.437+02:00;5103.437802;20.512;20.493;0.019000000000001904
2026-09-22T12:35:14.233+02:00;5105.234184;20.512;20.492;0.019999999999999574
2026-09-22T12:35:16.031+02:00;5107.031665;20.511;20.492;0.01899999999999835
2026-09-22T12:35:17.828+02:00;5108.828951;20.512;20.494;0.018000000000000682
2026-09-22T12:35:19.625+02:00;5110.626293;20.512;20.493;0.019000000000001904
2026-09-22T12:35:22.295+02:00;5113.295848;20.512;20.495;0.01699999999999946
2026-09-22T12:35:24.082+02:00;5115.083095;20.512;20.495;0.01699999999999946
2026-09-22T12:35:25.879+02:00;5116.880461;20.512;20.498;0.013999999999999346
2026-09-22T12:35:27.677+02:00;5118.677952;20.512;20.495;0.01699999999999946
2026-09-22T12:35:29.475+02:00;5120.476251;20.512;20.497;0.015000000000000568
2026-09-22T12:35:31.272+02:00;5122.272645;20.512;20.498;0.013999999999999346
2026-09-22T12:35:33.070+02:00;5124.071078;20.512;20.502;0.010000000000001563
2026-09-22T12:35:34.866+02:00;5125.867421;20.512;20.499;0.013000000000001677
2026-09-22T12:35:36.665+02:00;5127.665813;20.512;20.503;0.009000000000000341
2026-09-22T12:35:38.462+02:00;5129.463218;20.512;20.499;0.013000000000001677
2026-09-22T12:35:40.259+02:00;5131.259595;20.512;20.503;0.009000000000000341
2026-09-22T12:35:42.056+02:00;5133.056974;20.512;20.506;0.006000000000000227
2026-09-22T12:35:43.853+02:00;5134.854339;20.513;20.502;0.011000000000002785
2026-09-22T12:35:45.651+02:00;5136.651752;20.512;20.506;0.006000000000000227
2026-09-22T12:35:47.449+02:00;5138.450360;20.512;20.503;0.009000000000000341
2026-09-22T12:35:49.246+02:00;5140.246543;20.513;20.508;0.005000000000002558
2026-09-22T12:35:51.043+02:00;5142.043894;20.512;20.508;0.004000000000001336
2026-09-22T12:35:52.840+02:00;5143.841471;20.513;20.506;0.0070000000000014495
2026-09-22T12:35:54.638+02:00;5145.638642;20.513;20.506;0.0070000000000014495
2026-09-22T12:35:56.435+02:00;5147.436036;20.513;20.508;0.005000000000002558
2026-09-22T12:35:58.233+02:00;5149.233561;20.513;20.508;0.005000000000002558
2026-09-22T12:36:00.547+02:00;5151.547691;20.514;20.507;0.006999999999997897
2026-09-22T12:36:02.334+02:00;5153.335149;20.52;20.507;0.012999999999998124
2026-09-22T12:36:04.132+02:00;5155.132674;20.513;20.508;0.005000000000002558
2026-09-22T12:36:05.929+02:00;5156.929947;20.521;20.508;0.013000000000001677
2026-09-22T12:36:07.726+02:00;5158.727334;20.517;20.508;0.009000000000000341
2026-09-22T12:36:09.525+02:00;5160.525804;20.519;20.508;0.010999999999999233
2026-09-22T12:36:11.321+02:00;5162.322102;20.519;20.508;0.010999999999999233
2026-09-22T12:36:13.119+02:00;5164.119478;20.525;20.508;0.01699999999999946
2026-09-22T12:36:14.916+02:00;5165.916922;20.526;20.508;0.018000000000000682
2026-09-22T12:36:16.713+02:00;5167.714213;20.526;20.508;0.018000000000000682
2026-09-22T12:36:18.511+02:00;5169.511648;20.525;20.508;0.01699999999999946
2026-09-22T12:36:20.308+02:00;5171.309019;20.526;20.508;0.018000000000000682
2026-09-22T12:36:22.105+02:00;5173.106352;20.527;20.508;0.019000000000001904
2026-09-22T12:36:23.903+02:00;5174.903752;20.527;20.508;0.019000000000001904
2026-09-22T12:36:25.700+02:00;5176.701147;20.527;20.508;0.019000000000001904
2026-09-22T12:36:27.498+02:00;5178.498495;20.528;20.508;0.019999999999999574
2026-09-22T12:36:29.295+02:00;5180.295833;20.528;20.508;0.019999999999999574
2026-09-22T12:36:31.092+02:00;5182.093241;20.528;20.508;0.019999999999999574
2026-09-22T12:36:32.890+02:00;5183.890597;20.527;20.508;0.019000000000001904
2026-09-22T12:36:34.687+02:00;5185.688014;20.528;20.508;0.019999999999999574
2026-09-22T12:36:37.009+02:00;5188.010140;20.527;20.508;0.019000000000001904
2026-09-22T12:36:38.797+02:00;5189.797616;20.528;20.508;0.019999999999999574
2026-09-22T12:36:40.594+02:00;5191.595003;20.528;20.509;0.01899999999999835
2026-09-22T12:36:42.392+02:00;5193.392550;20.528;20.508;0.019999999999999574
2026-09-22T12:36:44.190+02:00;5195.190840;20.528;20.51;0.01799999999999713
2026-09-22T12:36:45.987+02:00;5196.988164;20.528;20.509;0.01899999999999835
2026-09-22T12:36:47.784+02:00;5198.784579;20.528;20.511;0.01699999999999946
2026-09-22T12:36:49.581+02:00;5200.581972;20.528;20.511;0.01699999999999946
2026-09-22T12:36:51.378+02:00;5202.379325;20.528;20.512;0.015999999999998238
2026-09-22T12:36:53.176+02:00;5204.176707;20.528;20.515;0.012999999999998124
2026-09-22T12:36:54.973+02:00;5205.974131;20.528;20.513;0.014999999999997016
2026-09-22T12:36:56.771+02:00;5207.771474;20.528;20.514;0.013999999999999346
2026-09-22T12:36:58.569+02:00;5209.569843;20.528;20.519;0.009000000000000341
2026-09-22T12:37:00.365+02:00;5211.366198;20.528;20.515;0.012999999999998124
2026-09-22T12:37:02.163+02:00;5213.163593;20.528;20.514;0.013999999999999346
2026-09-22T12:37:03.960+02:00;5214.960985;20.528;20.519;0.009000000000000341
2026-09-22T12:37:05.757+02:00;5216.758338;20.528;20.517;0.010999999999999233
2026-09-22T12:37:07.555+02:00;5218.555725;20.528;20.519;0.009000000000000341
2026-09-22T12:37:09.352+02:00;5220.353120;20.529;20.52;0.009000000000000341
2026-09-22T12:37:11.150+02:00;5222.150511;20.528;20.522;0.006000000000000227
2026-09-22T12:37:12.947+02:00;5223.948106;20.528;20.522;0.006000000000000227
2026-09-22T12:37:14.744+02:00;5225.745314;20.529;20.521;0.007999999999999119
2026-09-22T12:37:16.542+02:00;5227.542669;20.529;20.521;0.007999999999999119
2026-09-22T12:37:18.339+02:00;5229.340251;20.529;20.524;0.004999999999999005
2026-09-22T12:37:20.137+02:00;5231.137506;20.53;20.524;0.006000000000000227
2026-09-22T12:37:21.934+02:00;5232.934839;20.53;20.524;0.006000000000000227
2026-09-22T12:37:23.731+02:00;5234.732317;20.531;20.524;0.006999999999997897
2026-09-22T12:37:25.529+02:00;5236.529623;20.533;20.524;0.009000000000000341
2026-09-22T12:37:27.326+02:00;5238.327064;20.53;20.524;0.006000000000000227
2026-09-22T12:37:29.123+02:00;5240.124452;20.531;20.524;0.006999999999997897
2026-09-22T12:37:30.921+02:00;5241.921781;20.533;20.524;0.009000000000000341
2026-09-22T12:37:32.718+02:00;5243.719190;20.534;20.524;0.00999999999999801
2026-09-22T12:37:34.516+02:00;5245.516558;20.532;20.524;0.007999999999999119
2026-09-22T12:37:36.313+02:00;5247.313955;20.535;20.524;0.010999999999999233
2026-09-22T12:37:38.110+02:00;5249.111304;20.537;20.524;0.012999999999998124
2026-09-22T12:37:39.908+02:00;5250.908698;20.535;20.524;0.010999999999999233
2026-09-22T12:37:41.705+02:00;5252.706106;20.539;20.524;0.015000000000000568
2026-09-22T12:37:43.503+02:00;5254.503497;20.542;20.524;0.018000000000000682
2026-09-22T12:37:45.301+02:00;5256.301871;20.542;20.524;0.018000000000000682
2026-09-22T12:37:47.097+02:00;5258.098222;20.543;20.524;0.01899999999999835
2026-09-22T12:37:48.895+02:00;5259.895630;20.543;20.524;0.01899999999999835
2026-09-22T12:37:50.692+02:00;5261.693001;20.543;20.524;0.01899999999999835
2026-09-22T12:37:52.489+02:00;5263.490384;20.541;20.524;0.01699999999999946
2026-09-22T12:37:54.287+02:00;5265.287721;20.543;20.524;0.01899999999999835
2026-09-22T12:37:56.085+02:00;5267.086100;20.544;20.525;0.019000000000001904
2026-09-22T12:37:57.882+02:00;5268.882536;20.544;20.524;0.019999999999999574
2026-09-22T12:37:59.679+02:00;5270.679874;20.542;20.524;0.018000000000000682
2026-09-22T12:38:01.476+02:00;5272.477322;20.543;20.524;0.01899999999999835
2026-09-22T12:38:03.274+02:00;5274.274634;20.544;20.525;0.019000000000001904
2026-09-22T12:38:05.072+02:00;5276.073178;20.544;20.524;0.019999999999999574
2026-09-22T12:38:06.868+02:00;5277.869404;20.544;20.525;0.019000000000001904
2026-09-22T12:38:08.666+02:00;5279.666823;20.544;20.524;0.019999999999999574
2026-09-22T12:38:10.463+02:00;5281.464327;20.544;20.525;0.019000000000001904
2026-09-22T12:38:12.262+02:00;5283.262581;20.544;20.527;0.01699999999999946
2026-09-22T12:38:14.059+02:00;5285.059971;20.544;20.527;0.01699999999999946
2026-09-22T12:38:15.856+02:00;5286.856553;20.544;20.529;0.015000000000000568
2026-09-22T12:38:17.653+02:00;5288.653721;20.544;20.527;0.01699999999999946
2026-09-22T12:38:19.450+02:00;5290.451147;20.544;20.53;0.013999999999999346
2026-09-22T12:38:21.248+02:00;5292.248526;20.544;20.531;0.013000000000001677
2026-09-22T12:38:23.045+02:00;5294.045930;20.544;20.535;0.009000000000000341
2026-09-22T12:38:24.842+02:00;5295.843302;20.544;20.533;0.010999999999999233
2026-09-22T12:38:26.641+02:00;5297.641703;20.544;20.535;0.009000000000000341
2026-09-22T12:38:28.437+02:00;5299.438067;20.544;20.533;0.010999999999999233
2026-09-22T12:38:30.234+02:00;5301.235441;20.544;20.536;0.007999999999999119
2026-09-22T12:38:32.033+02:00;5303.033819;20.544;20.539;0.004999999999999005
2026-09-22T12:38:33.829+02:00;5304.830267;20.544;20.539;0.004999999999999005
2026-09-22T12:38:35.627+02:00;5306.627593;20.544;20.54;0.004000000000001336
2026-09-22T12:38:37.424+02:00;5308.425033;20.544;20.54;0.004000000000001336
2026-09-22T12:38:39.221+02:00;5310.222389;20.545;20.539;0.006000000000000227
2026-09-22T12:38:41.608+02:00;5312.608934;20.545;20.539;0.006000000000000227
2026-09-22T12:38:43.395+02:00;5314.396409;20.547;20.54;0.0070000000000014495
2026-09-22T12:38:45.193+02:00;5316.193802;20.545;20.54;0.005000000000002558
2026-09-22T12:38:46.990+02:00;5317.991186;20.548;20.541;0.006999999999997897
2026-09-22T12:38:48.788+02:00;5319.788566;20.545;20.541;0.004000000000001336
2026-09-22T12:38:50.586+02:00;5321.587141;20.547;20.541;0.006000000000000227
2026-09-22T12:38:52.382+02:00;5323.383328;20.548;20.541;0.006999999999997897
2026-09-22T12:38:54.180+02:00;5325.180763;20.552;20.541;0.010999999999999233
2026-09-22T12:38:55.977+02:00;5326.978250;20.553;20.541;0.012000000000000455
2026-09-22T12:38:57.775+02:00;5328.775532;20.555;20.541;0.013999999999999346
2026-09-22T12:38:59.572+02:00;5330.572952;20.551;20.541;0.00999999999999801
2026-09-22T12:39:01.369+02:00;5332.370361;20.551;20.541;0.00999999999999801
2026-09-22T12:39:03.754+02:00;5334.754821;20.557;20.541;0.015999999999998238
2026-09-22T12:39:05.541+02:00;5336.542438;20.561;20.541;0.019999999999999574
2026-09-22T12:39:07.339+02:00;5338.339716;20.557;20.541;0.015999999999998238
2026-09-22T12:39:09.681+02:00;5340.681736;20.56;20.541;0.01899999999999835
2026-09-22T12:39:11.469+02:00;5342.470198;20.56;20.541;0.01899999999999835
2026-09-22T12:39:13.267+02:00;5344.267615;20.56;20.541;0.01899999999999835
2026-09-22T12:39:15.064+02:00;5346.064991;20.561;20.541;0.019999999999999574
2026-09-22T12:39:16.861+02:00;5347.862448;20.56;20.541;0.01899999999999835
2026-09-22T12:39:18.659+02:00;5349.659861;20.561;20.541;0.019999999999999574
2026-09-22T12:39:20.456+02:00;5351.457270;20.561;20.541;0.019999999999999574
2026-09-22T12:39:22.254+02:00;5353.254780;20.561;20.541;0.019999999999999574
2026-09-22T12:39:24.051+02:00;5355.051989;20.561;20.541;0.019999999999999574
2026-09-22T12:39:25.848+02:00;5356.849381;20.56;20.542;0.01799999999999713
2026-09-22T12:39:27.646+02:00;5358.646947;20.561;20.541;0.019999999999999574
2026-09-22T12:39:29.443+02:00;5360.444171;20.56;20.541;0.01899999999999835
2026-09-22T12:39:31.241+02:00;5362.241524;20.561;20.541;0.019999999999999574
2026-09-22T12:39:33.038+02:00;5364.039177;20.561;20.543;0.018000000000000682
2026-09-22T12:39:34.835+02:00;5365.836299;20.561;20.543;0.018000000000000682
2026-09-22T12:39:36.633+02:00;5367.633739;20.561;20.544;0.01699999999999946
2026-09-22T12:39:38.430+02:00;5369.431115;20.561;20.545;0.015999999999998238
2026-09-22T12:39:40.227+02:00;5371.228464;20.561;20.541;0.019999999999999574
2026-09-22T12:39:42.025+02:00;5373.025859;20.561;20.542;0.01899999999999835
2026-09-22T12:39:44.756+02:00;5375.756928;-115.359;20.545;-135.904
2026-09-22T12:39:45.621+02:00;5376.622433;-115.359;20.555;-135.914
2026-09-22T12:39:47.417+02:00;5378.417778;20.561;20.548;0.013000000000001677
2026-09-22T12:39:49.214+02:00;5380.215360;20.561;20.547;0.013999999999999346
2026-09-22T12:39:51.012+02:00;5382.012565;20.561;20.55;0.010999999999999233
2026-09-22T12:39:52.810+02:00;5383.810932;20.561;20.549;0.012000000000000455
2026-09-22T12:39:54.607+02:00;5385.607499;20.561;20.551;0.010000000000001563
2026-09-22T12:39:56.404+02:00;5387.404671;20.561;20.551;0.010000000000001563
2026-09-22T12:39:58.201+02:00;5389.202093;20.561;20.552;0.009000000000000341
2026-09-22T12:39:59.999+02:00;5390.999640;20.561;20.551;0.010000000000001563
2026-09-22T12:40:01.797+02:00;5392.797936;20.562;20.556;0.006000000000000227
2026-09-22T12:40:03.593+02:00;5394.594291;20.562;20.556;0.006000000000000227
2026-09-22T12:40:05.391+02:00;5396.391691;20.562;20.556;0.006000000000000227
2026-09-22T12:40:07.188+02:00;5398.189091;20.561;20.557;0.004000000000001336
2026-09-22T12:40:08.985+02:00;5399.986424;20.561;20.555;0.006000000000000227
2026-09-22T12:40:10.784+02:00;5401.784820;20.561;20.556;0.004999999999999005
2026-09-22T12:40:13.008+02:00;5404.008523;20.565;20.557;0.008000000000002672
2026-09-22T12:40:14.805+02:00;5405.805932;20.563;20.557;0.006000000000000227
2026-09-22T12:40:16.602+02:00;5407.603254;20.565;20.557;0.008000000000002672
2026-09-22T12:40:18.400+02:00;5409.400652;20.564;20.557;0.0070000000000014495
2026-09-22T12:40:20.197+02:00;5411.197977;20.565;20.557;0.008000000000002672
2026-09-22T12:40:21.994+02:00;5412.995398;20.562;20.557;0.005000000000002558
2026-09-22T12:40:23.792+02:00;5414.792790;20.568;20.557;0.011000000000002785
2026-09-22T12:40:25.590+02:00;5416.591168;20.568;20.557;0.011000000000002785
2026-09-22T12:40:27.387+02:00;5418.387552;20.569;20.557;0.012000000000000455
2026-09-22T12:40:29.184+02:00;5420.184908;20.574;20.557;0.017000000000003013
2026-09-22T12:40:30.981+02:00;5421.982335;20.574;20.557;0.017000000000003013
2026-09-22T12:40:32.779+02:00;5423.779676;20.572;20.557;0.015000000000000568
2026-09-22T12:40:34.576+02:00;5425.577082;20.574;20.557;0.017000000000003013
2026-09-22T12:40:36.374+02:00;5427.374508;20.576;20.557;0.019000000000001904
2026-09-22T12:40:38.171+02:00;5429.172016;20.575;20.557;0.018000000000000682
2026-09-22T12:40:39.969+02:00;5430.970399;20.576;20.557;0.019000000000001904
2026-09-22T12:40:41.766+02:00;5432.766590;20.576;20.557;0.019000000000001904
2026-09-22T12:40:43.563+02:00;5434.563967;20.576;20.557;0.019000000000001904
2026-09-22T12:40:45.361+02:00;5436.361509;20.577;20.557;0.020000000000003126
2026-09-22T12:40:47.159+02:00;5438.159749;20.577;20.557;0.020000000000003126
2026-09-22T12:40:48.955+02:00;5439.956107;20.577;20.557;0.020000000000003126
2026-09-22T12:40:50.753+02:00;5441.753626;20.577;20.557;0.020000000000003126
2026-09-22T12:40:52.550+02:00;5443.550858;20.577;20.557;0.020000000000003126
2026-09-22T12:40:54.348+02:00;5445.349279;20.576;20.557;0.019000000000001904
2026-09-22T12:40:56.146+02:00;5447.146782;20.577;20.558;0.019000000000001904
2026-09-22T12:40:57.942+02:00;5448.943030;20.577;20.558;0.019000000000001904
2026-09-22T12:40:59.739+02:00;5450.740371;20.577;20.557;0.020000000000003126
2026-09-22T12:41:01.537+02:00;5452.537851;20.577;20.558;0.019000000000001904
2026-09-22T12:41:03.334+02:00;5454.335167;20.577;20.56;0.017000000000003013
2026-09-22T12:41:05.133+02:00;5456.133548;20.577;20.558;0.019000000000001904
2026-09-22T12:41:07.254+02:00;5458.255035;20.577;20.564;0.013000000000001677
2026-09-22T12:41:09.051+02:00;5460.052228;20.577;20.563;0.014000000000002899
2026-09-22T12:41:10.849+02:00;5461.849578;20.577;20.562;0.015000000000000568
2026-09-22T12:41:12.646+02:00;5463.647075;20.577;20.567;0.010000000000001563
2026-09-22T12:41:14.443+02:00;5465.444382;20.577;20.562;0.015000000000000568
2026-09-22T12:41:16.241+02:00;5467.241772;20.577;20.565;0.012000000000000455
2026-09-22T12:41:18.643+02:00;5469.643538;20.577;20.569;0.008000000000002672
2026-09-22T12:41:20.430+02:00;5471.431280;20.577;20.566;0.011000000000002785
2026-09-22T12:41:22.227+02:00;5473.228440;20.577;20.568;0.009000000000000341
2026-09-22T12:41:24.025+02:00;5475.025831;20.577;20.571;0.006000000000000227
2026-09-22T12:41:25.822+02:00;5476.823390;20.577;20.572;0.005000000000002558
2026-09-22T12:41:27.621+02:00;5478.621623;20.577;20.572;0.005000000000002558
2026-09-22T12:41:29.417+02:00;5480.418043;20.577;20.573;0.004000000000001336
2026-09-22T12:41:31.215+02:00;5482.216469;20.578;20.572;0.006000000000000227
2026-09-22T12:41:33.012+02:00;5484.012821;20.577;20.573;0.004000000000001336
2026-09-22T12:41:34.809+02:00;5485.810222;20.578;20.572;0.006000000000000227
2026-09-22T12:41:36.607+02:00;5487.607639;20.577;20.573;0.004000000000001336
2026-09-22T12:41:38.404+02:00;5489.404923;20.579;20.573;0.006000000000000227
2026-09-22T12:41:40.201+02:00;5491.202336;20.58;20.573;0.006999999999997897
2026-09-22T12:41:41.999+02:00;5492.999740;20.584;20.573;0.010999999999999233
2026-09-22T12:41:43.796+02:00;5494.797088;20.582;20.573;0.009000000000000341
2026-09-22T12:41:45.594+02:00;5496.594498;20.583;20.573;0.00999999999999801
2026-09-22T12:41:47.392+02:00;5498.392873;20.585;20.573;0.012000000000000455
2026-09-22T12:41:49.188+02:00;5500.189228;20.587;20.573;0.013999999999999346
2026-09-22T12:41:50.986+02:00;5501.986613;20.587;20.573;0.013999999999999346
2026-09-22T12:41:52.783+02:00;5503.784073;20.585;20.573;0.012000000000000455
2026-09-22T12:41:54.580+02:00;5505.581363;20.588;20.573;0.015000000000000568
2026-09-22T12:41:56.378+02:00;5507.378981;20.591;20.573;0.018000000000000682
2026-09-22T12:41:58.175+02:00;5509.176194;20.589;20.573;0.015999999999998238
2026-09-22T12:41:59.973+02:00;5510.973548;20.592;20.573;0.01899999999999835
2026-09-22T12:42:02.171+02:00;5513.172197;20.589;20.573;0.015999999999998238
2026-09-22T12:42:03.970+02:00;5514.970623;20.591;20.573;0.018000000000000682
2026-09-22T12:42:05.766+02:00;5516.766984;20.591;20.573;0.018000000000000682
2026-09-22T12:42:07.563+02:00;5518.564371;20.591;20.573;0.018000000000000682
2026-09-22T12:42:09.361+02:00;5520.361717;20.593;20.573;0.019999999999999574
2026-09-22T12:42:11.158+02:00;5522.159314;20.591;20.573;0.018000000000000682
2026-09-22T12:42:12.956+02:00;5523.956519;20.592;20.573;0.01899999999999835
2026-09-22T12:42:14.753+02:00;5525.753903;20.593;20.573;0.019999999999999574
2026-09-22T12:42:16.550+02:00;5527.551415;20.593;20.573;0.019999999999999574
2026-09-22T12:42:18.348+02:00;5529.348716;20.593;20.575;0.018000000000000682
2026-09-22T12:42:20.145+02:00;5531.146108;20.592;20.573;0.01899999999999835
2026-09-22T12:42:21.943+02:00;5532.943545;20.593;20.575;0.018000000000000682
2026-09-22T12:42:23.740+02:00;5534.740846;20.593;20.574;0.01899999999999835
2026-09-22T12:42:25.537+02:00;5536.538179;20.593;20.574;0.01899999999999835
2026-09-22T12:42:27.335+02:00;5538.335682;20.593;20.577;0.015999999999998238
2026-09-22T12:42:29.132+02:00;5540.132987;20.593;20.575;0.018000000000000682
2026-09-22T12:42:30.929+02:00;5541.930327;20.593;20.576;0.01699999999999946
2026-09-22T12:42:33.153+02:00;5544.154118;20.593;20.579;0.013999999999999346
2026-09-22T12:42:34.951+02:00;5545.951531;20.593;20.578;0.015000000000000568
2026-09-22T12:42:36.748+02:00;5547.748971;20.593;20.582;0.010999999999999233
2026-09-22T12:42:38.545+02:00;5549.546267;20.593;20.58;0.013000000000001677
2026-09-22T12:42:40.343+02:00;5551.343613;20.593;20.58;0.013000000000001677
2026-09-22T12:42:42.140+02:00;5553.140992;20.593;20.582;0.010999999999999233
2026-09-22T12:42:43.937+02:00;5554.938399;20.593;20.583;0.010000000000001563
2026-09-22T12:42:45.735+02:00;5556.735779;20.593;20.586;0.0070000000000014495
2026-09-22T12:42:47.532+02:00;5558.533199;20.593;20.584;0.009000000000000341
2026-09-22T12:42:49.330+02:00;5560.330598;20.593;20.585;0.007999999999999119
2026-09-22T12:42:51.128+02:00;5562.129118;20.593;20.587;0.006000000000000227
2026-09-22T12:42:52.924+02:00;5563.925356;20.594;20.585;0.009000000000000341
2026-09-22T12:42:54.723+02:00;5565.723731;20.595;20.588;0.006999999999997897
2026-09-22T12:42:56.519+02:00;5567.520286;20.593;20.588;0.004999999999999005
2026-09-22T12:42:58.316+02:00;5569.317471;20.595;20.589;0.006000000000000227
2026-09-22T12:43:00.115+02:00;5571.115927;20.593;20.589;0.004000000000001336
2026-09-22T12:43:01.911+02:00;5572.912385;20.596;20.589;0.0070000000000014495
2026-09-22T12:43:03.710+02:00;5574.710770;20.597;20.589;0.008000000000002672
2026-09-22T12:43:05.507+02:00;5576.508126;20.596;20.589;0.0070000000000014495
2026-09-22T12:43:07.304+02:00;5578.304502;20.599;20.589;0.010000000000001563
2026-09-22T12:43:09.596+02:00;5580.596833;20.599;20.589;0.010000000000001563
2026-09-22T12:43:11.383+02:00;5582.384267;20.598;20.589;0.009000000000000341
2026-09-22T12:43:13.181+02:00;5584.181677;20.601;20.589;0.012000000000000455
2026-09-22T12:43:14.978+02:00;5585.979036;20.6;20.589;0.011000000000002785
2026-09-22T12:43:16.776+02:00;5587.777422;20.604;20.589;0.015000000000000568
2026-09-22T12:43:18.573+02:00;5589.573814;20.601;20.589;0.012000000000000455
2026-09-22T12:43:20.370+02:00;5591.371218;20.605;20.589;0.01600000000000179
2026-09-22T12:43:22.168+02:00;5593.168771;20.605;20.589;0.01600000000000179
2026-09-22T12:43:23.966+02:00;5594.967017;20.607;20.589;0.018000000000000682
2026-09-22T12:43:25.763+02:00;5596.764381;20.605;20.589;0.01600000000000179
2026-09-22T12:43:27.560+02:00;5598.560877;20.604;20.589;0.015000000000000568
2026-09-22T12:43:29.357+02:00;5600.358091;20.609;20.589;0.020000000000003126
2026-09-22T12:43:31.155+02:00;5602.155511;20.609;20.589;0.020000000000003126
2026-09-22T12:43:32.952+02:00;5603.952992;20.609;20.589;0.020000000000003126
2026-09-22T12:43:35.117+02:00;5606.118065;20.609;20.589;0.020000000000003126
2026-09-22T12:43:36.915+02:00;5607.915472;20.609;20.59;0.019000000000001904
2026-09-22T12:43:38.712+02:00;5609.712726;20.609;20.589;0.020000000000003126
2026-09-22T12:43:40.509+02:00;5611.510152;20.608;20.589;0.019000000000001904
2026-09-22T12:43:42.307+02:00;5613.307474;20.609;20.589;0.020000000000003126
2026-09-22T12:43:44.104+02:00;5615.104843;20.609;20.589;0.020000000000003126
2026-09-22T12:43:45.901+02:00;5616.902271;20.609;20.589;0.020000000000003126
2026-09-22T12:43:47.699+02:00;5618.699612;20.609;20.589;0.020000000000003126
2026-09-22T12:43:49.496+02:00;5620.496974;20.609;20.589;0.020000000000003126
2026-09-22T12:43:51.294+02:00;5622.295416;20.609;20.589;0.020000000000003126
2026-09-22T12:43:53.091+02:00;5624.091808;20.609;20.591;0.018000000000000682
2026-09-22T12:43:54.888+02:00;5625.889149;20.609;20.593;0.01600000000000179
2026-09-22T12:43:56.686+02:00;5627.686512;20.609;20.593;0.01600000000000179
2026-09-22T12:43:58.483+02:00;5629.483913;20.609;20.592;0.017000000000003013
2026-09-22T12:44:00.280+02:00;5631.281282;20.609;20.594;0.015000000000000568
2026-09-22T12:44:02.079+02:00;5633.079674;20.609;20.594;0.015000000000000568
2026-09-22T12:44:03.875+02:00;5634.876030;20.609;20.595;0.014000000000002899
2026-09-22T12:44:05.672+02:00;5636.673449;20.609;20.599;0.010000000000001563
2026-09-22T12:44:07.470+02:00;5638.470794;20.609;20.596;0.013000000000001677
2026-09-22T12:44:09.267+02:00;5640.268205;20.609;20.599;0.010000000000001563
2026-09-22T12:44:11.065+02:00;5642.065595;20.609;20.596;0.013000000000001677
2026-09-22T12:44:12.862+02:00;5643.862939;20.609;20.6;0.009000000000000341
2026-09-22T12:44:14.659+02:00;5645.660292;20.609;20.601;0.008000000000002672
2026-09-22T12:44:16.457+02:00;5647.457672;20.609;20.6;0.009000000000000341
2026-09-22T12:44:18.254+02:00;5649.255046;20.609;20.601;0.008000000000002672
2026-09-22T12:44:20.051+02:00;5651.052447;20.609;20.603;0.006000000000000227
2026-09-22T12:44:21.850+02:00;5652.850999;20.61;20.603;0.006999999999997897
2026-09-22T12:44:23.646+02:00;5654.647251;20.609;20.603;0.006000000000000227
2026-09-22T12:44:25.444+02:00;5656.444554;20.611;20.603;0.007999999999999119
2026-09-22T12:44:27.241+02:00;5658.242137;20.611;20.604;0.0070000000000014495
2026-09-22T12:44:29.038+02:00;5660.039317;20.611;20.605;0.006000000000000227
2026-09-22T12:44:30.837+02:00;5661.837687;20.611;20.605;0.006000000000000227
2026-09-22T12:44:32.633+02:00;5663.634242;20.611;20.605;0.006000000000000227
2026-09-22T12:44:34.430+02:00;5665.431437;20.617;20.605;0.012000000000000455
2026-09-22T12:44:36.228+02:00;5667.228785;20.613;20.604;0.009000000000000341
2026-09-22T12:44:38.025+02:00;5669.026365;20.616;20.605;0.010999999999999233
2026-09-22T12:44:39.824+02:00;5670.824583;20.618;20.605;0.012999999999998124
2026-09-22T12:44:42.206+02:00;5673.207027;20.614;20.605;0.009000000000000341
2026-09-22T12:44:43.994+02:00;5674.994502;20.619;20.605;0.013999999999999346
2026-09-22T12:44:45.791+02:00;5676.791802;20.623;20.605;0.018000000000000682
2026-09-22T12:44:47.588+02:00;5678.589171;20.62;20.605;0.015000000000000568
2026-09-22T12:44:49.720+02:00;5680.720593;20.62;20.605;0.015000000000000568
2026-09-22T12:44:51.517+02:00;5682.517898;20.623;20.605;0.018000000000000682
2026-09-22T12:44:53.314+02:00;5684.315318;20.623;20.605;0.018000000000000682
2026-09-22T12:44:55.112+02:00;5686.112714;20.621;20.605;0.015999999999998238
2026-09-22T12:44:56.909+02:00;5687.910065;20.623;20.605;0.018000000000000682
2026-09-22T12:44:58.706+02:00;5689.707449;20.624;20.605;0.01899999999999835
2026-09-22T12:45:00.504+02:00;5691.504821;20.624;20.605;0.01899999999999835
2026-09-22T12:45:02.301+02:00;5693.302216;20.625;20.605;0.019999999999999574
2026-09-22T12:45:04.099+02:00;5695.099589;20.625;20.605;0.019999999999999574
2026-09-22T12:45:05.896+02:00;5696.896944;20.625;20.606;0.01899999999999835
2026-09-22T12:45:07.693+02:00;5698.694323;20.624;20.606;0.01799999999999713
2026-09-22T12:45:09.491+02:00;5700.491701;20.625;20.605;0.019999999999999574
2026-09-22T12:45:11.288+02:00;5702.289109;20.625;20.605;0.019999999999999574
2026-09-22T12:45:13.086+02:00;5704.086494;20.625;20.607;0.018000000000000682
2026-09-22T12:45:14.883+02:00;5705.883908;20.625;20.605;0.019999999999999574
2026-09-22T12:45:16.680+02:00;5707.681234;20.625;20.606;0.01899999999999835
2026-09-22T12:45:18.478+02:00;5709.478586;20.625;20.608;0.01699999999999946
2026-09-22T12:45:20.275+02:00;5711.275947;20.625;20.608;0.01699999999999946
2026-09-22T12:45:22.072+02:00;5713.073376;20.625;20.609;0.015999999999998238
2026-09-22T12:45:23.870+02:00;5714.870727;20.625;20.607;0.018000000000000682
2026-09-22T12:45:25.667+02:00;5716.668113;20.625;20.607;0.018000000000000682
2026-09-22T12:45:27.465+02:00;5718.465496;20.625;20.608;0.01699999999999946
2026-09-22T12:45:29.262+02:00;5720.262869;20.625;20.611;0.013999999999999346
2026-09-22T12:45:31.059+02:00;5722.060204;20.625;20.614;0.010999999999999233
2026-09-22T12:45:32.857+02:00;5723.857585;20.625;20.615;0.010000000000001563
2026-09-22T12:45:34.654+02:00;5725.654954;20.625;20.615;0.010000000000001563
2026-09-22T12:45:36.451+02:00;5727.452324;20.625;20.613;0.012000000000000455
2026-09-22T12:45:38.250+02:00;5729.250718;20.625;20.615;0.010000000000001563
2026-09-22T12:45:40.046+02:00;5731.047076;20.625;20.614;0.010999999999999233
2026-09-22T12:45:42.380+02:00;5733.381243;20.625;20.619;0.006000000000000227
2026-09-22T12:45:44.169+02:00;5735.169731;20.625;20.618;0.0070000000000014495
2026-09-22T12:45:45.965+02:00;5736.966124;20.625;20.619;0.006000000000000227
2026-09-22T12:45:47.764+02:00;5738.764505;20.626;20.62;0.006000000000000227
2026-09-22T12:45:49.560+02:00;5740.560831;20.626;20.621;0.005000000000002558
2026-09-22T12:45:51.358+02:00;5742.359186;20.625;20.619;0.006000000000000227
2026-09-22T12:45:53.155+02:00;5744.155567;20.628;20.622;0.006000000000000227
2026-09-22T12:45:54.952+02:00;5745.952954;20.628;20.622;0.006000000000000227
2026-09-22T12:45:56.749+02:00;5747.750292;20.625;20.622;0.0030000000000001137
2026-09-22T12:45:58.547+02:00;5749.547663;20.627;20.622;0.004999999999999005
2026-09-22T12:46:00.344+02:00;5751.345127;20.628;20.622;0.006000000000000227
2026-09-22T12:46:02.141+02:00;5753.142413;20.628;20.622;0.006000000000000227
2026-09-22T12:46:03.939+02:00;5754.939818;20.629;20.622;0.0070000000000014495
2026-09-22T12:46:05.736+02:00;5756.737175;20.631;20.622;0.009000000000000341
2026-09-22T12:46:07.534+02:00;5758.534530;20.633;20.622;0.010999999999999233
2026-09-22T12:46:09.331+02:00;5760.332018;20.638;20.622;0.01600000000000179
2026-09-22T12:46:11.128+02:00;5762.129288;20.638;20.622;0.01600000000000179
2026-09-22T12:46:12.926+02:00;5763.926654;20.637;20.622;0.015000000000000568
2026-09-22T12:46:14.723+02:00;5765.724080;20.634;20.622;0.012000000000000455
2026-09-22T12:46:16.521+02:00;5767.522421;20.637;20.622;0.015000000000000568
2026-09-22T12:46:18.639+02:00;5769.639793;20.641;20.622;0.01899999999999835
2026-09-22T12:46:20.436+02:00;5771.437163;20.64;20.622;0.018000000000000682
2026-09-22T12:46:22.234+02:00;5773.234515;20.639;20.622;0.01699999999999946
2026-09-22T12:46:24.031+02:00;5775.031894;20.642;20.622;0.019999999999999574
2026-09-22T12:46:25.828+02:00;5776.829267;20.64;20.622;0.018000000000000682
2026-09-22T12:46:27.627+02:00;5778.627637;20.641;20.622;0.01899999999999835
2026-09-22T12:46:29.423+02:00;5780.424030;20.641;20.622;0.01899999999999835
2026-09-22T12:46:31.220+02:00;5782.221392;20.641;20.622;0.01899999999999835
2026-09-22T12:46:33.018+02:00;5784.018743;20.642;20.622;0.019999999999999574
2026-09-22T12:46:34.815+02:00;5785.816144;20.642;20.623;0.01899999999999835
2026-09-22T12:46:36.613+02:00;5787.613526;20.642;20.622;0.019999999999999574
2026-09-22T12:46:38.410+02:00;5789.410862;20.642;20.622;0.019999999999999574
2026-09-22T12:46:40.207+02:00;5791.208251;20.642;20.622;0.019999999999999574
2026-09-22T12:46:42.005+02:00;5793.005609;20.642;20.622;0.019999999999999574
2026-09-22T12:46:43.803+02:00;5794.804023;20.642;20.623;0.01899999999999835
2026-09-22T12:46:45.599+02:00;5796.600434;20.642;20.623;0.01899999999999835
2026-09-22T12:46:47.397+02:00;5798.397772;20.642;20.624;0.018000000000000682
2026-09-22T12:46:49.194+02:00;5800.195098;20.642;20.623;0.01899999999999835
2026-09-22T12:46:50.992+02:00;5801.992526;20.642;20.623;0.01899999999999835
2026-09-22T12:46:52.790+02:00;5803.790924;20.642;20.625;0.01699999999999946
2026-09-22T12:46:54.587+02:00;5805.588198;20.642;20.624;0.018000000000000682
2026-09-22T12:46:56.384+02:00;5807.384611;20.642;20.625;0.01699999999999946
2026-09-22T12:46:58.181+02:00;5809.181945;20.642;20.629;0.012999999999998124
2026-09-22T12:47:00.561+02:00;5811.562010;20.642;20.628;0.013999999999999346
2026-09-22T12:47:02.350+02:00;5813.350485;20.642;20.628;0.013999999999999346
2026-09-22T12:47:04.147+02:00;5815.147905;20.642;20.628;0.013999999999999346
2026-09-22T12:47:05.944+02:00;5816.945446;20.642;20.635;0.006999999999997897
2026-09-22T12:47:07.742+02:00;5818.742645;20.642;20.634;0.007999999999999119
2026-09-22T12:47:09.539+02:00;5820.539990;20.642;20.636;0.006000000000000227
2026-09-22T12:47:11.336+02:00;5822.337322;20.642;20.632;0.00999999999999801
2026-09-22T12:47:13.134+02:00;5824.134723;20.642;20.637;0.004999999999999005
2026-09-22T12:47:14.931+02:00;5825.932052;20.643;20.638;0.004999999999999005
2026-09-22T12:47:16.729+02:00;5827.729649;20.642;20.636;0.006000000000000227
2026-09-22T12:47:18.526+02:00;5829.526828;20.643;20.637;0.006000000000000227
2026-09-22T12:47:20.323+02:00;5831.324231;20.644;20.637;0.006999999999997897
2026-09-22T12:47:22.122+02:00;5833.122771;20.644;20.638;0.005999999999996675
2026-09-22T12:47:23.918+02:00;5834.918951;20.644;20.638;0.005999999999996675
2026-09-22T12:47:25.715+02:00;5836.716335;20.644;20.638;0.005999999999996675
2026-09-22T12:47:27.513+02:00;5838.513884;20.644;20.638;0.005999999999996675
2026-09-22T12:47:29.310+02:00;5840.311034;20.646;20.638;0.007999999999999119
2026-09-22T12:47:31.107+02:00;5842.108425;20.643;20.638;0.004999999999999005
2026-09-22T12:47:32.905+02:00;5843.905996;20.648;20.638;0.00999999999999801
2026-09-22T12:47:34.702+02:00;5845.703214;20.648;20.638;0.00999999999999801
2026-09-22T12:47:36.500+02:00;5847.500593;20.649;20.638;0.010999999999999233
2026-09-22T12:47:38.297+02:00;5849.298090;20.651;20.638;0.012999999999998124
2026-09-22T12:47:40.094+02:00;5851.095334;20.654;20.638;0.015999999999998238
2026-09-22T12:47:41.892+02:00;5852.892697;20.651;20.638;0.012999999999998124
2026-09-22T12:47:43.689+02:00;5854.690200;20.654;20.638;0.015999999999998238
2026-09-22T12:47:45.486+02:00;5856.487400;20.656;20.638;0.01799999999999713
2026-09-22T12:47:47.284+02:00;5858.284753;20.653;20.638;0.014999999999997016
2026-09-22T12:47:49.081+02:00;5860.082306;20.657;20.638;0.01899999999999835
2026-09-22T12:47:50.879+02:00;5861.879602;20.656;20.638;0.01799999999999713
2026-09-22T12:47:52.676+02:00;5863.676919;20.658;20.638;0.019999999999999574
2026-09-22T12:47:54.473+02:00;5865.474459;20.657;20.639;0.018000000000000682
2026-09-22T12:47:56.271+02:00;5867.271695;20.658;20.638;0.019999999999999574
2026-09-22T12:47:58.068+02:00;5869.069015;20.658;20.638;0.019999999999999574
2026-09-22T12:47:59.867+02:00;5870.867569;20.658;20.638;0.019999999999999574
2026-09-22T12:48:01.663+02:00;5872.663819;20.658;20.638;0.019999999999999574
2026-09-22T12:48:03.460+02:00;5874.461205;20.658;20.638;0.019999999999999574
2026-09-22T12:48:05.681+02:00;5876.681672;20.658;20.638;0.019999999999999574
2026-09-22T12:48:07.478+02:00;5878.478852;20.657;20.638;0.01899999999999835
2026-09-22T12:48:09.275+02:00;5880.276207;20.658;20.638;0.019999999999999574
2026-09-22T12:48:11.073+02:00;5882.073876;20.658;20.639;0.019000000000001904
2026-09-22T12:48:12.871+02:00;5883.871937;20.658;20.638;0.019999999999999574
2026-09-22T12:48:14.667+02:00;5885.668337;20.658;20.64;0.018000000000000682
2026-09-22T12:48:16.465+02:00;5887.465895;20.658;20.64;0.018000000000000682
2026-09-22T12:48:18.262+02:00;5889.263113;20.658;20.64;0.018000000000000682
2026-09-22T12:48:20.060+02:00;5891.060507;20.658;20.639;0.019000000000001904
2026-09-22T12:48:21.858+02:00;5892.859030;20.658;20.643;0.015000000000000568
2026-09-22T12:48:24.224+02:00;5895.225385;20.658;20.642;0.01600000000000179
2026-09-22T12:48:26.012+02:00;5897.012856;20.658;20.642;0.01600000000000179
2026-09-22T12:48:27.810+02:00;5898.811285;20.658;20.642;0.01600000000000179
2026-09-22T12:48:29.607+02:00;5900.607600;20.658;20.645;0.013000000000001677
2026-09-22T12:48:31.404+02:00;5902.405009;20.658;20.646;0.012000000000000455
2026-09-22T12:48:33.201+02:00;5904.202368;20.658;20.644;0.014000000000002899
2026-09-22T12:48:34.999+02:00;5905.999733;20.658;20.646;0.012000000000000455
2026-09-22T12:48:36.796+02:00;5907.797081;20.658;20.644;0.014000000000002899
2026-09-22T12:48:38.594+02:00;5909.594488;20.658;20.65;0.008000000000002672
2026-09-22T12:48:40.391+02:00;5911.391884;20.658;20.65;0.008000000000002672
2026-09-22T12:48:42.188+02:00;5913.189410;20.658;20.653;0.005000000000002558
2026-09-22T12:48:43.986+02:00;5914.986637;20.659;20.651;0.007999999999999119
2026-09-22T12:48:45.784+02:00;5916.785003;20.658;20.652;0.006000000000000227
2026-09-22T12:48:47.582+02:00;5918.582532;20.659;20.653;0.006000000000000227
2026-09-22T12:48:49.378+02:00;5920.378747;20.66;20.652;0.007999999999999119
2026-09-22T12:48:51.175+02:00;5922.176136;20.659;20.654;0.004999999999999005
2026-09-22T12:48:52.973+02:00;5923.973647;20.661;20.654;0.0070000000000014495
2026-09-22T12:48:54.770+02:00;5925.770882;20.659;20.653;0.006000000000000227
2026-09-22T12:48:56.567+02:00;5927.568278;20.658;20.654;0.004000000000001336
2026-09-22T12:48:58.365+02:00;5929.365786;20.663;20.654;0.009000000000000341
2026-09-22T12:49:00.162+02:00;5931.163039;20.663;20.654;0.009000000000000341
2026-09-22T12:49:01.959+02:00;5932.960405;20.664;20.654;0.010000000000001563
2026-09-22T12:49:03.757+02:00;5934.757901;20.666;20.654;0.012000000000000455
2026-09-22T12:49:05.554+02:00;5936.555102;20.666;20.654;0.012000000000000455
2026-09-22T12:49:07.352+02:00;5938.352528;20.669;20.654;0.015000000000000568
2026-09-22T12:49:09.149+02:00;5940.149970;20.662;20.654;0.007999999999999119
2026-09-22T12:49:10.946+02:00;5941.947286;20.668;20.654;0.013999999999999346
2026-09-22T12:49:12.745+02:00;5943.745627;20.667;20.654;0.013000000000001677
2026-09-22T12:49:14.541+02:00;5945.542103;20.67;20.654;0.01600000000000179
2026-09-22T12:49:16.338+02:00;5947.339365;20.672;20.654;0.018000000000000682
2026-09-22T12:49:18.136+02:00;5949.136749;20.67;20.654;0.01600000000000179
2026-09-22T12:49:19.933+02:00;5950.934203;20.672;20.654;0.018000000000000682
2026-09-22T12:49:21.730+02:00;5952.731471;20.673;20.654;0.01899999999999835
2026-09-22T12:49:23.528+02:00;5954.528875;20.673;20.654;0.01899999999999835
2026-09-22T12:49:25.325+02:00;5956.326302;20.673;20.654;0.01899999999999835
2026-09-22T12:49:27.124+02:00;5958.124567;20.673;20.654;0.01899999999999835
2026-09-22T12:49:28.920+02:00;5959.920904;20.674;20.654;0.019999999999999574
2026-09-22T12:49:30.717+02:00;5961.718442;20.674;20.654;0.019999999999999574
2026-09-22T12:49:32.515+02:00;5963.515714;20.674;20.654;0.019999999999999574
2026-09-22T12:49:34.912+02:00;5965.912517;20.674;20.654;0.019999999999999574
2026-09-22T12:49:36.700+02:00;5967.700775;20.674;20.654;0.019999999999999574
2026-09-22T12:49:38.497+02:00;5969.498145;20.674;20.655;0.01899999999999835
2026-09-22T12:49:40.296+02:00;5971.296638;20.674;20.655;0.01899999999999835
2026-09-22T12:49:42.092+02:00;5973.092923;20.674;20.655;0.01899999999999835
2026-09-22T12:49:43.889+02:00;5974.890286;20.674;20.657;0.01699999999999946
2026-09-22T12:49:45.687+02:00;5976.687748;20.674;20.658;0.015999999999998238
2026-09-22T12:49:47.484+02:00;5978.485020;20.674;20.655;0.01899999999999835
2026-09-22T12:49:49.282+02:00;5980.283360;20.674;20.657;0.01699999999999946
2026-09-22T12:49:51.079+02:00;5982.079844;20.674;20.66;0.013999999999999346
2026-09-22T12:49:52.876+02:00;5983.877073;20.674;20.659;0.015000000000000568
2026-09-22T12:49:54.673+02:00;5985.674462;20.674;20.66;0.013999999999999346
2026-09-22T12:49:56.471+02:00;5987.471981;20.674;20.66;0.013999999999999346
2026-09-22T12:49:58.269+02:00;5989.270234;20.674;20.662;0.012000000000000455
2026-09-22T12:50:00.637+02:00;5991.638378;20.674;20.661;0.012999999999998124
2026-09-22T12:50:02.425+02:00;5993.425875;20.674;20.662;0.012000000000000455
2026-09-22T12:50:04.222+02:00;5995.223225;20.674;20.668;0.006000000000000227
2026-09-22T12:50:06.564+02:00;5997.565286;20.674;20.664;0.00999999999999801
2026-09-22T12:50:08.353+02:00;5999.353775;20.674;20.665;0.009000000000000341
2026-09-22T12:50:10.150+02:00;6001.151236;20.674;20.667;0.006999999999997897
2026-09-22T12:50:11.948+02:00;6002.948535;20.674;20.666;0.007999999999999119
2026-09-22T12:50:13.745+02:00;6004.745928;20.675;20.67;0.004999999999999005
2026-09-22T12:50:15.542+02:00;6006.543396;20.674;20.669;0.004999999999999005
2026-09-22T12:50:17.340+02:00;6008.340693;20.675;20.669;0.006000000000000227
2026-09-22T12:50:19.137+02:00;6010.138094;20.674;20.669;0.004999999999999005
2026-09-22T12:50:20.934+02:00;6011.935459;20.674;20.67;0.003999999999997783
2026-09-22T12:50:22.732+02:00;6013.732857;20.677;20.669;0.007999999999999119
2026-09-22T12:50:24.529+02:00;6015.530214;20.678;20.67;0.007999999999999119
2026-09-22T12:50:26.327+02:00;6017.327667;20.678;20.669;0.009000000000000341
2026-09-22T12:50:28.124+02:00;6019.124931;20.681;20.669;0.012000000000000455
2026-09-22T12:50:29.921+02:00;6020.922335;20.682;20.669;0.012999999999998124
2026-09-22T12:50:31.720+02:00;6022.720749;20.679;20.67;0.008999999999996788
2026-09-22T12:50:33.516+02:00;6024.517134;20.681;20.67;0.010999999999999233
2026-09-22T12:50:35.315+02:00;6026.315562;20.682;20.67;0.011999999999996902
2026-09-22T12:50:37.111+02:00;6028.111883;20.684;20.67;0.013999999999999346
2026-09-22T12:50:38.908+02:00;6029.909273;20.686;20.67;0.015999999999998238
2026-09-22T12:50:40.707+02:00;6031.707553;20.686;20.67;0.015999999999998238
2026-09-22T12:50:42.503+02:00;6033.503929;20.689;20.67;0.01899999999999835
2026-09-22T12:50:44.300+02:00;6035.301316;20.688;20.67;0.01799999999999713
2026-09-22T12:50:46.098+02:00;6037.098655;20.686;20.67;0.015999999999998238
2026-09-22T12:50:47.895+02:00;6038.896037;20.687;20.67;0.01699999999999946
2026-09-22T12:50:49.693+02:00;6040.694463;20.69;20.67;0.019999999999999574
2026-09-22T12:50:51.490+02:00;6042.490834;20.689;20.67;0.01899999999999835
2026-09-22T12:50:53.287+02:00;6044.288239;20.69;20.67;0.019999999999999574
2026-09-22T12:50:55.085+02:00;6046.085586;20.69;20.67;0.019999999999999574
2026-09-22T12:50:56.882+02:00;6047.882994;20.69;20.67;0.019999999999999574
2026-09-22T12:50:58.680+02:00;6049.681371;20.689;20.67;0.01899999999999835
2026-09-22T12:51:00.477+02:00;6051.477730;20.689;20.67;0.01899999999999835
2026-09-22T12:51:02.274+02:00;6053.275103;20.69;20.67;0.019999999999999574
2026-09-22T12:51:04.072+02:00;6055.072551;20.69;20.67;0.019999999999999574
2026-09-22T12:51:05.869+02:00;6056.869936;20.69;20.67;0.019999999999999574
2026-09-22T12:51:07.667+02:00;6058.668448;20.69;20.671;0.019000000000001904
2026-09-22T12:51:09.464+02:00;6060.464676;20.69;20.671;0.019000000000001904
2026-09-22T12:51:11.261+02:00;6062.262026;20.69;20.672;0.018000000000000682
2026-09-22T12:51:13.059+02:00;6064.059552;20.69;20.673;0.017000000000003013
2026-09-22T12:51:14.856+02:00;6065.856705;20.69;20.674;0.01600000000000179
2026-09-22T12:51:16.653+02:00;6067.654122;20.69;20.673;0.017000000000003013
2026-09-22T12:51:18.451+02:00;6069.451648;20.69;20.672;0.018000000000000682
2026-09-22T12:51:20.248+02:00;6071.248837;20.69;20.676;0.014000000000002899
2026-09-22T12:51:22.045+02:00;6073.046193;20.69;20.673;0.017000000000003013
2026-09-22T12:51:23.843+02:00;6074.843568;20.69;20.676;0.014000000000002899
2026-09-22T12:51:25.640+02:00;6076.640967;20.69;20.679;0.011000000000002785
2026-09-22T12:51:27.437+02:00;6078.438319;20.69;20.68;0.010000000000001563
2026-09-22T12:51:29.235+02:00;6080.235871;20.69;20.678;0.012000000000000455
2026-09-22T12:51:31.032+02:00;6082.033111;20.69;20.681;0.009000000000000341
2026-09-22T12:51:32.829+02:00;6083.830469;20.69;20.682;0.008000000000002672
2026-09-22T12:51:34.628+02:00;6085.629020;20.691;20.682;0.009000000000000341
2026-09-22T12:51:36.424+02:00;6087.425177;20.69;20.684;0.006000000000000227
2026-09-22T12:51:38.222+02:00;6089.222562;20.69;20.684;0.006000000000000227
2026-09-22T12:51:40.019+02:00;6091.020131;20.692;20.684;0.007999999999999119
2026-09-22T12:51:41.816+02:00;6092.817303;20.691;20.685;0.006000000000000227
2026-09-22T12:51:43.614+02:00;6094.614661;20.69;20.685;0.005000000000002558
2026-09-22T12:51:45.411+02:00;6096.412190;20.692;20.686;0.006000000000000227
2026-09-22T12:51:47.208+02:00;6098.209379;20.693;20.686;0.0070000000000014495
2026-09-22T12:51:49.007+02:00;6100.007765;20.691;20.685;0.006000000000000227
2026-09-22T12:51:50.803+02:00;6101.804197;20.696;20.685;0.011000000000002785
2026-09-22T12:51:52.601+02:00;6103.601480;20.697;20.686;0.010999999999999233
2026-09-22T12:51:54.398+02:00;6105.398890;20.695;20.686;0.009000000000000341
2026-09-22T12:51:56.195+02:00;6107.196443;20.695;20.686;0.009000000000000341
2026-09-22T12:51:57.993+02:00;6108.993642;20.695;20.686;0.009000000000000341
2026-09-22T12:52:00.314+02:00;6111.314777;20.7;20.686;0.013999999999999346
2026-09-22T12:52:02.102+02:00;6113.103290;20.701;20.686;0.015000000000000568
2026-09-22T12:52:03.900+02:00;6114.900709;20.703;20.686;0.01699999999999946
2026-09-22T12:52:06.039+02:00;6117.039797;20.7;20.686;0.013999999999999346
2026-09-22T12:52:07.836+02:00;6118.837187;20.703;20.686;0.01699999999999946
2026-09-22T12:52:09.634+02:00;6120.634713;20.703;20.686;0.01699999999999946
2026-09-22T12:52:11.431+02:00;6122.431876;20.705;20.686;0.01899999999999835
2026-09-22T12:52:13.228+02:00;6124.229181;20.704;20.686;0.018000000000000682
2026-09-22T12:52:15.026+02:00;6126.026514;20.704;20.686;0.018000000000000682
2026-09-22T12:52:16.823+02:00;6127.823870;20.704;20.686;0.018000000000000682
2026-09-22T12:52:18.620+02:00;6129.621190;20.706;20.686;0.019999999999999574
2026-09-22T12:52:20.418+02:00;6131.418517;20.704;20.686;0.018000000000000682
2026-09-22T12:52:22.215+02:00;6133.216010;20.706;20.686;0.019999999999999574
2026-09-22T12:52:24.012+02:00;6135.013235;20.706;20.686;0.019999999999999574
2026-09-22T12:52:25.811+02:00;6136.811568;20.706;20.686;0.019999999999999574
2026-09-22T12:52:27.607+02:00;6138.608118;20.706;20.686;0.019999999999999574
2026-09-22T12:52:29.404+02:00;6140.405318;20.706;20.686;0.019999999999999574
2026-09-22T12:52:31.202+02:00;6142.202606;20.706;20.686;0.019999999999999574
2026-09-22T12:52:32.999+02:00;6143.999997;20.706;20.688;0.018000000000000682
2026-09-22T12:52:34.796+02:00;6145.797276;20.706;20.686;0.019999999999999574
2026-09-22T12:52:36.594+02:00;6147.594640;20.706;20.688;0.018000000000000682
2026-09-22T12:52:38.391+02:00;6149.391979;20.706;20.689;0.01699999999999946
2026-09-22T12:52:40.188+02:00;6151.189395;20.706;20.687;0.01899999999999835
2026-09-22T12:52:41.986+02:00;6152.986650;20.706;20.691;0.015000000000000568
2026-09-22T12:52:43.783+02:00;6154.783972;20.706;20.691;0.015000000000000568
2026-09-22T12:52:45.580+02:00;6156.581464;20.706;20.691;0.015000000000000568
2026-09-22T12:52:47.378+02:00;6158.378709;20.706;20.688;0.018000000000000682
2026-09-22T12:52:49.175+02:00;6160.176014;20.706;20.689;0.01699999999999946
2026-09-22T12:52:50.972+02:00;6161.973360;20.706;20.697;0.009000000000000341
2026-09-22T12:52:52.771+02:00;6163.771773;20.706;20.699;0.006999999999997897
2026-09-22T12:52:54.568+02:00;6165.569134;20.706;20.695;0.010999999999999233
2026-09-22T12:52:56.365+02:00;6167.365477;20.706;20.697;0.009000000000000341
2026-09-22T12:52:58.162+02:00;6169.162832;20.706;20.698;0.007999999999999119
2026-09-22T12:52:59.959+02:00;6170.960157;20.706;20.701;0.004999999999999005
2026-09-22T12:53:01.758+02:00;6172.758545;20.706;20.7;0.006000000000000227
2026-09-22T12:53:04.067+02:00;6175.068166;20.706;20.701;0.004999999999999005
2026-09-22T12:53:05.856+02:00;6176.856662;20.707;20.699;0.007999999999999119
2026-09-22T12:53:07.653+02:00;6178.654027;20.708;20.701;0.006999999999997897
2026-09-22T12:53:09.450+02:00;6180.451431;20.708;20.701;0.006999999999997897
2026-09-22T12:53:11.248+02:00;6182.249018;20.708;20.702;0.005999999999996675
2026-09-22T12:53:13.046+02:00;6184.047203;20.713;20.701;0.012000000000000455
2026-09-22T12:53:14.843+02:00;6185.843586;20.707;20.702;0.004999999999999005
2026-09-22T12:53:16.640+02:00;6187.640889;20.709;20.703;0.006000000000000227
2026-09-22T12:53:18.437+02:00;6189.438333;20.711;20.702;0.008999999999996788
2026-09-22T12:53:20.235+02:00;6191.235646;20.711;20.703;0.007999999999999119
2026-09-22T12:53:22.032+02:00;6193.033252;20.716;20.703;0.013000000000001677
2026-09-22T12:53:23.829+02:00;6194.830440;20.708;20.703;0.004999999999999005
2026-09-22T12:53:25.627+02:00;6196.627767;20.712;20.703;0.009000000000000341
2026-09-22T12:53:27.424+02:00;6198.425330;20.717;20.703;0.013999999999999346
2026-09-22T12:53:29.222+02:00;6200.222568;20.717;20.703;0.013999999999999346
2026-09-22T12:53:31.379+02:00;6202.379855;20.718;20.703;0.015000000000000568
2026-09-22T12:53:33.176+02:00;6204.177208;20.716;20.703;0.013000000000001677
2026-09-22T12:53:34.974+02:00;6205.974560;20.719;20.703;0.01600000000000179
2026-09-22T12:53:36.771+02:00;6207.771924;20.721;20.703;0.018000000000000682
2026-09-22T12:53:38.568+02:00;6209.569275;20.721;20.703;0.018000000000000682
2026-09-22T12:53:40.367+02:00;6211.367663;20.72;20.703;0.01699999999999946
2026-09-22T12:53:42.163+02:00;6213.164010;20.723;20.703;0.019999999999999574
2026-09-22T12:53:43.960+02:00;6214.961380;20.722;20.703;0.019000000000001904
2026-09-22T12:53:45.759+02:00;6216.759813;20.723;20.703;0.019999999999999574
2026-09-22T12:53:47.555+02:00;6218.556103;20.721;20.703;0.018000000000000682
2026-09-22T12:53:49.353+02:00;6220.353474;20.723;20.703;0.019999999999999574
2026-09-22T12:53:51.150+02:00;6222.150858;20.723;20.703;0.019999999999999574
2026-09-22T12:53:52.947+02:00;6223.948200;20.723;20.703;0.019999999999999574
2026-09-22T12:53:54.745+02:00;6225.745580;20.723;20.704;0.01899999999999835
2026-09-22T12:53:56.543+02:00;6227.543979;20.723;20.703;0.019999999999999574
2026-09-22T12:53:58.670+02:00;6229.670766;20.723;20.703;0.019999999999999574
2026-09-22T12:54:00.795+02:00;6231.796019;20.723;20.704;0.01899999999999835
2026-09-22T12:54:02.592+02:00;6233.593328;20.723;20.704;0.01899999999999835
2026-09-22T12:54:04.821+02:00;6235.822440;20.723;20.705;0.018000000000000682
2026-09-22T12:54:06.619+02:00;6237.619801;20.723;20.703;0.019999999999999574
2026-09-22T12:54:08.416+02:00;6239.417189;20.723;20.705;0.018000000000000682
2026-09-22T12:54:10.214+02:00;6241.214574;20.723;20.708;0.015000000000000568
2026-09-22T12:54:12.011+02:00;6243.011942;20.723;20.708;0.015000000000000568
2026-09-22T12:54:13.808+02:00;6244.809289;20.723;20.706;0.01699999999999946
2026-09-22T12:54:15.606+02:00;6246.606920;20.723;20.708;0.015000000000000568
2026-09-22T12:54:17.403+02:00;6248.404031;20.723;20.71;0.012999999999998124
2026-09-22T12:54:19.200+02:00;6250.201448;20.723;20.709;0.013999999999999346
2026-09-22T12:54:20.998+02:00;6251.998794;20.723;20.71;0.012999999999998124
2026-09-22T12:54:22.795+02:00;6253.796130;20.723;20.71;0.012999999999998124
2026-09-22T12:54:24.593+02:00;6255.593531;20.723;20.711;0.012000000000000455
2026-09-22T12:54:26.390+02:00;6257.390856;20.723;20.713;0.00999999999999801
2026-09-22T12:54:28.187+02:00;6259.188213;20.723;20.717;0.006000000000000227
2026-09-22T12:54:29.985+02:00;6260.985669;20.723;20.716;0.006999999999997897
2026-09-22T12:54:31.782+02:00;6262.782974;20.723;20.717;0.006000000000000227
2026-09-22T12:54:33.579+02:00;6264.580336;20.723;20.716;0.006999999999997897
2026-09-22T12:54:35.377+02:00;6266.377748;20.723;20.717;0.006000000000000227
2026-09-22T12:54:37.174+02:00;6268.175149;20.724;20.719;0.004999999999999005
2026-09-22T12:54:38.972+02:00;6269.972515;20.724;20.719;0.004999999999999005
2026-09-22T12:54:40.770+02:00;6271.770892;20.724;20.719;0.004999999999999005
2026-09-22T12:54:42.566+02:00;6273.567273;20.725;20.719;0.006000000000000227
2026-09-22T12:54:44.364+02:00;6275.364672;20.725;20.718;0.0070000000000014495
2026-09-22T12:54:46.161+02:00;6277.161993;20.727;20.718;0.009000000000000341
2026-09-22T12:54:47.958+02:00;6278.959415;20.725;20.719;0.006000000000000227
2026-09-22T12:54:49.756+02:00;6280.756807;20.73;20.719;0.010999999999999233
2026-09-22T12:54:51.554+02:00;6282.555143;20.731;20.719;0.012000000000000455
2026-09-22T12:54:53.352+02:00;6284.352524;20.727;20.719;0.007999999999999119
2026-09-22T12:54:55.148+02:00;6286.148863;20.728;20.719;0.009000000000000341
2026-09-22T12:54:56.946+02:00;6287.947253;20.732;20.719;0.012999999999998124
2026-09-22T12:54:58.743+02:00;6289.743615;20.734;20.719;0.015000000000000568
2026-09-22T12:55:00.540+02:00;6291.540983;20.733;20.719;0.013999999999999346
2026-09-22T12:55:02.337+02:00;6293.338360;20.734;20.719;0.015000000000000568
2026-09-22T12:55:04.552+02:00;6295.553391;20.734;20.719;0.015000000000000568
2026-09-22T12:55:06.349+02:00;6297.349801;20.734;20.719;0.015000000000000568
2026-09-22T12:55:08.575+02:00;6299.575836;20.734;20.719;0.015000000000000568
2026-09-22T12:55:10.372+02:00;6301.373211;20.736;20.719;0.01699999999999946
2026-09-22T12:55:12.170+02:00;6303.170593;20.738;20.719;0.01899999999999835
2026-09-22T12:55:13.967+02:00;6304.967982;20.736;20.719;0.01699999999999946
2026-09-22T12:55:15.764+02:00;6306.765367;20.738;20.719;0.01899999999999835
2026-09-22T12:55:17.562+02:00;6308.562730;20.736;20.719;0.01699999999999946
2026-09-22T12:55:19.359+02:00;6310.360089;20.739;20.719;0.019999999999999574
2026-09-22T12:55:21.156+02:00;6312.157440;20.739;20.719;0.019999999999999574
2026-09-22T12:55:22.954+02:00;6313.954907;20.739;20.719;0.019999999999999574
2026-09-22T12:55:24.751+02:00;6315.752285;20.739;20.719;0.019999999999999574
2026-09-22T12:55:26.549+02:00;6317.549853;20.739;20.719;0.019999999999999574
2026-09-22T12:55:28.346+02:00;6319.347074;20.739;20.719;0.019999999999999574
2026-09-22T12:55:30.143+02:00;6321.144411;20.739;20.719;0.019999999999999574
2026-09-22T12:55:31.941+02:00;6322.941955;20.739;20.719;0.019999999999999574
2026-09-22T12:55:33.738+02:00;6324.739204;20.739;20.721;0.018000000000000682
2026-09-22T12:55:35.536+02:00;6326.536582;20.739;20.72;0.019000000000001904
2026-09-22T12:55:37.333+02:00;6328.334047;20.739;20.72;0.019000000000001904
2026-09-22T12:55:39.131+02:00;6330.132291;20.739;20.721;0.018000000000000682
2026-09-22T12:55:40.928+02:00;6331.928702;20.739;20.722;0.01699999999999946
2026-09-22T12:55:42.725+02:00;6333.726194;20.739;20.722;0.01699999999999946
2026-09-22T12:55:44.523+02:00;6335.523579;20.739;20.721;0.018000000000000682
2026-09-22T12:55:46.320+02:00;6337.320819;20.739;20.722;0.01699999999999946
2026-09-22T12:55:48.118+02:00;6339.119269;20.739;20.725;0.013999999999999346
2026-09-22T12:55:49.915+02:00;6340.915564;20.739;20.724;0.015000000000000568
2026-09-22T12:55:51.712+02:00;6342.712912;20.739;20.722;0.01699999999999946
2026-09-22T12:55:53.509+02:00;6344.510405;20.739;20.728;0.010999999999999233
2026-09-22T12:55:55.866+02:00;6346.866775;20.74;20.727;0.012999999999998124
2026-09-22T12:55:57.655+02:00;6348.655480;20.739;20.727;0.012000000000000455
2026-09-22T12:55:59.452+02:00;6350.452614;20.739;20.728;0.010999999999999233
2026-09-22T12:56:01.249+02:00;6352.250031;20.739;20.73;0.009000000000000341
2026-09-22T12:56:03.048+02:00;6354.048600;20.739;20.727;0.012000000000000455
2026-09-22T12:56:04.844+02:00;6355.844737;20.739;20.733;0.006000000000000227
2026-09-22T12:56:06.641+02:00;6357.642088;20.739;20.735;0.004000000000001336
2026-09-22T12:56:08.439+02:00;6359.439488;20.74;20.734;0.005999999999996675
2026-09-22T12:56:10.236+02:00;6361.236845;20.739;20.734;0.004999999999999005
2026-09-22T12:56:12.033+02:00;6363.034280;20.74;20.735;0.004999999999999005
2026-09-22T12:56:13.831+02:00;6364.831825;20.74;20.734;0.005999999999996675
2026-09-22T12:56:15.628+02:00;6366.629029;20.739;20.734;0.004999999999999005
2026-09-22T12:56:17.426+02:00;6368.427382;20.74;20.734;0.005999999999996675
2026-09-22T12:56:19.223+02:00;6370.223980;20.744;20.735;0.009000000000000341
2026-09-22T12:56:21.020+02:00;6372.021160;20.743;20.735;0.007999999999999119
2026-09-22T12:56:22.818+02:00;6373.818575;20.744;20.735;0.009000000000000341
2026-09-22T12:56:24.615+02:00;6375.616051;20.743;20.735;0.007999999999999119
2026-09-22T12:56:26.960+02:00;6377.960522;20.744;20.735;0.009000000000000341
2026-09-22T12:56:28.748+02:00;6379.749114;20.748;20.735;0.013000000000001677
2026-09-22T12:56:30.545+02:00;6381.546444;20.743;20.734;0.008999999999996788
2026-09-22T12:56:32.343+02:00;6383.343833;20.748;20.735;0.013000000000001677
2026-09-22T12:56:34.141+02:00;6385.142222;20.749;20.735;0.013999999999999346
2026-09-22T12:56:36.264+02:00;6387.264759;20.749;20.735;0.013999999999999346
2026-09-22T12:56:38.061+02:00;6389.062081;20.746;20.735;0.010999999999999233
2026-09-22T12:56:40.290+02:00;6391.291349;20.752;20.735;0.01699999999999946
2026-09-22T12:56:42.088+02:00;6393.088599;20.75;20.735;0.015000000000000568
2026-09-22T12:56:43.885+02:00;6394.885987;20.752;20.735;0.01699999999999946
2026-09-22T12:56:45.683+02:00;6396.683492;20.754;20.735;0.019000000000001904
2026-09-22T12:56:47.480+02:00;6398.480761;20.751;20.735;0.01600000000000179
2026-09-22T12:56:49.277+02:00;6400.278152;20.753;20.735;0.018000000000000682
2026-09-22T12:56:51.075+02:00;6402.075581;20.753;20.735;0.018000000000000682
2026-09-22T12:56:52.872+02:00;6403.872908;20.755;20.735;0.019999999999999574
2026-09-22T12:56:54.669+02:00;6405.670259;20.755;20.735;0.019999999999999574
2026-09-22T12:56:56.467+02:00;6407.467699;20.755;20.735;0.019999999999999574
2026-09-22T12:56:58.264+02:00;6409.265056;20.755;20.735;0.019999999999999574
2026-09-22T12:57:00.627+02:00;6411.627805;20.755;20.735;0.019999999999999574
2026-09-22T12:57:02.414+02:00;6413.415287;20.755;20.737;0.018000000000000682
2026-09-22T12:57:04.212+02:00;6415.212843;20.755;20.736;0.01899999999999835
2026-09-22T12:57:06.009+02:00;6417.010009;20.755;20.735;0.019999999999999574
2026-09-22T12:57:07.806+02:00;6418.807354;20.755;20.737;0.018000000000000682
2026-09-22T12:57:09.605+02:00;6420.605945;20.755;20.735;0.019999999999999574
2026-09-22T12:57:11.401+02:00;6422.402127;20.755;20.735;0.019999999999999574
2026-09-22T12:57:13.199+02:00;6424.199557;20.755;20.736;0.01899999999999835
2026-09-22T12:57:14.996+02:00;6425.997073;20.755;20.735;0.019999999999999574
2026-09-22T12:57:16.793+02:00;6427.794314;20.755;20.737;0.018000000000000682
2026-09-22T12:57:18.591+02:00;6429.591668;20.755;20.743;0.012000000000000455
2026-09-22T12:57:20.388+02:00;6431.389176;20.755;20.738;0.01699999999999946
2026-09-22T12:57:22.185+02:00;6433.186394;20.755;20.743;0.012000000000000455
2026-09-22T12:57:24.561+02:00;6435.562279;20.755;20.742;0.012999999999998124
2026-09-22T12:57:26.350+02:00;6437.350726;20.755;20.74;0.015000000000000568
2026-09-22T12:57:28.147+02:00;6439.148132;20.755;20.74;0.015000000000000568
2026-09-22T12:57:29.945+02:00;6440.945523;20.755;20.745;0.00999999999999801
2026-09-22T12:57:31.742+02:00;6442.742921;20.755;20.745;0.00999999999999801
2026-09-22T12:57:33.539+02:00;6444.540469;20.755;20.744;0.010999999999999233
2026-09-22T12:57:35.337+02:00;6446.337658;20.755;20.747;0.007999999999999119
2026-09-22T12:57:37.134+02:00;6448.135075;20.755;20.747;0.007999999999999119
2026-09-22T12:57:38.932+02:00;6449.932549;20.755;20.745;0.00999999999999801
2026-09-22T12:57:40.729+02:00;6451.729775;20.756;20.749;0.0070000000000014495
2026-09-22T12:57:42.526+02:00;6453.527191;20.755;20.751;0.003999999999997783
2026-09-22T12:57:44.324+02:00;6455.324668;20.756;20.749;0.0070000000000014495
2026-09-22T12:57:46.121+02:00;6457.121968;20.756;20.748;0.007999999999999119
2026-09-22T12:57:47.918+02:00;6458.919308;20.756;20.749;0.0070000000000014495
2026-09-22T12:57:49.716+02:00;6460.716798;20.757;20.751;0.006000000000000227
2026-09-22T12:57:51.513+02:00;6462.514112;20.757;20.75;0.0070000000000014495
2026-09-22T12:57:53.310+02:00;6464.311436;20.756;20.751;0.004999999999999005
2026-09-22T12:57:55.108+02:00;6466.108905;20.761;20.751;0.00999999999999801
2026-09-22T12:57:56.905+02:00;6467.906208;20.758;20.751;0.006999999999997897
2026-09-22T12:57:59.234+02:00;6470.235173;20.759;20.751;0.007999999999999119
2026-09-22T12:58:01.023+02:00;6472.023694;20.766;20.751;0.014999999999997016
2026-09-22T12:58:02.820+02:00;6473.821064;20.764;20.751;0.012999999999998124
2026-09-22T12:58:04.618+02:00;6475.619466;20.764;20.751;0.012999999999998124
2026-09-22T12:58:06.953+02:00;6477.953699;20.765;20.751;0.013999999999999346
2026-09-22T12:58:08.740+02:00;6479.741214;20.769;20.751;0.01799999999999713
2026-09-22T12:58:10.538+02:00;6481.538592;20.764;20.751;0.012999999999998124
2026-09-22T12:58:12.335+02:00;6483.335997;20.77;20.751;0.01899999999999835
2026-09-22T12:58:14.132+02:00;6485.133331;20.768;20.751;0.01699999999999946
2026-09-22T12:58:15.930+02:00;6486.930703;20.768;20.751;0.01699999999999946
2026-09-22T12:58:17.727+02:00;6488.728054;20.769;20.751;0.01799999999999713
2026-09-22T12:58:19.524+02:00;6490.525406;20.77;20.751;0.01899999999999835
2026-09-22T12:58:21.322+02:00;6492.322794;20.769;20.751;0.01799999999999713
2026-09-22T12:58:23.119+02:00;6494.120208;20.771;20.751;0.019999999999999574
2026-09-22T12:58:24.917+02:00;6495.917559;20.771;20.751;0.019999999999999574
2026-09-22T12:58:26.715+02:00;6497.715971;20.771;20.751;0.019999999999999574
2026-09-22T12:58:28.511+02:00;6499.512288;20.77;20.751;0.01899999999999835
2026-09-22T12:58:30.309+02:00;6501.309701;20.771;20.751;0.019999999999999574
2026-09-22T12:58:32.106+02:00;6503.107041;20.771;20.751;0.019999999999999574
2026-09-22T12:58:33.903+02:00;6504.904374;20.771;20.751;0.019999999999999574
2026-09-22T12:58:35.701+02:00;6506.701758;20.771;20.751;0.019999999999999574
2026-09-22T12:58:37.498+02:00;6508.499129;20.771;20.751;0.019999999999999574
2026-09-22T12:58:39.296+02:00;6510.296474;20.771;20.752;0.019000000000001904
2026-09-22T12:58:41.093+02:00;6512.093844;20.771;20.752;0.019000000000001904
2026-09-22T12:58:42.890+02:00;6513.891204;20.771;20.752;0.019000000000001904
2026-09-22T12:58:44.688+02:00;6515.688581;20.771;20.753;0.018000000000000682
2026-09-22T12:58:46.485+02:00;6517.485955;20.771;20.752;0.019000000000001904
2026-09-22T12:58:48.282+02:00;6519.283306;20.771;20.751;0.019999999999999574
2026-09-22T12:58:50.080+02:00;6521.080716;20.771;20.754;0.01699999999999946
2026-09-22T12:58:51.878+02:00;6522.879120;20.771;20.754;0.01699999999999946
2026-09-22T12:58:53.674+02:00;6524.675471;20.771;20.755;0.01600000000000179
2026-09-22T12:58:55.472+02:00;6526.472823;20.771;20.76;0.010999999999999233
2026-09-22T12:58:57.269+02:00;6528.270196;20.771;20.76;0.010999999999999233
2026-09-22T12:58:59.067+02:00;6530.067556;20.771;20.761;0.010000000000001563
2026-09-22T12:59:00.864+02:00;6531.864876;20.771;20.76;0.010999999999999233
2026-09-22T12:59:02.661+02:00;6533.662302;20.771;20.76;0.010999999999999233
2026-09-22T12:59:04.459+02:00;6535.459615;20.771;20.76;0.010999999999999233
2026-09-22T12:59:06.256+02:00;6537.256977;20.772;20.763;0.008999999999996788
2026-09-22T12:59:08.053+02:00;6539.054404;20.772;20.763;0.008999999999996788
2026-09-22T12:59:09.851+02:00;6540.851782;20.771;20.763;0.007999999999999119
2026-09-22T12:59:11.648+02:00;6542.649184;20.772;20.767;0.004999999999999005
2026-09-22T12:59:13.446+02:00;6544.446571;20.771;20.766;0.005000000000002558
2026-09-22T12:59:15.243+02:00;6546.243874;20.771;20.765;0.006000000000000227
2026-09-22T12:59:17.040+02:00;6548.041199;20.772;20.766;0.006000000000000227
2026-09-22T12:59:19.226+02:00;6550.227333;20.772;20.767;0.004999999999999005
2026-09-22T12:59:21.024+02:00;6552.024688;20.774;20.765;0.009000000000000341
2026-09-22T12:59:22.821+02:00;6553.822040;20.773;20.767;0.006000000000000227
2026-09-22T12:59:24.618+02:00;6555.619423;20.771;20.767;0.004000000000001336
2026-09-22T12:59:26.417+02:00;6557.417819;20.775;20.767;0.007999999999999119
2026-09-22T12:59:28.213+02:00;6559.214217;20.778;20.767;0.010999999999999233
2026-09-22T12:59:30.011+02:00;6561.011557;20.777;20.767;0.010000000000001563
2026-09-22T12:59:31.809+02:00;6562.809938;20.776;20.767;0.009000000000000341
2026-09-22T12:59:33.605+02:00;6564.606317;20.777;20.766;0.011000000000002785
2026-09-22T12:59:35.403+02:00;6566.403708;20.777;20.767;0.010000000000001563
2026-09-22T12:59:37.200+02:00;6568.201035;20.78;20.767;0.013000000000001677
2026-09-22T12:59:38.997+02:00;6569.998411;20.782;20.767;0.015000000000000568
2026-09-22T12:59:40.795+02:00;6571.795816;20.782;20.767;0.015000000000000568
2026-09-22T12:59:42.592+02:00;6573.593202;20.784;20.767;0.01699999999999946
2026-09-22T12:59:44.390+02:00;6575.390589;20.786;20.767;0.019000000000001904
2026-09-22T12:59:46.187+02:00;6577.187938;20.784;20.767;0.01699999999999946
2026-09-22T12:59:48.307+02:00;6579.307801;20.787;20.767;0.019999999999999574
2026-09-22T12:59:50.104+02:00;6581.105275;20.784;20.767;0.01699999999999946
2026-09-22T12:59:51.902+02:00;6582.902559;20.785;20.767;0.018000000000000682
2026-09-22T12:59:53.699+02:00;6584.699920;20.787;20.767;0.019999999999999574
2026-09-22T12:59:55.496+02:00;6586.497419;20.787;20.767;0.019999999999999574
2026-09-22T12:59:57.294+02:00;6588.294666;20.787;20.767;0.019999999999999574
2026-09-22T12:59:59.091+02:00;6590.092023;20.787;20.767;0.019999999999999574
2026-09-22T13:00:00.890+02:00;6591.890495;20.787;20.769;0.018000000000000682
2026-09-22T13:00:02.686+02:00;6593.686782;20.787;20.769;0.018000000000000682
2026-09-22T13:00:04.483+02:00;6595.484145;20.787;20.767;0.019999999999999574
2026-09-22T13:00:06.281+02:00;6597.281656;20.787;20.767;0.019999999999999574
2026-09-22T13:00:08.078+02:00;6599.078945;20.787;20.769;0.018000000000000682
2026-09-22T13:00:09.875+02:00;6600.876296;20.787;20.767;0.019999999999999574
2026-09-22T13:00:11.673+02:00;6602.673781;20.787;20.77;0.01699999999999946
2026-09-22T13:00:13.470+02:00;6604.471065;20.787;20.769;0.018000000000000682
2026-09-22T13:00:15.267+02:00;6606.268418;20.787;20.767;0.019999999999999574
2026-09-22T13:00:17.065+02:00;6608.065838;20.787;20.77;0.01699999999999946
2026-09-22T13:00:18.862+02:00;6609.863132;20.787;20.773;0.013999999999999346
2026-09-22T13:00:20.660+02:00;6611.660526;20.787;20.769;0.018000000000000682
2026-09-22T13:00:22.458+02:00;6613.458946;20.787;20.769;0.018000000000000682
2026-09-22T13:00:24.254+02:00;6615.255268;20.787;20.773;0.013999999999999346
2026-09-22T13:00:26.052+02:00;6617.052648;20.787;20.776;0.010999999999999233
2026-09-22T13:00:27.849+02:00;6618.850074;20.787;20.772;0.015000000000000568
2026-09-22T13:00:29.647+02:00;6620.648438;20.787;20.772;0.015000000000000568
2026-09-22T13:00:31.445+02:00;6622.445761;20.787;20.775;0.012000000000000455
2026-09-22T13:00:33.241+02:00;6624.242203;20.787;20.778;0.009000000000000341
2026-09-22T13:00:35.038+02:00;6626.039453;20.789;20.776;0.013000000000001677
2026-09-22T13:00:36.836+02:00;6627.836813;20.787;20.779;0.007999999999999119
2026-09-22T13:00:38.633+02:00;6629.634318;20.787;20.783;0.003999999999997783
2026-09-22T13:00:40.432+02:00;6631.432575;20.789;20.783;0.006000000000000227
2026-09-22T13:00:42.228+02:00;6633.228958;20.787;20.783;0.003999999999997783
2026-09-22T13:00:44.025+02:00;6635.026430;20.787;20.78;0.006999999999997897
2026-09-22T13:00:45.823+02:00;6636.823726;20.789;20.784;0.005000000000002558
2026-09-22T13:00:47.620+02:00;6638.621066;20.787;20.782;0.004999999999999005
2026-09-22T13:00:49.418+02:00;6640.418562;20.789;20.782;0.0070000000000014495
2026-09-22T13:00:51.215+02:00;6642.215825;20.787;20.783;0.003999999999997783
2026-09-22T13:00:53.012+02:00;6644.013146;20.79;20.784;0.006000000000000227
2026-09-22T13:00:54.810+02:00;6645.810637;20.79;20.783;0.006999999999997897
2026-09-22T13:00:56.607+02:00;6647.607835;20.79;20.784;0.006000000000000227
2026-09-22T13:00:58.404+02:00;6649.405214;20.794;20.784;0.010000000000001563
2026-09-22T13:01:00.202+02:00;6651.202748;20.791;20.784;0.0070000000000014495
2026-09-22T13:01:01.999+02:00;6652.999907;20.795;20.784;0.011000000000002785
2026-09-22T13:01:03.796+02:00;6654.797273;20.794;20.784;0.010000000000001563
2026-09-22T13:01:05.594+02:00;6656.594634;20.795;20.784;0.011000000000002785
2026-09-22T13:01:07.391+02:00;6658.392036;20.797;20.784;0.013000000000001677
2026-09-22T13:01:09.188+02:00;6660.189386;20.799;20.784;0.015000000000000568
2026-09-22T13:01:10.986+02:00;6661.986971;20.795;20.784;0.011000000000002785
2026-09-22T13:01:12.783+02:00;6663.784146;20.798;20.784;0.013999999999999346
2026-09-22T13:01:14.581+02:00;6665.581494;20.802;20.784;0.018000000000000682
2026-09-22T13:01:16.378+02:00;6667.379082;20.8;20.784;0.01600000000000179
2026-09-22T13:01:18.175+02:00;6669.176254;20.799;20.784;0.015000000000000568
2026-09-22T13:01:19.973+02:00;6670.973618;20.801;20.784;0.01699999999999946
2026-09-22T13:01:21.770+02:00;6672.770948;20.803;20.784;0.019000000000001904
2026-09-22T13:01:23.567+02:00;6674.568356;20.801;20.784;0.01699999999999946
2026-09-22T13:01:25.365+02:00;6676.365727;20.801;20.784;0.01699999999999946
2026-09-22T13:01:27.162+02:00;6678.163080;20.803;20.784;0.019000000000001904
2026-09-22T13:01:28.959+02:00;6679.960465;20.803;20.784;0.019000000000001904
2026-09-22T13:01:30.757+02:00;6681.757833;20.803;20.784;0.019000000000001904
2026-09-22T13:01:32.554+02:00;6683.555194;20.804;20.784;0.019999999999999574
2026-09-22T13:01:34.352+02:00;6685.352553;20.804;20.784;0.019999999999999574
2026-09-22T13:01:36.149+02:00;6687.149949;20.803;20.784;0.019000000000001904
2026-09-22T13:01:37.947+02:00;6688.947540;20.804;20.784;0.019999999999999574
2026-09-22T13:01:39.744+02:00;6690.744750;20.804;20.785;0.01899999999999835
2026-09-22T13:01:41.541+02:00;6692.542116;20.804;20.785;0.01899999999999835
2026-09-22T13:01:43.339+02:00;6694.339647;20.803;20.784;0.019000000000001904
2026-09-22T13:01:45.136+02:00;6696.136824;20.804;20.785;0.01899999999999835
2026-09-22T13:01:46.933+02:00;6697.934200;20.804;20.785;0.01899999999999835
2026-09-22T13:01:48.731+02:00;6699.731772;20.804;20.785;0.01899999999999835
2026-09-22T13:01:50.529+02:00;6701.529932;20.804;20.786;0.01799999999999713
2026-09-22T13:01:52.325+02:00;6703.326311;20.804;20.786;0.01799999999999713
2026-09-22T13:01:54.123+02:00;6705.123879;20.804;20.787;0.01699999999999946
2026-09-22T13:01:55.920+02:00;6706.921085;20.804;20.784;0.019999999999999574
2026-09-22T13:01:57.717+02:00;6708.718466;20.804;20.79;0.013999999999999346
2026-09-22T13:01:59.516+02:00;6710.516989;20.804;20.79;0.013999999999999346
2026-09-22T13:02:01.312+02:00;6712.313156;20.804;20.789;0.014999999999997016
2026-09-22T13:02:03.110+02:00;6714.110549;20.804;20.789;0.014999999999997016
2026-09-22T13:02:04.907+02:00;6715.908081;20.804;20.79;0.013999999999999346
2026-09-22T13:02:06.704+02:00;6717.705280;20.804;20.792;0.011999999999996902
2026-09-22T13:02:08.503+02:00;6719.503692;20.804;20.791;0.012999999999998124
2026-09-22T13:02:10.299+02:00;6721.300198;20.804;20.795;0.008999999999996788
2026-09-22T13:02:12.096+02:00;6723.097451;20.804;20.797;0.006999999999997897
2026-09-22T13:02:13.894+02:00;6724.894795;20.804;20.797;0.006999999999997897
2026-09-22T13:02:15.691+02:00;6726.692329;20.804;20.796;0.007999999999999119
2026-09-22T13:02:17.489+02:00;6728.489578;20.804;20.799;0.004999999999999005
2026-09-22T13:02:19.286+02:00;6730.286915;20.804;20.799;0.004999999999999005
2026-09-22T13:02:21.084+02:00;6732.084486;20.804;20.797;0.006999999999997897
2026-09-22T13:02:22.881+02:00;6733.881664;20.804;20.799;0.004999999999999005
2026-09-22T13:02:24.678+02:00;6735.679058;20.806;20.8;0.006000000000000227
2026-09-22T13:02:26.476+02:00;6737.476584;20.805;20.8;0.004999999999999005
2026-09-22T13:02:28.273+02:00;6739.273734;20.807;20.8;0.006999999999997897
2026-09-22T13:02:30.070+02:00;6741.071114;20.808;20.8;0.007999999999999119
2026-09-22T13:02:31.868+02:00;6742.868668;20.808;20.799;0.009000000000000341
2026-09-22T13:02:33.665+02:00;6744.665826;20.807;20.8;0.006999999999997897
2026-09-22T13:02:35.462+02:00;6746.463216;20.811;20.8;0.010999999999999233
2026-09-22T13:02:37.260+02:00;6748.260783;20.81;20.8;0.00999999999999801
2026-09-22T13:02:39.057+02:00;6750.057978;20.809;20.8;0.009000000000000341
2026-09-22T13:02:40.854+02:00;6751.855326;20.812;20.8;0.012000000000000455
2026-09-22T13:02:42.652+02:00;6753.652893;20.812;20.8;0.012000000000000455
2026-09-22T13:02:44.449+02:00;6755.450014;20.81;20.8;0.00999999999999801
2026-09-22T13:02:46.246+02:00;6757.247409;20.814;20.8;0.013999999999999346
2026-09-22T13:02:48.044+02:00;6759.044741;20.815;20.8;0.015000000000000568
2026-09-22T13:02:49.841+02:00;6760.842134;20.816;20.8;0.015999999999998238
2026-09-22T13:02:51.639+02:00;6762.639500;20.818;20.8;0.018000000000000682
2026-09-22T13:02:53.436+02:00;6764.436896;20.816;20.8;0.015999999999998238
2026-09-22T13:02:55.233+02:00;6766.234206;20.817;20.8;0.01699999999999946
2026-09-22T13:02:57.031+02:00;6768.031615;20.819;20.8;0.01899999999999835
2026-09-22T13:02:58.828+02:00;6769.828934;20.82;20.8;0.019999999999999574
2026-09-22T13:03:00.626+02:00;6771.627297;20.82;20.8;0.019999999999999574
2026-09-22T13:03:02.423+02:00;6773.423649;20.819;20.8;0.01899999999999835
2026-09-22T13:03:04.220+02:00;6775.221043;20.82;20.8;0.019999999999999574
2026-09-22T13:03:06.018+02:00;6777.019435;20.82;20.8;0.019999999999999574
2026-09-22T13:03:07.815+02:00;6778.815772;20.82;20.8;0.019999999999999574
2026-09-22T13:03:09.612+02:00;6780.613184;20.82;20.8;0.019999999999999574
2026-09-22T13:03:11.411+02:00;6782.411530;20.82;20.8;0.019999999999999574
2026-09-22T13:03:13.207+02:00;6784.207897;20.82;20.8;0.019999999999999574
2026-09-22T13:03:15.004+02:00;6786.005226;20.82;20.8;0.019999999999999574
2026-09-22T13:03:17.330+02:00;6788.331109;20.82;20.8;0.019999999999999574
2026-09-22T13:03:19.119+02:00;6790.119651;20.82;20.802;0.018000000000000682
2026-09-22T13:03:20.916+02:00;6791.916949;20.82;20.803;0.01699999999999946
2026-09-22T13:03:22.713+02:00;6793.714329;20.82;20.8;0.019999999999999574
2026-09-22T13:03:24.512+02:00;6795.512748;20.82;20.802;0.018000000000000682
2026-09-22T13:03:26.308+02:00;6797.309115;20.82;20.8;0.019999999999999574
2026-09-22T13:03:28.106+02:00;6799.106480;20.82;20.803;0.01699999999999946
2026-09-22T13:03:29.904+02:00;6800.904935;20.82;20.803;0.01699999999999946
2026-09-22T13:03:31.700+02:00;6802.701295;20.82;20.805;0.015000000000000568
2026-09-22T13:03:33.498+02:00;6804.498614;20.82;20.804;0.01600000000000179
2026-09-22T13:03:35.295+02:00;6806.295990;20.82;20.808;0.012000000000000455
2026-09-22T13:03:37.092+02:00;6808.093313;20.82;20.807;0.013000000000001677
2026-09-22T13:03:38.890+02:00;6809.890727;20.82;20.805;0.015000000000000568
2026-09-22T13:03:40.687+02:00;6811.688073;20.82;20.809;0.010999999999999233
2026-09-22T13:03:42.485+02:00;6813.485515;20.82;20.809;0.010999999999999233
2026-09-22T13:03:44.282+02:00;6815.282981;20.82;20.809;0.010999999999999233
2026-09-22T13:03:46.080+02:00;6817.081212;20.82;20.811;0.009000000000000341
2026-09-22T13:03:47.877+02:00;6818.877622;20.82;20.812;0.007999999999999119
2026-09-22T13:03:49.674+02:00;6820.675021;20.82;20.811;0.009000000000000341
2026-09-22T13:03:51.471+02:00;6822.472319;20.82;20.813;0.0070000000000014495
2026-09-22T13:03:53.269+02:00;6824.269753;20.82;20.813;0.0070000000000014495
2026-09-22T13:03:55.066+02:00;6826.067141;20.82;20.815;0.004999999999999005
2026-09-22T13:03:56.864+02:00;6827.864528;20.822;20.816;0.006000000000000227
2026-09-22T13:03:58.661+02:00;6829.661924;20.822;20.815;0.006999999999997897
2026-09-22T13:04:00.459+02:00;6831.459530;20.822;20.816;0.006000000000000227
2026-09-22T13:04:02.256+02:00;6833.256649;20.821;20.816;0.005000000000002558
2026-09-22T13:04:04.053+02:00;6835.054057;20.823;20.815;0.007999999999999119
2026-09-22T13:04:05.850+02:00;6836.851379;20.824;20.816;0.008000000000002672
2026-09-22T13:04:07.648+02:00;6838.648775;20.825;20.816;0.009000000000000341
2026-09-22T13:04:09.445+02:00;6840.446153;20.825;20.816;0.009000000000000341
2026-09-22T13:04:11.243+02:00;6842.243730;20.823;20.816;0.0070000000000014495
2026-09-22T13:04:13.040+02:00;6844.040942;20.826;20.816;0.010000000000001563
2026-09-22T13:04:14.837+02:00;6845.838351;20.824;20.816;0.008000000000002672
2026-09-22T13:04:16.635+02:00;6847.635860;20.829;20.816;0.013000000000001677
2026-09-22T13:04:18.432+02:00;6849.433070;20.831;20.816;0.015000000000000568
2026-09-22T13:04:20.229+02:00;6851.230434;20.829;20.816;0.013000000000001677
2026-09-22T13:04:22.027+02:00;6853.027974;20.83;20.816;0.013999999999999346
2026-09-22T13:04:23.824+02:00;6854.825191;20.831;20.816;0.015000000000000568
2026-09-22T13:04:25.622+02:00;6856.622585;20.833;20.816;0.01699999999999946
2026-09-22T13:04:27.419+02:00;6858.420078;20.833;20.816;0.01699999999999946
2026-09-22T13:04:29.216+02:00;6860.217373;20.835;20.816;0.019000000000001904
2026-09-22T13:04:31.014+02:00;6862.014712;20.834;20.816;0.018000000000000682
2026-09-22T13:04:32.811+02:00;6863.812168;20.834;20.816;0.018000000000000682
2026-09-22T13:04:34.609+02:00;6865.610463;20.833;20.816;0.01699999999999946
2026-09-22T13:04:36.406+02:00;6867.406820;20.835;20.816;0.019000000000001904
2026-09-22T13:04:38.203+02:00;6869.204292;20.835;20.816;0.019000000000001904
2026-09-22T13:04:40.001+02:00;6871.001565;20.835;20.816;0.019000000000001904
2026-09-22T13:04:41.798+02:00;6872.798959;20.836;20.816;0.019999999999999574
2026-09-22T13:04:43.596+02:00;6874.597416;20.835;20.816;0.019000000000001904
2026-09-22T13:04:45.393+02:00;6876.393693;20.836;20.816;0.019999999999999574
2026-09-22T13:04:47.190+02:00;6878.191060;20.836;20.816;0.019999999999999574
2026-09-22T13:04:49.493+02:00;6880.493946;20.836;20.816;0.019999999999999574
2026-09-22T13:04:51.282+02:00;6882.282570;20.836;20.816;0.019999999999999574
2026-09-22T13:04:53.079+02:00;6884.079820;20.836;20.816;0.019999999999999574
2026-09-22T13:04:54.876+02:00;6885.877167;20.836;20.816;0.019999999999999574
2026-09-22T13:04:56.675+02:00;6887.675676;20.836;20.818;0.01799999999999713
2026-09-22T13:04:58.471+02:00;6889.471958;20.836;20.817;0.01899999999999835
2026-09-22T13:05:00.268+02:00;6891.269385;20.836;20.818;0.01799999999999713
2026-09-22T13:05:02.067+02:00;6893.067838;20.836;20.818;0.01799999999999713
2026-09-22T13:05:03.863+02:00;6894.864112;20.836;20.82;0.015999999999998238
2026-09-22T13:05:05.661+02:00;6896.661506;20.836;20.819;0.01699999999999946
2026-09-22T13:05:07.458+02:00;6898.458910;20.836;20.82;0.015999999999998238
2026-09-22T13:05:09.255+02:00;6900.256176;20.836;20.818;0.01799999999999713
2026-09-22T13:05:11.053+02:00;6902.053591;20.836;20.822;0.013999999999999346
2026-09-22T13:05:12.850+02:00;6903.851022;20.836;20.821;0.014999999999997016
2026-09-22T13:05:14.648+02:00;6905.649381;20.836;20.826;0.00999999999999801
2026-09-22T13:05:16.446+02:00;6907.446801;20.836;20.823;0.012999999999998124
2026-09-22T13:05:18.243+02:00;6909.244135;20.837;20.827;0.00999999999999801
2026-09-22T13:05:20.040+02:00;6911.040496;20.836;20.826;0.00999999999999801
2026-09-22T13:05:21.837+02:00;6912.837919;20.836;20.826;0.00999999999999801
2026-09-22T13:05:23.634+02:00;6914.635286;20.836;20.828;0.007999999999999119
2026-09-22T13:05:25.432+02:00;6916.432665;20.836;20.829;0.006999999999997897
2026-09-22T13:05:27.229+02:00;6918.230108;20.836;20.831;0.004999999999999005
2026-09-22T13:05:29.026+02:00;6920.027419;20.836;20.831;0.004999999999999005
2026-09-22T13:05:30.824+02:00;6921.824832;20.836;20.831;0.004999999999999005
2026-09-22T13:05:32.621+02:00;6923.622207;20.838;20.831;0.0070000000000014495
2026-09-22T13:05:34.419+02:00;6925.419557;20.838;20.832;0.006000000000000227
2026-09-22T13:05:36.216+02:00;6927.216919;20.836;20.831;0.004999999999999005
2026-09-22T13:05:38.594+02:00;6929.595342;20.84;20.832;0.007999999999999119
2026-09-22T13:05:40.383+02:00;6931.383732;20.838;20.832;0.006000000000000227
2026-09-22T13:05:42.180+02:00;6933.181074;20.837;20.832;0.004999999999999005
2026-09-22T13:05:43.978+02:00;6934.978648;20.841;20.831;0.010000000000001563
2026-09-22T13:05:45.775+02:00;6936.775930;20.84;20.832;0.007999999999999119
2026-09-22T13:05:47.572+02:00;6938.573295;20.841;20.832;0.009000000000000341
2026-09-22T13:05:49.370+02:00;6940.370771;20.846;20.832;0.013999999999999346
2026-09-22T13:05:51.167+02:00;6942.168044;20.844;20.832;0.012000000000000455
2026-09-22T13:05:52.964+02:00;6943.965431;20.844;20.832;0.012000000000000455
2026-09-22T13:05:54.762+02:00;6945.762884;20.845;20.832;0.012999999999998124
2026-09-22T13:05:56.559+02:00;6947.560185;20.847;20.832;0.015000000000000568
2026-09-22T13:05:58.357+02:00;6949.357546;20.847;20.832;0.015000000000000568
2026-09-22T13:06:00.154+02:00;6951.154983;20.848;20.832;0.015999999999998238
2026-09-22T13:06:01.951+02:00;6952.952301;20.849;20.832;0.01699999999999946
2026-09-22T13:06:03.749+02:00;6954.749663;20.849;20.832;0.01699999999999946
2026-09-22T13:06:05.546+02:00;6956.547093;20.849;20.832;0.01699999999999946
2026-09-22T13:06:07.343+02:00;6958.344439;20.851;20.832;0.01899999999999835
2026-09-22T13:06:09.141+02:00;6960.141831;20.85;20.832;0.018000000000000682
2026-09-22T13:06:10.938+02:00;6961.939209;20.849;20.832;0.01699999999999946
2026-09-22T13:06:12.737+02:00;6963.737599;20.851;20.832;0.01899999999999835
2026-09-22T13:06:14.533+02:00;6965.533969;20.852;20.832;0.019999999999999574
2026-09-22T13:06:16.330+02:00;6967.331367;20.852;20.832;0.019999999999999574
2026-09-22T13:06:18.128+02:00;6969.128774;20.851;20.832;0.01899999999999835
2026-09-22T13:06:19.925+02:00;6970.926146;20.852;20.832;0.019999999999999574
2026-09-22T13:06:21.723+02:00;6972.723533;20.852;20.832;0.019999999999999574
2026-09-22T13:06:23.520+02:00;6974.520918;20.852;20.833;0.019000000000001904
2026-09-22T13:06:25.317+02:00;6976.318306;20.852;20.832;0.019999999999999574
2026-09-22T13:06:27.115+02:00;6978.115693;20.852;20.832;0.019999999999999574
2026-09-22T13:06:28.912+02:00;6979.913030;20.852;20.832;0.019999999999999574
2026-09-22T13:06:30.711+02:00;6981.711604;20.852;20.834;0.018000000000000682
2026-09-22T13:06:32.507+02:00;6983.507823;20.852;20.833;0.019000000000001904
2026-09-22T13:06:34.304+02:00;6985.305226;20.852;20.834;0.018000000000000682
2026-09-22T13:06:36.102+02:00;6987.102695;20.852;20.836;0.01600000000000179
2026-09-22T13:06:37.899+02:00;6988.899940;20.852;20.836;0.01600000000000179
2026-09-22T13:06:39.696+02:00;6990.697292;20.852;20.835;0.01699999999999946
2026-09-22T13:06:41.494+02:00;6992.494837;20.852;20.835;0.01699999999999946
2026-09-22T13:06:43.802+02:00;6994.802931;20.852;20.838;0.013999999999999346
2026-09-22T13:06:45.590+02:00;6996.591182;20.852;20.839;0.013000000000001677
2026-09-22T13:06:47.388+02:00;6998.388583;20.852;20.84;0.012000000000000455
2026-09-22T13:06:49.185+02:00;7000.185998;20.852;20.842;0.010000000000001563
2026-09-22T13:06:50.982+02:00;7001.983316;20.852;20.841;0.010999999999999233
2026-09-22T13:06:52.781+02:00;7003.781728;20.852;20.84;0.012000000000000455
2026-09-22T13:06:54.577+02:00;7005.578103;20.852;20.842;0.010000000000001563
2026-09-22T13:06:56.374+02:00;7007.375465;20.852;20.843;0.009000000000000341
2026-09-22T13:06:58.172+02:00;7009.172853;20.852;20.843;0.009000000000000341
2026-09-22T13:06:59.969+02:00;7010.970230;20.852;20.843;0.009000000000000341
2026-09-22T13:07:01.767+02:00;7012.767663;20.853;20.848;0.005000000000002558
2026-09-22T13:07:03.564+02:00;7014.565121;20.852;20.846;0.006000000000000227
2026-09-22T13:07:05.361+02:00;7016.362428;20.856;20.848;0.008000000000002672
2026-09-22T13:07:07.160+02:00;7018.160924;20.852;20.848;0.004000000000001336
2026-09-22T13:07:08.956+02:00;7019.957162;20.853;20.848;0.005000000000002558
2026-09-22T13:07:10.754+02:00;7021.754536;20.855;20.848;0.0070000000000014495
2026-09-22T13:07:12.551+02:00;7023.551938;20.857;20.847;0.00999999999999801
2026-09-22T13:07:14.348+02:00;7025.349282;20.856;20.849;0.0070000000000014495
2026-09-22T13:07:16.146+02:00;7027.146627;20.855;20.849;0.006000000000000227
2026-09-22T13:07:17.943+02:00;7028.944016;20.857;20.849;0.007999999999999119
2026-09-22T13:07:19.740+02:00;7030.741390;20.857;20.849;0.007999999999999119
2026-09-22T13:07:21.963+02:00;7032.963708;20.859;20.849;0.010000000000001563
2026-09-22T13:07:23.760+02:00;7034.761057;20.859;20.849;0.010000000000001563
2026-09-22T13:07:25.558+02:00;7036.559392;20.86;20.849;0.010999999999999233
2026-09-22T13:07:27.355+02:00;7038.355913;20.861;20.849;0.012000000000000455
2026-09-22T13:07:29.659+02:00;7040.660433;20.857;20.849;0.007999999999999119
2026-09-22T13:07:31.448+02:00;7042.448901;20.868;20.849;0.01899999999999835
2026-09-22T13:07:33.245+02:00;7044.246285;20.868;20.849;0.01899999999999835
2026-09-22T13:07:35.043+02:00;7046.043661;20.864;20.849;0.015000000000000568
2026-09-22T13:07:36.840+02:00;7047.841034;20.866;20.849;0.01699999999999946
2026-09-22T13:07:38.637+02:00;7049.638446;20.867;20.849;0.018000000000000682
2026-09-22T13:07:40.435+02:00;7051.435898;20.864;20.849;0.015000000000000568
2026-09-22T13:07:42.232+02:00;7053.233216;20.868;20.849;0.01899999999999835
2026-09-22T13:07:44.031+02:00;7055.031606;20.869;20.849;0.019999999999999574
2026-09-22T13:07:45.827+02:00;7056.827974;20.868;20.849;0.01899999999999835
2026-09-22T13:07:47.624+02:00;7058.625307;20.868;20.849;0.01899999999999835
2026-09-22T13:07:49.422+02:00;7060.422714;20.868;20.849;0.01899999999999835
2026-09-22T13:07:51.219+02:00;7062.220067;20.868;20.849;0.01899999999999835
2026-09-22T13:07:53.017+02:00;7064.017499;20.869;20.849;0.019999999999999574
2026-09-22T13:07:54.814+02:00;7065.814869;20.869;20.849;0.019999999999999574
2026-09-22T13:07:56.974+02:00;7067.975402;20.869;20.85;0.01899999999999835
2026-09-22T13:07:58.772+02:00;7069.772679;20.869;20.849;0.019999999999999574
2026-09-22T13:08:00.569+02:00;7071.570035;20.869;20.85;0.01899999999999835
2026-09-22T13:08:02.367+02:00;7073.367541;20.869;20.849;0.019999999999999574
2026-09-22T13:08:04.164+02:00;7075.164746;20.869;20.85;0.01899999999999835
2026-09-22T13:08:05.961+02:00;7076.962135;20.869;20.849;0.019999999999999574
2026-09-22T13:08:07.759+02:00;7078.759639;20.869;20.849;0.019999999999999574
2026-09-22T13:08:09.556+02:00;7080.556891;20.869;20.852;0.01699999999999946
2026-09-22T13:08:11.353+02:00;7082.354375;20.869;20.851;0.018000000000000682
2026-09-22T13:08:13.151+02:00;7084.151755;20.869;20.853;0.015999999999998238
2026-09-22T13:08:14.948+02:00;7085.949125;20.869;20.852;0.01699999999999946
2026-09-22T13:08:16.746+02:00;7087.746500;20.869;20.855;0.013999999999999346
2026-09-22T13:08:18.543+02:00;7089.543859;20.869;20.853;0.015999999999998238
2026-09-22T13:08:20.340+02:00;7091.341204;20.869;20.851;0.018000000000000682
2026-09-22T13:08:22.138+02:00;7093.138583;20.869;20.856;0.012999999999998124
2026-09-22T13:08:23.935+02:00;7094.935963;20.869;20.859;0.00999999999999801
2026-09-22T13:08:26.256+02:00;7097.256510;20.869;20.857;0.012000000000000455
2026-09-22T13:08:28.043+02:00;7099.044097;20.869;20.855;0.013999999999999346
2026-09-22T13:08:29.840+02:00;7100.841439;20.869;20.862;0.0070000000000014495
2026-09-22T13:08:31.638+02:00;7102.638805;20.869;20.858;0.010999999999999233
2026-09-22T13:08:33.435+02:00;7104.436200;20.869;20.859;0.00999999999999801
2026-09-22T13:08:35.234+02:00;7106.234583;20.87;20.862;0.008000000000002672
2026-09-22T13:08:37.030+02:00;7108.030933;20.869;20.864;0.004999999999999005
2026-09-22T13:08:38.827+02:00;7109.828335;20.869;20.864;0.004999999999999005
2026-09-22T13:08:40.625+02:00;7111.625719;20.87;20.863;0.0070000000000014495
2026-09-22T13:08:42.422+02:00;7113.423065;20.87;20.865;0.005000000000002558
2026-09-22T13:08:44.221+02:00;7115.221503;20.871;20.864;0.006999999999997897
2026-09-22T13:08:46.017+02:00;7117.017857;20.87;20.864;0.006000000000000227
2026-09-22T13:08:47.814+02:00;7118.815252;20.87;20.865;0.005000000000002558
2026-09-22T13:08:49.613+02:00;7120.613644;20.87;20.864;0.006000000000000227
2026-09-22T13:08:51.409+02:00;7122.409941;20.872;20.865;0.0070000000000014495
2026-09-22T13:08:53.206+02:00;7124.207340;20.873;20.865;0.008000000000002672
2026-09-22T13:08:55.004+02:00;7126.004723;20.875;20.865;0.010000000000001563
2026-09-22T13:08:56.801+02:00;7127.802111;20.878;20.865;0.013000000000001677
2026-09-22T13:08:58.599+02:00;7129.599698;20.875;20.865;0.010000000000001563
2026-09-22T13:09:00.396+02:00;7131.396858;20.875;20.865;0.010000000000001563
2026-09-22T13:09:02.193+02:00;7133.194251;20.878;20.865;0.013000000000001677
2026-09-22T13:09:03.991+02:00;7134.991824;20.879;20.865;0.014000000000002899
2026-09-22T13:09:05.788+02:00;7136.789045;20.877;20.865;0.012000000000000455
2026-09-22T13:09:07.585+02:00;7138.586389;20.883;20.865;0.018000000000000682
2026-09-22T13:09:09.383+02:00;7140.383953;20.88;20.865;0.015000000000000568
2026-09-22T13:09:11.180+02:00;7142.181118;20.882;20.865;0.017000000000003013
2026-09-22T13:09:12.978+02:00;7143.978532;20.88;20.865;0.015000000000000568
2026-09-22T13:09:14.775+02:00;7145.776041;20.882;20.865;0.017000000000003013
2026-09-22T13:09:16.572+02:00;7147.573255;20.884;20.865;0.019000000000001904
2026-09-22T13:09:18.370+02:00;7149.370663;20.883;20.865;0.018000000000000682
2026-09-22T13:09:20.167+02:00;7151.168166;20.883;20.865;0.018000000000000682
2026-09-22T13:09:21.964+02:00;7152.965411;20.885;20.865;0.020000000000003126
2026-09-22T13:09:23.762+02:00;7154.762777;20.884;20.866;0.018000000000000682
2026-09-22T13:09:25.559+02:00;7156.560312;20.885;20.865;0.020000000000003126
2026-09-22T13:09:27.357+02:00;7158.357572;20.885;20.865;0.020000000000003126
2026-09-22T13:09:29.154+02:00;7160.154964;20.884;20.865;0.019000000000001904
2026-09-22T13:09:30.951+02:00;7161.952376;20.885;20.865;0.020000000000003126
2026-09-22T13:09:32.749+02:00;7163.749739;20.885;20.865;0.020000000000003126
2026-09-22T13:09:34.546+02:00;7165.547143;20.885;20.865;0.020000000000003126
2026-09-22T13:09:36.344+02:00;7167.344535;20.885;20.865;0.020000000000003126
2026-09-22T13:09:38.141+02:00;7169.141894;20.885;20.866;0.019000000000001904
2026-09-22T13:09:39.938+02:00;7170.939292;20.885;20.865;0.020000000000003126
2026-09-22T13:09:41.736+02:00;7172.736606;20.885;20.865;0.020000000000003126
2026-09-22T13:09:44.101+02:00;7175.101814;20.885;20.865;0.020000000000003126
2026-09-22T13:09:45.889+02:00;7176.890241;20.885;20.865;0.020000000000003126
2026-09-22T13:09:47.687+02:00;7178.687724;20.885;20.867;0.018000000000000682
2026-09-22T13:09:49.484+02:00;7180.484995;20.885;20.867;0.018000000000000682
2026-09-22T13:09:51.282+02:00;7182.283448;20.885;20.869;0.01600000000000179
2026-09-22T13:09:53.079+02:00;7184.079837;20.885;20.871;0.014000000000002899
2026-09-22T13:09:54.876+02:00;7185.877130;20.885;20.867;0.018000000000000682
2026-09-22T13:09:56.674+02:00;7187.674603;20.885;20.871;0.014000000000002899
2026-09-22T13:09:58.886+02:00;7189.886625;20.885;20.871;0.014000000000002899
2026-09-22T13:10:00.683+02:00;7191.683978;20.885;20.873;0.012000000000000455
2026-09-22T13:10:02.480+02:00;7193.481250;20.885;20.874;0.011000000000002785
2026-09-22T13:10:04.279+02:00;7195.279613;20.885;20.874;0.011000000000002785
2026-09-22T13:10:06.075+02:00;7197.076096;20.885;20.878;0.0070000000000014495
2026-09-22T13:10:07.872+02:00;7198.873377;20.885;20.875;0.010000000000001563
2026-09-22T13:10:09.670+02:00;7200.670797;20.886;20.878;0.007999999999999119
2026-09-22T13:10:11.467+02:00;7202.468220;20.885;20.878;0.0070000000000014495
2026-09-22T13:10:13.266+02:00;7204.266573;20.885;20.879;0.006000000000000227
2026-09-22T13:10:15.062+02:00;7206.062997;20.886;20.878;0.007999999999999119
2026-09-22T13:10:16.859+02:00;7207.860339;20.886;20.88;0.006000000000000227
2026-09-22T13:10:18.657+02:00;7209.657626;20.886;20.879;0.006999999999997897
2026-09-22T13:10:20.454+02:00;7211.454998;20.888;20.88;0.008000000000002672
2026-09-22T13:10:22.251+02:00;7213.252435;20.889;20.881;0.007999999999999119
2026-09-22T13:10:24.049+02:00;7215.049780;20.886;20.881;0.004999999999999005
2026-09-22T13:10:25.846+02:00;7216.847126;20.888;20.881;0.0070000000000014495
2026-09-22T13:10:27.644+02:00;7218.644551;20.888;20.881;0.0070000000000014495
2026-09-22T13:10:29.441+02:00;7220.441913;20.887;20.881;0.006000000000000227
2026-09-22T13:10:31.238+02:00;7222.239248;20.89;20.881;0.009000000000000341
2026-09-22T13:10:33.036+02:00;7224.036685;20.891;20.881;0.00999999999999801
2026-09-22T13:10:34.833+02:00;7225.834018;20.892;20.881;0.010999999999999233
2026-09-22T13:10:36.630+02:00;7227.631424;20.893;20.881;0.012000000000000455
2026-09-22T13:10:38.428+02:00;7229.428788;20.894;20.881;0.012999999999998124
2026-09-22T13:10:40.226+02:00;7231.227171;20.897;20.881;0.015999999999998238
2026-09-22T13:10:42.023+02:00;7233.023490;20.895;20.881;0.013999999999999346
2026-09-22T13:10:43.820+02:00;7234.820918;20.895;20.881;0.013999999999999346
2026-09-22T13:10:45.617+02:00;7236.618267;20.898;20.881;0.01699999999999946
2026-09-22T13:10:47.415+02:00;7238.415617;20.9;20.881;0.01899999999999835
2026-09-22T13:10:49.212+02:00;7240.213027;20.899;20.881;0.018000000000000682
2026-09-22T13:10:51.009+02:00;7242.010408;20.901;20.881;0.019999999999999574
2026-09-22T13:10:52.807+02:00;7243.807833;20.9;20.881;0.01899999999999835
2026-09-22T13:10:54.604+02:00;7245.605201;20.9;20.881;0.01899999999999835
2026-09-22T13:10:56.402+02:00;7247.402538;20.9;20.881;0.01899999999999835
2026-09-22T13:10:58.199+02:00;7249.199963;20.901;20.882;0.01899999999999835
2026-09-22T13:10:59.996+02:00;7250.997289;20.901;20.881;0.019999999999999574
2026-09-22T13:11:01.794+02:00;7252.794686;20.901;20.881;0.019999999999999574
2026-09-22T13:11:03.591+02:00;7254.592063;20.901;20.881;0.019999999999999574
2026-09-22T13:11:05.388+02:00;7256.389451;20.901;20.881;0.019999999999999574
2026-09-22T13:11:07.186+02:00;7258.186815;20.901;20.881;0.019999999999999574
2026-09-22T13:11:08.983+02:00;7259.984422;20.901;20.881;0.019999999999999574
2026-09-22T13:11:10.781+02:00;7261.781618;20.901;20.881;0.019999999999999574
2026-09-22T13:11:12.578+02:00;7263.578971;20.901;20.881;0.019999999999999574
2026-09-22T13:11:14.376+02:00;7265.376521;20.901;20.884;0.01699999999999946
2026-09-22T13:11:16.508+02:00;7267.509023;20.901;20.882;0.01899999999999835
2026-09-22T13:11:18.307+02:00;7269.307603;20.901;20.884;0.01699999999999946
2026-09-22T13:11:20.103+02:00;7271.103774;20.901;20.882;0.01899999999999835
2026-09-22T13:11:21.901+02:00;7272.902208;20.901;20.884;0.01699999999999946
2026-09-22T13:11:23.698+02:00;7274.698748;20.901;20.882;0.01899999999999835
2026-09-22T13:11:25.495+02:00;7276.495926;20.901;20.885;0.015999999999998238
2026-09-22T13:11:27.292+02:00;7278.293369;20.901;20.884;0.01699999999999946
2026-09-22T13:11:29.090+02:00;7280.090844;20.901;20.887;0.013999999999999346
2026-09-22T13:11:30.887+02:00;7281.888046;20.901;20.888;0.012999999999998124
2026-09-22T13:11:32.684+02:00;7283.685424;20.901;20.889;0.012000000000000455
2026-09-22T13:11:34.482+02:00;7285.482957;20.901;20.889;0.012000000000000455
2026-09-22T13:11:36.279+02:00;7287.280179;20.903;20.894;0.009000000000000341
2026-09-22T13:11:38.077+02:00;7289.077589;20.901;20.892;0.009000000000000341
2026-09-22T13:11:39.874+02:00;7290.875060;20.901;20.894;0.0070000000000014495
2026-09-22T13:11:41.672+02:00;7292.673341;20.901;20.893;0.007999999999999119
2026-09-22T13:11:43.469+02:00;7294.469682;20.901;20.896;0.004999999999999005
2026-09-22T13:11:45.793+02:00;7296.793487;20.901;20.896;0.004999999999999005
2026-09-22T13:11:47.580+02:00;7298.580962;20.902;20.893;0.009000000000000341
2026-09-22T13:11:49.931+02:00;7300.931913;20.901;20.891;0.010000000000001563
2026-09-22T13:11:51.719+02:00;7302.720373;20.902;20.895;0.0070000000000014495
2026-09-22T13:11:54.069+02:00;7305.070346;20.902;20.896;0.006000000000000227
2026-09-22T13:11:55.857+02:00;7306.857762;20.905;20.896;0.009000000000000341
2026-09-22T13:11:58.004+02:00;7309.004669;20.905;20.896;0.009000000000000341
2026-09-22T13:12:00.129+02:00;7311.129788;20.904;20.897;0.0070000000000014495
2026-09-22T13:12:01.926+02:00;7312.927133;20.905;20.897;0.008000000000002672
2026-09-22T13:12:03.724+02:00;7314.724551;20.907;20.897;0.010000000000001563
2026-09-22T13:12:05.522+02:00;7316.522909;20.909;20.897;0.012000000000000455
2026-09-22T13:12:07.318+02:00;7318.319315;20.912;20.897;0.015000000000000568
2026-09-22T13:12:09.116+02:00;7320.116703;20.907;20.897;0.010000000000001563
2026-09-22T13:12:10.913+02:00;7321.914066;20.909;20.897;0.012000000000000455
2026-09-22T13:12:12.710+02:00;7323.711439;20.91;20.897;0.013000000000001677
2026-09-22T13:12:14.509+02:00;7325.509864;20.912;20.897;0.015000000000000568
2026-09-22T13:12:16.305+02:00;7327.306212;20.917;20.897;0.020000000000003126
2026-09-22T13:12:18.103+02:00;7329.103557;20.914;20.897;0.017000000000003013
2026-09-22T13:12:19.901+02:00;7330.901969;20.915;20.897;0.018000000000000682
2026-09-22T13:12:21.697+02:00;7332.698297;20.912;20.897;0.015000000000000568
2026-09-22T13:12:23.495+02:00;7334.495649;20.915;20.897;0.018000000000000682
2026-09-22T13:12:25.292+02:00;7336.293055;20.914;20.897;0.017000000000003013
2026-09-22T13:12:27.089+02:00;7338.090454;20.917;20.897;0.020000000000003126
2026-09-22T13:12:28.888+02:00;7339.888835;20.916;20.897;0.019000000000001904
2026-09-22T13:12:30.685+02:00;7341.686171;20.915;20.897;0.018000000000000682
2026-09-22T13:12:32.482+02:00;7343.482574;20.917;20.897;0.020000000000003126
2026-09-22T13:12:34.280+02:00;7345.280908;20.917;20.897;0.020000000000003126
2026-09-22T13:12:36.077+02:00;7347.078375;20.917;20.897;0.020000000000003126
2026-09-22T13:12:37.874+02:00;7348.874719;20.917;20.897;0.020000000000003126
2026-09-22T13:12:39.671+02:00;7350.672059;20.917;20.897;0.020000000000003126
2026-09-22T13:12:41.468+02:00;7352.469424;20.917;20.898;0.019000000000001904
2026-09-22T13:12:43.267+02:00;7354.267826;20.917;20.899;0.018000000000000682
2026-09-22T13:12:45.063+02:00;7356.064176;20.917;20.897;0.020000000000003126
2026-09-22T13:12:46.862+02:00;7357.862576;20.917;20.897;0.020000000000003126
2026-09-22T13:12:48.658+02:00;7359.658954;20.917;20.9;0.017000000000003013
2026-09-22T13:12:50.456+02:00;7361.456524;20.917;20.9;0.017000000000003013
2026-09-22T13:12:52.254+02:00;7363.254714;20.917;20.898;0.019000000000001904
2026-09-22T13:12:54.050+02:00;7365.051123;20.917;20.898;0.019000000000001904
2026-09-22T13:12:55.849+02:00;7366.849622;20.917;20.901;0.01600000000000179
2026-09-22T13:12:57.645+02:00;7368.645950;20.917;20.904;0.013000000000001677
2026-09-22T13:12:59.442+02:00;7370.443282;20.917;20.9;0.017000000000003013
2026-09-22T13:13:01.240+02:00;7372.240755;20.917;20.904;0.013000000000001677
2026-09-22T13:13:03.037+02:00;7374.038045;20.917;20.906;0.011000000000002785
2026-09-22T13:13:04.834+02:00;7375.835409;20.917;20.902;0.015000000000000568
2026-09-22T13:13:06.632+02:00;7377.632857;20.917;20.905;0.012000000000000455
2026-09-22T13:13:08.429+02:00;7379.430212;20.917;20.906;0.011000000000002785
2026-09-22T13:13:10.227+02:00;7381.227618;20.917;20.905;0.012000000000000455
2026-09-22T13:13:12.025+02:00;7383.026006;20.917;20.907;0.010000000000001563
2026-09-22T13:13:13.821+02:00;7384.822352;20.918;20.909;0.009000000000000341
2026-09-22T13:13:15.619+02:00;7386.619707;20.917;20.909;0.008000000000002672
2026-09-22T13:13:17.417+02:00;7388.418121;20.917;20.909;0.008000000000002672
2026-09-22T13:13:19.215+02:00;7390.215484;20.917;20.91;0.0070000000000014495
2026-09-22T13:13:21.011+02:00;7392.011868;20.917;20.91;0.0070000000000014495
2026-09-22T13:13:22.809+02:00;7393.810267;20.918;20.912;0.006000000000000227
2026-09-22T13:13:24.606+02:00;7395.606622;20.917;20.913;0.004000000000001336
2026-09-22T13:13:26.403+02:00;7397.404044;20.918;20.911;0.006999999999997897
2026-09-22T13:13:28.200+02:00;7399.201420;20.918;20.912;0.006000000000000227
2026-09-22T13:13:29.998+02:00;7400.998789;20.919;20.913;0.006000000000000227
2026-09-22T13:13:31.795+02:00;7402.796148;20.919;20.913;0.006000000000000227
2026-09-22T13:13:33.593+02:00;7404.593522;20.918;20.912;0.006000000000000227
2026-09-22T13:13:35.390+02:00;7406.390906;20.921;20.912;0.009000000000000341
2026-09-22T13:13:37.187+02:00;7408.188308;20.92;20.912;0.008000000000002672
2026-09-22T13:13:38.985+02:00;7409.985669;20.921;20.911;0.00999999999999801
2026-09-22T13:13:40.782+02:00;7411.783051;20.925;20.913;0.012000000000000455
2026-09-22T13:13:42.580+02:00;7413.580624;20.924;20.913;0.010999999999999233
2026-09-22T13:13:44.377+02:00;7415.377794;20.922;20.913;0.009000000000000341
2026-09-22T13:13:46.174+02:00;7417.175188;20.927;20.913;0.013999999999999346
2026-09-22T13:13:47.972+02:00;7418.972729;20.926;20.913;0.012999999999998124
2026-09-22T13:13:49.769+02:00;7420.769956;20.931;20.913;0.018000000000000682
2026-09-22T13:13:51.566+02:00;7422.567351;20.93;20.913;0.01699999999999946
2026-09-22T13:13:53.364+02:00;7424.364839;20.93;20.913;0.01699999999999946
2026-09-22T13:13:55.161+02:00;7426.162066;20.932;20.913;0.01899999999999835
2026-09-22T13:13:56.960+02:00;7427.960504;20.931;20.913;0.018000000000000682
2026-09-22T13:13:58.756+02:00;7429.756945;20.932;20.913;0.01899999999999835
2026-09-22T13:14:00.553+02:00;7431.554242;20.93;20.913;0.01699999999999946
2026-09-22T13:14:02.352+02:00;7433.352627;20.933;20.913;0.019999999999999574
2026-09-22T13:14:04.148+02:00;7435.149058;20.931;20.913;0.018000000000000682
2026-09-22T13:14:05.945+02:00;7436.946309;20.931;20.913;0.018000000000000682
2026-09-22T13:14:07.743+02:00;7438.743728;20.931;20.913;0.018000000000000682
2026-09-22T13:14:09.540+02:00;7440.541191;20.933;20.913;0.019999999999999574
2026-09-22T13:14:11.338+02:00;7442.339446;20.932;20.913;0.01899999999999835
2026-09-22T13:14:13.135+02:00;7444.135799;20.933;20.913;0.019999999999999574
2026-09-22T13:14:14.932+02:00;7445.933280;20.933;20.913;0.019999999999999574
2026-09-22T13:14:16.730+02:00;7447.730556;20.933;20.914;0.01899999999999835
2026-09-22T13:14:18.527+02:00;7449.527907;20.933;20.913;0.019999999999999574
2026-09-22T13:14:20.325+02:00;7451.326409;20.933;20.913;0.019999999999999574
2026-09-22T13:14:22.122+02:00;7453.122693;20.933;20.916;0.01699999999999946
2026-09-22T13:14:23.919+02:00;7454.920062;20.933;20.913;0.019999999999999574
2026-09-22T13:14:25.717+02:00;7456.717507;20.933;20.914;0.01899999999999835
2026-09-22T13:14:27.514+02:00;7458.514856;20.932;20.914;0.01799999999999713
2026-09-22T13:14:29.311+02:00;7460.312210;20.933;20.913;0.019999999999999574
2026-09-22T13:14:31.109+02:00;7462.109618;20.933;20.916;0.01699999999999946
2026-09-22T13:14:32.906+02:00;7463.907054;20.933;20.913;0.019999999999999574
2026-09-22T13:14:34.703+02:00;7465.704410;20.933;20.915;0.018000000000000682
2026-09-22T13:14:36.502+02:00;7467.502780;20.933;20.918;0.015000000000000568
2026-09-22T13:14:38.298+02:00;7469.299142;20.933;20.916;0.01699999999999946
2026-09-22T13:14:40.096+02:00;7471.096562;20.933;20.918;0.015000000000000568
2026-09-22T13:14:41.893+02:00;7472.893974;20.933;20.918;0.015000000000000568
2026-09-22T13:14:43.690+02:00;7474.691306;20.933;20.917;0.015999999999998238
2026-09-22T13:14:45.488+02:00;7476.488660;20.933;20.92;0.012999999999998124
2026-09-22T13:14:47.285+02:00;7478.286057;20.933;20.925;0.007999999999999119
2026-09-22T13:14:49.082+02:00;7480.083417;20.933;20.92;0.012999999999998124
2026-09-22T13:14:50.880+02:00;7481.880794;20.933;20.921;0.012000000000000455
2026-09-22T13:14:52.677+02:00;7483.678234;20.933;20.926;0.0070000000000014495
2026-09-22T13:14:54.475+02:00;7485.475591;20.933;20.925;0.007999999999999119
2026-09-22T13:14:56.272+02:00;7487.273122;20.933;20.925;0.007999999999999119
2026-09-22T13:14:58.069+02:00;7489.070352;20.934;20.927;0.0070000000000014495
2026-09-22T13:14:59.867+02:00;7490.867710;20.933;20.928;0.004999999999999005
2026-09-22T13:15:01.664+02:00;7492.665224;20.933;20.929;0.004000000000001336
2026-09-22T13:15:03.462+02:00;7494.462496;20.933;20.928;0.004999999999999005
2026-09-22T13:15:05.259+02:00;7496.259864;20.935;20.93;0.004999999999999005
2026-09-22T13:15:07.056+02:00;7498.057353;20.936;20.929;0.0070000000000014495
2026-09-22T13:15:08.854+02:00;7499.854633;20.936;20.93;0.006000000000000227
2026-09-22T13:15:10.651+02:00;7501.652048;20.936;20.928;0.007999999999999119
2026-09-22T13:15:12.449+02:00;7503.449479;20.935;20.93;0.004999999999999005
2026-09-22T13:15:14.246+02:00;7505.246766;20.936;20.93;0.006000000000000227
2026-09-22T13:15:16.043+02:00;7507.044137;20.938;20.93;0.007999999999999119
2026-09-22T13:15:17.841+02:00;7508.841599;20.938;20.93;0.007999999999999119
2026-09-22T13:15:19.638+02:00;7510.638927;20.938;20.93;0.007999999999999119
2026-09-22T13:15:21.435+02:00;7512.436331;20.937;20.93;0.0070000000000014495
2026-09-22T13:15:23.233+02:00;7514.233713;20.941;20.93;0.010999999999999233
2026-09-22T13:15:25.030+02:00;7516.031068;20.941;20.93;0.010999999999999233
2026-09-22T13:15:26.828+02:00;7517.828485;20.945;20.93;0.015000000000000568
2026-09-22T13:15:28.625+02:00;7519.625814;20.941;20.93;0.010999999999999233
2026-09-22T13:15:30.423+02:00;7521.424198;20.944;20.93;0.013999999999999346
2026-09-22T13:15:32.732+02:00;7523.733181;20.948;20.93;0.018000000000000682
2026-09-22T13:15:34.520+02:00;7525.520706;20.948;20.93;0.018000000000000682
2026-09-22T13:15:36.317+02:00;7527.318057;20.948;20.93;0.018000000000000682
2026-09-22T13:15:38.114+02:00;7529.115467;20.946;20.93;0.01600000000000179
2026-09-22T13:15:39.912+02:00;7530.912862;20.95;20.93;0.019999999999999574
2026-09-22T13:15:41.710+02:00;7532.711305;20.949;20.93;0.019000000000001904
2026-09-22T13:15:43.508+02:00;7534.508656;20.949;20.93;0.019000000000001904
2026-09-22T13:15:45.304+02:00;7536.305170;20.95;20.93;0.019999999999999574
2026-09-22T13:15:47.101+02:00;7538.102401;20.95;20.93;0.019999999999999574
2026-09-22T13:15:49.397+02:00;7540.397579;20.949;20.93;0.019000000000001904
2026-09-22T13:15:51.185+02:00;7542.186014;20.95;20.93;0.019999999999999574
2026-09-22T13:15:52.982+02:00;7543.983433;20.95;20.931;0.01899999999999835
2026-09-22T13:15:54.781+02:00;7545.781824;20.95;20.93;0.019999999999999574
2026-09-22T13:15:56.577+02:00;7547.578378;20.95;20.93;0.019999999999999574
2026-09-22T13:15:58.375+02:00;7549.375574;20.95;20.93;0.019999999999999574
2026-09-22T13:16:00.172+02:00;7551.172986;20.95;20.932;0.018000000000000682
2026-09-22T13:16:01.970+02:00;7552.970496;20.95;20.931;0.01899999999999835
2026-09-22T13:16:03.768+02:00;7554.768702;20.95;20.932;0.018000000000000682
2026-09-22T13:16:05.564+02:00;7556.565124;20.95;20.931;0.01899999999999835
2026-09-22T13:16:07.760+02:00;7558.761405;20.95;20.933;0.01699999999999946
2026-09-22T13:16:09.558+02:00;7560.558795;20.95;20.934;0.015999999999998238
2026-09-22T13:16:11.355+02:00;7562.356131;20.95;20.931;0.01899999999999835
2026-09-22T13:16:13.153+02:00;7564.153540;20.95;20.935;0.015000000000000568
2026-09-22T13:16:14.950+02:00;7565.950928;20.95;20.934;0.015999999999998238
2026-09-22T13:16:16.747+02:00;7567.748351;20.95;20.934;0.015999999999998238
2026-09-22T13:16:18.545+02:00;7569.545875;20.95;20.934;0.015999999999998238
2026-09-22T13:16:20.343+02:00;7571.344099;20.95;20.936;0.013999999999999346
2026-09-22T13:16:22.140+02:00;7573.140485;20.951;20.937;0.013999999999999346
2026-09-22T13:16:23.937+02:00;7574.937983;20.95;20.94;0.00999999999999801
2026-09-22T13:16:25.734+02:00;7576.735224;20.95;20.939;0.010999999999999233
2026-09-22T13:16:27.532+02:00;7578.532595;20.95;20.943;0.006999999999997897
2026-09-22T13:16:29.329+02:00;7580.330122;20.95;20.943;0.006999999999997897
2026-09-22T13:16:31.126+02:00;7582.127363;20.95;20.941;0.009000000000000341
2026-09-22T13:16:32.924+02:00;7583.924737;20.95;20.943;0.006999999999997897
2026-09-22T13:16:34.722+02:00;7585.723228;20.951;20.943;0.007999999999999119
2026-09-22T13:16:36.518+02:00;7587.519467;20.95;20.941;0.009000000000000341
2026-09-22T13:16:38.316+02:00;7589.316848;20.95;20.945;0.004999999999999005
2026-09-22T13:16:40.113+02:00;7591.114308;20.95;20.946;0.003999999999997783
2026-09-22T13:16:41.912+02:00;7592.912586;20.951;20.946;0.004999999999999005
2026-09-22T13:16:43.708+02:00;7594.708968;20.953;20.945;0.007999999999999119
2026-09-22T13:16:45.505+02:00;7596.506434;20.95;20.945;0.004999999999999005
2026-09-22T13:16:47.303+02:00;7598.303768;20.95;20.945;0.004999999999999005
2026-09-22T13:16:49.101+02:00;7600.102174;20.955;20.946;0.008999999999996788
2026-09-22T13:16:50.899+02:00;7601.899560;20.952;20.946;0.006000000000000227
2026-09-22T13:16:52.695+02:00;7603.695911;20.954;20.946;0.007999999999999119
2026-09-22T13:16:54.492+02:00;7605.493299;20.955;20.946;0.008999999999996788
2026-09-22T13:16:56.291+02:00;7607.291673;20.956;20.946;0.00999999999999801
2026-09-22T13:16:58.087+02:00;7609.088071;20.957;20.946;0.010999999999999233
2026-09-22T13:16:59.886+02:00;7610.886485;20.958;20.946;0.011999999999996902
2026-09-22T13:17:01.682+02:00;7612.682894;20.958;20.946;0.011999999999996902
2026-09-22T13:17:03.479+02:00;7614.480354;20.96;20.946;0.013999999999999346
2026-09-22T13:17:05.277+02:00;7616.277854;20.96;20.946;0.013999999999999346
2026-09-22T13:17:07.074+02:00;7618.075108;20.962;20.946;0.015999999999998238
2026-09-22T13:17:08.872+02:00;7619.872472;20.963;20.946;0.01699999999999946
2026-09-22T13:17:10.669+02:00;7621.669943;20.962;20.946;0.015999999999998238
2026-09-22T13:17:12.466+02:00;7623.467206;20.964;20.946;0.01799999999999713
2026-09-22T13:17:14.264+02:00;7625.264611;20.962;20.946;0.015999999999998238
2026-09-22T13:17:16.061+02:00;7627.062073;20.963;20.946;0.01699999999999946
2026-09-22T13:17:17.858+02:00;7628.859409;20.965;20.946;0.01899999999999835
2026-09-22T13:17:19.656+02:00;7630.656783;20.966;20.946;0.019999999999999574
2026-09-22T13:17:21.453+02:00;7632.454180;20.965;20.946;0.01899999999999835
2026-09-22T13:17:23.251+02:00;7634.251527;20.966;20.946;0.019999999999999574
2026-09-22T13:17:25.048+02:00;7636.048931;20.966;20.946;0.019999999999999574
2026-09-22T13:17:26.845+02:00;7637.846277;20.966;20.946;0.019999999999999574
2026-09-22T13:17:28.643+02:00;7639.643683;20.966;20.946;0.019999999999999574
2026-09-22T13:17:30.440+02:00;7641.441059;20.966;20.946;0.019999999999999574
2026-09-22T13:17:32.237+02:00;7643.238461;20.966;20.946;0.019999999999999574
2026-09-22T13:17:34.035+02:00;7645.035813;20.966;20.947;0.019000000000001904
2026-09-22T13:17:35.832+02:00;7646.833240;20.966;20.947;0.019000000000001904
2026-09-22T13:17:37.630+02:00;7648.630562;20.966;20.946;0.019999999999999574
2026-09-22T13:17:39.427+02:00;7650.427979;20.966;20.946;0.019999999999999574
2026-09-22T13:17:41.224+02:00;7652.225367;20.966;20.946;0.019999999999999574
2026-09-22T13:17:43.022+02:00;7654.022736;20.966;20.95;0.01600000000000179
2026-09-22T13:17:44.819+02:00;7655.820114;20.966;20.946;0.019999999999999574
2026-09-22T13:17:46.617+02:00;7657.617698;20.966;20.949;0.01699999999999946
2026-09-22T13:17:48.414+02:00;7659.414942;20.966;20.95;0.01600000000000179
2026-09-22T13:17:50.211+02:00;7661.212279;20.966;20.946;0.019999999999999574
2026-09-22T13:17:52.009+02:00;7663.009835;20.966;20.952;0.013999999999999346
2026-09-22T13:17:53.806+02:00;7664.807095;20.966;20.951;0.015000000000000568
2026-09-22T13:17:55.604+02:00;7666.604476;20.966;20.951;0.015000000000000568
2026-09-22T13:17:57.401+02:00;7668.401935;20.966;20.95;0.01600000000000179
2026-09-22T13:17:59.198+02:00;7670.199239;20.966;20.952;0.013999999999999346
2026-09-22T13:18:00.996+02:00;7671.996619;20.966;20.951;0.015000000000000568
2026-09-22T13:18:02.793+02:00;7673.794048;20.966;20.954;0.012000000000000455
2026-09-22T13:18:04.590+02:00;7675.591370;20.966;20.955;0.011000000000002785
2026-09-22T13:18:06.388+02:00;7677.388754;20.966;20.958;0.008000000000002672
2026-09-22T13:18:08.185+02:00;7679.186175;20.967;20.957;0.00999999999999801
2026-09-22T13:18:09.984+02:00;7680.984518;20.966;20.959;0.0070000000000014495
2026-09-22T13:18:11.780+02:00;7682.780871;20.966;20.957;0.009000000000000341
2026-09-22T13:18:13.577+02:00;7684.578254;20.966;20.959;0.0070000000000014495
2026-09-22T13:18:15.375+02:00;7686.375693;20.966;20.958;0.008000000000002672
2026-09-22T13:18:17.173+02:00;7688.174063;20.967;20.962;0.004999999999999005
2026-09-22T13:18:18.970+02:00;7689.971415;20.967;20.96;0.006999999999997897
2026-09-22T13:18:20.767+02:00;7691.767862;20.967;20.962;0.004999999999999005
2026-09-22T13:18:22.564+02:00;7693.565221;20.968;20.961;0.0070000000000014495
2026-09-22T13:18:24.362+02:00;7695.362562;20.971;20.959;0.012000000000000455
2026-09-22T13:18:26.159+02:00;7697.159929;20.968;20.961;0.0070000000000014495
2026-09-22T13:18:27.957+02:00;7698.958333;20.969;20.962;0.0070000000000014495
2026-09-22T13:18:30.143+02:00;7701.144044;20.969;20.962;0.0070000000000014495
2026-09-22T13:18:31.940+02:00;7702.941404;20.971;20.962;0.009000000000000341
2026-09-22T13:18:33.738+02:00;7704.738808;20.967;20.962;0.004999999999999005
2026-09-22T13:18:35.536+02:00;7706.537204;20.972;20.962;0.010000000000001563
2026-09-22T13:18:37.333+02:00;7708.333732;20.976;20.962;0.013999999999999346
2026-09-22T13:18:39.538+02:00;7710.539237;20.974;20.962;0.012000000000000455
2026-09-22T13:18:41.336+02:00;7712.336609;20.978;20.962;0.01600000000000179
2026-09-22T13:18:43.133+02:00;7714.133952;20.977;20.962;0.015000000000000568
2026-09-22T13:18:44.930+02:00;7715.931339;20.977;20.962;0.015000000000000568
2026-09-22T13:18:46.728+02:00;7717.728748;20.979;20.962;0.01699999999999946
2026-09-22T13:18:48.525+02:00;7719.526146;20.98;20.962;0.018000000000000682
2026-09-22T13:18:50.323+02:00;7721.323551;20.981;20.962;0.019000000000001904
2026-09-22T13:18:52.120+02:00;7723.121095;20.98;20.962;0.018000000000000682
2026-09-22T13:18:53.917+02:00;7724.918339;20.977;20.962;0.015000000000000568
2026-09-22T13:18:55.715+02:00;7726.715717;20.977;20.962;0.015000000000000568
2026-09-22T13:18:57.512+02:00;7728.513177;20.981;20.962;0.019000000000001904
2026-09-22T13:18:59.310+02:00;7730.310498;20.981;20.962;0.019000000000001904
2026-09-22T13:19:01.107+02:00;7732.107912;20.978;20.962;0.01600000000000179
2026-09-22T13:19:02.904+02:00;7733.905294;20.981;20.962;0.019000000000001904
2026-09-22T13:19:04.702+02:00;7735.702665;20.981;20.962;0.019000000000001904
2026-09-22T13:19:06.499+02:00;7737.500059;20.982;20.962;0.019999999999999574
2026-09-22T13:19:08.297+02:00;7739.298471;20.981;20.962;0.019000000000001904
2026-09-22T13:19:10.094+02:00;7741.094841;20.982;20.962;0.019999999999999574
2026-09-22T13:19:11.891+02:00;7742.892202;20.982;20.962;0.019999999999999574
2026-09-22T13:19:13.690+02:00;7744.690610;20.982;20.963;0.01899999999999835
2026-09-22T13:19:15.486+02:00;7746.487007;20.982;20.965;0.01699999999999946
2026-09-22T13:19:17.283+02:00;7748.284369;20.982;20.962;0.019999999999999574
2026-09-22T13:19:19.081+02:00;7750.081792;20.982;20.963;0.01899999999999835
2026-09-22T13:19:20.878+02:00;7751.879189;20.982;20.963;0.01899999999999835
2026-09-22T13:19:22.677+02:00;7753.677718;20.982;20.964;0.018000000000000682
2026-09-22T13:19:24.473+02:00;7755.473959;20.982;20.962;0.019999999999999574
2026-09-22T13:19:26.270+02:00;7757.271336;20.982;20.963;0.01899999999999835
2026-09-22T13:19:28.068+02:00;7759.068839;20.982;20.965;0.01699999999999946
2026-09-22T13:19:29.865+02:00;7760.866108;20.982;20.964;0.018000000000000682
2026-09-22T13:19:31.664+02:00;7762.664550;20.982;20.968;0.013999999999999346
2026-09-22T13:19:33.460+02:00;7764.460939;20.982;20.966;0.015999999999998238
2026-09-22T13:19:35.257+02:00;7766.258315;20.982;20.966;0.015999999999998238
2026-09-22T13:19:37.055+02:00;7768.055756;20.982;20.968;0.013999999999999346
2026-09-22T13:19:38.852+02:00;7769.853096;20.982;20.97;0.012000000000000455
2026-09-22T13:19:40.650+02:00;7771.650473;20.982;20.969;0.012999999999998124
2026-09-22T13:19:42.447+02:00;7773.447876;20.982;20.968;0.013999999999999346
2026-09-22T13:19:44.244+02:00;7775.245263;20.982;20.973;0.009000000000000341
2026-09-22T13:19:46.042+02:00;7777.042654;20.982;20.972;0.00999999999999801
2026-09-22T13:19:47.839+02:00;7778.840270;20.982;20.974;0.007999999999999119
2026-09-22T13:19:49.636+02:00;7780.637438;20.983;20.97;0.013000000000001677
2026-09-22T13:19:51.434+02:00;7782.434869;20.982;20.976;0.006000000000000227
2026-09-22T13:19:53.231+02:00;7784.232359;20.983;20.976;0.0070000000000014495
2026-09-22T13:19:55.029+02:00;7786.029643;20.982;20.974;0.007999999999999119
2026-09-22T13:19:56.826+02:00;7787.827025;20.982;20.977;0.004999999999999005
2026-09-22T13:19:58.624+02:00;7789.624483;20.982;20.975;0.006999999999997897
2026-09-22T13:20:00.421+02:00;7791.421797;20.982;20.975;0.006999999999997897
2026-09-22T13:20:02.218+02:00;7793.219194;20.982;20.978;0.003999999999997783
2026-09-22T13:20:04.017+02:00;7795.017654;20.984;20.976;0.008000000000002672
2026-09-22T13:20:05.813+02:00;7796.814011;20.985;20.978;0.006999999999997897
2026-09-22T13:20:07.610+02:00;7798.611392;20.983;20.978;0.004999999999999005
2026-09-22T13:20:09.408+02:00;7800.408790;20.988;20.977;0.010999999999999233
2026-09-22T13:20:11.205+02:00;7802.206164;20.985;20.978;0.006999999999997897
2026-09-22T13:20:13.003+02:00;7804.003811;20.986;20.978;0.007999999999999119
2026-09-22T13:20:14.800+02:00;7805.800963;20.99;20.978;0.011999999999996902
2026-09-22T13:20:16.597+02:00;7807.598383;20.99;20.978;0.011999999999996902
2026-09-22T13:20:18.395+02:00;7809.395870;20.989;20.978;0.010999999999999233
2026-09-22T13:20:20.537+02:00;7811.538033;20.988;20.978;0.00999999999999801
2026-09-22T13:20:22.334+02:00;7813.335449;20.989;20.978;0.010999999999999233
2026-09-22T13:20:24.132+02:00;7815.133014;20.993;20.978;0.014999999999997016
2026-09-22T13:20:25.929+02:00;7816.930216;20.991;20.978;0.012999999999998124
2026-09-22T13:20:27.728+02:00;7818.728615;20.995;20.978;0.01699999999999946
2026-09-22T13:20:29.524+02:00;7820.525116;20.993;20.978;0.014999999999997016
2026-09-22T13:20:31.321+02:00;7822.322400;20.996;20.978;0.01799999999999713
2026-09-22T13:20:33.119+02:00;7824.119833;20.996;20.978;0.01799999999999713
2026-09-22T13:20:34.916+02:00;7825.917223;20.997;20.978;0.01899999999999835
2026-09-22T13:20:36.715+02:00;7827.715615;20.997;20.978;0.01899999999999835
2026-09-22T13:20:38.512+02:00;7829.512977;20.997;20.979;0.018000000000000682
2026-09-22T13:20:40.308+02:00;7831.309327;20.997;20.978;0.01899999999999835
2026-09-22T13:20:42.106+02:00;7833.106736;20.997;20.978;0.01899999999999835
2026-09-22T13:20:43.903+02:00;7834.904104;20.998;20.978;0.019999999999999574
2026-09-22T13:20:46.243+02:00;7837.243480;20.998;20.978;0.019999999999999574
2026-09-22T13:20:48.030+02:00;7839.030862;20.998;20.978;0.019999999999999574
2026-09-22T13:20:49.827+02:00;7840.828228;20.998;20.978;0.019999999999999574
2026-09-22T13:20:51.625+02:00;7842.625649;20.998;20.978;0.019999999999999574
2026-09-22T13:20:53.422+02:00;7844.423066;20.998;20.978;0.019999999999999574
2026-09-22T13:20:55.221+02:00;7846.221658;20.998;20.978;0.019999999999999574
2026-09-22T13:20:57.017+02:00;7848.017946;20.998;20.98;0.018000000000000682
2026-09-22T13:20:58.814+02:00;7849.815293;20.998;20.978;0.019999999999999574
2026-09-22T13:21:00.612+02:00;7851.612764;20.997;20.978;0.01899999999999835
2026-09-22T13:21:02.409+02:00;7853.410083;20.998;20.979;0.019000000000001904
2026-09-22T13:21:04.207+02:00;7855.207494;20.998;20.98;0.018000000000000682
2026-09-22T13:21:06.004+02:00;7857.004902;20.998;20.979;0.019000000000001904
2026-09-22T13:21:07.801+02:00;7858.802282;20.998;20.978;0.019999999999999574
2026-09-22T13:21:09.600+02:00;7860.600752;20.998;20.978;0.019999999999999574
2026-09-22T13:21:11.396+02:00;7862.397052;20.998;20.981;0.01699999999999946
2026-09-22T13:21:13.193+02:00;7864.194427;20.998;20.981;0.01699999999999946
2026-09-22T13:21:14.991+02:00;7865.991852;20.998;20.984;0.013999999999999346
2026-09-22T13:21:17.336+02:00;7868.337170;20.998;20.982;0.01600000000000179
2026-09-22T13:21:19.124+02:00;7870.124599;20.998;20.984;0.013999999999999346
2026-09-22T13:21:20.921+02:00;7871.922210;20.998;20.983;0.015000000000000568
2026-09-22T13:21:22.718+02:00;7873.719414;20.998;20.984;0.013999999999999346
2026-09-22T13:21:24.850+02:00;7875.850701;20.998;20.988;0.010000000000001563
2026-09-22T13:21:26.647+02:00;7877.648086;20.998;20.986;0.012000000000000455
2026-09-22T13:21:28.445+02:00;7879.445508;20.998;20.992;0.006000000000000227
2026-09-22T13:21:30.242+02:00;7881.242958;20.998;20.991;0.0070000000000014495
2026-09-22T13:21:32.039+02:00;7883.040408;20.998;20.987;0.011000000000002785
2026-09-22T13:21:33.838+02:00;7884.838712;20.998;20.991;0.0070000000000014495
2026-09-22T13:21:35.634+02:00;7886.635067;20.999;20.988;0.010999999999999233
2026-09-22T13:21:37.432+02:00;7888.432544;20.999;20.993;0.006000000000000227
2026-09-22T13:21:39.229+02:00;7890.229909;20.998;20.992;0.006000000000000227
2026-09-22T13:21:41.026+02:00;7892.027301;20.998;20.991;0.0070000000000014495
2026-09-22T13:21:42.825+02:00;7893.825705;20.999;20.991;0.007999999999999119
2026-09-22T13:21:44.621+02:00;7895.622109;20.999;20.994;0.004999999999999005
2026-09-22T13:21:46.418+02:00;7897.419456;21.0;20.994;0.006000000000000227
2026-09-22T13:21:48.216+02:00;7899.216858;21.003;20.994;0.009000000000000341
2026-09-22T13:21:50.013+02:00;7901.014277;21.001;20.993;0.008000000000002672
2026-09-22T13:21:51.811+02:00;7902.811846;20.999;20.994;0.004999999999999005
2026-09-22T13:21:53.608+02:00;7904.609025;21.004;20.994;0.010000000000001563
2026-09-22T13:21:55.405+02:00;7906.406415;21.001;20.994;0.0070000000000014495
2026-09-22T13:21:57.203+02:00;7908.203949;21.006;20.994;0.012000000000000455
2026-09-22T13:21:59.000+02:00;7910.001252;21.003;20.993;0.010000000000001563
2026-09-22T13:22:00.798+02:00;7911.798637;21.004;20.994;0.010000000000001563
2026-09-22T13:22:02.595+02:00;7913.596054;21.004;20.994;0.010000000000001563
2026-09-22T13:22:04.393+02:00;7915.394457;21.008;20.994;0.013999999999999346
2026-09-22T13:22:06.190+02:00;7917.190843;21.009;20.994;0.015000000000000568
2026-09-22T13:22:07.987+02:00;7918.988251;21.011;20.994;0.01699999999999946
2026-09-22T13:22:09.786+02:00;7920.786641;21.009;20.994;0.015000000000000568
2026-09-22T13:22:11.582+02:00;7922.583257;21.011;20.994;0.01699999999999946
2026-09-22T13:22:13.381+02:00;7924.381494;21.011;20.994;0.01699999999999946
2026-09-22T13:22:15.177+02:00;7926.177875;21.01;20.994;0.01600000000000179
2026-09-22T13:22:16.974+02:00;7927.975366;21.01;20.994;0.01600000000000179
2026-09-22T13:22:18.772+02:00;7929.772656;21.012;20.994;0.018000000000000682
2026-09-22T13:22:20.569+02:00;7931.570025;21.013;20.994;0.019000000000001904
2026-09-22T13:22:22.368+02:00;7933.368478;21.014;20.994;0.019999999999999574
2026-09-22T13:22:24.164+02:00;7935.164814;21.014;20.994;0.019999999999999574
2026-09-22T13:22:25.961+02:00;7936.962203;21.014;20.994;0.019999999999999574
2026-09-22T13:22:27.759+02:00;7938.759613;21.014;20.994;0.019999999999999574
2026-09-22T13:22:29.556+02:00;7940.557028;21.013;20.994;0.019000000000001904
2026-09-22T13:22:31.353+02:00;7942.354408;21.014;20.994;0.019999999999999574
2026-09-22T13:22:33.151+02:00;7944.151849;21.013;20.995;0.018000000000000682
2026-09-22T13:22:34.948+02:00;7945.949239;21.014;20.994;0.019999999999999574
2026-09-22T13:22:36.746+02:00;7947.746762;21.014;20.994;0.019999999999999574
2026-09-22T13:22:38.543+02:00;7949.543976;21.014;20.995;0.01899999999999835
2026-09-22T13:22:40.340+02:00;7951.341372;21.014;20.994;0.019999999999999574
2026-09-22T13:22:42.138+02:00;7953.138873;21.014;20.994;0.019999999999999574
2026-09-22T13:22:43.935+02:00;7954.936178;21.014;20.995;0.01899999999999835
2026-09-22T13:22:45.733+02:00;7956.733581;21.014;20.994;0.019999999999999574
2026-09-22T13:22:47.530+02:00;7958.530997;21.014;20.996;0.018000000000000682
2026-09-22T13:22:49.327+02:00;7960.328336;21.014;20.994;0.019999999999999574
2026-09-22T13:22:51.532+02:00;7962.533088;21.014;21.004;0.00999999999999801
2026-09-22T13:22:53.329+02:00;7964.330353;21.014;21.002;0.012000000000000455
2026-09-22T13:22:55.127+02:00;7966.127779;21.014;20.998;0.015999999999998238
2026-09-22T13:22:56.924+02:00;7967.925203;21.014;21.001;0.012999999999998124
2026-09-22T13:22:58.722+02:00;7969.722509;21.014;21.002;0.012000000000000455
2026-09-22T13:23:00.519+02:00;7971.519927;21.014;21.002;0.012000000000000455
2026-09-22T13:23:02.317+02:00;7973.318347;21.014;21.005;0.009000000000000341
2026-09-22T13:23:04.114+02:00;7975.114730;21.014;21.002;0.012000000000000455
2026-09-22T13:23:05.911+02:00;7976.912168;21.014;21.004;0.00999999999999801
2026-09-22T13:23:07.709+02:00;7978.709499;21.014;21.007;0.006999999999997897
2026-09-22T13:23:09.506+02:00;7980.506944;21.014;21.009;0.004999999999999005
2026-09-22T13:23:11.304+02:00;7982.304504;21.014;21.005;0.009000000000000341
2026-09-22T13:23:13.101+02:00;7984.101732;21.014;21.003;0.010999999999999233
2026-09-22T13:23:14.898+02:00;7985.899073;21.014;21.008;0.006000000000000227
2026-09-22T13:23:16.696+02:00;7987.696660;21.014;21.008;0.006000000000000227
2026-09-22T13:23:18.493+02:00;7989.493860;21.014;21.008;0.006000000000000227
2026-09-22T13:23:20.291+02:00;7991.292288;21.014;21.01;0.003999999999997783
2026-09-22T13:23:22.088+02:00;7993.088734;21.016;21.01;0.005999999999996675
2026-09-22T13:23:23.885+02:00;7994.886022;21.018;21.01;0.007999999999999119
2026-09-22T13:23:25.683+02:00;7996.684439;21.014;21.011;0.0030000000000001137
2026-09-22T13:23:27.480+02:00;7998.480828;21.017;21.011;0.006000000000000227
2026-09-22T13:23:29.277+02:00;8000.278250;21.017;21.011;0.006000000000000227
2026-09-22T13:23:31.075+02:00;8002.075636;21.017;21.011;0.006000000000000227
2026-09-22T13:23:32.872+02:00;8003.873007;21.018;21.011;0.0070000000000014495
2026-09-22T13:23:34.670+02:00;8005.671436;21.018;21.011;0.0070000000000014495
2026-09-22T13:23:36.467+02:00;8007.467837;21.023;21.011;0.012000000000000455
2026-09-22T13:23:38.265+02:00;8009.266183;21.019;21.011;0.007999999999999119
2026-09-22T13:23:40.062+02:00;8011.062557;21.027;21.011;0.01600000000000179
2026-09-22T13:23:41.859+02:00;8012.860147;21.025;21.011;0.013999999999999346
2026-09-22T13:23:43.657+02:00;8014.658356;21.025;21.011;0.013999999999999346
2026-09-22T13:23:45.454+02:00;8016.454736;21.025;21.011;0.013999999999999346
2026-09-22T13:23:47.251+02:00;8018.252268;21.028;21.011;0.01699999999999946
2026-09-22T13:23:49.561+02:00;8020.562372;21.026;21.011;0.015000000000000568
2026-09-22T13:23:51.349+02:00;8022.349820;21.028;21.011;0.01699999999999946
2026-09-22T13:23:53.146+02:00;8024.147399;21.029;21.011;0.018000000000000682
2026-09-22T13:23:54.944+02:00;8025.944609;21.031;21.011;0.019999999999999574
2026-09-22T13:23:56.741+02:00;8027.741969;21.03;21.012;0.018000000000000682
2026-09-22T13:23:58.539+02:00;8029.539488;21.03;21.011;0.019000000000001904
2026-09-22T13:24:00.336+02:00;8031.336740;21.029;21.011;0.018000000000000682
2026-09-22T13:24:02.133+02:00;8033.134173;21.029;21.011;0.018000000000000682
2026-09-22T13:24:03.931+02:00;8034.931666;21.031;21.011;0.019999999999999574
2026-09-22T13:24:05.729+02:00;8036.729959;21.031;21.011;0.019999999999999574
2026-09-22T13:24:07.525+02:00;8038.526335;21.03;21.011;0.019000000000001904
2026-09-22T13:24:09.323+02:00;8040.323734;21.031;21.011;0.019999999999999574
2026-09-22T13:24:11.120+02:00;8042.121123;21.03;21.011;0.019000000000001904
2026-09-22T13:24:12.918+02:00;8043.918515;21.03;21.011;0.019000000000001904
2026-09-22T13:24:14.716+02:00;8045.716915;21.031;21.011;0.019999999999999574
2026-09-22T13:24:17.076+02:00;8048.076958;21.031;21.011;0.019999999999999574
2026-09-22T13:24:18.864+02:00;8049.864484;21.031;21.011;0.019999999999999574
2026-09-22T13:24:21.549+02:00;8052.549966;21.031;21.012;0.01899999999999835
2026-09-22T13:24:23.338+02:00;8054.339380;21.031;21.013;0.01799999999999713
2026-09-22T13:24:25.135+02:00;8056.135803;21.031;21.014;0.01699999999999946
2026-09-22T13:24:26.932+02:00;8057.933168;21.031;21.013;0.01799999999999713
2026-09-22T13:24:28.730+02:00;8059.730658;21.031;21.012;0.01899999999999835
2026-09-22T13:24:30.528+02:00;8061.529152;21.031;21.014;0.01699999999999946
2026-09-22T13:24:32.324+02:00;8063.325377;21.031;21.012;0.01899999999999835
2026-09-22T13:24:34.122+02:00;8065.122830;21.031;21.016;0.015000000000000568
2026-09-22T13:24:35.919+02:00;8066.920283;21.031;21.019;0.012000000000000455
2026-09-22T13:24:37.717+02:00;8068.717526;21.031;21.015;0.015999999999998238
2026-09-22T13:24:39.514+02:00;8070.514921;21.031;21.016;0.015000000000000568
2026-09-22T13:24:41.311+02:00;8072.312384;21.031;21.015;0.015999999999998238
2026-09-22T13:24:43.109+02:00;8074.109709;21.031;21.022;0.009000000000000341
2026-09-22T13:24:44.906+02:00;8075.907060;21.031;21.02;0.010999999999999233
2026-09-22T13:24:46.704+02:00;8077.704499;21.031;21.021;0.00999999999999801
2026-09-22T13:24:48.501+02:00;8079.501831;21.031;21.02;0.010999999999999233
2026-09-22T13:24:50.298+02:00;8081.299249;21.031;21.02;0.010999999999999233
2026-09-22T13:24:52.096+02:00;8083.096606;21.031;21.024;0.006999999999997897
2026-09-22T13:24:53.893+02:00;8084.894006;21.031;21.026;0.004999999999999005
2026-09-22T13:24:55.690+02:00;8086.691350;21.031;21.024;0.006999999999997897
2026-09-22T13:24:57.488+02:00;8088.488791;21.031;21.025;0.006000000000000227
2026-09-22T13:24:59.285+02:00;8090.286200;21.031;21.026;0.004999999999999005
2026-09-22T13:25:01.083+02:00;8092.083574;21.031;21.025;0.006000000000000227
2026-09-22T13:25:02.880+02:00;8093.880988;21.031;21.026;0.004999999999999005
2026-09-22T13:25:04.677+02:00;8095.678390;21.033;21.027;0.006000000000000227
2026-09-22T13:25:06.475+02:00;8097.475894;21.032;21.027;0.004999999999999005
2026-09-22T13:25:08.272+02:00;8099.273118;21.035;21.026;0.009000000000000341
2026-09-22T13:25:10.070+02:00;8101.070525;21.037;21.027;0.00999999999999801
2026-09-22T13:25:11.867+02:00;8102.868002;21.033;21.027;0.006000000000000227
2026-09-22T13:25:13.664+02:00;8104.665269;21.037;21.027;0.00999999999999801
2026-09-22T13:25:15.462+02:00;8106.462672;21.037;21.027;0.00999999999999801
2026-09-22T13:25:17.259+02:00;8108.260165;21.038;21.027;0.010999999999999233
2026-09-22T13:25:19.056+02:00;8110.057464;21.039;21.027;0.012000000000000455
2026-09-22T13:25:20.854+02:00;8111.854837;21.039;21.027;0.012000000000000455
2026-09-22T13:25:23.177+02:00;8114.178253;21.042;21.027;0.015000000000000568
2026-09-22T13:25:24.966+02:00;8115.966666;21.044;21.027;0.01699999999999946
2026-09-22T13:25:26.763+02:00;8117.764086;21.045;21.027;0.018000000000000682
2026-09-22T13:25:28.561+02:00;8119.562455;21.045;21.027;0.018000000000000682
2026-09-22T13:25:30.358+02:00;8121.358820;21.043;21.027;0.015999999999998238
2026-09-22T13:25:32.155+02:00;8123.156211;21.044;21.027;0.01699999999999946
2026-09-22T13:25:33.953+02:00;8124.953622;21.045;21.027;0.018000000000000682
2026-09-22T13:25:35.750+02:00;8126.751032;21.045;21.027;0.018000000000000682
2026-09-22T13:25:37.549+02:00;8128.549556;21.046;21.027;0.01899999999999835
2026-09-22T13:25:39.345+02:00;8130.345798;21.046;21.027;0.01899999999999835
2026-09-22T13:25:41.142+02:00;8132.143193;21.046;21.027;0.01899999999999835
2026-09-22T13:25:42.940+02:00;8133.940688;21.046;21.027;0.01899999999999835
2026-09-22T13:25:44.737+02:00;8135.737931;21.047;21.027;0.019999999999999574
2026-09-22T13:25:46.535+02:00;8137.536373;21.047;21.027;0.019999999999999574
2026-09-22T13:25:48.332+02:00;8139.332892;21.046;21.027;0.01899999999999835
2026-09-22T13:25:50.129+02:00;8141.130163;21.047;21.027;0.019999999999999574
2026-09-22T13:25:51.927+02:00;8142.927517;21.047;21.027;0.019999999999999574
2026-09-22T13:25:53.724+02:00;8144.724949;21.047;21.027;0.019999999999999574
2026-09-22T13:25:55.521+02:00;8146.522287;21.046;21.027;0.01899999999999835
2026-09-22T13:25:57.319+02:00;8148.319691;21.047;21.027;0.019999999999999574
2026-09-22T13:25:59.117+02:00;8150.118056;21.047;21.027;0.019999999999999574
2026-09-22T13:26:00.913+02:00;8151.914428;21.047;21.028;0.019000000000001904
2026-09-22T13:26:02.711+02:00;8153.711832;21.047;21.027;0.019999999999999574
2026-09-22T13:26:04.508+02:00;8155.509222;21.047;21.028;0.019000000000001904
2026-09-22T13:26:06.306+02:00;8157.306619;21.047;21.028;0.019000000000001904
2026-09-22T13:26:08.103+02:00;8159.103990;21.047;21.028;0.019000000000001904
2026-09-22T13:26:09.900+02:00;8160.901408;21.047;21.027;0.019999999999999574
2026-09-22T13:26:11.698+02:00;8162.698717;21.047;21.028;0.019000000000001904
2026-09-22T13:26:13.495+02:00;8164.496380;21.047;21.03;0.01699999999999946
2026-09-22T13:26:15.293+02:00;8166.293550;21.047;21.032;0.015000000000000568
2026-09-22T13:26:17.090+02:00;8168.090940;21.047;21.032;0.015000000000000568
2026-09-22T13:26:18.887+02:00;8169.888438;21.047;21.034;0.013000000000001677
2026-09-22T13:26:20.685+02:00;8171.685731;21.047;21.028;0.019000000000001904
2026-09-22T13:26:22.482+02:00;8173.483090;21.047;21.032;0.015000000000000568
2026-09-22T13:26:24.280+02:00;8175.280530;21.047;21.035;0.012000000000000455
2026-09-22T13:26:26.077+02:00;8177.077895;21.047;21.035;0.012000000000000455
2026-09-22T13:26:27.874+02:00;8178.875284;21.047;21.035;0.012000000000000455
2026-09-22T13:26:29.672+02:00;8180.672664;21.047;21.036;0.010999999999999233
2026-09-22T13:26:31.469+02:00;8182.470027;21.047;21.037;0.010000000000001563
2026-09-22T13:26:33.266+02:00;8184.267453;21.047;21.036;0.010999999999999233
2026-09-22T13:26:35.064+02:00;8186.064847;21.047;21.041;0.006000000000000227
2026-09-22T13:26:36.861+02:00;8187.862264;21.047;21.04;0.0070000000000014495
2026-09-22T13:26:38.659+02:00;8189.659619;21.047;21.04;0.0070000000000014495
2026-09-22T13:26:40.456+02:00;8191.456982;21.048;21.041;0.006999999999997897
2026-09-22T13:26:42.253+02:00;8193.254370;21.049;21.042;0.006999999999997897
2026-09-22T13:26:44.051+02:00;8195.052125;21.048;21.042;0.005999999999996675
2026-09-22T13:26:45.848+02:00;8196.849187;21.047;21.043;0.004000000000001336
2026-09-22T13:26:47.646+02:00;8198.646616;21.05;21.042;0.007999999999999119
2026-09-22T13:26:49.443+02:00;8200.444061;21.048;21.043;0.004999999999999005
2026-09-22T13:26:51.240+02:00;8202.241326;21.052;21.043;0.009000000000000341
2026-09-22T13:26:53.038+02:00;8204.038659;21.049;21.043;0.006000000000000227
2026-09-22T13:26:54.835+02:00;8205.836177;21.051;21.043;0.007999999999999119
2026-09-22T13:26:56.633+02:00;8207.634408;21.05;21.042;0.007999999999999119
2026-09-22T13:26:58.431+02:00;8209.431830;21.053;21.043;0.010000000000001563
2026-09-22T13:27:00.227+02:00;8211.228332;21.057;21.043;0.013999999999999346
2026-09-22T13:27:02.025+02:00;8213.025606;21.055;21.043;0.012000000000000455
2026-09-22T13:27:03.822+02:00;8214.822972;21.056;21.043;0.013000000000001677
2026-09-22T13:27:05.620+02:00;8216.621456;21.057;21.043;0.013999999999999346
2026-09-22T13:27:07.417+02:00;8218.417784;21.056;21.043;0.013000000000001677
2026-09-22T13:27:09.214+02:00;8220.215116;21.058;21.043;0.015000000000000568
2026-09-22T13:27:11.012+02:00;8222.012502;21.058;21.043;0.015000000000000568
2026-09-22T13:27:12.809+02:00;8223.809887;21.059;21.043;0.01600000000000179
2026-09-22T13:27:14.607+02:00;8225.608274;21.06;21.043;0.01699999999999946
2026-09-22T13:27:16.405+02:00;8227.405650;21.06;21.043;0.01699999999999946
2026-09-22T13:27:18.201+02:00;8229.202058;21.059;21.043;0.01600000000000179
2026-09-22T13:27:19.998+02:00;8230.999450;21.061;21.043;0.018000000000000682
2026-09-22T13:27:21.796+02:00;8232.796856;21.061;21.043;0.018000000000000682
2026-09-22T13:27:23.593+02:00;8234.594210;21.062;21.043;0.019000000000001904
2026-09-22T13:27:25.391+02:00;8236.391638;21.062;21.043;0.019000000000001904
2026-09-22T13:27:27.188+02:00;8238.188983;21.062;21.043;0.019000000000001904
2026-09-22T13:27:28.985+02:00;8239.986363;21.062;21.043;0.019000000000001904
2026-09-22T13:27:30.783+02:00;8241.783959;21.063;21.043;0.019999999999999574
2026-09-22T13:27:32.580+02:00;8243.581194;21.063;21.043;0.019999999999999574
2026-09-22T13:27:34.378+02:00;8245.378577;21.063;21.043;0.019999999999999574
2026-09-22T13:27:36.175+02:00;8247.176042;21.063;21.043;0.019999999999999574
2026-09-22T13:27:37.972+02:00;8248.973341;21.063;21.043;0.019999999999999574
2026-09-22T13:27:39.770+02:00;8250.770737;21.063;21.043;0.019999999999999574
2026-09-22T13:27:41.567+02:00;8252.568172;21.063;21.044;0.01899999999999835
2026-09-22T13:27:43.365+02:00;8254.365511;21.063;21.043;0.019999999999999574
2026-09-22T13:27:45.162+02:00;8256.162927;21.063;21.045;0.01799999999999713
2026-09-22T13:27:46.959+02:00;8257.960329;21.063;21.044;0.01899999999999835
2026-09-22T13:27:48.757+02:00;8259.757748;21.063;21.043;0.019999999999999574
2026-09-22T13:27:50.554+02:00;8261.555185;21.063;21.044;0.01899999999999835
2026-09-22T13:27:52.352+02:00;8263.352576;21.063;21.045;0.01799999999999713
2026-09-22T13:27:54.149+02:00;8265.149932;21.063;21.044;0.01899999999999835
2026-09-22T13:27:55.946+02:00;8266.947470;21.063;21.046;0.01699999999999946
2026-09-22T13:27:57.744+02:00;8268.744693;21.063;21.048;0.015000000000000568
2026-09-22T13:27:59.541+02:00;8270.542074;21.063;21.046;0.01699999999999946
2026-09-22T13:28:01.339+02:00;8272.339565;21.063;21.047;0.015999999999998238
2026-09-22T13:28:03.136+02:00;8274.136872;21.063;21.051;0.012000000000000455
2026-09-22T13:28:04.933+02:00;8275.934280;21.063;21.046;0.01699999999999946
2026-09-22T13:28:07.055+02:00;8278.056357;21.063;21.055;0.007999999999999119
2026-09-22T13:28:09.383+02:00;8280.384385;21.063;21.052;0.010999999999999233
2026-09-22T13:28:11.172+02:00;8282.172863;21.063;21.049;0.013999999999999346
2026-09-22T13:28:12.969+02:00;8283.970265;21.063;21.051;0.012000000000000455
2026-09-22T13:28:14.767+02:00;8285.767842;21.063;21.053;0.00999999999999801
2026-09-22T13:28:16.564+02:00;8287.565087;21.063;21.053;0.00999999999999801
2026-09-22T13:28:18.362+02:00;8289.362549;21.065;21.055;0.010000000000001563
2026-09-22T13:28:20.159+02:00;8291.159954;21.064;21.056;0.007999999999999119
2026-09-22T13:28:21.956+02:00;8292.957303;21.063;21.055;0.007999999999999119
2026-09-22T13:28:23.754+02:00;8294.754776;21.064;21.056;0.007999999999999119
2026-09-22T13:28:25.551+02:00;8296.552109;21.064;21.058;0.006000000000000227
2026-09-22T13:28:27.349+02:00;8298.349493;21.063;21.059;0.003999999999997783
2026-09-22T13:28:29.146+02:00;8300.146850;21.063;21.058;0.004999999999999005
2026-09-22T13:28:30.943+02:00;8301.944261;21.064;21.058;0.006000000000000227
2026-09-22T13:28:32.741+02:00;8303.741678;21.066;21.058;0.007999999999999119
2026-09-22T13:28:34.538+02:00;8305.539268;21.063;21.058;0.004999999999999005
2026-09-22T13:28:36.337+02:00;8307.337487;21.065;21.059;0.006000000000000227
2026-09-22T13:28:38.133+02:00;8309.133906;21.07;21.059;0.010999999999999233
2026-09-22T13:28:39.930+02:00;8310.931368;21.07;21.059;0.010999999999999233
2026-09-22T13:28:41.728+02:00;8312.728751;21.07;21.059;0.010999999999999233
2026-09-22T13:28:43.525+02:00;8314.526066;21.071;21.059;0.012000000000000455
2026-09-22T13:28:45.323+02:00;8316.323486;21.067;21.059;0.007999999999999119
2026-09-22T13:28:47.120+02:00;8318.120910;21.072;21.059;0.012999999999998124
2026-09-22T13:28:48.917+02:00;8319.918267;21.073;21.059;0.013999999999999346
2026-09-22T13:28:50.715+02:00;8321.715684;21.074;21.059;0.015000000000000568
2026-09-22T13:28:52.513+02:00;8323.514086;21.073;21.059;0.013999999999999346
2026-09-22T13:28:54.703+02:00;8325.703683;21.075;21.059;0.015999999999998238
2026-09-22T13:28:56.500+02:00;8327.501011;21.075;21.059;0.015999999999998238
2026-09-22T13:28:58.297+02:00;8329.298426;21.078;21.059;0.01899999999999835
2026-09-22T13:29:00.095+02:00;8331.095848;21.077;21.059;0.018000000000000682
2026-09-22T13:29:01.892+02:00;8332.893183;21.076;21.059;0.01699999999999946
2026-09-22T13:29:04.098+02:00;8335.098864;21.077;21.059;0.018000000000000682
2026-09-22T13:29:05.895+02:00;8336.896259;21.077;21.059;0.018000000000000682
2026-09-22T13:29:07.693+02:00;8338.693610;21.078;21.059;0.01899999999999835
2026-09-22T13:29:09.491+02:00;8340.491987;21.079;21.059;0.019999999999999574
2026-09-22T13:29:11.287+02:00;8342.288414;21.079;21.059;0.019999999999999574
2026-09-22T13:29:13.085+02:00;8344.085825;21.077;21.059;0.018000000000000682
2026-09-22T13:29:14.882+02:00;8345.883188;21.078;21.059;0.01899999999999835
2026-09-22T13:29:16.680+02:00;8347.680669;21.079;21.059;0.019999999999999574
2026-09-22T13:29:18.477+02:00;8349.477958;21.079;21.06;0.019000000000001904
2026-09-22T13:29:20.274+02:00;8351.275357;21.079;21.059;0.019999999999999574
2026-09-22T13:29:22.072+02:00;8353.072798;21.079;21.059;0.019999999999999574
2026-09-22T13:29:23.869+02:00;8354.870295;21.078;21.059;0.01899999999999835
2026-09-22T13:29:25.667+02:00;8356.667550;21.079;21.06;0.019000000000001904
2026-09-22T13:29:27.464+02:00;8358.464994;21.078;21.059;0.01899999999999835
2026-09-22T13:29:29.262+02:00;8360.263413;21.079;21.059;0.019999999999999574
2026-09-22T13:29:31.059+02:00;8362.059770;21.079;21.061;0.018000000000000682
2026-09-22T13:29:32.856+02:00;8363.857174;21.079;21.059;0.019999999999999574
2026-09-22T13:29:34.654+02:00;8365.654546;21.079;21.062;0.01699999999999946
2026-09-22T13:29:36.451+02:00;8367.451949;21.079;21.062;0.01699999999999946
2026-09-22T13:29:38.248+02:00;8369.249391;21.079;21.063;0.01600000000000179
2026-09-22T13:29:40.046+02:00;8371.046740;21.079;21.061;0.018000000000000682
2026-09-22T13:29:41.843+02:00;8372.844119;21.079;21.061;0.018000000000000682
2026-09-22T13:29:43.642+02:00;8374.642704;21.079;21.067;0.012000000000000455
2026-09-22T13:29:45.438+02:00;8376.438932;21.079;21.065;0.013999999999999346
2026-09-22T13:29:47.236+02:00;8378.237323;21.079;21.066;0.013000000000001677
2026-09-22T13:29:49.033+02:00;8380.033836;21.079;21.065;0.013999999999999346
2026-09-22T13:29:50.830+02:00;8381.831070;21.079;21.067;0.012000000000000455
2026-09-22T13:29:52.976+02:00;8383.976503;21.079;21.071;0.007999999999999119
2026-09-22T13:29:54.773+02:00;8385.773928;21.079;21.068;0.010999999999999233
2026-09-22T13:29:56.570+02:00;8387.571304;21.079;21.069;0.010000000000001563
2026-09-22T13:29:58.368+02:00;8389.368758;21.079;21.069;0.010000000000001563
2026-09-22T13:30:00.166+02:00;8391.167122;21.08;21.072;0.007999999999999119
2026-09-22T13:30:01.962+02:00;8392.963452;21.08;21.068;0.011999999999996902
2026-09-22T13:30:03.760+02:00;8394.760872;21.079;21.071;0.007999999999999119
2026-09-22T13:30:05.557+02:00;8396.558245;21.079;21.073;0.006000000000000227
2026-09-22T13:30:07.355+02:00;8398.355655;21.079;21.075;0.004000000000001336
2026-09-22T13:30:09.152+02:00;8400.153262;21.081;21.074;0.006999999999997897
2026-09-22T13:30:10.950+02:00;8401.950554;21.08;21.074;0.005999999999996675
2026-09-22T13:30:12.747+02:00;8403.747841;21.08;21.074;0.005999999999996675
2026-09-22T13:30:14.544+02:00;8405.545390;21.08;21.075;0.004999999999999005
2026-09-22T13:30:16.342+02:00;8407.342679;21.079;21.075;0.004000000000001336
2026-09-22T13:30:18.139+02:00;8409.139991;21.083;21.075;0.007999999999999119
2026-09-22T13:30:19.936+02:00;8410.937462;21.089;21.075;0.013999999999999346
2026-09-22T13:30:21.734+02:00;8412.734799;21.086;21.074;0.011999999999996902
2026-09-22T13:30:23.531+02:00;8414.532162;21.083;21.075;0.007999999999999119
2026-09-22T13:30:25.329+02:00;8416.329604;21.086;21.075;0.010999999999999233
2026-09-22T13:30:27.126+02:00;8418.126970;21.084;21.075;0.009000000000000341
2026-09-22T13:30:28.923+02:00;8419.924349;21.087;21.075;0.012000000000000455
2026-09-22T13:30:30.721+02:00;8421.721737;21.089;21.075;0.013999999999999346
2026-09-22T13:30:32.518+02:00;8423.519143;21.091;21.075;0.01600000000000179
2026-09-22T13:30:34.317+02:00;8425.317499;21.094;21.075;0.019000000000001904
2026-09-22T13:30:36.484+02:00;8427.485367;21.089;21.075;0.013999999999999346
2026-09-22T13:30:38.282+02:00;8429.282856;21.093;21.075;0.018000000000000682
2026-09-22T13:30:40.511+02:00;8431.511928;21.094;21.075;0.019000000000001904
2026-09-22T13:30:42.308+02:00;8433.309273;21.093;21.075;0.018000000000000682
2026-09-22T13:30:44.106+02:00;8435.106680;21.093;21.075;0.018000000000000682
2026-09-22T13:30:45.903+02:00;8436.904096;21.093;21.075;0.018000000000000682
2026-09-22T13:30:47.701+02:00;8438.701481;21.093;21.075;0.018000000000000682
2026-09-22T13:30:49.498+02:00;8440.498855;21.095;21.075;0.019999999999999574
2026-09-22T13:30:51.295+02:00;8442.296233;21.093;21.075;0.018000000000000682
2026-09-22T13:30:53.093+02:00;8444.093649;21.095;21.075;0.019999999999999574
2026-09-22T13:30:54.890+02:00;8445.891189;21.094;21.075;0.019000000000001904
2026-09-22T13:30:56.687+02:00;8447.688458;21.095;21.075;0.019999999999999574
2026-09-22T13:30:58.485+02:00;8449.485791;21.095;21.075;0.019999999999999574
2026-09-22T13:31:00.282+02:00;8451.283308;21.095;21.076;0.01899999999999835
2026-09-22T13:31:02.080+02:00;8453.080548;21.095;21.075;0.019999999999999574
2026-09-22T13:31:03.877+02:00;8454.877950;21.095;21.075;0.019999999999999574
2026-09-22T13:31:05.674+02:00;8456.675471;21.095;21.075;0.019999999999999574
2026-09-22T13:31:07.472+02:00;8458.472751;21.095;21.075;0.019999999999999574
2026-09-22T13:31:09.269+02:00;8460.270063;21.095;21.075;0.019999999999999574
2026-09-22T13:31:11.067+02:00;8462.067568;21.095;21.076;0.01899999999999835
2026-09-22T13:31:13.374+02:00;8464.374583;21.095;21.076;0.01899999999999835
2026-09-22T13:31:15.162+02:00;8466.162944;21.095;21.076;0.01899999999999835
2026-09-22T13:31:16.959+02:00;8467.960314;21.095;21.076;0.01899999999999835
2026-09-22T13:31:18.758+02:00;8469.758763;21.095;21.078;0.01699999999999946
2026-09-22T13:31:20.554+02:00;8471.555147;21.095;21.08;0.015000000000000568
2026-09-22T13:31:22.352+02:00;8473.352571;21.095;21.078;0.01699999999999946
2026-09-22T13:31:24.149+02:00;8475.149887;21.095;21.08;0.015000000000000568
2026-09-22T13:31:25.946+02:00;8476.947298;21.095;21.082;0.012999999999998124
2026-09-22T13:31:27.744+02:00;8478.744678;21.095;21.083;0.012000000000000455
2026-09-22T13:31:29.541+02:00;8480.542057;21.095;21.082;0.012999999999998124
2026-09-22T13:31:31.339+02:00;8482.339490;21.095;21.081;0.013999999999999346
2026-09-22T13:31:33.136+02:00;8484.137006;21.095;21.083;0.012000000000000455
2026-09-22T13:31:34.934+02:00;8485.935298;21.096;21.082;0.013999999999999346
2026-09-22T13:31:36.731+02:00;8487.731626;21.095;21.084;0.010999999999999233
2026-09-22T13:31:38.528+02:00;8489.529099;21.095;21.088;0.006999999999997897
2026-09-22T13:31:40.326+02:00;8491.326567;21.095;21.088;0.006999999999997897
2026-09-22T13:31:42.123+02:00;8493.123825;21.095;21.088;0.006999999999997897
2026-09-22T13:31:43.920+02:00;8494.921227;21.096;21.09;0.006000000000000227
2026-09-22T13:31:45.718+02:00;8496.718662;21.096;21.089;0.0070000000000014495
2026-09-22T13:31:47.515+02:00;8498.516054;21.099;21.092;0.0070000000000014495
2026-09-22T13:31:49.312+02:00;8500.313459;21.095;21.092;0.0030000000000001137
2026-09-22T13:31:51.110+02:00;8502.110854;21.095;21.091;0.003999999999997783
2026-09-22T13:31:52.907+02:00;8503.908415;21.098;21.09;0.007999999999999119
2026-09-22T13:31:54.705+02:00;8505.705610;21.098;21.09;0.007999999999999119
2026-09-22T13:31:56.502+02:00;8507.503007;21.101;21.091;0.00999999999999801
2026-09-22T13:31:58.300+02:00;8509.300543;21.101;21.092;0.009000000000000341
2026-09-22T13:32:00.097+02:00;8511.097788;21.099;21.092;0.0070000000000014495
2026-09-22T13:32:01.894+02:00;8512.895191;21.102;21.091;0.010999999999999233
2026-09-22T13:32:03.692+02:00;8514.692621;21.101;21.092;0.009000000000000341
2026-09-22T13:32:05.489+02:00;8516.489922;21.101;21.092;0.009000000000000341
2026-09-22T13:32:07.286+02:00;8518.287300;21.103;21.092;0.011000000000002785
2026-09-22T13:32:09.084+02:00;8520.084749;21.104;21.092;0.012000000000000455
2026-09-22T13:32:10.881+02:00;8521.882073;21.105;21.092;0.013000000000001677
2026-09-22T13:32:12.679+02:00;8523.679533;21.101;21.092;0.009000000000000341
2026-09-22T13:32:14.477+02:00;8525.477891;21.105;21.092;0.013000000000001677
2026-09-22T13:32:16.273+02:00;8527.274350;21.106;21.092;0.014000000000002899
2026-09-22T13:32:18.490+02:00;8529.490955;21.11;21.092;0.018000000000000682
2026-09-22T13:32:20.287+02:00;8531.288213;21.108;21.092;0.01600000000000179
2026-09-22T13:32:22.085+02:00;8533.085588;21.11;21.092;0.018000000000000682
2026-09-22T13:32:23.882+02:00;8534.883117;21.109;21.092;0.017000000000003013
2026-09-22T13:32:25.679+02:00;8536.680334;21.111;21.092;0.019000000000001904
2026-09-22T13:32:27.477+02:00;8538.477724;21.111;21.092;0.019000000000001904
2026-09-22T13:32:29.274+02:00;8540.275192;21.111;21.092;0.019000000000001904
2026-09-22T13:32:31.072+02:00;8542.072478;21.11;21.092;0.018000000000000682
2026-09-22T13:32:32.869+02:00;8543.869888;21.112;21.092;0.019999999999999574
2026-09-22T13:32:34.667+02:00;8545.668275;21.111;21.092;0.019000000000001904
2026-09-22T13:32:36.464+02:00;8547.464672;21.112;21.092;0.019999999999999574
2026-09-22T13:32:38.261+02:00;8549.262038;21.112;21.092;0.019999999999999574
2026-09-22T13:32:40.415+02:00;8551.416144;21.112;21.092;0.019999999999999574
2026-09-22T13:32:42.213+02:00;8553.213533;21.112;21.092;0.019999999999999574
2026-09-22T13:32:44.010+02:00;8555.010952;21.112;21.092;0.019999999999999574
2026-09-22T13:32:45.807+02:00;8556.808316;21.112;21.093;0.01899999999999835
2026-09-22T13:32:47.605+02:00;8558.605740;21.112;21.092;0.019999999999999574
2026-09-22T13:32:49.402+02:00;8560.403212;21.112;21.093;0.01899999999999835
2026-09-22T13:32:51.200+02:00;8562.200617;21.112;21.093;0.01899999999999835
2026-09-22T13:32:52.997+02:00;8563.997946;21.112;21.094;0.01799999999999713
2026-09-22T13:32:54.795+02:00;8565.796289;21.112;21.092;0.019999999999999574
2026-09-22T13:32:56.592+02:00;8567.592777;21.112;21.092;0.019999999999999574
2026-09-22T13:32:58.389+02:00;8569.390056;21.112;21.093;0.01899999999999835
2026-09-22T13:33:00.186+02:00;8571.187450;21.112;21.092;0.019999999999999574
2026-09-22T13:33:01.984+02:00;8572.984845;21.112;21.094;0.01799999999999713
2026-09-22T13:33:03.781+02:00;8574.782196;21.112;21.093;0.01899999999999835
2026-09-22T13:33:05.579+02:00;8576.579630;21.112;21.094;0.01799999999999713
2026-09-22T13:33:07.377+02:00;8578.378033;21.112;21.095;0.01699999999999946
2026-09-22T13:33:09.173+02:00;8580.174416;21.112;21.096;0.015999999999998238
2026-09-22T13:33:10.971+02:00;8581.971771;21.112;21.097;0.014999999999997016
2026-09-22T13:33:12.768+02:00;8583.769150;21.112;21.098;0.013999999999999346
2026-09-22T13:33:14.566+02:00;8585.566583;21.112;21.102;0.00999999999999801
2026-09-22T13:33:16.363+02:00;8587.364200;21.112;21.1;0.011999999999996902
2026-09-22T13:33:18.160+02:00;8589.161352;21.113;21.099;0.013999999999999346
2026-09-22T13:33:20.342+02:00;8591.342793;21.112;21.103;0.008999999999996788
2026-09-22T13:33:22.139+02:00;8593.140276;21.112;21.102;0.00999999999999801
2026-09-22T13:33:23.937+02:00;8594.937603;21.113;21.102;0.010999999999999233
2026-09-22T13:33:25.735+02:00;8596.735973;21.112;21.105;0.006999999999997897
2026-09-22T13:33:27.531+02:00;8598.532395;21.112;21.103;0.008999999999996788
2026-09-22T13:33:29.329+02:00;8600.329788;21.112;21.103;0.008999999999996788
2026-09-22T13:33:31.126+02:00;8602.127194;21.113;21.106;0.006999999999997897
2026-09-22T13:33:32.924+02:00;8603.924548;21.113;21.105;0.007999999999999119
2026-09-22T13:33:34.722+02:00;8605.722931;21.112;21.104;0.007999999999999119
2026-09-22T13:33:36.518+02:00;8607.519421;21.113;21.107;0.006000000000000227
2026-09-22T13:33:38.316+02:00;8609.316717;21.113;21.108;0.004999999999999005
2026-09-22T13:33:40.113+02:00;8611.114103;21.115;21.107;0.007999999999999119
2026-09-22T13:33:41.911+02:00;8612.911481;21.115;21.107;0.007999999999999119
2026-09-22T13:33:43.709+02:00;8614.709980;21.114;21.107;0.0070000000000014495
2026-09-22T13:33:45.505+02:00;8616.506267;21.115;21.108;0.006999999999997897
2026-09-22T13:33:47.303+02:00;8618.303806;21.115;21.108;0.006999999999997897
2026-09-22T13:33:49.100+02:00;8620.100995;21.118;21.108;0.00999999999999801
2026-09-22T13:33:50.897+02:00;8621.898407;21.116;21.108;0.007999999999999119
2026-09-22T13:33:52.695+02:00;8623.695928;21.121;21.108;0.012999999999998124
2026-09-22T13:33:54.492+02:00;8625.493213;21.122;21.108;0.013999999999999346
2026-09-22T13:33:56.291+02:00;8627.291619;21.122;21.108;0.013999999999999346
2026-09-22T13:33:58.087+02:00;8629.088032;21.122;21.108;0.013999999999999346
2026-09-22T13:33:59.884+02:00;8630.885395;21.122;21.108;0.013999999999999346
2026-09-22T13:34:01.682+02:00;8632.682776;21.121;21.108;0.012999999999998124
2026-09-22T13:34:03.479+02:00;8634.480154;21.122;21.108;0.013999999999999346
2026-09-22T13:34:05.277+02:00;8636.277544;21.124;21.108;0.015999999999998238
2026-09-22T13:34:07.430+02:00;8638.430827;21.126;21.108;0.018000000000000682
2026-09-22T13:34:09.759+02:00;8640.759865;21.128;21.108;0.019999999999999574
2026-09-22T13:34:11.546+02:00;8642.547356;21.128;21.108;0.019999999999999574
2026-09-22T13:34:13.344+02:00;8644.344723;21.127;21.108;0.01899999999999835
2026-09-22T13:34:15.141+02:00;8646.142139;21.128;21.108;0.019999999999999574
2026-09-22T13:34:16.939+02:00;8647.939539;21.128;21.108;0.019999999999999574
2026-09-22T13:34:18.737+02:00;8649.737884;21.128;21.108;0.019999999999999574
2026-09-22T13:34:20.533+02:00;8651.534262;21.128;21.108;0.019999999999999574
2026-09-22T13:34:22.331+02:00;8653.331655;21.128;21.108;0.019999999999999574
2026-09-22T13:34:24.128+02:00;8655.129032;21.127;21.108;0.01899999999999835
2026-09-22T13:34:25.926+02:00;8656.926626;21.128;21.108;0.019999999999999574
2026-09-22T13:34:27.723+02:00;8658.723836;21.128;21.108;0.019999999999999574
2026-09-22T13:34:29.520+02:00;8660.521216;21.128;21.108;0.019999999999999574
2026-09-22T13:34:31.318+02:00;8662.318722;21.128;21.108;0.019999999999999574
2026-09-22T13:34:33.116+02:00;8664.117053;21.128;21.108;0.019999999999999574
2026-09-22T13:34:34.912+02:00;8665.913431;21.128;21.108;0.019999999999999574
2026-09-22T13:34:36.710+02:00;8667.710825;21.128;21.109;0.01899999999999835
2026-09-22T13:34:38.507+02:00;8669.508107;21.128;21.108;0.019999999999999574
2026-09-22T13:34:40.305+02:00;8671.305588;21.128;21.108;0.019999999999999574
2026-09-22T13:34:42.102+02:00;8673.102940;21.128;21.109;0.01899999999999835
2026-09-22T13:34:43.899+02:00;8674.900304;21.128;21.108;0.019999999999999574
2026-09-22T13:34:45.697+02:00;8676.697710;21.128;21.112;0.01600000000000179
2026-09-22T13:34:47.495+02:00;8678.496159;21.128;21.112;0.01600000000000179
2026-09-22T13:34:49.292+02:00;8680.292481;21.128;21.111;0.01699999999999946
2026-09-22T13:34:51.089+02:00;8682.089828;21.128;21.112;0.01600000000000179
2026-09-22T13:34:52.886+02:00;8683.887220;21.128;21.11;0.018000000000000682
2026-09-22T13:34:54.684+02:00;8685.684673;21.128;21.112;0.01600000000000179
2026-09-22T13:34:56.481+02:00;8687.482255;21.128;21.116;0.012000000000000455
2026-09-22T13:34:58.278+02:00;8689.279444;21.128;21.11;0.018000000000000682
2026-09-22T13:35:00.076+02:00;8691.076854;21.128;21.111;0.01699999999999946
2026-09-22T13:35:01.873+02:00;8692.874377;21.128;21.116;0.012000000000000455
2026-09-22T13:35:03.671+02:00;8694.671600;21.128;21.119;0.009000000000000341
2026-09-22T13:35:05.468+02:00;8696.468997;21.128;21.117;0.010999999999999233
2026-09-22T13:35:07.266+02:00;8698.266490;21.128;21.118;0.010000000000001563
2026-09-22T13:35:09.063+02:00;8700.063741;21.129;21.116;0.013000000000001677
2026-09-22T13:35:10.860+02:00;8701.861122;21.128;21.121;0.0070000000000014495
2026-09-22T13:35:12.658+02:00;8703.658575;21.128;21.119;0.009000000000000341
2026-09-22T13:35:14.455+02:00;8705.455907;21.128;21.121;0.0070000000000014495
2026-09-22T13:35:16.252+02:00;8707.253318;21.129;21.121;0.008000000000002672
2026-09-22T13:35:18.050+02:00;8709.050703;21.129;21.123;0.006000000000000227
2026-09-22T13:35:19.847+02:00;8710.848088;21.13;21.122;0.007999999999999119
2026-09-22T13:35:21.644+02:00;8712.645466;21.13;21.124;0.006000000000000227
2026-09-22T13:35:23.442+02:00;8714.442820;21.129;21.123;0.006000000000000227
2026-09-22T13:35:25.239+02:00;8716.240244;21.13;21.124;0.006000000000000227
2026-09-22T13:35:27.604+02:00;8718.605105;21.131;21.123;0.007999999999999119
2026-09-22T13:35:29.393+02:00;8720.393595;21.13;21.124;0.006000000000000227
2026-09-22T13:35:31.191+02:00;8722.192005;21.134;21.124;0.010000000000001563
2026-09-22T13:35:32.987+02:00;8723.988425;21.135;21.123;0.012000000000000455
2026-09-22T13:35:34.786+02:00;8725.786806;21.133;21.124;0.009000000000000341
2026-09-22T13:35:36.582+02:00;8727.583180;21.135;21.124;0.011000000000002785
2026-09-22T13:35:38.380+02:00;8729.380592;21.136;21.124;0.012000000000000455
2026-09-22T13:35:40.177+02:00;8731.178158;21.135;21.124;0.011000000000002785
2026-09-22T13:35:41.974+02:00;8732.975350;21.138;21.124;0.014000000000002899
2026-09-22T13:35:43.773+02:00;8734.773724;21.139;21.124;0.015000000000000568
2026-09-22T13:35:45.569+02:00;8736.570258;21.135;21.124;0.011000000000002785
2026-09-22T13:35:47.367+02:00;8738.367568;21.14;21.124;0.01600000000000179
2026-09-22T13:35:49.164+02:00;8740.164935;21.139;21.124;0.015000000000000568
2026-09-22T13:35:50.962+02:00;8741.963389;21.141;21.124;0.01699999999999946
2026-09-22T13:35:52.760+02:00;8743.760692;21.14;21.124;0.01600000000000179
2026-09-22T13:35:54.556+02:00;8745.557061;21.142;21.124;0.018000000000000682
2026-09-22T13:35:56.354+02:00;8747.354510;21.142;21.124;0.018000000000000682
2026-09-22T13:35:58.151+02:00;8749.151859;21.144;21.124;0.019999999999999574
2026-09-22T13:35:59.948+02:00;8750.949291;21.144;21.124;0.019999999999999574
2026-09-22T13:36:01.746+02:00;8752.746686;21.143;21.124;0.019000000000001904
2026-09-22T13:36:03.543+02:00;8754.544054;21.143;21.125;0.018000000000000682
2026-09-22T13:36:05.342+02:00;8756.342473;21.143;21.124;0.019000000000001904
2026-09-22T13:36:07.138+02:00;8758.138834;21.144;21.124;0.019999999999999574
2026-09-22T13:36:08.935+02:00;8759.936231;21.143;21.124;0.019000000000001904
2026-09-22T13:36:10.733+02:00;8761.733799;21.144;21.124;0.019999999999999574
2026-09-22T13:36:12.530+02:00;8763.530988;21.144;21.125;0.01899999999999835
2026-09-22T13:36:14.327+02:00;8765.328410;21.144;21.124;0.019999999999999574
2026-09-22T13:36:16.125+02:00;8767.125964;21.144;21.125;0.01899999999999835
2026-09-22T13:36:17.922+02:00;8768.923151;21.144;21.125;0.01899999999999835
2026-09-22T13:36:19.720+02:00;8770.720561;21.144;21.125;0.01899999999999835
2026-09-22T13:36:21.517+02:00;8772.518016;21.144;21.124;0.019999999999999574
2026-09-22T13:36:23.314+02:00;8774.315312;21.144;21.125;0.01899999999999835
2026-09-22T13:36:25.112+02:00;8776.112691;21.144;21.127;0.01699999999999946
2026-09-22T13:36:26.909+02:00;8777.910136;21.144;21.126;0.01799999999999713
2026-09-22T13:36:28.706+02:00;8779.707410;21.144;21.124;0.019999999999999574
2026-09-22T13:36:30.504+02:00;8781.504828;21.144;21.125;0.01899999999999835
2026-09-22T13:36:32.301+02:00;8783.302240;21.144;21.126;0.01799999999999713
2026-09-22T13:36:34.099+02:00;8785.099594;21.144;21.126;0.01799999999999713
2026-09-22T13:36:35.896+02:00;8786.896941;21.144;21.127;0.01699999999999946
2026-09-22T13:36:37.693+02:00;8788.694373;21.144;21.128;0.015999999999998238
2026-09-22T13:36:39.491+02:00;8790.491615;21.144;21.129;0.014999999999997016
2026-09-22T13:36:41.288+02:00;8792.288970;21.144;21.13;0.013999999999999346
2026-09-22T13:36:43.086+02:00;8794.086493;21.144;21.131;0.012999999999998124
2026-09-22T13:36:44.883+02:00;8795.883704;21.144;21.132;0.011999999999996902
2026-09-22T13:36:47.240+02:00;8798.240931;21.146;21.132;0.013999999999999346
2026-09-22T13:36:49.029+02:00;8800.029595;21.146;21.137;0.009000000000000341
2026-09-22T13:36:50.826+02:00;8801.826820;21.144;21.136;0.007999999999999119
2026-09-22T13:36:52.623+02:00;8803.624268;21.144;21.13;0.013999999999999346
2026-09-22T13:36:54.421+02:00;8805.421713;21.144;21.135;0.008999999999996788
2026-09-22T13:36:56.219+02:00;8807.219993;21.144;21.138;0.005999999999996675
2026-09-22T13:36:58.015+02:00;8809.016398;21.144;21.137;0.006999999999997897
2026-09-22T13:36:59.813+02:00;8810.813835;21.144;21.136;0.007999999999999119
2026-09-22T13:37:01.610+02:00;8812.611158;21.146;21.139;0.0070000000000014495
2026-09-22T13:37:03.408+02:00;8814.408533;21.146;21.139;0.0070000000000014495
2026-09-22T13:37:05.206+02:00;8816.206956;21.145;21.139;0.006000000000000227
2026-09-22T13:37:07.002+02:00;8818.003371;21.147;21.14;0.006999999999997897
2026-09-22T13:37:08.800+02:00;8819.800779;21.149;21.139;0.010000000000001563
2026-09-22T13:37:10.597+02:00;8821.598103;21.147;21.139;0.007999999999999119
2026-09-22T13:37:12.395+02:00;8823.395516;21.151;21.139;0.012000000000000455
2026-09-22T13:37:14.192+02:00;8825.192927;21.15;21.14;0.00999999999999801
2026-09-22T13:37:15.989+02:00;8826.990285;21.148;21.14;0.007999999999999119
2026-09-22T13:37:17.787+02:00;8828.787657;21.152;21.14;0.012000000000000455
2026-09-22T13:37:19.584+02:00;8830.585250;21.149;21.14;0.009000000000000341
2026-09-22T13:37:21.382+02:00;8832.382519;21.151;21.14;0.010999999999999233
2026-09-22T13:37:23.180+02:00;8834.180875;21.152;21.14;0.012000000000000455
2026-09-22T13:37:24.976+02:00;8835.977339;21.152;21.14;0.012000000000000455
2026-09-22T13:37:26.774+02:00;8837.774670;21.155;21.14;0.015000000000000568
2026-09-22T13:37:28.571+02:00;8839.572021;21.156;21.14;0.015999999999998238
2026-09-22T13:37:30.368+02:00;8841.369449;21.155;21.14;0.015000000000000568
2026-09-22T13:37:32.166+02:00;8843.166806;21.156;21.14;0.015999999999998238
2026-09-22T13:37:33.963+02:00;8844.964192;21.156;21.14;0.015999999999998238
2026-09-22T13:37:35.762+02:00;8846.762605;21.157;21.14;0.01699999999999946
2026-09-22T13:37:37.559+02:00;8848.560024;21.157;21.14;0.01699999999999946
2026-09-22T13:37:39.355+02:00;8850.356372;21.16;21.14;0.019999999999999574
2026-09-22T13:37:41.153+02:00;8852.153752;21.16;21.14;0.019999999999999574
2026-09-22T13:37:42.950+02:00;8853.951190;21.157;21.14;0.01699999999999946
2026-09-22T13:37:44.748+02:00;8855.748525;21.16;21.14;0.019999999999999574
2026-09-22T13:37:46.545+02:00;8857.545928;21.16;21.14;0.019999999999999574
2026-09-22T13:37:48.342+02:00;8859.343357;21.159;21.14;0.01899999999999835
2026-09-22T13:37:50.140+02:00;8861.140854;21.16;21.14;0.019999999999999574
2026-09-22T13:37:51.937+02:00;8862.938182;21.16;21.14;0.019999999999999574
2026-09-22T13:37:53.735+02:00;8864.735590;21.16;21.14;0.019999999999999574
2026-09-22T13:37:55.532+02:00;8866.532987;21.16;21.14;0.019999999999999574
2026-09-22T13:37:57.329+02:00;8868.330361;21.16;21.14;0.019999999999999574
2026-09-22T13:37:59.127+02:00;8870.127770;21.16;21.14;0.019999999999999574
2026-09-22T13:38:00.924+02:00;8871.925167;21.16;21.141;0.019000000000001904
2026-09-22T13:38:02.722+02:00;8873.722594;21.16;21.14;0.019999999999999574
2026-09-22T13:38:04.519+02:00;8875.520181;21.16;21.141;0.019000000000001904
2026-09-22T13:38:06.317+02:00;8877.318388;21.16;21.141;0.019000000000001904
2026-09-22T13:38:08.114+02:00;8879.114819;21.16;21.14;0.019999999999999574
2026-09-22T13:38:09.911+02:00;8880.912289;21.16;21.141;0.019000000000001904
2026-09-22T13:38:11.709+02:00;8882.709611;21.16;21.142;0.018000000000000682
2026-09-22T13:38:13.506+02:00;8884.507036;21.16;21.142;0.018000000000000682
2026-09-22T13:38:15.304+02:00;8886.305429;21.16;21.144;0.01600000000000179
2026-09-22T13:38:17.101+02:00;8888.101916;21.16;21.142;0.018000000000000682
2026-09-22T13:38:18.899+02:00;8889.899477;21.16;21.142;0.018000000000000682
2026-09-22T13:38:20.696+02:00;8891.696734;21.16;21.145;0.015000000000000568
2026-09-22T13:38:22.493+02:00;8893.494077;21.16;21.144;0.01600000000000179
2026-09-22T13:38:24.292+02:00;8895.292595;21.16;21.145;0.015000000000000568
2026-09-22T13:38:26.088+02:00;8897.088838;21.16;21.148;0.012000000000000455
2026-09-22T13:38:27.885+02:00;8898.886284;21.16;21.147;0.013000000000001677
2026-09-22T13:38:29.683+02:00;8900.683683;21.16;21.153;0.0070000000000014495
2026-09-22T13:38:31.480+02:00;8902.481082;21.16;21.149;0.010999999999999233
2026-09-22T13:38:33.277+02:00;8904.278457;21.16;21.148;0.012000000000000455
2026-09-22T13:38:35.418+02:00;8906.418836;21.16;21.152;0.007999999999999119
2026-09-22T13:38:37.215+02:00;8908.216199;21.161;21.15;0.011000000000002785
2026-09-22T13:38:39.013+02:00;8910.013547;21.16;21.152;0.007999999999999119
2026-09-22T13:38:40.810+02:00;8911.810964;21.16;21.152;0.007999999999999119
2026-09-22T13:38:42.607+02:00;8913.608328;21.16;21.149;0.010999999999999233
2026-09-22T13:38:44.405+02:00;8915.405753;21.161;21.155;0.006000000000000227
2026-09-22T13:38:46.202+02:00;8917.203110;21.164;21.156;0.008000000000002672
2026-09-22T13:38:48.000+02:00;8919.000506;21.162;21.153;0.009000000000000341
2026-09-22T13:38:49.797+02:00;8920.798116;21.163;21.157;0.006000000000000227
2026-09-22T13:38:52.174+02:00;8923.175249;21.16;21.155;0.004999999999999005
2026-09-22T13:38:53.963+02:00;8924.963702;21.161;21.156;0.005000000000002558
2026-09-22T13:38:55.760+02:00;8926.761240;21.162;21.156;0.006000000000000227
2026-09-22T13:38:57.559+02:00;8928.559527;21.163;21.156;0.0070000000000014495
2026-09-22T13:38:59.355+02:00;8930.355917;21.163;21.156;0.0070000000000014495
2026-09-22T13:39:01.152+02:00;8932.153363;21.164;21.156;0.008000000000002672
2026-09-22T13:39:02.950+02:00;8933.950654;21.165;21.156;0.009000000000000341
2026-09-22T13:39:04.747+02:00;8935.748010;21.166;21.157;0.009000000000000341
2026-09-22T13:39:06.546+02:00;8937.546482;21.165;21.157;0.007999999999999119
2026-09-22T13:39:08.342+02:00;8939.342838;21.169;21.157;0.012000000000000455
2026-09-22T13:39:10.139+02:00;8941.140267;21.168;21.157;0.010999999999999233
2026-09-22T13:39:11.938+02:00;8942.938624;21.169;21.157;0.012000000000000455
2026-09-22T13:39:13.734+02:00;8944.734986;21.168;21.157;0.010999999999999233
2026-09-22T13:39:15.532+02:00;8946.533399;21.173;21.157;0.015999999999998238
2026-09-22T13:39:17.329+02:00;8948.329850;21.175;21.157;0.018000000000000682
2026-09-22T13:39:19.126+02:00;8950.127165;21.168;21.157;0.010999999999999233
2026-09-22T13:39:20.924+02:00;8951.924778;21.172;21.157;0.015000000000000568
2026-09-22T13:39:22.721+02:00;8953.721995;21.173;21.157;0.015999999999998238
2026-09-22T13:39:24.518+02:00;8955.519399;21.176;21.157;0.01899999999999835
2026-09-22T13:39:26.316+02:00;8957.316870;21.177;21.157;0.019999999999999574
2026-09-22T13:39:28.113+02:00;8959.114177;21.173;21.157;0.015999999999998238
2026-09-22T13:39:29.911+02:00;8960.911615;21.177;21.157;0.019999999999999574
2026-09-22T13:39:32.125+02:00;8963.125756;21.177;21.157;0.019999999999999574
2026-09-22T13:39:33.922+02:00;8964.923143;21.177;21.157;0.019999999999999574
2026-09-22T13:39:35.720+02:00;8966.720537;21.177;21.157;0.019999999999999574
2026-09-22T13:39:37.517+02:00;8968.518118;21.177;21.157;0.019999999999999574
2026-09-22T13:39:39.314+02:00;8970.315303;21.177;21.157;0.019999999999999574
2026-09-22T13:39:41.112+02:00;8972.112717;21.177;21.157;0.019999999999999574
2026-09-22T13:39:42.909+02:00;8973.910214;21.177;21.157;0.019999999999999574
2026-09-22T13:39:44.706+02:00;8975.707464;21.177;21.157;0.019999999999999574
2026-09-22T13:39:46.504+02:00;8977.504876;21.177;21.157;0.019999999999999574
2026-09-22T13:39:48.301+02:00;8979.302338;21.177;21.157;0.019999999999999574
2026-09-22T13:39:50.099+02:00;8981.099638;21.177;21.158;0.01899999999999835
2026-09-22T13:39:51.896+02:00;8982.897033;21.177;21.157;0.019999999999999574
2026-09-22T13:39:53.693+02:00;8984.694450;21.177;21.157;0.019999999999999574
2026-09-22T13:39:55.491+02:00;8986.491856;21.177;21.157;0.019999999999999574
2026-09-22T13:39:57.288+02:00;8988.289254;21.177;21.157;0.019999999999999574
2026-09-22T13:39:59.086+02:00;8990.086619;21.177;21.158;0.01899999999999835
2026-09-22T13:40:00.883+02:00;8991.884040;21.177;21.161;0.015999999999998238
2026-09-22T13:40:02.680+02:00;8993.681409;21.177;21.161;0.015999999999998238
2026-09-22T13:40:04.478+02:00;8995.478816;21.177;21.16;0.01699999999999946
2026-09-22T13:40:06.275+02:00;8997.276253;21.177;21.16;0.01699999999999946
2026-09-22T13:40:08.073+02:00;8999.073748;21.177;21.16;0.01699999999999946
2026-09-22T13:40:09.870+02:00;9000.870974;21.177;21.16;0.01699999999999946
2026-09-22T13:40:11.667+02:00;9002.668388;21.177;21.159;0.018000000000000682
2026-09-22T13:40:13.465+02:00;9004.465854;21.177;21.164;0.012999999999998124
2026-09-22T13:40:15.262+02:00;9006.263174;21.177;21.162;0.015000000000000568
2026-09-22T13:40:17.060+02:00;9008.060595;21.177;21.165;0.012000000000000455
2026-09-22T13:40:18.857+02:00;9009.857993;21.178;21.168;0.010000000000001563
2026-09-22T13:40:20.654+02:00;9011.655394;21.178;21.166;0.012000000000000455
2026-09-22T13:40:22.452+02:00;9013.452786;21.178;21.168;0.010000000000001563
2026-09-22T13:40:24.249+02:00;9015.250153;21.177;21.167;0.00999999999999801
2026-09-22T13:40:26.047+02:00;9017.047537;21.177;21.169;0.007999999999999119
2026-09-22T13:40:27.844+02:00;9018.845173;21.178;21.169;0.009000000000000341
2026-09-22T13:40:29.642+02:00;9020.643359;21.177;21.169;0.007999999999999119
2026-09-22T13:40:31.439+02:00;9022.439758;21.179;21.172;0.006999999999997897
2026-09-22T13:40:33.236+02:00;9024.237293;21.177;21.171;0.006000000000000227
2026-09-22T13:40:35.034+02:00;9026.034532;21.177;21.171;0.006000000000000227
2026-09-22T13:40:36.831+02:00;9027.831905;21.18;21.172;0.007999999999999119
2026-09-22T13:40:38.629+02:00;9029.630406;21.181;21.171;0.010000000000001563
2026-09-22T13:40:40.426+02:00;9031.426705;21.181;21.173;0.008000000000002672
2026-09-22T13:40:42.223+02:00;9033.224132;21.182;21.173;0.009000000000000341
2026-09-22T13:40:44.021+02:00;9035.021497;21.182;21.17;0.011999999999996902
2026-09-22T13:40:45.818+02:00;9036.818892;21.181;21.172;0.009000000000000341
2026-09-22T13:40:47.616+02:00;9038.617336;21.183;21.172;0.010999999999999233
2026-09-22T13:40:49.414+02:00;9040.414656;21.179;21.173;0.006000000000000227
2026-09-22T13:40:51.210+02:00;9042.211053;21.182;21.173;0.009000000000000341
2026-09-22T13:40:53.007+02:00;9044.008434;21.184;21.173;0.011000000000002785
2026-09-22T13:40:54.805+02:00;9045.805823;21.188;21.173;0.015000000000000568
2026-09-22T13:40:57.018+02:00;9048.019458;21.188;21.173;0.015000000000000568
2026-09-22T13:40:58.816+02:00;9049.816841;21.19;21.173;0.017000000000003013
2026-09-22T13:41:00.613+02:00;9051.614327;21.19;21.173;0.017000000000003013
2026-09-22T13:41:02.411+02:00;9053.411866;21.19;21.173;0.017000000000003013
2026-09-22T13:41:04.207+02:00;9055.208087;21.189;21.173;0.01600000000000179
2026-09-22T13:41:06.004+02:00;9057.005455;21.188;21.173;0.015000000000000568
2026-09-22T13:41:07.802+02:00;9058.802999;21.19;21.173;0.017000000000003013
2026-09-22T13:41:09.599+02:00;9060.600273;21.193;21.173;0.020000000000003126
2026-09-22T13:41:11.397+02:00;9062.397635;21.191;21.173;0.018000000000000682
2026-09-22T13:41:13.194+02:00;9064.195115;21.193;21.173;0.020000000000003126
2026-09-22T13:41:14.991+02:00;9065.992392;21.193;21.173;0.020000000000003126
2026-09-22T13:41:16.789+02:00;9067.789799;21.193;21.173;0.020000000000003126
2026-09-22T13:41:18.586+02:00;9069.587225;21.193;21.173;0.020000000000003126
2026-09-22T13:41:20.933+02:00;9071.934260;21.193;21.173;0.020000000000003126
2026-09-22T13:41:22.721+02:00;9073.721653;21.193;21.173;0.020000000000003126
2026-09-22T13:41:24.518+02:00;9075.519026;21.193;21.173;0.020000000000003126
2026-09-22T13:41:26.315+02:00;9077.316459;21.193;21.173;0.020000000000003126
2026-09-22T13:41:28.113+02:00;9079.113845;21.193;21.173;0.020000000000003126
2026-09-22T13:41:29.911+02:00;9080.912471;21.193;21.173;0.020000000000003126
2026-09-22T13:41:31.708+02:00;9082.708683;21.193;21.173;0.020000000000003126
2026-09-22T13:41:33.505+02:00;9084.506082;21.193;21.174;0.019000000000001904
2026-09-22T13:41:35.303+02:00;9086.303566;21.193;21.174;0.019000000000001904
2026-09-22T13:41:37.100+02:00;9088.100840;21.193;21.173;0.020000000000003126
2026-09-22T13:41:38.897+02:00;9089.898211;21.193;21.174;0.019000000000001904
2026-09-22T13:41:40.695+02:00;9091.695688;21.193;21.175;0.018000000000000682
2026-09-22T13:41:42.492+02:00;9093.492964;21.193;21.175;0.018000000000000682
2026-09-22T13:41:44.868+02:00;9095.868776;21.193;21.174;0.019000000000001904
2026-09-22T13:41:46.656+02:00;9097.657142;21.193;21.174;0.019000000000001904
2026-09-22T13:41:48.803+02:00;9099.804124;21.193;21.177;0.01600000000000179
2026-09-22T13:41:50.601+02:00;9101.601538;21.193;21.177;0.01600000000000179
2026-09-22T13:41:52.399+02:00;9103.400047;21.193;21.179;0.014000000000002899
2026-09-22T13:41:54.195+02:00;9105.196389;21.193;21.179;0.014000000000002899
2026-09-22T13:41:55.994+02:00;9106.994745;21.193;21.177;0.01600000000000179
2026-09-22T13:41:57.790+02:00;9108.791133;21.193;21.182;0.011000000000002785
2026-09-22T13:41:59.588+02:00;9110.588502;21.193;21.181;0.012000000000000455
2026-09-22T13:42:01.385+02:00;9112.386143;21.193;21.18;0.013000000000001677
2026-09-22T13:42:03.182+02:00;9114.183279;21.193;21.185;0.008000000000002672
2026-09-22T13:42:04.981+02:00;9115.981724;21.193;21.18;0.013000000000001677
2026-09-22T13:42:06.777+02:00;9117.778222;21.195;21.184;0.010999999999999233
2026-09-22T13:42:08.575+02:00;9119.575478;21.194;21.186;0.007999999999999119
2026-09-22T13:42:10.372+02:00;9121.372891;21.193;21.188;0.005000000000002558
2026-09-22T13:42:12.169+02:00;9123.170343;21.193;21.186;0.0070000000000014495
2026-09-22T13:42:13.968+02:00;9124.968614;21.194;21.186;0.007999999999999119
2026-09-22T13:42:15.764+02:00;9126.765007;21.195;21.188;0.0070000000000014495
2026-09-22T13:42:17.561+02:00;9128.562461;21.195;21.188;0.0070000000000014495
2026-09-22T13:42:19.359+02:00;9130.359768;21.195;21.188;0.0070000000000014495
2026-09-22T13:42:21.156+02:00;9132.157199;21.194;21.187;0.006999999999997897
2026-09-22T13:42:22.954+02:00;9133.954598;21.195;21.189;0.006000000000000227
2026-09-22T13:42:24.751+02:00;9135.752036;21.2;21.187;0.012999999999998124
2026-09-22T13:42:26.548+02:00;9137.549386;21.198;21.189;0.009000000000000341
2026-09-22T13:42:28.346+02:00;9139.346743;21.2;21.188;0.012000000000000455
2026-09-22T13:42:30.143+02:00;9141.144150;21.201;21.188;0.013000000000001677
2026-09-22T13:42:31.941+02:00;9142.941486;21.201;21.189;0.012000000000000455
2026-09-22T13:42:33.738+02:00;9144.738919;21.197;21.189;0.007999999999999119
2026-09-22T13:42:35.891+02:00;9146.892167;21.199;21.189;0.010000000000001563
2026-09-22T13:42:37.689+02:00;9148.689549;21.198;21.189;0.009000000000000341
2026-09-22T13:42:39.486+02:00;9150.487052;21.206;21.189;0.01699999999999946
2026-09-22T13:42:41.283+02:00;9152.284359;21.205;21.189;0.015999999999998238
2026-09-22T13:42:43.081+02:00;9154.081738;21.204;21.189;0.015000000000000568
2026-09-22T13:42:45.287+02:00;9156.288404;21.209;21.189;0.019999999999999574
2026-09-22T13:42:47.084+02:00;9158.084813;21.206;21.189;0.01699999999999946
2026-09-22T13:42:48.881+02:00;9159.882161;21.205;21.189;0.015999999999998238
2026-09-22T13:42:50.679+02:00;9161.679544;21.205;21.189;0.015999999999998238
2026-09-22T13:42:52.476+02:00;9163.476925;21.208;21.189;0.01899999999999835
2026-09-22T13:42:54.273+02:00;9165.274316;21.207;21.189;0.018000000000000682
2026-09-22T13:42:56.071+02:00;9167.071728;21.209;21.189;0.019999999999999574
2026-09-22T13:42:57.868+02:00;9168.869289;21.207;21.189;0.018000000000000682
2026-09-22T13:42:59.667+02:00;9170.667522;21.207;21.189;0.018000000000000682
2026-09-22T13:43:01.463+02:00;9172.463894;21.209;21.189;0.019999999999999574
2026-09-22T13:43:03.260+02:00;9174.261415;21.209;21.189;0.019999999999999574
2026-09-22T13:43:05.058+02:00;9176.058702;21.209;21.189;0.019999999999999574
2026-09-22T13:43:06.855+02:00;9177.856025;21.208;21.189;0.01899999999999835
2026-09-22T13:43:08.653+02:00;9179.653525;21.209;21.189;0.019999999999999574
2026-09-22T13:43:10.450+02:00;9181.450861;21.209;21.189;0.019999999999999574
2026-09-22T13:43:12.247+02:00;9183.248245;21.209;21.189;0.019999999999999574
2026-09-22T13:43:14.045+02:00;9185.045718;21.209;21.189;0.019999999999999574
2026-09-22T13:43:15.842+02:00;9186.843086;21.209;21.19;0.01899999999999835
2026-09-22T13:43:17.640+02:00;9188.640495;21.209;21.189;0.019999999999999574
2026-09-22T13:43:19.438+02:00;9190.438877;21.209;21.19;0.01899999999999835
2026-09-22T13:43:21.234+02:00;9192.235265;21.209;21.19;0.01899999999999835
2026-09-22T13:43:23.032+02:00;9194.032819;21.209;21.19;0.01899999999999835
2026-09-22T13:43:24.829+02:00;9195.830085;21.209;21.189;0.019999999999999574
2026-09-22T13:43:26.626+02:00;9197.627469;21.209;21.193;0.015999999999998238
2026-09-22T13:43:28.425+02:00;9199.425956;21.209;21.189;0.019999999999999574
2026-09-22T13:43:30.221+02:00;9201.222307;21.209;21.191;0.018000000000000682
2026-09-22T13:43:32.019+02:00;9203.019646;21.209;21.191;0.018000000000000682
2026-09-22T13:43:33.816+02:00;9204.817044;21.209;21.192;0.01699999999999946
2026-09-22T13:43:35.613+02:00;9206.614459;21.209;21.19;0.01899999999999835
2026-09-22T13:43:37.412+02:00;9208.412880;21.209;21.195;0.013999999999999346
2026-09-22T13:43:39.208+02:00;9210.209262;21.209;21.192;0.01699999999999946
2026-09-22T13:43:41.006+02:00;9212.006652;21.209;21.194;0.015000000000000568
2026-09-22T13:43:42.803+02:00;9213.804232;21.209;21.193;0.015999999999998238
2026-09-22T13:43:44.600+02:00;9215.601444;21.209;21.198;0.010999999999999233
2026-09-22T13:43:46.398+02:00;9217.398846;21.209;21.198;0.010999999999999233
2026-09-22T13:43:48.195+02:00;9219.196325;21.209;21.202;0.006999999999997897
2026-09-22T13:43:49.993+02:00;9220.993629;21.209;21.195;0.013999999999999346
2026-09-22T13:43:51.790+02:00;9222.790991;21.209;21.199;0.00999999999999801
2026-09-22T13:43:53.587+02:00;9224.588462;21.209;21.201;0.007999999999999119
2026-09-22T13:43:55.385+02:00;9226.385816;21.209;21.196;0.012999999999998124
2026-09-22T13:43:57.182+02:00;9228.183227;21.209;21.202;0.006999999999997897
2026-09-22T13:43:58.980+02:00;9229.980583;21.209;21.202;0.006999999999997897
2026-09-22T13:44:00.777+02:00;9231.777979;21.21;21.201;0.009000000000000341
2026-09-22T13:44:02.574+02:00;9233.575360;21.21;21.203;0.0070000000000014495
2026-09-22T13:44:04.372+02:00;9235.372732;21.21;21.204;0.006000000000000227
2026-09-22T13:44:06.169+02:00;9237.170129;21.212;21.201;0.010999999999999233
2026-09-22T13:44:07.967+02:00;9238.967594;21.209;21.205;0.004000000000001336
2026-09-22T13:44:09.764+02:00;9240.764949;21.21;21.204;0.006000000000000227
2026-09-22T13:44:11.561+02:00;9242.562312;21.213;21.204;0.009000000000000341
2026-09-22T13:44:13.359+02:00;9244.359873;21.214;21.205;0.009000000000000341
2026-09-22T13:44:15.156+02:00;9246.157114;21.213;21.205;0.008000000000002672
2026-09-22T13:44:16.953+02:00;9247.954454;21.214;21.205;0.009000000000000341
2026-09-22T13:44:18.751+02:00;9249.752011;21.216;21.204;0.012000000000000455
2026-09-22T13:44:20.548+02:00;9251.549275;21.216;21.205;0.011000000000002785
2026-09-22T13:44:22.346+02:00;9253.346660;21.218;21.205;0.013000000000001677
2026-09-22T13:44:24.143+02:00;9255.144097;21.219;21.204;0.015000000000000568
2026-09-22T13:44:25.940+02:00;9256.941430;21.217;21.205;0.012000000000000455
2026-09-22T13:44:27.739+02:00;9258.739829;21.215;21.205;0.010000000000001563
2026-09-22T13:44:29.535+02:00;9260.536229;21.221;21.205;0.01600000000000179
2026-09-22T13:44:31.333+02:00;9262.333656;21.221;21.205;0.01600000000000179
2026-09-22T13:44:33.130+02:00;9264.131012;21.222;21.205;0.017000000000003013
2026-09-22T13:44:34.927+02:00;9265.928399;21.221;21.205;0.01600000000000179
2026-09-22T13:44:36.725+02:00;9267.725793;21.224;21.205;0.019000000000001904
2026-09-22T13:44:38.522+02:00;9269.523396;21.223;21.205;0.018000000000000682
2026-09-22T13:44:40.320+02:00;9271.320588;21.224;21.205;0.019000000000001904
2026-09-22T13:44:42.117+02:00;9273.117999;21.221;21.205;0.01600000000000179
2026-09-22T13:44:43.915+02:00;9274.915507;21.224;21.205;0.019000000000001904
2026-09-22T13:44:45.712+02:00;9276.712751;21.225;21.205;0.020000000000003126
2026-09-22T13:44:47.510+02:00;9278.511151;21.225;21.205;0.020000000000003126
2026-09-22T13:44:49.307+02:00;9280.307633;21.225;21.205;0.020000000000003126
2026-09-22T13:44:51.104+02:00;9282.104983;21.225;21.205;0.020000000000003126
2026-09-22T13:44:52.901+02:00;9283.902372;21.225;21.205;0.020000000000003126
2026-09-22T13:44:54.699+02:00;9285.699764;21.225;21.205;0.020000000000003126
2026-09-22T13:44:57.023+02:00;9288.023772;21.225;21.205;0.020000000000003126
2026-09-22T13:44:58.811+02:00;9289.812221;21.225;21.205;0.020000000000003126
2026-09-22T13:45:00.609+02:00;9291.609579;21.225;21.205;0.020000000000003126
2026-09-22T13:45:02.406+02:00;9293.406976;21.224;21.205;0.019000000000001904
2026-09-22T13:45:04.203+02:00;9295.204358;21.225;21.205;0.020000000000003126
2026-09-22T13:45:06.002+02:00;9297.002972;21.225;21.205;0.020000000000003126
2026-09-22T13:45:07.798+02:00;9298.799185;21.225;21.207;0.018000000000000682
2026-09-22T13:45:09.596+02:00;9300.596582;21.225;21.206;0.019000000000001904
2026-09-22T13:45:11.393+02:00;9302.394087;21.225;21.205;0.020000000000003126
2026-09-22T13:45:13.190+02:00;9304.191447;21.225;21.205;0.020000000000003126
2026-09-22T13:45:15.590+02:00;9306.591469;21.225;21.207;0.018000000000000682
2026-09-22T13:45:17.378+02:00;9308.378935;21.225;21.206;0.019000000000001904
2026-09-22T13:45:19.175+02:00;9310.176378;21.225;21.206;0.019000000000001904
2026-09-22T13:45:20.974+02:00;9311.974760;21.225;21.207;0.018000000000000682
2026-09-22T13:45:22.770+02:00;9313.771315;21.225;21.209;0.01600000000000179
2026-09-22T13:45:24.569+02:00;9315.569535;21.225;21.209;0.01600000000000179
2026-09-22T13:45:26.365+02:00;9317.365963;21.226;21.211;0.015000000000000568
2026-09-22T13:45:28.162+02:00;9319.163431;21.225;21.213;0.012000000000000455
2026-09-22T13:45:29.960+02:00;9320.960724;21.225;21.208;0.017000000000003013
2026-09-22T13:45:31.757+02:00;9322.758109;21.225;21.216;0.009000000000000341
2026-09-22T13:45:33.555+02:00;9324.555549;21.225;21.211;0.014000000000002899
2026-09-22T13:45:35.352+02:00;9326.352914;21.225;21.215;0.010000000000001563
2026-09-22T13:45:37.149+02:00;9328.150260;21.226;21.215;0.010999999999999233
2026-09-22T13:45:38.947+02:00;9329.947677;21.225;21.218;0.0070000000000014495
2026-09-22T13:45:40.744+02:00;9331.745070;21.225;21.217;0.008000000000002672
2026-09-22T13:45:42.541+02:00;9333.542454;21.227;21.215;0.012000000000000455
2026-09-22T13:45:44.339+02:00;9335.339848;21.227;21.22;0.0070000000000014495
2026-09-22T13:45:46.136+02:00;9337.137247;21.225;21.22;0.005000000000002558
2026-09-22T13:45:47.934+02:00;9338.934857;21.225;21.218;0.0070000000000014495
2026-09-22T13:45:49.731+02:00;9340.732077;21.227;21.219;0.007999999999999119
2026-09-22T13:45:51.528+02:00;9342.529468;21.227;21.219;0.007999999999999119
2026-09-22T13:45:53.326+02:00;9344.326948;21.227;21.221;0.006000000000000227
2026-09-22T13:45:55.123+02:00;9346.124291;21.233;21.221;0.012000000000000455
2026-09-22T13:45:56.921+02:00;9347.921672;21.231;21.219;0.012000000000000455
2026-09-22T13:45:58.718+02:00;9349.719076;21.228;21.22;0.008000000000002672
2026-09-22T13:46:00.516+02:00;9351.516524;21.229;21.22;0.009000000000000341
2026-09-22T13:46:02.313+02:00;9353.313887;21.232;21.221;0.010999999999999233
2026-09-22T13:46:04.110+02:00;9355.111303;21.23;21.221;0.009000000000000341
2026-09-22T13:46:05.908+02:00;9356.908675;21.234;21.221;0.013000000000001677
2026-09-22T13:46:07.705+02:00;9358.706248;21.231;21.22;0.011000000000002785
2026-09-22T13:46:09.503+02:00;9360.503494;21.234;21.221;0.013000000000001677
2026-09-22T13:46:11.300+02:00;9362.300893;21.236;21.221;0.015000000000000568
2026-09-22T13:46:13.097+02:00;9364.098352;21.231;21.221;0.010000000000001563
2026-09-22T13:46:14.895+02:00;9365.895672;21.235;21.221;0.013999999999999346
2026-09-22T13:46:16.692+02:00;9367.693080;21.235;21.221;0.013999999999999346
2026-09-22T13:46:18.490+02:00;9369.490532;21.236;21.221;0.015000000000000568
2026-09-22T13:46:20.287+02:00;9371.287875;21.241;21.221;0.019999999999999574
2026-09-22T13:46:22.084+02:00;9373.085334;21.236;21.221;0.015000000000000568
2026-09-22T13:46:23.883+02:00;9374.883629;21.241;21.221;0.019999999999999574
2026-09-22T13:46:25.679+02:00;9376.680017;21.239;21.221;0.018000000000000682
2026-09-22T13:46:27.477+02:00;9378.477475;21.24;21.221;0.01899999999999835
2026-09-22T13:46:29.274+02:00;9380.274842;21.24;21.221;0.01899999999999835
2026-09-22T13:46:31.071+02:00;9382.072180;21.24;21.221;0.01899999999999835
2026-09-22T13:46:32.869+02:00;9383.869791;21.241;21.221;0.019999999999999574
2026-09-22T13:46:34.667+02:00;9385.667998;21.24;21.221;0.01899999999999835
2026-09-22T13:46:36.463+02:00;9387.464387;21.241;21.221;0.019999999999999574
2026-09-22T13:46:38.261+02:00;9389.261909;21.241;21.221;0.019999999999999574
2026-09-22T13:46:40.058+02:00;9391.059192;21.241;21.221;0.019999999999999574
2026-09-22T13:46:41.856+02:00;9392.856591;21.241;21.221;0.019999999999999574
2026-09-22T13:46:43.654+02:00;9394.654994;21.241;21.221;0.019999999999999574
2026-09-22T13:46:45.450+02:00;9396.451420;21.241;21.221;0.019999999999999574
2026-09-22T13:46:47.248+02:00;9398.248813;21.241;21.221;0.019999999999999574
2026-09-22T13:46:49.046+02:00;9400.047238;21.241;21.221;0.019999999999999574
2026-09-22T13:46:50.843+02:00;9401.843661;21.241;21.223;0.018000000000000682
2026-09-22T13:46:52.641+02:00;9403.642195;21.241;21.221;0.019999999999999574
2026-09-22T13:46:54.437+02:00;9405.438402;21.241;21.221;0.019999999999999574
2026-09-22T13:46:56.235+02:00;9407.235752;21.241;21.221;0.019999999999999574
2026-09-22T13:46:58.032+02:00;9409.033343;21.241;21.221;0.019999999999999574
2026-09-22T13:46:59.830+02:00;9410.830524;21.241;21.222;0.01899999999999835
2026-09-22T13:47:01.627+02:00;9412.627974;21.241;21.222;0.01899999999999835
2026-09-22T13:47:03.424+02:00;9414.425446;21.241;21.221;0.019999999999999574
2026-09-22T13:47:05.222+02:00;9416.222836;21.241;21.223;0.018000000000000682
2026-09-22T13:47:07.019+02:00;9418.020155;21.241;21.225;0.015999999999998238
2026-09-22T13:47:08.817+02:00;9419.817578;21.241;21.224;0.01699999999999946
2026-09-22T13:47:10.615+02:00;9421.615949;21.241;21.225;0.015999999999998238
2026-09-22T13:47:12.411+02:00;9423.412333;21.241;21.224;0.01699999999999946
2026-09-22T13:47:14.209+02:00;9425.209771;21.241;21.226;0.015000000000000568
2026-09-22T13:47:16.006+02:00;9427.007151;21.241;21.228;0.012999999999998124
2026-09-22T13:47:17.804+02:00;9428.804734;21.241;21.23;0.010999999999999233
2026-09-22T13:47:19.601+02:00;9430.601915;21.241;21.229;0.012000000000000455
2026-09-22T13:47:21.398+02:00;9432.399320;21.241;21.229;0.012000000000000455
2026-09-22T13:47:23.196+02:00;9434.196860;21.241;21.234;0.006999999999997897
2026-09-22T13:47:24.993+02:00;9435.994126;21.242;21.234;0.007999999999999119
2026-09-22T13:47:26.791+02:00;9437.791510;21.241;21.234;0.006999999999997897
2026-09-22T13:47:28.588+02:00;9439.588948;21.241;21.232;0.009000000000000341
2026-09-22T13:47:30.385+02:00;9441.386378;21.241;21.232;0.009000000000000341
2026-09-22T13:47:32.183+02:00;9443.183729;21.242;21.234;0.007999999999999119
2026-09-22T13:47:33.980+02:00;9444.981154;21.244;21.234;0.00999999999999801
2026-09-22T13:47:35.778+02:00;9446.778496;21.242;21.238;0.004000000000001336
2026-09-22T13:47:37.575+02:00;9448.576140;21.241;21.236;0.004999999999999005
2026-09-22T13:47:39.372+02:00;9450.373355;21.242;21.237;0.005000000000002558
2026-09-22T13:47:41.170+02:00;9452.170722;21.242;21.237;0.005000000000002558
2026-09-22T13:47:42.967+02:00;9453.968243;21.245;21.237;0.008000000000002672
2026-09-22T13:47:44.765+02:00;9455.765526;21.244;21.238;0.006000000000000227
2026-09-22T13:47:46.562+02:00;9457.562937;21.244;21.238;0.006000000000000227
2026-09-22T13:47:48.359+02:00;9459.360367;21.244;21.238;0.006000000000000227
2026-09-22T13:47:50.157+02:00;9461.157720;21.247;21.238;0.009000000000000341
2026-09-22T13:47:51.954+02:00;9462.955098;21.249;21.238;0.010999999999999233
2026-09-22T13:47:53.753+02:00;9464.753495;21.247;21.238;0.009000000000000341
2026-09-22T13:47:55.549+02:00;9466.549879;21.247;21.237;0.010000000000001563
2026-09-22T13:47:57.346+02:00;9468.347277;21.249;21.238;0.010999999999999233
2026-09-22T13:47:59.144+02:00;9470.144740;21.252;21.237;0.015000000000000568
2026-09-22T13:48:00.941+02:00;9471.942137;21.254;21.238;0.01600000000000179
2026-09-22T13:48:02.741+02:00;9473.741654;21.254;21.238;0.01600000000000179
2026-09-22T13:48:04.536+02:00;9475.536945;21.254;21.238;0.01600000000000179
2026-09-22T13:48:06.333+02:00;9477.334355;21.255;21.238;0.01699999999999946
2026-09-22T13:48:08.131+02:00;9479.131768;21.256;21.238;0.018000000000000682
2026-09-22T13:48:10.317+02:00;9481.317909;21.256;21.238;0.018000000000000682
2026-09-22T13:48:12.114+02:00;9483.115337;21.255;21.238;0.01699999999999946
2026-09-22T13:48:13.912+02:00;9484.912916;21.257;21.238;0.019000000000001904
2026-09-22T13:48:15.710+02:00;9486.711130;21.258;21.238;0.019999999999999574
2026-09-22T13:48:17.507+02:00;9488.507553;21.258;21.238;0.019999999999999574
2026-09-22T13:48:19.304+02:00;9490.305003;21.258;21.238;0.019999999999999574
2026-09-22T13:48:21.101+02:00;9492.102384;21.257;21.238;0.019000000000001904
2026-09-22T13:48:22.899+02:00;9493.899773;21.258;21.238;0.019999999999999574
2026-09-22T13:48:24.696+02:00;9495.697175;21.258;21.238;0.019999999999999574
2026-09-22T13:48:26.494+02:00;9497.494682;21.258;21.238;0.019999999999999574
2026-09-22T13:48:28.291+02:00;9499.292193;21.256;21.238;0.018000000000000682
2026-09-22T13:48:30.088+02:00;9501.089426;21.258;21.238;0.019999999999999574
2026-09-22T13:48:31.886+02:00;9502.886806;21.258;21.238;0.019999999999999574
2026-09-22T13:48:33.683+02:00;9504.684323;21.258;21.238;0.019999999999999574
2026-09-22T13:48:35.482+02:00;9506.482666;21.258;21.238;0.019999999999999574
2026-09-22T13:48:37.278+02:00;9508.279026;21.258;21.239;0.01899999999999835
2026-09-22T13:48:39.600+02:00;9510.601427;21.257;21.238;0.019000000000001904
2026-09-22T13:48:41.389+02:00;9512.389858;21.258;21.238;0.019999999999999574
2026-09-22T13:48:43.186+02:00;9514.187237;21.258;21.238;0.019999999999999574
2026-09-22T13:48:44.984+02:00;9515.984635;21.258;21.238;0.019999999999999574
2026-09-22T13:48:46.782+02:00;9517.783006;21.258;21.239;0.01899999999999835
2026-09-22T13:48:48.580+02:00;9519.580632;21.258;21.238;0.019999999999999574
2026-09-22T13:48:51.345+02:00;9522.346415;21.258;21.241;0.01699999999999946
2026-09-22T13:48:53.133+02:00;9524.133902;21.258;21.238;0.019999999999999574
2026-09-22T13:48:54.930+02:00;9525.931324;21.258;21.241;0.01699999999999946
2026-09-22T13:48:56.728+02:00;9527.728764;21.258;21.242;0.015999999999998238
2026-09-22T13:48:58.525+02:00;9529.526160;21.258;21.245;0.012999999999998124
2026-09-22T13:49:00.324+02:00;9531.324552;21.258;21.245;0.012999999999998124
2026-09-22T13:49:02.120+02:00;9533.120965;21.258;21.245;0.012999999999998124
2026-09-22T13:49:03.917+02:00;9534.918394;21.258;21.244;0.013999999999999346
2026-09-22T13:49:05.715+02:00;9536.715760;21.258;21.242;0.015999999999998238
2026-09-22T13:49:07.512+02:00;9538.513107;21.258;21.248;0.00999999999999801
2026-09-22T13:49:09.310+02:00;9540.310499;21.258;21.25;0.007999999999999119
2026-09-22T13:49:11.107+02:00;9542.108101;21.258;21.248;0.00999999999999801
2026-09-22T13:49:12.904+02:00;9543.905354;21.258;21.246;0.012000000000000455
2026-09-22T13:49:14.702+02:00;9545.702825;21.259;21.25;0.009000000000000341
2026-09-22T13:49:16.499+02:00;9547.500195;21.259;21.252;0.0070000000000014495
2026-09-22T13:49:18.297+02:00;9549.297574;21.259;21.247;0.012000000000000455
2026-09-22T13:49:20.094+02:00;9551.094933;21.261;21.252;0.009000000000000341
2026-09-22T13:49:21.891+02:00;9552.892370;21.258;21.249;0.009000000000000341
2026-09-22T13:49:23.689+02:00;9554.689718;21.259;21.253;0.006000000000000227
2026-09-22T13:49:25.486+02:00;9556.487106;21.259;21.253;0.006000000000000227
2026-09-22T13:49:27.284+02:00;9558.284512;21.26;21.253;0.0070000000000014495
2026-09-22T13:49:29.081+02:00;9560.081977;21.263;21.254;0.009000000000000341
2026-09-22T13:49:30.880+02:00;9561.880490;21.259;21.254;0.004999999999999005
2026-09-22T13:49:32.676+02:00;9563.676754;21.261;21.254;0.006999999999997897
2026-09-22T13:49:34.473+02:00;9565.474134;21.262;21.254;0.007999999999999119
2026-09-22T13:49:36.271+02:00;9567.271593;21.261;21.254;0.006999999999997897
2026-09-22T13:49:38.068+02:00;9569.069004;21.261;21.254;0.006999999999997897
2026-09-22T13:49:39.865+02:00;9570.866348;21.266;21.253;0.012999999999998124
2026-09-22T13:49:41.663+02:00;9572.663703;21.264;21.254;0.00999999999999801
2026-09-22T13:49:43.460+02:00;9574.461112;21.267;21.254;0.012999999999998124
2026-09-22T13:49:45.259+02:00;9576.259541;21.265;21.254;0.010999999999999233
2026-09-22T13:49:47.055+02:00;9578.055915;21.268;21.254;0.013999999999999346
2026-09-22T13:49:48.852+02:00;9579.853288;21.269;21.254;0.014999999999997016
2026-09-22T13:49:50.650+02:00;9581.650914;21.269;21.254;0.014999999999997016
2026-09-22T13:49:52.447+02:00;9583.448100;21.271;21.254;0.01699999999999946
2026-09-22T13:49:54.245+02:00;9585.245501;21.272;21.254;0.01799999999999713
2026-09-22T13:49:56.042+02:00;9587.043011;21.27;21.254;0.015999999999998238
2026-09-22T13:49:57.839+02:00;9588.840331;21.272;21.254;0.01799999999999713
2026-09-22T13:49:59.637+02:00;9590.637743;21.271;21.254;0.01699999999999946
2026-09-22T13:50:01.434+02:00;9592.435131;21.272;21.254;0.01799999999999713
2026-09-22T13:50:03.232+02:00;9594.232532;21.271;21.254;0.01699999999999946
2026-09-22T13:50:05.029+02:00;9596.029914;21.271;21.254;0.01699999999999946
2026-09-22T13:50:06.826+02:00;9597.827341;21.274;21.254;0.019999999999999574
2026-09-22T13:50:08.624+02:00;9599.624757;21.274;21.254;0.019999999999999574
2026-09-22T13:50:10.421+02:00;9601.422317;21.274;21.254;0.019999999999999574
2026-09-22T13:50:12.219+02:00;9603.219606;21.273;21.254;0.01899999999999835
2026-09-22T13:50:14.016+02:00;9605.017047;21.274;21.254;0.019999999999999574
2026-09-22T13:50:15.814+02:00;9606.814502;21.274;21.254;0.019999999999999574
2026-09-22T13:50:17.611+02:00;9608.611797;21.274;21.254;0.019999999999999574
2026-09-22T13:50:19.409+02:00;9610.410211;21.274;21.254;0.019999999999999574
2026-09-22T13:50:21.207+02:00;9612.207609;21.274;21.254;0.019999999999999574
2026-09-22T13:50:23.003+02:00;9614.004021;21.274;21.254;0.019999999999999574
2026-09-22T13:50:24.801+02:00;9615.801617;21.274;21.254;0.019999999999999574
2026-09-22T13:50:26.598+02:00;9617.598871;21.274;21.254;0.019999999999999574
2026-09-22T13:50:28.396+02:00;9619.397242;21.274;21.254;0.019999999999999574
2026-09-22T13:50:30.193+02:00;9621.193749;21.274;21.254;0.019999999999999574
2026-09-22T13:50:31.990+02:00;9622.991047;21.274;21.254;0.019999999999999574
2026-09-22T13:50:33.788+02:00;9624.788507;21.274;21.254;0.019999999999999574
2026-09-22T13:50:35.585+02:00;9626.585863;21.274;21.256;0.018000000000000682
2026-09-22T13:50:37.382+02:00;9628.383292;21.274;21.255;0.019000000000001904
2026-09-22T13:50:39.180+02:00;9630.180638;21.274;21.257;0.01699999999999946
2026-09-22T13:50:40.977+02:00;9631.978061;21.274;21.258;0.01600000000000179
2026-09-22T13:50:42.775+02:00;9633.775489;21.274;21.256;0.018000000000000682
2026-09-22T13:50:44.572+02:00;9635.573076;21.274;21.256;0.018000000000000682
2026-09-22T13:50:46.369+02:00;9637.370263;21.274;21.259;0.015000000000000568
2026-09-22T13:50:48.167+02:00;9639.167780;21.274;21.261;0.013000000000001677
2026-09-22T13:50:49.964+02:00;9640.965140;21.274;21.259;0.015000000000000568
2026-09-22T13:50:51.761+02:00;9642.762439;21.274;21.262;0.012000000000000455
2026-09-22T13:50:53.559+02:00;9644.559895;21.274;21.258;0.01600000000000179
2026-09-22T13:50:55.356+02:00;9646.357255;21.274;21.26;0.013999999999999346
2026-09-22T13:50:57.154+02:00;9648.154716;21.274;21.26;0.013999999999999346
2026-09-22T13:50:58.951+02:00;9649.952119;21.274;21.264;0.010000000000001563
2026-09-22T13:51:00.749+02:00;9651.749512;21.274;21.264;0.010000000000001563
2026-09-22T13:51:02.546+02:00;9653.546884;21.274;21.267;0.0070000000000014495
2026-09-22T13:51:04.344+02:00;9655.344544;21.274;21.267;0.0070000000000014495
2026-09-22T13:51:06.682+02:00;9657.682578;21.274;21.268;0.006000000000000227
2026-09-22T13:51:08.469+02:00;9659.470053;21.275;21.267;0.007999999999999119
2026-09-22T13:51:10.267+02:00;9661.267572;21.275;21.269;0.006000000000000227
2026-09-22T13:51:12.064+02:00;9663.064891;21.274;21.268;0.006000000000000227
2026-09-22T13:51:13.861+02:00;9664.862292;21.277;21.269;0.008000000000002672
2026-09-22T13:51:15.660+02:00;9666.660737;21.275;21.267;0.007999999999999119
2026-09-22T13:51:17.456+02:00;9668.457117;21.276;21.27;0.006000000000000227
2026-09-22T13:51:19.254+02:00;9670.254534;21.278;21.27;0.007999999999999119
2026-09-22T13:51:21.051+02:00;9672.051929;21.278;21.269;0.009000000000000341
2026-09-22T13:51:22.848+02:00;9673.849329;21.279;21.269;0.010000000000001563
2026-09-22T13:51:24.646+02:00;9675.646903;21.277;21.27;0.0070000000000014495
2026-09-22T13:51:26.443+02:00;9677.444181;21.281;21.27;0.010999999999999233
2026-09-22T13:51:28.241+02:00;9679.241560;21.279;21.27;0.009000000000000341
2026-09-22T13:51:30.038+02:00;9681.038972;21.283;21.27;0.013000000000001677
2026-09-22T13:51:31.835+02:00;9682.836431;21.282;21.27;0.012000000000000455
2026-09-22T13:51:33.633+02:00;9684.633839;21.28;21.27;0.010000000000001563
2026-09-22T13:51:35.430+02:00;9686.431186;21.282;21.269;0.013000000000001677
2026-09-22T13:51:37.228+02:00;9688.228603;21.283;21.27;0.013000000000001677
2026-09-22T13:51:39.025+02:00;9690.026177;21.284;21.27;0.013999999999999346
2026-09-22T13:51:40.822+02:00;9691.823411;21.288;21.27;0.018000000000000682
2026-09-22T13:51:42.621+02:00;9693.621811;21.287;21.27;0.01699999999999946
2026-09-22T13:51:44.417+02:00;9695.418320;21.286;21.27;0.01600000000000179
2026-09-22T13:51:46.215+02:00;9697.215678;21.288;21.27;0.018000000000000682
2026-09-22T13:51:48.012+02:00;9699.013089;21.286;21.27;0.01600000000000179
2026-09-22T13:51:49.810+02:00;9700.810595;21.287;21.27;0.01699999999999946
2026-09-22T13:51:51.607+02:00;9702.607921;21.289;21.27;0.019000000000001904
2026-09-22T13:51:53.405+02:00;9704.405480;21.289;21.27;0.019000000000001904
2026-09-22T13:51:55.202+02:00;9706.202752;21.289;21.27;0.019000000000001904
2026-09-22T13:51:56.999+02:00;9708.000121;21.29;21.27;0.019999999999999574
2026-09-22T13:51:58.797+02:00;9709.797581;21.289;21.27;0.019000000000001904
2026-09-22T13:52:00.594+02:00;9711.595043;21.29;21.27;0.019999999999999574
2026-09-22T13:52:02.391+02:00;9713.392412;21.29;21.27;0.019999999999999574
2026-09-22T13:52:04.189+02:00;9715.189828;21.29;21.27;0.019999999999999574
2026-09-22T13:52:05.986+02:00;9716.987172;21.29;21.27;0.019999999999999574
2026-09-22T13:52:07.784+02:00;9718.784794;21.289;21.27;0.019000000000001904
2026-09-22T13:52:09.581+02:00;9720.581999;21.29;21.27;0.019999999999999574
2026-09-22T13:52:11.378+02:00;9722.379367;21.29;21.271;0.01899999999999835
2026-09-22T13:52:13.176+02:00;9724.176888;21.29;21.27;0.019999999999999574
2026-09-22T13:52:14.973+02:00;9725.974260;21.29;21.27;0.019999999999999574
2026-09-22T13:52:16.771+02:00;9727.771621;21.29;21.27;0.019999999999999574
2026-09-22T13:52:18.568+02:00;9729.569052;21.289;21.271;0.018000000000000682
2026-09-22T13:52:20.365+02:00;9731.366390;21.29;21.27;0.019999999999999574
2026-09-22T13:52:22.163+02:00;9733.163853;21.29;21.271;0.01899999999999835
2026-09-22T13:52:23.960+02:00;9734.961238;21.29;21.27;0.019999999999999574
2026-09-22T13:52:25.759+02:00;9736.759756;21.29;21.271;0.01899999999999835
2026-09-22T13:52:27.555+02:00;9738.556229;21.29;21.271;0.01899999999999835
2026-09-22T13:52:29.353+02:00;9740.353485;21.29;21.271;0.01899999999999835
2026-09-22T13:52:31.150+02:00;9742.150925;21.29;21.271;0.01899999999999835
2026-09-22T13:52:32.947+02:00;9743.948301;21.29;21.274;0.015999999999998238
2026-09-22T13:52:35.265+02:00;9746.266348;21.29;21.274;0.015999999999998238
2026-09-22T13:52:37.053+02:00;9748.053728;21.29;21.279;0.010999999999999233
2026-09-22T13:52:38.850+02:00;9749.851115;21.29;21.272;0.018000000000000682
2026-09-22T13:52:40.648+02:00;9751.648541;21.29;21.275;0.015000000000000568
2026-09-22T13:52:42.445+02:00;9753.446007;21.29;21.276;0.013999999999999346
2026-09-22T13:52:44.244+02:00;9755.244544;21.29;21.275;0.015000000000000568
2026-09-22T13:52:46.040+02:00;9757.040795;21.29;21.279;0.010999999999999233
2026-09-22T13:52:47.837+02:00;9758.838331;21.29;21.277;0.012999999999998124
2026-09-22T13:52:49.636+02:00;9760.636671;21.29;21.28;0.00999999999999801
2026-09-22T13:52:51.432+02:00;9762.433009;21.29;21.281;0.009000000000000341
2026-09-22T13:52:53.229+02:00;9764.230399;21.29;21.282;0.007999999999999119
2026-09-22T13:52:55.027+02:00;9766.027802;21.29;21.282;0.007999999999999119
2026-09-22T13:52:56.824+02:00;9767.825199;21.291;21.282;0.009000000000000341
2026-09-22T13:52:58.622+02:00;9769.622586;21.29;21.283;0.006999999999997897
2026-09-22T13:53:00.419+02:00;9771.420018;21.291;21.283;0.007999999999999119
2026-09-22T13:53:02.216+02:00;9773.217452;21.293;21.285;0.007999999999999119
2026-09-22T13:53:04.015+02:00;9775.015962;21.293;21.284;0.009000000000000341
2026-09-22T13:53:05.811+02:00;9776.812248;21.291;21.284;0.0070000000000014495
2026-09-22T13:53:07.609+02:00;9778.609612;21.292;21.285;0.0070000000000014495
2026-09-22T13:53:09.406+02:00;9780.407074;21.294;21.286;0.007999999999999119
2026-09-22T13:53:11.203+02:00;9782.204452;21.293;21.286;0.006999999999997897
2026-09-22T13:53:13.001+02:00;9784.001869;21.297;21.285;0.012000000000000455
2026-09-22T13:53:14.798+02:00;9785.799259;21.296;21.285;0.010999999999999233
2026-09-22T13:53:16.596+02:00;9787.596650;21.296;21.286;0.00999999999999801
2026-09-22T13:53:18.393+02:00;9789.394265;21.293;21.286;0.006999999999997897
2026-09-22T13:53:20.191+02:00;9791.191515;21.296;21.286;0.00999999999999801
2026-09-22T13:53:21.988+02:00;9792.988849;21.299;21.286;0.012999999999998124
2026-09-22T13:53:23.785+02:00;9794.786420;21.297;21.285;0.012000000000000455
2026-09-22T13:53:25.583+02:00;9796.583709;21.297;21.286;0.010999999999999233
2026-09-22T13:53:27.380+02:00;9798.381048;21.3;21.286;0.013999999999999346
2026-09-22T13:53:29.178+02:00;9800.178479;21.302;21.286;0.015999999999998238
2026-09-22T13:53:30.975+02:00;9801.975935;21.303;21.286;0.01699999999999946
2026-09-22T13:53:32.772+02:00;9803.773300;21.304;21.286;0.01799999999999713
2026-09-22T13:53:34.570+02:00;9805.570697;21.305;21.286;0.01899999999999835
2026-09-22T13:53:36.367+02:00;9807.368118;21.304;21.286;0.01799999999999713
2026-09-22T13:53:38.165+02:00;9809.165707;21.303;21.286;0.01699999999999946
2026-09-22T13:53:40.473+02:00;9811.473716;21.305;21.286;0.01899999999999835
2026-09-22T13:53:42.260+02:00;9813.261242;21.305;21.286;0.01899999999999835
2026-09-22T13:53:44.058+02:00;9815.058541;21.305;21.286;0.01899999999999835
2026-09-22T13:53:45.855+02:00;9816.856013;21.302;21.286;0.015999999999998238
2026-09-22T13:53:47.652+02:00;9818.653371;21.305;21.286;0.01899999999999835
2026-09-22T13:53:49.451+02:00;9820.451938;21.306;21.286;0.019999999999999574
2026-09-22T13:53:51.247+02:00;9822.248282;21.305;21.286;0.01899999999999835
2026-09-22T13:53:53.045+02:00;9824.045630;21.306;21.286;0.019999999999999574
2026-09-22T13:53:54.842+02:00;9825.843023;21.306;21.286;0.019999999999999574
2026-09-22T13:53:56.639+02:00;9827.640404;21.306;21.286;0.019999999999999574
2026-09-22T13:53:58.437+02:00;9829.437821;21.306;21.287;0.019000000000001904
2026-09-22T13:54:00.234+02:00;9831.235254;21.306;21.286;0.019999999999999574
2026-09-22T13:54:02.032+02:00;9833.032624;21.306;21.287;0.019000000000001904
2026-09-22T13:54:03.829+02:00;9834.830227;21.306;21.287;0.019000000000001904
2026-09-22T13:54:05.626+02:00;9836.627460;21.306;21.286;0.019999999999999574
2026-09-22T13:54:07.424+02:00;9838.424834;21.306;21.286;0.019999999999999574
2026-09-22T13:54:09.221+02:00;9840.222356;21.306;21.286;0.019999999999999574
2026-09-22T13:54:11.019+02:00;9842.019625;21.306;21.286;0.019999999999999574
2026-09-22T13:54:12.816+02:00;9843.816998;21.306;21.286;0.019999999999999574
2026-09-22T13:54:14.613+02:00;9845.614438;21.306;21.286;0.019999999999999574
2026-09-22T13:54:16.411+02:00;9847.411794;21.306;21.289;0.01699999999999946
2026-09-22T13:54:18.208+02:00;9849.209206;21.306;21.288;0.018000000000000682
2026-09-22T13:54:20.006+02:00;9851.006641;21.306;21.286;0.019999999999999574
2026-09-22T13:54:21.803+02:00;9852.804013;21.306;21.286;0.019999999999999574
2026-09-22T13:54:23.600+02:00;9854.601395;21.306;21.289;0.01699999999999946
2026-09-22T13:54:25.398+02:00;9856.398817;21.306;21.292;0.013999999999999346
2026-09-22T13:54:27.195+02:00;9858.196198;21.306;21.289;0.01699999999999946
2026-09-22T13:54:28.993+02:00;9859.993743;21.306;21.289;0.01699999999999946
2026-09-22T13:54:30.790+02:00;9861.790974;21.306;21.288;0.018000000000000682
2026-09-22T13:54:32.587+02:00;9863.588363;21.306;21.29;0.01600000000000179
2026-09-22T13:54:34.385+02:00;9865.385867;21.306;21.292;0.013999999999999346
2026-09-22T13:54:36.183+02:00;9867.184188;21.306;21.292;0.013999999999999346
2026-09-22T13:54:37.980+02:00;9868.980553;21.306;21.297;0.009000000000000341
2026-09-22T13:54:39.777+02:00;9870.777983;21.306;21.292;0.013999999999999346
2026-09-22T13:54:41.574+02:00;9872.575331;21.307;21.299;0.007999999999999119
2026-09-22T13:54:43.372+02:00;9874.372780;21.306;21.298;0.008000000000002672
2026-09-22T13:54:45.169+02:00;9876.170139;21.306;21.295;0.010999999999999233
2026-09-22T13:54:46.967+02:00;9877.967591;21.307;21.293;0.013999999999999346
2026-09-22T13:54:48.764+02:00;9879.765161;21.306;21.296;0.010000000000001563
2026-09-22T13:54:50.561+02:00;9881.562357;21.308;21.3;0.007999999999999119
2026-09-22T13:54:52.359+02:00;9883.359772;21.307;21.3;0.006999999999997897
2026-09-22T13:54:54.156+02:00;9885.157252;21.307;21.3;0.006999999999997897
2026-09-22T13:54:55.954+02:00;9886.954547;21.308;21.298;0.010000000000001563
2026-09-22T13:54:57.751+02:00;9888.751963;21.306;21.301;0.005000000000002558
2026-09-22T13:54:59.549+02:00;9890.550384;21.311;21.302;0.009000000000000341
2026-09-22T13:55:01.346+02:00;9892.346844;21.311;21.301;0.010000000000001563
2026-09-22T13:55:03.143+02:00;9894.144209;21.307;21.301;0.006000000000000227
2026-09-22T13:55:04.941+02:00;9895.941637;21.309;21.302;0.0070000000000014495
2026-09-22T13:55:06.738+02:00;9897.739032;21.311;21.302;0.009000000000000341
2026-09-22T13:55:08.537+02:00;9899.537561;21.31;21.302;0.007999999999999119
2026-09-22T13:55:10.333+02:00;9901.333830;21.314;21.302;0.012000000000000455
2026-09-22T13:55:12.130+02:00;9903.131211;21.309;21.302;0.0070000000000014495
2026-09-22T13:55:13.928+02:00;9904.928683;21.315;21.302;0.013000000000001677
2026-09-22T13:55:15.725+02:00;9906.725995;21.313;21.302;0.010999999999999233
2026-09-22T13:55:17.523+02:00;9908.524425;21.315;21.302;0.013000000000001677
2026-09-22T13:55:19.321+02:00;9910.321914;21.315;21.302;0.013000000000001677
2026-09-22T13:55:21.117+02:00;9912.118230;21.315;21.302;0.013000000000001677
2026-09-22T13:55:22.915+02:00;9913.915671;21.319;21.302;0.01699999999999946
2026-09-22T13:55:24.712+02:00;9915.713037;21.321;21.302;0.019000000000001904
2026-09-22T13:55:26.509+02:00;9917.510428;21.316;21.302;0.013999999999999346
2026-09-22T13:55:28.307+02:00;9919.307941;21.321;21.302;0.019000000000001904
2026-09-22T13:55:30.104+02:00;9921.105169;21.32;21.302;0.018000000000000682
2026-09-22T13:55:32.432+02:00;9923.432558;21.321;21.302;0.019000000000001904
2026-09-22T13:55:34.220+02:00;9925.221158;21.32;21.302;0.018000000000000682
2026-09-22T13:55:36.018+02:00;9927.018531;21.32;21.302;0.018000000000000682
2026-09-22T13:55:37.815+02:00;9928.815914;21.322;21.302;0.019999999999999574
2026-09-22T13:55:39.613+02:00;9930.614306;21.322;21.302;0.019999999999999574
2026-09-22T13:55:41.410+02:00;9932.410725;21.322;21.302;0.019999999999999574
2026-09-22T13:55:43.207+02:00;9934.208316;21.322;21.302;0.019999999999999574
2026-09-22T13:55:45.005+02:00;9936.005493;21.321;21.302;0.019000000000001904
2026-09-22T13:55:46.802+02:00;9937.802912;21.322;21.302;0.019999999999999574
2026-09-22T13:55:48.600+02:00;9939.601393;21.322;21.302;0.019999999999999574
2026-09-22T13:55:50.397+02:00;9941.397759;21.322;21.302;0.019999999999999574
2026-09-22T13:55:52.194+02:00;9943.195161;21.322;21.303;0.01899999999999835
2026-09-22T13:55:53.993+02:00;9944.993571;21.322;21.302;0.019999999999999574
2026-09-22T13:55:55.789+02:00;9946.789978;21.322;21.302;0.019999999999999574
2026-09-22T13:55:57.587+02:00;9948.588360;21.322;21.302;0.019999999999999574
2026-09-22T13:55:59.947+02:00;9950.948181;21.322;21.302;0.019999999999999574
2026-09-22T13:56:01.735+02:00;9952.735713;21.322;21.302;0.019999999999999574
2026-09-22T13:56:03.882+02:00;9954.882713;21.322;21.305;0.01699999999999946
2026-09-22T13:56:05.679+02:00;9956.680052;21.322;21.302;0.019999999999999574
2026-09-22T13:56:07.477+02:00;9958.477508;21.322;21.304;0.018000000000000682
2026-09-22T13:56:09.274+02:00;9960.274871;21.322;21.305;0.01699999999999946
2026-09-22T13:56:11.071+02:00;9962.072291;21.322;21.304;0.018000000000000682
2026-09-22T13:56:12.869+02:00;9963.869917;21.322;21.302;0.019999999999999574
2026-09-22T13:56:14.666+02:00;9965.667129;21.322;21.304;0.018000000000000682
2026-09-22T13:56:16.465+02:00;9967.465547;21.322;21.304;0.018000000000000682
2026-09-22T13:56:18.261+02:00;9969.262021;21.322;21.302;0.019999999999999574
2026-09-22T13:56:20.058+02:00;9971.059319;21.322;21.305;0.01699999999999946
2026-09-22T13:56:21.856+02:00;9972.856759;21.322;21.31;0.012000000000000455
2026-09-22T13:56:23.653+02:00;9974.654229;21.322;21.306;0.015999999999998238
2026-09-22T13:56:25.451+02:00;9976.451576;21.322;21.308;0.013999999999999346
2026-09-22T13:56:27.248+02:00;9978.248986;21.322;21.31;0.012000000000000455
2026-09-22T13:56:29.586+02:00;9980.586954;21.322;21.311;0.010999999999999233
2026-09-22T13:56:31.374+02:00;9982.375447;21.322;21.31;0.012000000000000455
2026-09-22T13:56:33.172+02:00;9984.172837;21.322;21.309;0.012999999999998124
2026-09-22T13:56:34.970+02:00;9985.971376;21.322;21.311;0.010999999999999233
2026-09-22T13:56:37.305+02:00;9988.305564;21.322;21.312;0.00999999999999801
2026-09-22T13:56:39.092+02:00;9990.092989;21.322;21.315;0.006999999999997897
2026-09-22T13:56:40.890+02:00;9991.890493;21.322;21.317;0.004999999999999005
2026-09-22T13:56:42.687+02:00;9993.687762;21.322;21.317;0.004999999999999005
2026-09-22T13:56:44.484+02:00;9995.485174;21.323;21.316;0.0070000000000014495
2026-09-22T13:56:46.283+02:00;9997.283617;21.324;21.318;0.006000000000000227
2026-09-22T13:56:48.079+02:00;9999.080054;21.324;21.318;0.006000000000000227
2026-09-22T13:56:49.877+02:00;10000.877475;21.323;21.318;0.004999999999999005
2026-09-22T13:56:51.675+02:00;10002.675895;21.324;21.319;0.005000000000002558
2026-09-22T13:56:53.471+02:00;10004.472249;21.324;21.318;0.006000000000000227
2026-09-22T13:56:55.269+02:00;10006.269762;21.325;21.319;0.006000000000000227
2026-09-22T13:56:57.066+02:00;10008.067061;21.329;21.319;0.010000000000001563
2026-09-22T13:56:58.863+02:00;10009.864463;21.326;21.318;0.007999999999999119
2026-09-22T13:57:00.661+02:00;10011.661937;21.328;21.319;0.009000000000000341
2026-09-22T13:57:02.458+02:00;10013.459254;21.328;21.319;0.009000000000000341
2026-09-22T13:57:04.256+02:00;10015.256819;21.328;21.319;0.009000000000000341
2026-09-22T13:57:06.053+02:00;10017.054105;21.332;21.319;0.013000000000001677
2026-09-22T13:57:07.851+02:00;10018.851504;21.336;21.319;0.01699999999999946
2026-09-22T13:57:09.648+02:00;10020.649139;21.332;21.319;0.013000000000001677
2026-09-22T13:57:11.445+02:00;10022.446289;21.336;21.319;0.01699999999999946
2026-09-22T13:57:13.243+02:00;10024.243698;21.332;21.319;0.013000000000001677
2026-09-22T13:57:15.040+02:00;10026.041218;21.331;21.319;0.012000000000000455
2026-09-22T13:57:16.838+02:00;10027.838513;21.335;21.319;0.01600000000000179
2026-09-22T13:57:18.635+02:00;10029.635918;21.335;21.319;0.01600000000000179
2026-09-22T13:57:20.432+02:00;10031.433332;21.335;21.319;0.01600000000000179
2026-09-22T13:57:22.230+02:00;10033.230810;21.337;21.319;0.018000000000000682
2026-09-22T13:57:24.027+02:00;10035.028132;21.336;21.319;0.01699999999999946
2026-09-22T13:57:25.825+02:00;10036.825554;21.337;21.319;0.018000000000000682
2026-09-22T13:57:27.622+02:00;10038.622953;21.338;21.319;0.019000000000001904
2026-09-22T13:57:29.420+02:00;10040.420539;21.337;21.319;0.018000000000000682
2026-09-22T13:57:31.217+02:00;10042.217830;21.339;21.319;0.019999999999999574
2026-09-22T13:57:33.014+02:00;10044.015220;21.338;21.319;0.019000000000001904
2026-09-22T13:57:34.813+02:00;10045.813607;21.339;21.319;0.019999999999999574
2026-09-22T13:57:36.609+02:00;10047.610032;21.339;21.319;0.019999999999999574
2026-09-22T13:57:38.406+02:00;10049.407425;21.339;21.319;0.019999999999999574
2026-09-22T13:57:40.204+02:00;10051.204840;21.339;21.319;0.019999999999999574
2026-09-22T13:57:42.001+02:00;10053.002236;21.338;21.319;0.019000000000001904
2026-09-22T13:57:43.799+02:00;10054.799821;21.338;21.319;0.019000000000001904
2026-09-22T13:57:45.596+02:00;10056.596997;21.339;21.319;0.019999999999999574
2026-09-22T13:57:47.393+02:00;10058.394405;21.339;21.319;0.019999999999999574
2026-09-22T13:57:49.191+02:00;10060.191920;21.339;21.32;0.01899999999999835
2026-09-22T13:57:50.988+02:00;10061.989223;21.339;21.319;0.019999999999999574
2026-09-22T13:57:52.786+02:00;10063.786628;21.339;21.319;0.019999999999999574
2026-09-22T13:57:54.583+02:00;10065.584041;21.339;21.319;0.019999999999999574
2026-09-22T13:57:56.381+02:00;10067.382398;21.339;21.319;0.019999999999999574
2026-09-22T13:57:58.178+02:00;10069.178816;21.339;21.321;0.01799999999999713
2026-09-22T13:57:59.975+02:00;10070.976234;21.339;21.324;0.014999999999997016
2026-09-22T13:58:01.773+02:00;10072.773649;21.339;21.32;0.01899999999999835
2026-09-22T13:58:03.570+02:00;10074.571224;21.339;21.32;0.01899999999999835
2026-09-22T13:58:05.368+02:00;10076.369451;21.339;21.321;0.01799999999999713
2026-09-22T13:58:07.165+02:00;10078.165810;21.339;21.32;0.01899999999999835
2026-09-22T13:58:08.962+02:00;10079.963395;21.339;21.324;0.014999999999997016
2026-09-22T13:58:10.760+02:00;10081.760630;21.339;21.323;0.015999999999998238
2026-09-22T13:58:12.557+02:00;10083.557992;21.339;21.324;0.014999999999997016
2026-09-22T13:58:14.355+02:00;10085.356442;21.339;21.325;0.013999999999999346
2026-09-22T13:58:16.152+02:00;10087.152830;21.339;21.323;0.015999999999998238
2026-09-22T13:58:17.949+02:00;10088.950256;21.339;21.321;0.01799999999999713
2026-09-22T13:58:19.748+02:00;10090.748636;21.339;21.324;0.014999999999997016
2026-09-22T13:58:21.544+02:00;10092.544971;21.34;21.326;0.013999999999999346
2026-09-22T13:58:23.341+02:00;10094.342361;21.339;21.329;0.00999999999999801
2026-09-22T13:58:25.139+02:00;10096.139745;21.339;21.331;0.007999999999999119
2026-09-22T13:58:26.936+02:00;10097.937145;21.339;21.33;0.009000000000000341
2026-09-22T13:58:28.734+02:00;10099.734754;21.34;21.329;0.010999999999999233
2026-09-22T13:58:30.531+02:00;10101.531997;21.34;21.33;0.010000000000001563
2026-09-22T13:58:32.328+02:00;10103.329367;21.339;21.332;0.006999999999997897
2026-09-22T13:58:34.126+02:00;10105.126853;21.339;21.333;0.006000000000000227
2026-09-22T13:58:35.923+02:00;10106.924150;21.34;21.333;0.0070000000000014495
2026-09-22T13:58:37.721+02:00;10108.721532;21.341;21.335;0.006000000000000227
2026-09-22T13:58:39.518+02:00;10110.518976;21.342;21.333;0.009000000000000341
2026-09-22T13:58:41.315+02:00;10112.316355;21.342;21.334;0.007999999999999119
2026-09-22T13:58:43.114+02:00;10114.114727;21.342;21.335;0.006999999999997897
2026-09-22T13:58:44.910+02:00;10115.911168;21.339;21.335;0.003999999999997783
2026-09-22T13:58:47.271+02:00;10118.271977;21.339;21.335;0.003999999999997783
2026-09-22T13:58:49.059+02:00;10120.060422;21.346;21.334;0.012000000000000455
2026-09-22T13:58:50.857+02:00;10121.857825;21.348;21.335;0.012999999999998124
2026-09-22T13:58:52.654+02:00;10123.655283;21.346;21.334;0.012000000000000455
2026-09-22T13:58:54.786+02:00;10125.786520;21.343;21.335;0.007999999999999119
2026-09-22T13:58:56.583+02:00;10127.583939;21.346;21.335;0.010999999999999233
2026-09-22T13:58:58.380+02:00;10129.381371;21.348;21.335;0.012999999999998124
2026-09-22T13:59:00.178+02:00;10131.178706;21.345;21.335;0.00999999999999801
2026-09-22T13:59:01.975+02:00;10132.976103;21.35;21.335;0.015000000000000568
2026-09-22T13:59:03.773+02:00;10134.773518;21.347;21.335;0.012000000000000455
2026-09-22T13:59:05.570+02:00;10136.570891;21.35;21.335;0.015000000000000568
2026-09-22T13:59:07.367+02:00;10138.368331;21.353;21.335;0.018000000000000682
2026-09-22T13:59:09.165+02:00;10140.165736;21.351;21.335;0.015999999999998238
2026-09-22T13:59:10.962+02:00;10141.963128;21.353;21.335;0.018000000000000682
2026-09-22T13:59:12.760+02:00;10143.760664;21.352;21.335;0.01699999999999946
2026-09-22T13:59:14.557+02:00;10145.557923;21.353;21.335;0.018000000000000682
2026-09-22T13:59:16.354+02:00;10147.355313;21.352;21.335;0.01699999999999946
2026-09-22T13:59:18.152+02:00;10149.152814;21.352;21.335;0.01699999999999946
2026-09-22T13:59:19.949+02:00;10150.950119;21.354;21.335;0.01899999999999835
2026-09-22T13:59:21.747+02:00;10152.747480;21.355;21.335;0.019999999999999574
2026-09-22T13:59:23.544+02:00;10154.544881;21.354;21.335;0.01899999999999835
2026-09-22T13:59:25.341+02:00;10156.342332;21.355;21.335;0.019999999999999574
2026-09-22T13:59:27.139+02:00;10158.139663;21.354;21.335;0.01899999999999835
2026-09-22T13:59:29.347+02:00;10160.347549;21.355;21.335;0.019999999999999574
2026-09-22T13:59:31.144+02:00;10162.145044;21.354;21.335;0.01899999999999835
2026-09-22T13:59:32.941+02:00;10163.942357;21.355;21.335;0.019999999999999574
2026-09-22T13:59:34.739+02:00;10165.739762;21.355;21.335;0.019999999999999574
2026-09-22T13:59:36.536+02:00;10167.537174;21.355;21.335;0.019999999999999574
2026-09-22T13:59:38.334+02:00;10169.334621;21.355;21.335;0.019999999999999574
2026-09-22T13:59:40.131+02:00;10171.132000;21.355;21.335;0.019999999999999574
2026-09-22T13:59:41.928+02:00;10172.929399;21.355;21.335;0.019999999999999574
2026-09-22T13:59:43.726+02:00;10174.726784;21.355;21.335;0.019999999999999574
2026-09-22T13:59:45.523+02:00;10176.524366;21.355;21.336;0.019000000000001904
2026-09-22T13:59:47.321+02:00;10178.321585;21.355;21.337;0.018000000000000682
2026-09-22T13:59:49.118+02:00;10180.118994;21.355;21.338;0.01699999999999946
2026-09-22T13:59:50.916+02:00;10181.916488;21.355;21.336;0.019000000000001904
2026-09-22T13:59:52.713+02:00;10183.713860;21.355;21.336;0.019000000000001904
2026-09-22T13:59:54.510+02:00;10185.511225;21.355;21.338;0.01699999999999946
2026-09-22T13:59:56.309+02:00;10187.309651;21.355;21.339;0.01600000000000179
2026-09-22T13:59:58.106+02:00;10189.107033;21.355;21.337;0.018000000000000682
2026-09-22T13:59:59.902+02:00;10190.903430;21.355;21.338;0.01699999999999946
2026-09-22T14:00:01.700+02:00;10192.700817;21.355;21.336;0.019000000000001904
2026-09-22T14:00:03.498+02:00;10194.499243;21.355;21.34;0.015000000000000568
2026-09-22T14:00:05.295+02:00;10196.295790;21.355;21.34;0.015000000000000568
2026-09-22T14:00:07.092+02:00;10198.093044;21.355;21.338;0.01699999999999946
2026-09-22T14:00:08.889+02:00;10199.890451;21.355;21.34;0.015000000000000568
2026-09-22T14:00:10.687+02:00;10201.687903;21.355;21.342;0.013000000000001677
2026-09-22T14:00:12.485+02:00;10203.486246;21.356;21.342;0.014000000000002899
2026-09-22T14:00:14.282+02:00;10205.282684;21.355;21.342;0.013000000000001677
2026-09-22T14:00:16.079+02:00;10207.080053;21.355;21.346;0.009000000000000341
2026-09-22T14:00:17.876+02:00;10208.877453;21.355;21.345;0.010000000000001563
2026-09-22T14:00:19.674+02:00;10210.674874;21.355;21.344;0.010999999999999233
2026-09-22T14:00:21.472+02:00;10212.473353;21.355;21.347;0.007999999999999119
2026-09-22T14:00:23.269+02:00;10214.269755;21.356;21.344;0.012000000000000455
2026-09-22T14:00:25.494+02:00;10216.495327;21.356;21.347;0.009000000000000341
2026-09-22T14:00:27.292+02:00;10218.292785;21.355;21.348;0.0070000000000014495
2026-09-22T14:00:29.089+02:00;10220.090277;21.355;21.35;0.004999999999999005
2026-09-22T14:00:30.887+02:00;10221.887629;21.356;21.348;0.008000000000002672
2026-09-22T14:00:32.684+02:00;10223.684967;21.356;21.349;0.0070000000000014495
2026-09-22T14:00:34.481+02:00;10225.482384;21.357;21.349;0.007999999999999119
2026-09-22T14:00:36.279+02:00;10227.279753;21.357;21.35;0.006999999999997897
2026-09-22T14:00:38.076+02:00;10229.077120;21.36;21.349;0.010999999999999233
2026-09-22T14:00:39.874+02:00;10230.874570;21.358;21.351;0.0070000000000014495
2026-09-22T14:00:42.048+02:00;10233.048836;21.36;21.351;0.009000000000000341
2026-09-22T14:00:43.845+02:00;10234.846260;21.358;21.351;0.0070000000000014495
2026-09-22T14:00:45.644+02:00;10236.644669;21.358;21.351;0.0070000000000014495
2026-09-22T14:00:47.440+02:00;10238.441084;21.363;21.351;0.012000000000000455
2026-09-22T14:00:49.237+02:00;10240.238438;21.365;21.351;0.013999999999999346
2026-09-22T14:00:51.035+02:00;10242.035837;21.363;21.351;0.012000000000000455
2026-09-22T14:00:52.832+02:00;10243.833254;21.363;21.351;0.012000000000000455
2026-09-22T14:00:54.631+02:00;10245.631816;21.362;21.351;0.010999999999999233
2026-09-22T14:00:56.427+02:00;10247.428087;21.365;21.351;0.013999999999999346
2026-09-22T14:00:58.224+02:00;10249.225445;21.362;21.351;0.010999999999999233
2026-09-22T14:01:00.022+02:00;10251.022934;21.365;21.351;0.013999999999999346
2026-09-22T14:01:01.819+02:00;10252.820281;21.366;21.351;0.015000000000000568
2026-09-22T14:01:03.618+02:00;10254.618701;21.365;21.351;0.013999999999999346
2026-09-22T14:01:05.414+02:00;10256.415133;21.37;21.351;0.019000000000001904
2026-09-22T14:01:07.212+02:00;10258.212498;21.369;21.351;0.018000000000000682
2026-09-22T14:01:09.009+02:00;10260.009884;21.37;21.351;0.019000000000001904
2026-09-22T14:01:10.806+02:00;10261.807298;21.369;21.351;0.018000000000000682
2026-09-22T14:01:12.604+02:00;10263.604721;21.37;21.351;0.019000000000001904
2026-09-22T14:01:14.401+02:00;10265.402229;21.37;21.351;0.019000000000001904
2026-09-22T14:01:16.199+02:00;10267.199523;21.371;21.351;0.019999999999999574
2026-09-22T14:01:17.996+02:00;10268.996949;21.37;21.351;0.019000000000001904
2026-09-22T14:01:19.793+02:00;10270.794343;21.369;21.351;0.018000000000000682
2026-09-22T14:01:21.591+02:00;10272.591758;21.369;21.351;0.018000000000000682
2026-09-22T14:01:23.767+02:00;10274.768168;21.371;21.351;0.019999999999999574
2026-09-22T14:01:25.565+02:00;10276.565588;21.37;21.351;0.019000000000001904
2026-09-22T14:01:27.362+02:00;10278.362982;21.371;21.351;0.019999999999999574
2026-09-22T14:01:29.160+02:00;10280.160545;21.371;21.351;0.019999999999999574
2026-09-22T14:01:30.957+02:00;10281.957833;21.371;21.351;0.019999999999999574
2026-09-22T14:01:32.754+02:00;10283.755200;21.371;21.351;0.019999999999999574
2026-09-22T14:01:34.552+02:00;10285.552634;21.371;21.351;0.019999999999999574
2026-09-22T14:01:36.349+02:00;10287.350012;21.371;21.352;0.01899999999999835
2026-09-22T14:01:38.146+02:00;10289.147427;21.371;21.351;0.019999999999999574
2026-09-22T14:01:39.944+02:00;10290.944810;21.371;21.351;0.019999999999999574
2026-09-22T14:01:41.741+02:00;10292.742230;21.371;21.352;0.01899999999999835
2026-09-22T14:01:43.539+02:00;10294.539617;21.371;21.354;0.01699999999999946
2026-09-22T14:01:45.336+02:00;10296.337015;21.371;21.353;0.01799999999999713
2026-09-22T14:01:47.134+02:00;10298.134490;21.371;21.351;0.019999999999999574
2026-09-22T14:01:48.931+02:00;10299.931964;21.371;21.355;0.015999999999998238
2026-09-22T14:01:50.728+02:00;10301.729262;21.371;21.354;0.01699999999999946
2026-09-22T14:01:52.526+02:00;10303.526675;21.371;21.355;0.015999999999998238
2026-09-22T14:01:54.323+02:00;10305.324075;21.371;21.353;0.01799999999999713
2026-09-22T14:01:56.120+02:00;10307.121469;21.371;21.357;0.013999999999999346
2026-09-22T14:01:58.419+02:00;10309.420312;21.371;21.353;0.01799999999999713
2026-09-22T14:02:00.208+02:00;10311.208833;21.371;21.355;0.015999999999998238
2026-09-22T14:02:02.005+02:00;10313.006261;21.371;21.356;0.014999999999997016
2026-09-22T14:02:03.803+02:00;10314.803682;21.371;21.357;0.013999999999999346
2026-09-22T14:02:05.600+02:00;10316.601049;21.371;21.355;0.015999999999998238
2026-09-22T14:02:07.399+02:00;10318.399489;21.371;21.357;0.013999999999999346
2026-09-22T14:02:09.195+02:00;10320.195892;21.371;21.361;0.00999999999999801
2026-09-22T14:02:10.992+02:00;10321.993411;21.372;21.357;0.015000000000000568
2026-09-22T14:02:12.790+02:00;10323.790659;21.371;21.361;0.00999999999999801
2026-09-22T14:02:14.587+02:00;10325.588047;21.371;21.36;0.010999999999999233
2026-09-22T14:02:16.385+02:00;10327.385513;21.371;21.362;0.009000000000000341
2026-09-22T14:02:18.182+02:00;10329.182834;21.372;21.36;0.012000000000000455
2026-09-22T14:02:19.979+02:00;10330.980230;21.372;21.364;0.007999999999999119
2026-09-22T14:02:21.777+02:00;10332.777675;21.374;21.366;0.007999999999999119
2026-09-22T14:02:23.574+02:00;10334.575012;21.373;21.363;0.010000000000001563
2026-09-22T14:02:25.371+02:00;10336.372438;21.371;21.365;0.006000000000000227
2026-09-22T14:02:27.169+02:00;10338.169867;21.374;21.362;0.012000000000000455
2026-09-22T14:02:28.966+02:00;10339.967246;21.372;21.367;0.004999999999999005
2026-09-22T14:02:30.764+02:00;10341.764831;21.372;21.367;0.004999999999999005
2026-09-22T14:02:32.561+02:00;10343.562059;21.374;21.366;0.007999999999999119
2026-09-22T14:02:34.359+02:00;10345.359540;21.375;21.367;0.007999999999999119
2026-09-22T14:02:36.672+02:00;10347.673337;21.377;21.367;0.00999999999999801
2026-09-22T14:02:38.460+02:00;10349.460964;21.376;21.366;0.010000000000001563
2026-09-22T14:02:40.257+02:00;10351.258342;21.376;21.367;0.009000000000000341
2026-09-22T14:02:42.055+02:00;10353.055758;21.377;21.367;0.00999999999999801
2026-09-22T14:02:43.852+02:00;10354.853178;21.376;21.367;0.009000000000000341
2026-09-22T14:02:45.651+02:00;10356.651562;21.378;21.367;0.010999999999999233
2026-09-22T14:02:47.447+02:00;10358.447970;21.382;21.367;0.015000000000000568
2026-09-22T14:02:49.667+02:00;10360.667545;21.38;21.367;0.012999999999998124
2026-09-22T14:02:51.464+02:00;10362.464885;21.381;21.367;0.013999999999999346
2026-09-22T14:02:53.261+02:00;10364.262295;21.38;21.367;0.012999999999998124
2026-09-22T14:02:55.059+02:00;10366.059608;21.384;21.367;0.01699999999999946
2026-09-22T14:02:56.856+02:00;10367.857019;21.384;21.367;0.01699999999999946
2026-09-22T14:02:58.653+02:00;10369.654409;21.38;21.367;0.012999999999998124
2026-09-22T14:03:00.451+02:00;10371.451747;21.386;21.367;0.01899999999999835
2026-09-22T14:03:02.248+02:00;10373.249140;21.383;21.367;0.015999999999998238
2026-09-22T14:03:04.046+02:00;10375.046549;21.385;21.367;0.018000000000000682
2026-09-22T14:03:05.843+02:00;10376.843943;21.386;21.367;0.01899999999999835
2026-09-22T14:03:07.640+02:00;10378.641347;21.387;21.367;0.019999999999999574
2026-09-22T14:03:09.438+02:00;10380.438752;21.383;21.367;0.015999999999998238
2026-09-22T14:03:11.235+02:00;10382.236169;21.387;21.367;0.019999999999999574
2026-09-22T14:03:13.033+02:00;10384.033713;21.385;21.367;0.018000000000000682
2026-09-22T14:03:14.830+02:00;10385.831001;21.387;21.367;0.019999999999999574
2026-09-22T14:03:16.627+02:00;10387.628411;21.386;21.367;0.01899999999999835
2026-09-22T14:03:18.425+02:00;10389.425849;21.386;21.367;0.01899999999999835
2026-09-22T14:03:20.222+02:00;10391.223227;21.386;21.367;0.01899999999999835
2026-09-22T14:03:22.020+02:00;10393.020597;21.387;21.367;0.019999999999999574
2026-09-22T14:03:23.818+02:00;10394.819023;21.387;21.367;0.019999999999999574
2026-09-22T14:03:25.614+02:00;10396.615436;21.387;21.367;0.019999999999999574
2026-09-22T14:03:27.412+02:00;10398.413020;21.387;21.367;0.019999999999999574
2026-09-22T14:03:29.209+02:00;10400.210281;21.387;21.367;0.019999999999999574
2026-09-22T14:03:31.007+02:00;10402.007666;21.387;21.367;0.019999999999999574
2026-09-22T14:03:32.805+02:00;10403.806180;21.387;21.368;0.019000000000001904
2026-09-22T14:03:34.601+02:00;10405.602466;21.387;21.367;0.019999999999999574
2026-09-22T14:03:36.399+02:00;10407.399895;21.387;21.368;0.019000000000001904
2026-09-22T14:03:38.197+02:00;10409.198307;21.387;21.367;0.019999999999999574
2026-09-22T14:03:39.994+02:00;10410.994713;21.387;21.368;0.019000000000001904
2026-09-22T14:03:41.792+02:00;10412.793337;21.387;21.368;0.019000000000001904
2026-09-22T14:03:43.589+02:00;10414.589599;21.387;21.368;0.019000000000001904
2026-09-22T14:03:45.386+02:00;10416.386995;21.387;21.369;0.018000000000000682
2026-09-22T14:03:47.183+02:00;10418.184423;21.387;21.369;0.018000000000000682
2026-09-22T14:03:48.981+02:00;10419.981794;21.387;21.37;0.01699999999999946
2026-09-22T14:03:50.778+02:00;10421.779176;21.387;21.37;0.01699999999999946
2026-09-22T14:03:52.577+02:00;10423.577581;21.387;21.371;0.01600000000000179
2026-09-22T14:03:54.373+02:00;10425.374029;21.387;21.37;0.01699999999999946
2026-09-22T14:03:56.171+02:00;10427.171623;21.387;21.376;0.010999999999999233
2026-09-22T14:03:57.968+02:00;10428.968866;21.387;21.377;0.010000000000001563
2026-09-22T14:03:59.765+02:00;10430.766191;21.387;21.372;0.015000000000000568
2026-09-22T14:04:01.563+02:00;10432.563750;21.387;21.372;0.015000000000000568
2026-09-22T14:04:03.360+02:00;10434.361013;21.387;21.376;0.010999999999999233
2026-09-22T14:04:05.157+02:00;10436.158455;21.387;21.377;0.010000000000001563
2026-09-22T14:04:07.492+02:00;10438.493037;21.388;21.377;0.011000000000002785
2026-09-22T14:04:09.281+02:00;10440.281566;21.388;21.377;0.011000000000002785
2026-09-22T14:04:11.079+02:00;10442.079954;21.389;21.378;0.010999999999999233
2026-09-22T14:04:12.875+02:00;10443.876377;21.388;21.381;0.0070000000000014495
2026-09-22T14:04:14.673+02:00;10445.673773;21.387;21.381;0.006000000000000227
2026-09-22T14:04:16.470+02:00;10447.471200;21.387;21.379;0.007999999999999119
2026-09-22T14:04:18.268+02:00;10449.268586;21.387;21.378;0.009000000000000341
2026-09-22T14:04:20.065+02:00;10451.066130;21.388;21.38;0.008000000000002672
2026-09-22T14:04:22.277+02:00;10453.277807;21.391;21.383;0.007999999999999119
2026-09-22T14:04:24.074+02:00;10455.075292;21.39;21.383;0.0070000000000014495
2026-09-22T14:04:25.872+02:00;10456.872583;21.392;21.381;0.010999999999999233
2026-09-22T14:04:27.669+02:00;10458.670003;21.391;21.382;0.008999999999996788
2026-09-22T14:04:29.466+02:00;10460.467396;21.39;21.382;0.007999999999999119
2026-09-22T14:04:31.264+02:00;10462.264822;21.393;21.383;0.010000000000001563
2026-09-22T14:04:33.061+02:00;10464.062398;21.394;21.383;0.010999999999999233
2026-09-22T14:04:34.860+02:00;10465.860711;21.39;21.383;0.0070000000000014495
2026-09-22T14:04:36.656+02:00;10467.657114;21.392;21.383;0.009000000000000341
2026-09-22T14:04:38.454+02:00;10469.454489;21.396;21.383;0.013000000000001677
2026-09-22T14:04:40.251+02:00;10471.251927;21.394;21.383;0.010999999999999233
2026-09-22T14:04:42.048+02:00;10473.049283;21.394;21.383;0.010999999999999233
2026-09-22T14:04:43.846+02:00;10474.846677;21.396;21.383;0.013000000000001677
2026-09-22T14:04:45.643+02:00;10476.644107;21.399;21.383;0.01600000000000179
2026-09-22T14:04:47.778+02:00;10478.779169;21.4;21.383;0.01699999999999946
2026-09-22T14:04:49.576+02:00;10480.576719;21.4;21.383;0.01699999999999946
2026-09-22T14:04:51.373+02:00;10482.373958;21.4;21.383;0.01699999999999946
2026-09-22T14:04:53.170+02:00;10484.171388;21.399;21.383;0.01600000000000179
2026-09-22T14:04:54.968+02:00;10485.968912;21.398;21.383;0.015000000000000568
2026-09-22T14:04:56.765+02:00;10487.766134;21.402;21.383;0.019000000000001904
2026-09-22T14:04:59.167+02:00;10490.167927;21.402;21.383;0.019000000000001904
2026-09-22T14:05:00.954+02:00;10491.955414;21.403;21.383;0.019999999999999574
2026-09-22T14:05:02.752+02:00;10493.753036;21.403;21.383;0.019999999999999574
2026-09-22T14:05:05.094+02:00;10496.094808;21.403;21.383;0.019999999999999574
2026-09-22T14:05:06.882+02:00;10497.883346;21.403;21.383;0.019999999999999574
2026-09-22T14:05:08.680+02:00;10499.680778;21.402;21.383;0.019000000000001904
2026-09-22T14:05:10.477+02:00;10501.478193;21.403;21.383;0.019999999999999574
2026-09-22T14:05:12.275+02:00;10503.275592;21.403;21.383;0.019999999999999574
2026-09-22T14:05:14.072+02:00;10505.073043;21.402;21.383;0.019000000000001904
2026-09-22T14:05:15.869+02:00;10506.870445;21.402;21.383;0.019000000000001904
2026-09-22T14:05:18.089+02:00;10509.090010;21.403;21.385;0.01799999999999713
2026-09-22T14:05:19.886+02:00;10510.887408;21.403;21.383;0.019999999999999574
2026-09-22T14:05:21.684+02:00;10512.684827;21.403;21.383;0.019999999999999574
2026-09-22T14:05:23.481+02:00;10514.482202;21.403;21.383;0.019999999999999574
2026-09-22T14:05:25.279+02:00;10516.279624;21.402;21.383;0.019000000000001904
2026-09-22T14:05:27.076+02:00;10518.077032;21.403;21.383;0.019999999999999574
2026-09-22T14:05:28.874+02:00;10519.874558;21.403;21.383;0.019999999999999574
2026-09-22T14:05:30.671+02:00;10521.671778;21.403;21.386;0.01699999999999946
2026-09-22T14:05:32.468+02:00;10523.469233;21.403;21.385;0.01799999999999713
2026-09-22T14:05:34.643+02:00;10525.643682;21.403;21.387;0.015999999999998238
2026-09-22T14:05:36.440+02:00;10527.440894;21.403;21.387;0.015999999999998238
2026-09-22T14:05:38.237+02:00;10529.238279;21.403;21.385;0.01799999999999713
2026-09-22T14:05:40.035+02:00;10531.035812;21.403;21.387;0.015999999999998238
2026-09-22T14:05:41.832+02:00;10532.833073;21.403;21.387;0.015999999999998238
2026-09-22T14:05:43.630+02:00;10534.630495;21.403;21.39;0.012999999999998124
2026-09-22T14:05:45.427+02:00;10536.427927;21.403;21.387;0.015999999999998238
2026-09-22T14:05:47.225+02:00;10538.226354;21.403;21.389;0.013999999999999346
2026-09-22T14:05:49.022+02:00;10540.022747;21.403;21.387;0.015999999999998238
2026-09-22T14:05:50.819+02:00;10541.820124;21.403;21.387;0.015999999999998238
2026-09-22T14:05:52.617+02:00;10543.617605;21.403;21.389;0.013999999999999346
2026-09-22T14:05:54.414+02:00;10545.415118;21.403;21.392;0.010999999999999233
2026-09-22T14:05:56.211+02:00;10547.212411;21.403;21.393;0.00999999999999801
2026-09-22T14:05:58.009+02:00;10549.009765;21.403;21.394;0.009000000000000341
2026-09-22T14:05:59.806+02:00;10550.807204;21.403;21.394;0.009000000000000341
2026-09-22T14:06:01.604+02:00;10552.604580;21.403;21.391;0.012000000000000455
2026-09-22T14:06:03.401+02:00;10554.402022;21.405;21.396;0.009000000000000341
2026-09-22T14:06:05.198+02:00;10556.199460;21.405;21.397;0.008000000000002672
2026-09-22T14:06:06.996+02:00;10557.996811;21.403;21.398;0.004999999999999005
2026-09-22T14:06:08.793+02:00;10559.794439;21.406;21.398;0.007999999999999119
2026-09-22T14:06:10.591+02:00;10561.591586;21.403;21.399;0.003999999999997783
2026-09-22T14:06:12.388+02:00;10563.388986;21.406;21.397;0.009000000000000341
2026-09-22T14:06:14.186+02:00;10565.186512;21.405;21.398;0.0070000000000014495
2026-09-22T14:06:15.983+02:00;10566.983777;21.407;21.397;0.010000000000001563
2026-09-22T14:06:17.780+02:00;10568.781185;21.406;21.398;0.007999999999999119
2026-09-22T14:06:19.578+02:00;10570.578626;21.408;21.4;0.008000000000002672
2026-09-22T14:06:21.375+02:00;10572.376007;21.408;21.4;0.008000000000002672
2026-09-22T14:06:23.172+02:00;10574.173386;21.408;21.4;0.008000000000002672
2026-09-22T14:06:24.970+02:00;10575.970847;21.41;21.4;0.010000000000001563
2026-09-22T14:06:26.767+02:00;10577.768256;21.408;21.4;0.008000000000002672
2026-09-22T14:06:28.565+02:00;10579.565826;21.411;21.399;0.012000000000000455
2026-09-22T14:06:30.362+02:00;10581.363062;21.41;21.4;0.010000000000001563
2026-09-22T14:06:32.160+02:00;10583.160475;21.411;21.4;0.011000000000002785
2026-09-22T14:06:33.957+02:00;10584.957973;21.414;21.399;0.015000000000000568
2026-09-22T14:06:35.754+02:00;10586.755307;21.414;21.4;0.014000000000002899
2026-09-22T14:06:37.552+02:00;10588.552706;21.416;21.4;0.01600000000000179
2026-09-22T14:06:39.349+02:00;10590.350131;21.416;21.4;0.01600000000000179
2026-09-22T14:06:41.147+02:00;10592.147550;21.412;21.4;0.012000000000000455
2026-09-22T14:06:42.944+02:00;10593.945099;21.417;21.4;0.017000000000003013
2026-09-22T14:06:44.741+02:00;10595.742384;21.418;21.4;0.018000000000000682
2026-09-22T14:06:46.539+02:00;10597.539770;21.416;21.4;0.01600000000000179
2026-09-22T14:06:48.336+02:00;10599.337227;21.417;21.4;0.017000000000003013
2026-09-22T14:06:50.134+02:00;10601.134617;21.418;21.4;0.018000000000000682
2026-09-22T14:06:52.469+02:00;10603.470034;21.42;21.4;0.020000000000003126
2026-09-22T14:06:54.257+02:00;10605.257507;21.419;21.4;0.019000000000001904
2026-09-22T14:06:56.404+02:00;10607.404479;21.42;21.4;0.020000000000003126
2026-09-22T14:06:58.201+02:00;10609.201930;21.42;21.4;0.020000000000003126
2026-09-22T14:06:59.998+02:00;10610.999466;21.42;21.4;0.020000000000003126
2026-09-22T14:07:01.796+02:00;10612.796729;21.42;21.4;0.020000000000003126
2026-09-22T14:07:03.593+02:00;10614.594151;21.418;21.4;0.018000000000000682
2026-09-22T14:07:05.391+02:00;10616.391624;21.419;21.4;0.019000000000001904
2026-09-22T14:07:07.188+02:00;10618.188997;21.42;21.4;0.020000000000003126
2026-09-22T14:07:08.985+02:00;10619.986471;21.42;21.4;0.020000000000003126
2026-09-22T14:07:10.783+02:00;10621.783855;21.42;21.4;0.020000000000003126
2026-09-22T14:07:12.580+02:00;10623.581260;21.42;21.4;0.020000000000003126
2026-09-22T14:07:14.378+02:00;10625.378788;21.42;21.4;0.020000000000003126
2026-09-22T14:07:16.175+02:00;10627.176083;21.419;21.4;0.019000000000001904
2026-09-22T14:07:17.973+02:00;10628.973488;21.42;21.4;0.020000000000003126
2026-09-22T14:07:19.770+02:00;10630.770946;21.42;21.401;0.019000000000001904
2026-09-22T14:07:21.567+02:00;10632.568317;21.42;21.4;0.020000000000003126
2026-09-22T14:07:23.365+02:00;10634.365727;21.42;21.4;0.020000000000003126
2026-09-22T14:07:25.162+02:00;10636.163148;21.42;21.4;0.020000000000003126
2026-09-22T14:07:26.960+02:00;10637.960588;21.42;21.4;0.020000000000003126
2026-09-22T14:07:28.757+02:00;10639.758058;21.42;21.401;0.019000000000001904
2026-09-22T14:07:30.555+02:00;10641.556364;21.42;21.4;0.020000000000003126
2026-09-22T14:07:32.352+02:00;10643.352762;21.42;21.402;0.018000000000000682
2026-09-22T14:07:34.149+02:00;10645.150222;21.42;21.404;0.01600000000000179
2026-09-22T14:07:35.947+02:00;10646.947640;21.42;21.406;0.014000000000002899
2026-09-22T14:07:37.744+02:00;10648.745325;21.42;21.404;0.01600000000000179
2026-09-22T14:07:39.543+02:00;10650.543481;21.42;21.404;0.01600000000000179
2026-09-22T14:07:41.339+02:00;10652.339886;21.42;21.403;0.017000000000003013
2026-09-22T14:07:43.136+02:00;10654.137371;21.42;21.402;0.018000000000000682
2026-09-22T14:07:44.934+02:00;10655.934706;21.42;21.41;0.010000000000001563
2026-09-22T14:07:46.731+02:00;10657.732125;21.42;21.409;0.011000000000002785
2026-09-22T14:07:48.530+02:00;10659.530565;21.42;21.406;0.014000000000002899
2026-09-22T14:07:50.326+02:00;10661.326971;21.42;21.407;0.013000000000001677
2026-09-22T14:07:52.124+02:00;10663.124558;21.42;21.411;0.009000000000000341
2026-09-22T14:07:53.921+02:00;10664.921854;21.42;21.41;0.010000000000001563
2026-09-22T14:07:55.718+02:00;10666.719229;21.42;21.408;0.012000000000000455
2026-09-22T14:07:57.516+02:00;10668.516681;21.42;21.411;0.009000000000000341
2026-09-22T14:07:59.313+02:00;10670.314012;21.421;21.414;0.006999999999997897
2026-09-22T14:08:01.110+02:00;10672.111438;21.42;21.415;0.005000000000002558
2026-09-22T14:08:02.909+02:00;10673.909827;21.421;21.416;0.004999999999999005
2026-09-22T14:08:04.705+02:00;10675.706236;21.42;21.413;0.0070000000000014495
2026-09-22T14:08:06.503+02:00;10677.503864;21.421;21.411;0.00999999999999801
2026-09-22T14:08:08.300+02:00;10679.301072;21.422;21.414;0.007999999999999119
2026-09-22T14:08:10.097+02:00;10681.098452;21.422;21.415;0.0070000000000014495
2026-09-22T14:08:11.895+02:00;10682.895992;21.424;21.416;0.007999999999999119
2026-09-22T14:08:13.692+02:00;10684.693251;21.422;21.416;0.006000000000000227
2026-09-22T14:08:15.490+02:00;10686.490671;21.427;21.415;0.012000000000000455
2026-09-22T14:08:17.287+02:00;10688.288132;21.427;21.415;0.012000000000000455
2026-09-22T14:08:19.085+02:00;10690.085510;21.427;21.416;0.010999999999999233
2026-09-22T14:08:20.882+02:00;10691.882895;21.428;21.416;0.012000000000000455
2026-09-22T14:08:22.680+02:00;10693.681348;21.428;21.416;0.012000000000000455
2026-09-22T14:08:24.477+02:00;10695.477688;21.427;21.416;0.010999999999999233
2026-09-22T14:08:26.274+02:00;10697.275281;21.426;21.416;0.00999999999999801
2026-09-22T14:08:28.072+02:00;10699.072525;21.429;21.416;0.012999999999998124
2026-09-22T14:08:30.447+02:00;10701.448017;21.428;21.416;0.012000000000000455
2026-09-22T14:08:32.236+02:00;10703.236488;21.436;21.416;0.019999999999999574
2026-09-22T14:08:34.033+02:00;10705.033971;21.431;21.416;0.015000000000000568
2026-09-22T14:08:35.831+02:00;10706.831526;21.433;21.416;0.01699999999999946
2026-09-22T14:08:37.629+02:00;10708.629791;21.434;21.416;0.018000000000000682
2026-09-22T14:08:39.425+02:00;10710.426217;21.435;21.416;0.01899999999999835
2026-09-22T14:08:41.223+02:00;10712.223654;21.434;21.416;0.018000000000000682
2026-09-22T14:08:43.020+02:00;10714.021028;21.434;21.416;0.018000000000000682
2026-09-22T14:08:44.817+02:00;10715.818423;21.436;21.416;0.019999999999999574
2026-09-22T14:08:46.616+02:00;10717.616820;21.436;21.416;0.019999999999999574
2026-09-22T14:08:48.412+02:00;10719.413246;21.436;21.416;0.019999999999999574
2026-09-22T14:08:50.210+02:00;10721.210809;21.436;21.416;0.019999999999999574
2026-09-22T14:08:52.007+02:00;10723.008044;21.435;21.416;0.01899999999999835
2026-09-22T14:08:53.805+02:00;10724.805489;21.435;21.416;0.01899999999999835
2026-09-22T14:08:55.603+02:00;10726.603898;21.435;21.416;0.01899999999999835
2026-09-22T14:08:57.399+02:00;10728.400354;21.436;21.416;0.019999999999999574
2026-09-22T14:08:59.752+02:00;10730.753241;21.436;21.416;0.019999999999999574
2026-09-22T14:09:01.540+02:00;10732.540766;21.436;21.416;0.019999999999999574
2026-09-22T14:09:03.337+02:00;10734.338115;21.436;21.416;0.019999999999999574
2026-09-22T14:09:05.135+02:00;10736.135534;21.436;21.416;0.019999999999999574
2026-09-22T14:09:06.932+02:00;10737.932914;21.436;21.416;0.019999999999999574
2026-09-22T14:09:08.729+02:00;10739.730372;21.436;21.416;0.019999999999999574
2026-09-22T14:09:10.527+02:00;10741.527808;21.436;21.417;0.01899999999999835
2026-09-22T14:09:12.324+02:00;10743.325226;21.436;21.417;0.01899999999999835
2026-09-22T14:09:14.122+02:00;10745.122616;21.436;21.417;0.01899999999999835
2026-09-22T14:09:15.919+02:00;10746.920024;21.436;21.416;0.019999999999999574
2026-09-22T14:09:17.716+02:00;10748.717412;21.436;21.416;0.019999999999999574
2026-09-22T14:09:19.514+02:00;10750.514829;21.436;21.418;0.018000000000000682
2026-09-22T14:09:21.311+02:00;10752.312436;21.436;21.417;0.01899999999999835
2026-09-22T14:09:23.109+02:00;10754.109648;21.436;21.418;0.018000000000000682
2026-09-22T14:09:24.906+02:00;10755.907057;21.436;21.417;0.01899999999999835
2026-09-22T14:09:26.704+02:00;10757.704569;21.436;21.418;0.018000000000000682
2026-09-22T14:09:28.501+02:00;10759.501944;21.436;21.419;0.01699999999999946
2026-09-22T14:09:30.298+02:00;10761.299354;21.436;21.42;0.015999999999998238
2026-09-22T14:09:32.096+02:00;10763.096777;21.436;21.421;0.015000000000000568
2026-09-22T14:09:33.893+02:00;10764.894159;21.436;21.423;0.013000000000001677
2026-09-22T14:09:35.691+02:00;10766.691729;21.437;21.422;0.015000000000000568
2026-09-22T14:09:37.488+02:00;10768.489007;21.436;21.422;0.013999999999999346
2026-09-22T14:09:39.285+02:00;10770.286403;21.436;21.424;0.012000000000000455
2026-09-22T14:09:41.083+02:00;10772.083937;21.438;21.423;0.015000000000000568
2026-09-22T14:09:42.880+02:00;10773.881236;21.436;21.426;0.010000000000001563
2026-09-22T14:09:44.678+02:00;10775.678682;21.436;21.424;0.012000000000000455
2026-09-22T14:09:46.475+02:00;10777.476055;21.436;21.428;0.007999999999999119
2026-09-22T14:09:48.272+02:00;10779.273421;21.436;21.427;0.009000000000000341
2026-09-22T14:09:50.070+02:00;10781.070867;21.437;21.425;0.012000000000000455
2026-09-22T14:09:51.867+02:00;10782.868250;21.436;21.427;0.009000000000000341
2026-09-22T14:09:53.665+02:00;10784.665688;21.436;21.43;0.006000000000000227
2026-09-22T14:09:55.462+02:00;10786.463170;21.439;21.431;0.007999999999999119
2026-09-22T14:09:57.260+02:00;10788.260472;21.436;21.429;0.0070000000000014495
2026-09-22T14:09:59.057+02:00;10790.057897;21.436;21.427;0.009000000000000341
2026-09-22T14:10:00.854+02:00;10791.855288;21.438;21.432;0.006000000000000227
2026-09-22T14:10:02.652+02:00;10793.652713;21.439;21.431;0.007999999999999119
2026-09-22T14:10:04.449+02:00;10795.450105;21.436;21.431;0.004999999999999005
2026-09-22T14:10:06.247+02:00;10797.247515;21.442;21.431;0.010999999999999233
2026-09-22T14:10:08.044+02:00;10799.044892;21.441;21.432;0.009000000000000341
2026-09-22T14:10:09.842+02:00;10800.842564;21.442;21.431;0.010999999999999233
2026-09-22T14:10:11.639+02:00;10802.639811;21.441;21.431;0.00999999999999801
2026-09-22T14:10:14.020+02:00;10805.020551;21.439;21.432;0.0070000000000014495
2026-09-22T14:10:15.807+02:00;10806.807877;21.449;21.432;0.017000000000003013
2026-09-22T14:10:17.604+02:00;10808.605311;21.446;21.432;0.014000000000002899
2026-09-22T14:10:19.402+02:00;10810.402661;21.443;21.432;0.011000000000002785
2026-09-22T14:10:21.199+02:00;10812.200091;21.445;21.432;0.013000000000001677
2026-09-22T14:10:22.998+02:00;10813.998517;21.444;21.432;0.012000000000000455
2026-09-22T14:10:24.794+02:00;10815.794973;21.45;21.432;0.018000000000000682
2026-09-22T14:10:26.591+02:00;10817.592419;21.45;21.432;0.018000000000000682
2026-09-22T14:10:28.390+02:00;10819.390830;21.449;21.432;0.017000000000003013
2026-09-22T14:10:30.186+02:00;10821.187218;21.447;21.432;0.015000000000000568
2026-09-22T14:10:31.984+02:00;10822.984600;21.45;21.432;0.018000000000000682
2026-09-22T14:10:33.781+02:00;10824.781977;21.45;21.432;0.018000000000000682
2026-09-22T14:10:35.961+02:00;10826.962369;21.45;21.432;0.018000000000000682
2026-09-22T14:10:37.759+02:00;10828.759761;21.45;21.432;0.018000000000000682
2026-09-22T14:10:39.556+02:00;10830.557188;21.452;21.432;0.020000000000003126
2026-09-22T14:10:41.354+02:00;10832.354572;21.452;21.432;0.020000000000003126
2026-09-22T14:10:43.151+02:00;10834.152169;21.451;21.432;0.019000000000001904
2026-09-22T14:10:44.948+02:00;10835.949400;21.452;21.432;0.020000000000003126
2026-09-22T14:10:46.746+02:00;10837.746821;21.452;21.432;0.020000000000003126
2026-09-22T14:10:48.543+02:00;10839.544262;21.451;21.432;0.019000000000001904
2026-09-22T14:10:50.341+02:00;10841.341595;21.45;21.432;0.018000000000000682
2026-09-22T14:10:52.138+02:00;10843.139044;21.451;21.432;0.019000000000001904
2026-09-22T14:10:53.935+02:00;10844.936400;21.452;21.432;0.020000000000003126
2026-09-22T14:10:55.733+02:00;10846.733804;21.452;21.432;0.020000000000003126
2026-09-22T14:10:57.531+02:00;10848.531501;21.452;21.432;0.020000000000003126
2026-09-22T14:10:59.328+02:00;10850.328671;21.452;21.432;0.020000000000003126
2026-09-22T14:11:01.125+02:00;10852.126044;21.452;21.433;0.019000000000001904
2026-09-22T14:11:02.923+02:00;10853.923588;21.452;21.432;0.020000000000003126
2026-09-22T14:11:04.720+02:00;10855.720928;21.452;21.432;0.020000000000003126
2026-09-22T14:11:06.517+02:00;10857.518261;21.452;21.432;0.020000000000003126
2026-09-22T14:11:08.315+02:00;10859.315726;21.452;21.432;0.020000000000003126
2026-09-22T14:11:10.615+02:00;10861.615480;21.452;21.433;0.019000000000001904
2026-09-22T14:11:12.402+02:00;10863.403032;21.452;21.433;0.019000000000001904
2026-09-22T14:11:14.753+02:00;10865.753875;21.452;21.432;0.020000000000003126
2026-09-22T14:11:16.540+02:00;10867.541394;21.452;21.434;0.018000000000000682
2026-09-22T14:11:18.338+02:00;10869.338896;21.452;21.435;0.017000000000003013
2026-09-22T14:11:20.135+02:00;10871.136202;21.452;21.436;0.01600000000000179
2026-09-22T14:11:21.933+02:00;10872.933617;21.452;21.434;0.018000000000000682
2026-09-22T14:11:23.731+02:00;10874.732104;21.452;21.438;0.014000000000002899
2026-09-22T14:11:25.527+02:00;10876.528453;21.452;21.438;0.014000000000002899
2026-09-22T14:11:27.325+02:00;10878.325866;21.452;21.44;0.012000000000000455
2026-09-22T14:11:29.122+02:00;10880.123309;21.452;21.435;0.017000000000003013
2026-09-22T14:11:30.920+02:00;10881.920699;21.452;21.439;0.013000000000001677
2026-09-22T14:11:32.717+02:00;10883.718218;21.452;21.44;0.012000000000000455
2026-09-22T14:11:34.515+02:00;10885.515551;21.452;21.438;0.014000000000002899
2026-09-22T14:11:36.312+02:00;10887.313011;21.453;21.438;0.015000000000000568
2026-09-22T14:11:38.109+02:00;10889.110393;21.452;21.441;0.011000000000002785
2026-09-22T14:11:39.907+02:00;10890.907785;21.452;21.44;0.012000000000000455
2026-09-22T14:11:41.704+02:00;10892.705187;21.452;21.44;0.012000000000000455
2026-09-22T14:11:43.502+02:00;10894.502591;21.452;21.445;0.0070000000000014495
2026-09-22T14:11:45.299+02:00;10896.300000;21.453;21.443;0.00999999999999801
2026-09-22T14:11:47.097+02:00;10898.097523;21.452;21.446;0.006000000000000227
2026-09-22T14:11:48.894+02:00;10899.894902;21.453;21.447;0.006000000000000227
2026-09-22T14:11:50.691+02:00;10901.692244;21.454;21.444;0.010000000000001563
2026-09-22T14:11:52.489+02:00;10903.489708;21.456;21.447;0.009000000000000341
2026-09-22T14:11:54.286+02:00;10905.287061;21.452;21.447;0.005000000000002558
2026-09-22T14:11:56.083+02:00;10907.084453;21.452;21.446;0.006000000000000227
2026-09-22T14:11:57.881+02:00;10908.881905;21.456;21.447;0.009000000000000341
2026-09-22T14:11:59.678+02:00;10910.679264;21.453;21.448;0.004999999999999005
2026-09-22T14:12:01.476+02:00;10912.476812;21.455;21.446;0.008999999999996788
2026-09-22T14:12:03.853+02:00;10914.854202;21.458;21.448;0.00999999999999801
2026-09-22T14:12:05.642+02:00;10916.642907;21.461;21.448;0.012999999999998124
2026-09-22T14:12:07.439+02:00;10918.440178;21.458;21.447;0.010999999999999233
2026-09-22T14:12:09.237+02:00;10920.237582;21.457;21.448;0.009000000000000341
2026-09-22T14:12:11.034+02:00;10922.035060;21.464;21.448;0.015999999999998238
2026-09-22T14:12:12.832+02:00;10923.833416;21.459;21.448;0.010999999999999233
2026-09-22T14:12:14.629+02:00;10925.629841;21.46;21.448;0.012000000000000455
2026-09-22T14:12:16.426+02:00;10927.427200;21.464;21.448;0.015999999999998238
2026-09-22T14:12:18.224+02:00;10929.224618;21.46;21.448;0.012000000000000455
2026-09-22T14:12:20.021+02:00;10931.022227;21.46;21.448;0.012000000000000455
2026-09-22T14:12:21.819+02:00;10932.819501;21.463;21.448;0.015000000000000568
2026-09-22T14:12:23.616+02:00;10934.616874;21.464;21.448;0.015999999999998238
2026-09-22T14:12:25.413+02:00;10936.414334;21.466;21.448;0.018000000000000682
2026-09-22T14:12:27.212+02:00;10938.212749;21.466;21.448;0.018000000000000682
2026-09-22T14:12:29.008+02:00;10940.009142;21.468;21.448;0.019999999999999574
2026-09-22T14:12:30.806+02:00;10941.806521;21.465;21.448;0.01699999999999946
2026-09-22T14:12:32.603+02:00;10943.603935;21.465;21.448;0.01699999999999946
2026-09-22T14:12:34.401+02:00;10945.401519;21.467;21.448;0.01899999999999835
2026-09-22T14:12:36.198+02:00;10947.198767;21.466;21.448;0.018000000000000682
2026-09-22T14:12:37.995+02:00;10948.996174;21.468;21.448;0.019999999999999574
2026-09-22T14:12:39.793+02:00;10950.793625;21.467;21.448;0.01899999999999835
2026-09-22T14:12:41.590+02:00;10952.591037;21.468;21.448;0.019999999999999574
2026-09-22T14:12:43.387+02:00;10954.388447;21.468;21.448;0.019999999999999574
2026-09-22T14:12:45.185+02:00;10956.185908;21.468;21.448;0.019999999999999574
2026-09-22T14:12:46.982+02:00;10957.983250;21.468;21.448;0.019999999999999574
2026-09-22T14:12:48.780+02:00;10959.780814;21.468;21.448;0.019999999999999574
2026-09-22T14:12:50.577+02:00;10961.578037;21.468;21.448;0.019999999999999574
2026-09-22T14:12:52.375+02:00;10963.375478;21.468;21.448;0.019999999999999574
2026-09-22T14:12:54.172+02:00;10965.172977;21.468;21.448;0.019999999999999574
2026-09-22T14:12:55.969+02:00;10966.970382;21.468;21.448;0.019999999999999574
2026-09-22T14:12:57.767+02:00;10968.767750;21.468;21.448;0.019999999999999574
2026-09-22T14:12:59.564+02:00;10970.565183;21.468;21.448;0.019999999999999574
2026-09-22T14:13:01.362+02:00;10972.362536;21.468;21.449;0.01899999999999835
2026-09-22T14:13:03.159+02:00;10974.160129;21.468;21.449;0.01899999999999835
2026-09-22T14:13:04.956+02:00;10975.957398;21.468;21.448;0.019999999999999574
2026-09-22T14:13:06.754+02:00;10977.754817;21.468;21.448;0.019999999999999574
2026-09-22T14:13:08.551+02:00;10979.552268;21.468;21.45;0.018000000000000682
2026-09-22T14:13:10.349+02:00;10981.349705;21.468;21.45;0.018000000000000682
2026-09-22T14:13:12.146+02:00;10983.147290;21.468;21.449;0.01899999999999835
2026-09-22T14:13:13.944+02:00;10984.944516;21.468;21.448;0.019999999999999574
2026-09-22T14:13:15.741+02:00;10986.741954;21.468;21.451;0.01699999999999946
2026-09-22T14:13:17.538+02:00;10988.539427;21.468;21.45;0.018000000000000682
2026-09-22T14:13:19.336+02:00;10990.336723;21.468;21.454;0.013999999999999346
2026-09-22T14:13:21.133+02:00;10992.134128;21.468;21.452;0.015999999999998238
2026-09-22T14:13:22.932+02:00;10993.932637;21.468;21.452;0.015999999999998238
2026-09-22T14:13:24.728+02:00;10995.729024;21.468;21.455;0.013000000000001677
2026-09-22T14:13:26.526+02:00;10997.526590;21.468;21.457;0.010999999999999233
2026-09-22T14:13:28.323+02:00;10999.323812;21.468;21.457;0.010999999999999233
2026-09-22T14:13:30.120+02:00;11001.121240;21.468;21.457;0.010999999999999233
2026-09-22T14:13:31.919+02:00;11002.919712;21.468;21.458;0.010000000000001563
2026-09-22T14:13:33.715+02:00;11004.716044;21.468;21.457;0.010999999999999233
2026-09-22T14:13:35.513+02:00;11006.513533;21.468;21.457;0.010999999999999233
2026-09-22T14:13:37.310+02:00;11008.310884;21.468;21.462;0.006000000000000227
2026-09-22T14:13:39.107+02:00;11010.108351;21.47;21.458;0.012000000000000455
2026-09-22T14:13:40.906+02:00;11011.906889;21.468;21.464;0.004000000000001336
2026-09-22T14:13:42.702+02:00;11013.703082;21.468;21.462;0.006000000000000227
2026-09-22T14:13:44.500+02:00;11015.500502;21.472;21.463;0.009000000000000341
2026-09-22T14:13:46.297+02:00;11017.298060;21.47;21.464;0.006000000000000227
2026-09-22T14:13:48.094+02:00;11019.095278;21.469;21.464;0.005000000000002558
2026-09-22T14:13:49.892+02:00;11020.892703;21.47;21.464;0.006000000000000227
2026-09-22T14:13:51.689+02:00;11022.690138;21.469;21.464;0.005000000000002558
2026-09-22T14:13:53.487+02:00;11024.487487;21.47;21.464;0.006000000000000227
2026-09-22T14:13:55.284+02:00;11026.284911;21.473;21.464;0.009000000000000341
2026-09-22T14:13:57.082+02:00;11028.083307;21.471;21.465;0.006000000000000227
2026-09-22T14:13:58.879+02:00;11029.879744;21.475;21.465;0.010000000000001563
2026-09-22T14:14:00.676+02:00;11031.677109;21.476;21.465;0.010999999999999233
2026-09-22T14:14:02.972+02:00;11033.973407;21.474;21.464;0.010000000000001563
2026-09-22T14:14:04.760+02:00;11035.760961;21.477;21.465;0.012000000000000455
2026-09-22T14:14:06.907+02:00;11037.907857;21.476;21.465;0.010999999999999233
2026-09-22T14:14:08.705+02:00;11039.705514;21.472;21.465;0.0070000000000014495
2026-09-22T14:14:11.026+02:00;11042.026588;21.479;21.465;0.013999999999999346
2026-09-22T14:14:12.813+02:00;11043.814007;21.482;21.465;0.01699999999999946
2026-09-22T14:14:14.611+02:00;11045.611637;21.478;21.465;0.013000000000001677
2026-09-22T14:14:16.408+02:00;11047.408855;21.477;21.465;0.012000000000000455
2026-09-22T14:14:18.205+02:00;11049.206268;21.48;21.465;0.015000000000000568
2026-09-22T14:14:20.004+02:00;11051.004780;21.48;21.465;0.015000000000000568
2026-09-22T14:14:21.800+02:00;11052.801130;21.484;21.465;0.019000000000001904
2026-09-22T14:14:23.598+02:00;11054.598532;21.483;21.465;0.018000000000000682
2026-09-22T14:14:25.395+02:00;11056.396089;21.484;21.465;0.019000000000001904
2026-09-22T14:14:27.192+02:00;11058.193382;21.482;21.465;0.01699999999999946
2026-09-22T14:14:28.990+02:00;11059.990981;21.484;21.465;0.019000000000001904
2026-09-22T14:14:30.787+02:00;11061.788213;21.485;21.465;0.019999999999999574
2026-09-22T14:14:32.585+02:00;11063.585618;21.485;21.465;0.019999999999999574
2026-09-22T14:14:34.758+02:00;11065.759072;21.483;21.465;0.018000000000000682
2026-09-22T14:14:36.555+02:00;11067.555479;21.485;21.465;0.019999999999999574
2026-09-22T14:14:38.352+02:00;11069.352886;21.484;21.465;0.019000000000001904
2026-09-22T14:14:40.149+02:00;11071.150276;21.484;21.465;0.019000000000001904
2026-09-22T14:14:41.947+02:00;11072.947726;21.485;21.465;0.019999999999999574
2026-09-22T14:14:43.744+02:00;11074.745229;21.485;21.465;0.019999999999999574
2026-09-22T14:14:45.542+02:00;11076.542526;21.485;21.465;0.019999999999999574
2026-09-22T14:14:47.339+02:00;11078.339945;21.485;21.465;0.019999999999999574
2026-09-22T14:14:49.137+02:00;11080.138375;21.485;21.465;0.019999999999999574
2026-09-22T14:14:50.934+02:00;11081.934790;21.485;21.465;0.019999999999999574
2026-09-22T14:14:52.731+02:00;11083.732229;21.485;21.465;0.019999999999999574
2026-09-22T14:14:54.529+02:00;11085.529646;21.485;21.465;0.019999999999999574
2026-09-22T14:14:56.326+02:00;11087.327025;21.485;21.467;0.018000000000000682
2026-09-22T14:14:58.124+02:00;11089.124522;21.485;21.465;0.019999999999999574
2026-09-22T14:14:59.921+02:00;11090.921924;21.485;21.466;0.01899999999999835
2026-09-22T14:15:01.718+02:00;11092.719277;21.485;21.466;0.01899999999999835
2026-09-22T14:15:03.517+02:00;11094.517706;21.485;21.469;0.015999999999998238
2026-09-22T14:15:05.313+02:00;11096.314115;21.485;21.466;0.01899999999999835
2026-09-22T14:15:07.529+02:00;11098.529737;21.485;21.472;0.012999999999998124
2026-09-22T14:15:09.326+02:00;11100.326970;21.485;21.467;0.018000000000000682
2026-09-22T14:15:11.123+02:00;11102.124369;21.485;21.468;0.01699999999999946
2026-09-22T14:15:12.921+02:00;11103.921886;21.485;21.467;0.018000000000000682
2026-09-22T14:15:14.718+02:00;11105.719250;21.485;21.468;0.01699999999999946
2026-09-22T14:15:16.516+02:00;11107.516664;21.485;21.472;0.012999999999998124
2026-09-22T14:15:18.313+02:00;11109.314087;21.485;21.471;0.013999999999999346
2026-09-22T14:15:20.112+02:00;11111.112506;21.485;21.469;0.015999999999998238
2026-09-22T14:15:21.908+02:00;11112.909025;21.485;21.471;0.013999999999999346
2026-09-22T14:15:23.705+02:00;11114.706359;21.485;21.472;0.012999999999998124
2026-09-22T14:15:25.872+02:00;11116.872690;21.485;21.473;0.012000000000000455
2026-09-22T14:15:27.669+02:00;11118.670197;21.485;21.475;0.00999999999999801
2026-09-22T14:15:29.467+02:00;11120.467488;21.485;21.475;0.00999999999999801
2026-09-22T14:15:31.264+02:00;11122.264884;21.486;21.475;0.010999999999999233
2026-09-22T14:15:33.062+02:00;11124.063305;21.485;21.476;0.009000000000000341
2026-09-22T14:15:34.859+02:00;11125.859682;21.486;21.475;0.010999999999999233
2026-09-22T14:15:36.656+02:00;11127.657105;21.485;21.479;0.006000000000000227
2026-09-22T14:15:38.453+02:00;11129.454470;21.486;21.478;0.007999999999999119
2026-09-22T14:15:40.251+02:00;11131.251943;21.487;21.48;0.006999999999997897
2026-09-22T14:15:42.050+02:00;11133.050478;21.486;21.481;0.004999999999999005
2026-09-22T14:15:43.847+02:00;11134.847783;21.485;21.481;0.003999999999997783
2026-09-22T14:15:45.643+02:00;11136.644210;21.488;21.48;0.007999999999999119
2026-09-22T14:15:47.441+02:00;11138.441574;21.489;21.481;0.007999999999999119
2026-09-22T14:15:49.238+02:00;11140.238947;21.488;21.48;0.007999999999999119
2026-09-22T14:15:51.036+02:00;11142.037380;21.489;21.481;0.007999999999999119
2026-09-22T14:15:52.833+02:00;11143.833823;21.489;21.48;0.009000000000000341
2026-09-22T14:15:54.630+02:00;11145.631198;21.491;21.48;0.010999999999999233
2026-09-22T14:15:56.428+02:00;11147.428794;21.488;21.481;0.006999999999997897
2026-09-22T14:15:58.225+02:00;11149.226015;21.493;21.481;0.011999999999996902
2026-09-22T14:16:00.022+02:00;11151.023414;21.49;21.481;0.008999999999996788
2026-09-22T14:16:01.820+02:00;11152.820868;21.497;21.481;0.015999999999998238
2026-09-22T14:16:03.617+02:00;11154.618236;21.497;21.481;0.015999999999998238
2026-09-22T14:16:05.415+02:00;11156.415677;21.495;21.481;0.013999999999999346
2026-09-22T14:16:07.212+02:00;11158.213052;21.494;21.481;0.012999999999998124
2026-09-22T14:16:09.010+02:00;11160.010530;21.495;21.481;0.013999999999999346
2026-09-22T14:16:10.807+02:00;11161.808048;21.498;21.481;0.01699999999999946
2026-09-22T14:16:12.604+02:00;11163.605390;21.499;21.481;0.01799999999999713
2026-09-22T14:16:14.953+02:00;11165.954202;21.497;21.481;0.015999999999998238
2026-09-22T14:16:16.741+02:00;11167.741690;21.5;21.481;0.01899999999999835
2026-09-22T14:16:18.538+02:00;11169.539234;21.5;21.481;0.01899999999999835
2026-09-22T14:16:20.336+02:00;11171.336501;21.499;21.481;0.01799999999999713
2026-09-22T14:16:22.133+02:00;11173.134013;21.498;21.481;0.01699999999999946
2026-09-22T14:16:23.930+02:00;11174.931371;21.501;21.481;0.019999999999999574
2026-09-22T14:16:26.249+02:00;11177.249835;21.501;21.481;0.019999999999999574
2026-09-22T14:16:28.037+02:00;11179.038414;21.5;21.481;0.01899999999999835
2026-09-22T14:16:29.835+02:00;11180.835789;21.501;21.481;0.019999999999999574
2026-09-22T14:16:31.632+02:00;11182.633192;21.501;21.481;0.019999999999999574
2026-09-22T14:16:33.430+02:00;11184.430599;21.501;21.481;0.019999999999999574
2026-09-22T14:16:35.227+02:00;11186.228002;21.501;21.481;0.019999999999999574
2026-09-22T14:16:37.025+02:00;11188.025608;21.501;21.481;0.019999999999999574
2026-09-22T14:16:38.822+02:00;11189.822846;21.501;21.481;0.019999999999999574
2026-09-22T14:16:40.619+02:00;11191.620241;21.501;21.481;0.019999999999999574
2026-09-22T14:16:42.417+02:00;11193.417716;21.501;21.481;0.019999999999999574
2026-09-22T14:16:44.214+02:00;11195.215033;21.501;21.481;0.019999999999999574
2026-09-22T14:16:46.011+02:00;11197.012439;21.501;21.481;0.019999999999999574
2026-09-22T14:16:47.809+02:00;11198.810004;21.501;21.481;0.019999999999999574
2026-09-22T14:16:49.606+02:00;11200.607291;21.501;21.481;0.019999999999999574
2026-09-22T14:16:51.404+02:00;11202.404701;21.501;21.481;0.019999999999999574
2026-09-22T14:16:53.201+02:00;11204.202114;21.501;21.481;0.019999999999999574
2026-09-22T14:16:54.999+02:00;11205.999498;21.501;21.485;0.01600000000000179
2026-09-22T14:16:56.796+02:00;11207.797055;21.501;21.483;0.018000000000000682
2026-09-22T14:16:58.593+02:00;11209.594312;21.501;21.484;0.01699999999999946
2026-09-22T14:17:00.391+02:00;11211.391709;21.501;21.482;0.019000000000001904
2026-09-22T14:17:02.188+02:00;11213.189169;21.501;21.484;0.01699999999999946
2026-09-22T14:17:03.986+02:00;11214.986568;21.501;21.485;0.01600000000000179
2026-09-22T14:17:05.783+02:00;11216.783888;21.501;21.488;0.013000000000001677
2026-09-22T14:17:07.580+02:00;11218.581284;21.501;21.486;0.015000000000000568
2026-09-22T14:17:09.378+02:00;11220.378600;21.501;21.488;0.013000000000001677
2026-09-22T14:17:11.175+02:00;11222.176058;21.501;21.487;0.014000000000002899
2026-09-22T14:17:12.972+02:00;11223.973409;21.501;21.489;0.012000000000000455
2026-09-22T14:17:14.770+02:00;11225.770766;21.501;21.489;0.012000000000000455
2026-09-22T14:17:16.567+02:00;11227.568217;21.501;21.49;0.011000000000002785
2026-09-22T14:17:18.365+02:00;11229.365489;21.501;21.492;0.009000000000000341
2026-09-22T14:17:20.162+02:00;11231.162909;21.501;21.49;0.011000000000002785
2026-09-22T14:17:21.959+02:00;11232.960286;21.501;21.492;0.009000000000000341
2026-09-22T14:17:23.758+02:00;11234.758633;21.501;21.491;0.010000000000001563
2026-09-22T14:17:25.554+02:00;11236.555014;21.501;21.493;0.008000000000002672
2026-09-22T14:17:27.351+02:00;11238.352406;21.501;21.495;0.006000000000000227
2026-09-22T14:17:29.149+02:00;11240.149826;21.501;21.495;0.006000000000000227
2026-09-22T14:17:30.946+02:00;11241.947281;21.502;21.492;0.00999999999999801
2026-09-22T14:17:32.744+02:00;11243.744783;21.502;21.495;0.006999999999997897
2026-09-22T14:17:35.035+02:00;11246.036402;21.503;21.494;0.009000000000000341
2026-09-22T14:17:36.824+02:00;11247.824994;21.502;21.495;0.006999999999997897
2026-09-22T14:17:38.621+02:00;11249.622309;21.504;21.496;0.008000000000002672
2026-09-22T14:17:40.419+02:00;11251.419761;21.503;21.494;0.009000000000000341
2026-09-22T14:17:42.216+02:00;11253.217109;21.504;21.495;0.009000000000000341
2026-09-22T14:17:44.014+02:00;11255.014558;21.503;21.495;0.007999999999999119
2026-09-22T14:17:45.811+02:00;11256.812083;21.508;21.497;0.010999999999999233
2026-09-22T14:17:47.608+02:00;11258.609423;21.508;21.496;0.012000000000000455
2026-09-22T14:17:49.407+02:00;11260.407778;21.507;21.497;0.010000000000001563
2026-09-22T14:17:51.203+02:00;11262.204174;21.51;21.497;0.013000000000001677
2026-09-22T14:17:53.001+02:00;11264.001556;21.509;21.497;0.012000000000000455
2026-09-22T14:17:54.798+02:00;11265.798982;21.511;21.497;0.013999999999999346
2026-09-22T14:17:56.595+02:00;11267.596402;21.508;21.497;0.010999999999999233
2026-09-22T14:17:58.393+02:00;11269.393770;21.513;21.497;0.01600000000000179
2026-09-22T14:18:00.190+02:00;11271.191380;21.51;21.496;0.014000000000002899
2026-09-22T14:18:01.988+02:00;11272.988688;21.512;21.497;0.015000000000000568
2026-09-22T14:18:03.786+02:00;11274.787075;21.513;21.497;0.01600000000000179
2026-09-22T14:18:05.583+02:00;11276.583519;21.514;21.497;0.01699999999999946
2026-09-22T14:18:07.380+02:00;11278.380838;21.513;21.497;0.01600000000000179
2026-09-22T14:18:09.177+02:00;11280.178249;21.514;21.497;0.01699999999999946
2026-09-22T14:18:10.975+02:00;11281.975708;21.515;21.497;0.018000000000000682
2026-09-22T14:18:12.772+02:00;11283.773116;21.515;21.497;0.018000000000000682
2026-09-22T14:18:14.570+02:00;11285.570680;21.516;21.497;0.01899999999999835
2026-09-22T14:18:16.367+02:00;11287.368033;21.516;21.497;0.01899999999999835
2026-09-22T14:18:18.164+02:00;11289.165372;21.516;21.497;0.01899999999999835
2026-09-22T14:18:19.962+02:00;11290.962796;21.517;21.497;0.019999999999999574
2026-09-22T14:18:21.759+02:00;11292.760204;21.517;21.497;0.019999999999999574
2026-09-22T14:18:23.934+02:00;11294.934891;21.517;21.497;0.019999999999999574
2026-09-22T14:18:25.731+02:00;11296.732182;21.517;21.497;0.019999999999999574
2026-09-22T14:18:27.529+02:00;11298.529597;21.516;21.497;0.01899999999999835
2026-09-22T14:18:29.327+02:00;11300.328047;21.516;21.497;0.01899999999999835
2026-09-22T14:18:31.124+02:00;11302.124479;21.517;21.497;0.019999999999999574
2026-09-22T14:18:32.921+02:00;11303.922074;21.517;21.497;0.019999999999999574
2026-09-22T14:18:34.718+02:00;11305.719316;21.517;21.497;0.019999999999999574
2026-09-22T14:18:36.908+02:00;11307.909185;21.517;21.498;0.01899999999999835
2026-09-22T14:18:38.706+02:00;11309.706580;21.517;21.497;0.019999999999999574
2026-09-22T14:18:40.503+02:00;11311.504011;21.517;21.497;0.019999999999999574
2026-09-22T14:18:42.301+02:00;11313.302404;21.517;21.497;0.019999999999999574
2026-09-22T14:18:44.098+02:00;11315.098786;21.517;21.497;0.019999999999999574
2026-09-22T14:18:45.895+02:00;11316.896399;21.517;21.497;0.019999999999999574
2026-09-22T14:18:47.693+02:00;11318.693690;21.516;21.497;0.01899999999999835
2026-09-22T14:18:49.490+02:00;11320.491061;21.517;21.497;0.019999999999999574
2026-09-22T14:18:51.288+02:00;11322.288498;21.517;21.498;0.01899999999999835
2026-09-22T14:18:53.085+02:00;11324.085958;21.517;21.499;0.018000000000000682
2026-09-22T14:18:54.883+02:00;11325.883522;21.517;21.501;0.015999999999998238
2026-09-22T14:18:56.680+02:00;11327.680733;21.517;21.499;0.018000000000000682
2026-09-22T14:18:58.477+02:00;11329.478175;21.517;21.498;0.01899999999999835
2026-09-22T14:19:00.275+02:00;11331.275648;21.517;21.497;0.019999999999999574
2026-09-22T14:19:02.072+02:00;11333.072970;21.517;21.502;0.015000000000000568
2026-09-22T14:19:03.869+02:00;11334.870406;21.517;21.503;0.013999999999999346
2026-09-22T14:19:05.667+02:00;11336.667802;21.517;21.505;0.012000000000000455
2026-09-22T14:19:07.464+02:00;11338.465215;21.517;21.5;0.01699999999999946
2026-09-22T14:19:09.262+02:00;11340.262604;21.517;21.503;0.013999999999999346
2026-09-22T14:19:11.059+02:00;11342.060033;21.517;21.502;0.015000000000000568
2026-09-22T14:19:12.856+02:00;11343.857429;21.517;21.505;0.012000000000000455
2026-09-22T14:19:14.654+02:00;11345.654963;21.517;21.507;0.00999999999999801
2026-09-22T14:19:16.451+02:00;11347.452258;21.517;21.504;0.012999999999998124
2026-09-22T14:19:18.249+02:00;11349.249646;21.517;21.509;0.007999999999999119
2026-09-22T14:19:20.046+02:00;11351.047075;21.517;21.51;0.006999999999997897
2026-09-22T14:19:21.844+02:00;11352.844500;21.517;21.51;0.006999999999997897
2026-09-22T14:19:23.641+02:00;11354.641904;21.517;21.508;0.009000000000000341
2026-09-22T14:19:25.438+02:00;11356.439304;21.518;21.509;0.009000000000000341
2026-09-22T14:19:27.236+02:00;11358.236726;21.517;21.511;0.006000000000000227
2026-09-22T14:19:29.033+02:00;11360.034277;21.519;21.51;0.008999999999996788
2026-09-22T14:19:30.831+02:00;11361.831523;21.518;21.512;0.006000000000000227
2026-09-22T14:19:32.628+02:00;11363.628932;21.518;21.509;0.009000000000000341
2026-09-22T14:19:34.425+02:00;11365.426344;21.519;21.513;0.005999999999996675
2026-09-22T14:19:36.223+02:00;11367.223783;21.519;21.512;0.006999999999997897
2026-09-22T14:19:38.021+02:00;11369.022199;21.519;21.512;0.006999999999997897
2026-09-22T14:19:39.818+02:00;11370.818625;21.521;21.512;0.009000000000000341
2026-09-22T14:19:41.615+02:00;11372.615981;21.524;21.513;0.010999999999999233
2026-09-22T14:19:43.413+02:00;11374.413611;21.523;21.513;0.00999999999999801
2026-09-22T14:19:45.210+02:00;11376.210830;21.524;21.513;0.010999999999999233
2026-09-22T14:19:47.007+02:00;11378.008190;21.523;21.512;0.010999999999999233
2026-09-22T14:19:48.805+02:00;11379.805647;21.521;21.513;0.007999999999999119
2026-09-22T14:19:50.952+02:00;11381.952704;21.524;21.513;0.010999999999999233
2026-09-22T14:19:52.749+02:00;11383.750019;21.527;21.513;0.013999999999999346
2026-09-22T14:19:54.546+02:00;11385.547424;21.524;21.513;0.010999999999999233
2026-09-22T14:19:56.345+02:00;11387.345888;21.527;21.513;0.013999999999999346
2026-09-22T14:19:58.141+02:00;11389.142282;21.529;21.513;0.015999999999998238
2026-09-22T14:19:59.939+02:00;11390.939681;21.53;21.513;0.01699999999999946
2026-09-22T14:20:01.736+02:00;11392.737120;21.528;21.513;0.014999999999997016
2026-09-22T14:20:03.534+02:00;11394.534578;21.53;21.513;0.01699999999999946
2026-09-22T14:20:05.331+02:00;11396.332029;21.528;21.513;0.014999999999997016
2026-09-22T14:20:07.128+02:00;11398.129415;21.529;21.513;0.015999999999998238
2026-09-22T14:20:08.926+02:00;11399.926853;21.53;21.513;0.01699999999999946
2026-09-22T14:20:10.723+02:00;11401.724305;21.532;21.513;0.01899999999999835
2026-09-22T14:20:12.521+02:00;11403.521684;21.532;21.513;0.01899999999999835
2026-09-22T14:20:14.319+02:00;11405.320267;21.532;21.513;0.01899999999999835
2026-09-22T14:20:16.116+02:00;11407.116548;21.533;21.513;0.019999999999999574
2026-09-22T14:20:17.913+02:00;11408.913941;21.532;21.513;0.01899999999999835
2026-09-22T14:20:19.710+02:00;11410.711401;21.533;21.513;0.019999999999999574
2026-09-22T14:20:21.508+02:00;11412.508786;21.533;21.513;0.019999999999999574
2026-09-22T14:20:23.305+02:00;11414.306413;21.533;21.513;0.019999999999999574
2026-09-22T14:20:25.102+02:00;11416.102666;21.532;21.513;0.01899999999999835
2026-09-22T14:20:26.900+02:00;11417.901126;21.533;21.513;0.019999999999999574
2026-09-22T14:20:28.698+02:00;11419.698491;21.533;21.514;0.019000000000001904
2026-09-22T14:20:30.495+02:00;11421.495978;21.533;21.513;0.019999999999999574
2026-09-22T14:20:32.292+02:00;11423.293365;21.533;21.514;0.019000000000001904
2026-09-22T14:20:34.090+02:00;11425.090788;21.533;21.514;0.019000000000001904
2026-09-22T14:20:35.887+02:00;11426.888179;21.533;21.514;0.019000000000001904
2026-09-22T14:20:37.685+02:00;11428.685701;21.533;21.514;0.019000000000001904
2026-09-22T14:20:39.483+02:00;11430.484070;21.533;21.513;0.019999999999999574
2026-09-22T14:20:41.280+02:00;11432.280525;21.533;21.513;0.019999999999999574
2026-09-22T14:20:43.077+02:00;11434.077874;21.533;21.514;0.019000000000001904
2026-09-22T14:20:44.874+02:00;11435.875308;21.533;21.517;0.01600000000000179
2026-09-22T14:20:47.099+02:00;11438.100313;21.533;21.517;0.01600000000000179
2026-09-22T14:20:48.897+02:00;11439.897941;21.533;21.515;0.018000000000000682
2026-09-22T14:20:50.694+02:00;11441.695167;21.533;21.515;0.018000000000000682
2026-09-22T14:20:52.492+02:00;11443.492570;21.533;21.515;0.018000000000000682
2026-09-22T14:20:54.289+02:00;11445.290044;21.533;21.516;0.017000000000003013
2026-09-22T14:20:56.086+02:00;11447.087451;21.533;21.517;0.01600000000000179
2026-09-22T14:20:57.885+02:00;11448.885861;21.533;21.516;0.017000000000003013
2026-09-22T14:20:59.681+02:00;11450.682246;21.533;21.52;0.013000000000001677
2026-09-22T14:21:01.479+02:00;11452.479653;21.533;21.518;0.015000000000000568
2026-09-22T14:21:03.276+02:00;11454.277304;21.533;21.518;0.015000000000000568
2026-09-22T14:21:05.074+02:00;11456.074522;21.533;21.521;0.012000000000000455
2026-09-22T14:21:06.871+02:00;11457.872034;21.533;21.519;0.014000000000002899
2026-09-22T14:21:08.668+02:00;11459.669356;21.533;21.52;0.013000000000001677
2026-09-22T14:21:10.466+02:00;11461.466802;21.533;21.522;0.011000000000002785
2026-09-22T14:21:12.263+02:00;11463.264414;21.533;21.524;0.009000000000000341
2026-09-22T14:21:14.061+02:00;11465.061627;21.534;21.528;0.006000000000000227
2026-09-22T14:21:15.858+02:00;11466.859041;21.534;21.524;0.00999999999999801
2026-09-22T14:21:17.656+02:00;11468.656580;21.534;21.527;0.006999999999997897
2026-09-22T14:21:19.453+02:00;11470.453870;21.534;21.527;0.006999999999997897
2026-09-22T14:21:21.250+02:00;11472.251297;21.536;21.528;0.008000000000002672
2026-09-22T14:21:23.048+02:00;11474.048753;21.534;21.525;0.009000000000000341
2026-09-22T14:21:24.845+02:00;11475.846224;21.534;21.525;0.009000000000000341
2026-09-22T14:21:26.643+02:00;11477.643737;21.535;21.527;0.007999999999999119
2026-09-22T14:21:28.440+02:00;11479.441044;21.534;21.529;0.004999999999999005
2026-09-22T14:21:30.238+02:00;11481.238496;21.536;21.528;0.008000000000002672
2026-09-22T14:21:32.035+02:00;11483.035905;21.537;21.529;0.007999999999999119
2026-09-22T14:21:33.832+02:00;11484.833368;21.539;21.528;0.011000000000002785
2026-09-22T14:21:35.630+02:00;11486.630918;21.537;21.529;0.007999999999999119
2026-09-22T14:21:37.428+02:00;11488.429189;21.539;21.529;0.010000000000001563
2026-09-22T14:21:39.225+02:00;11490.225664;21.54;21.529;0.010999999999999233
2026-09-22T14:21:41.023+02:00;11492.024046;21.541;21.529;0.012000000000000455
2026-09-22T14:21:42.819+02:00;11493.820465;21.539;21.529;0.010000000000001563
2026-09-22T14:21:44.617+02:00;11495.617891;21.538;21.529;0.009000000000000341
2026-09-22T14:21:46.415+02:00;11497.416313;21.545;21.529;0.01600000000000179
2026-09-22T14:21:48.212+02:00;11499.212730;21.542;21.529;0.013000000000001677
2026-09-22T14:21:50.009+02:00;11501.010228;21.541;21.529;0.012000000000000455
2026-09-22T14:21:51.807+02:00;11502.807602;21.546;21.529;0.01699999999999946
2026-09-22T14:21:53.604+02:00;11504.605028;21.543;21.529;0.013999999999999346
2026-09-22T14:21:55.403+02:00;11506.403501;21.547;21.529;0.018000000000000682
2026-09-22T14:21:57.199+02:00;11508.199950;21.548;21.529;0.01899999999999835
2026-09-22T14:21:58.996+02:00;11509.997384;21.549;21.529;0.019999999999999574
2026-09-22T14:22:00.794+02:00;11511.794819;21.548;21.529;0.01899999999999835
2026-09-22T14:22:02.591+02:00;11513.592143;21.546;21.529;0.01699999999999946
2026-09-22T14:22:04.389+02:00;11515.389604;21.549;21.529;0.019999999999999574
2026-09-22T14:22:06.186+02:00;11517.187055;21.548;21.529;0.01899999999999835
2026-09-22T14:22:08.414+02:00;11519.414895;21.548;21.529;0.01899999999999835
2026-09-22T14:22:10.210+02:00;11521.211335;21.549;21.529;0.019999999999999574
2026-09-22T14:22:12.008+02:00;11523.008769;21.549;21.529;0.019999999999999574
2026-09-22T14:22:13.805+02:00;11524.806202;21.549;21.529;0.019999999999999574
2026-09-22T14:22:15.603+02:00;11526.603759;21.549;21.529;0.019999999999999574
2026-09-22T14:22:17.400+02:00;11528.401027;21.549;21.529;0.019999999999999574
2026-09-22T14:22:19.197+02:00;11530.198456;21.549;21.529;0.019999999999999574
2026-09-22T14:22:20.995+02:00;11531.995879;21.549;21.529;0.019999999999999574
2026-09-22T14:22:22.792+02:00;11533.793279;21.549;21.529;0.019999999999999574
2026-09-22T14:22:24.590+02:00;11535.590702;21.549;21.529;0.019999999999999574
2026-09-22T14:22:26.387+02:00;11537.388134;21.549;21.529;0.019999999999999574
2026-09-22T14:22:28.185+02:00;11539.185576;21.549;21.529;0.019999999999999574
2026-09-22T14:22:29.982+02:00;11540.983083;21.549;21.531;0.018000000000000682
2026-09-22T14:22:31.779+02:00;11542.780342;21.549;21.529;0.019999999999999574
2026-09-22T14:22:33.577+02:00;11544.577752;21.549;21.529;0.019999999999999574
2026-09-22T14:22:35.374+02:00;11546.375197;21.549;21.529;0.019999999999999574
2026-09-22T14:22:37.172+02:00;11548.172603;21.549;21.531;0.018000000000000682
2026-09-22T14:22:38.969+02:00;11549.970239;21.549;21.531;0.018000000000000682
2026-09-22T14:22:40.766+02:00;11551.767470;21.549;21.529;0.019999999999999574
2026-09-22T14:22:42.565+02:00;11553.565935;21.549;21.533;0.015999999999998238
2026-09-22T14:22:44.361+02:00;11555.362369;21.549;21.531;0.018000000000000682
2026-09-22T14:22:46.159+02:00;11557.159765;21.549;21.53;0.01899999999999835
2026-09-22T14:22:47.956+02:00;11558.957139;21.549;21.531;0.018000000000000682
2026-09-22T14:22:49.754+02:00;11560.754567;21.549;21.532;0.01699999999999946
2026-09-22T14:22:51.552+02:00;11562.552982;21.549;21.533;0.015999999999998238
2026-09-22T14:22:53.349+02:00;11564.349558;21.549;21.532;0.01699999999999946
2026-09-22T14:22:55.146+02:00;11566.146827;21.549;21.533;0.015999999999998238
2026-09-22T14:22:56.943+02:00;11567.944239;21.549;21.535;0.013999999999999346
2026-09-22T14:22:58.741+02:00;11569.741674;21.549;21.535;0.013999999999999346
2026-09-22T14:23:00.538+02:00;11571.539056;21.549;21.536;0.012999999999998124
2026-09-22T14:23:02.335+02:00;11573.336468;21.549;21.538;0.010999999999999233
2026-09-22T14:23:04.133+02:00;11575.133865;21.549;21.536;0.012999999999998124
2026-09-22T14:23:05.930+02:00;11576.931351;21.549;21.54;0.009000000000000341
2026-09-22T14:23:07.728+02:00;11578.728859;21.549;21.543;0.006000000000000227
2026-09-22T14:23:09.525+02:00;11580.526177;21.549;21.542;0.006999999999997897
2026-09-22T14:23:11.323+02:00;11582.323629;21.549;21.543;0.006000000000000227
2026-09-22T14:23:13.121+02:00;11584.122028;21.549;21.543;0.006000000000000227
2026-09-22T14:23:14.917+02:00;11585.918430;21.551;21.543;0.007999999999999119
2026-09-22T14:23:16.715+02:00;11587.716043;21.549;21.542;0.006999999999997897
2026-09-22T14:23:18.512+02:00;11589.513252;21.551;21.546;0.004999999999999005
2026-09-22T14:23:20.310+02:00;11591.310703;21.55;21.545;0.004999999999999005
2026-09-22T14:23:22.107+02:00;11593.108164;21.551;21.545;0.005999999999996675
2026-09-22T14:23:23.905+02:00;11594.905526;21.552;21.545;0.006999999999997897
2026-09-22T14:23:25.702+02:00;11596.702951;21.55;21.543;0.0070000000000014495
2026-09-22T14:23:27.500+02:00;11598.501379;21.552;21.546;0.006000000000000227
2026-09-22T14:23:29.819+02:00;11600.819507;21.553;21.546;0.0070000000000014495
2026-09-22T14:23:31.606+02:00;11602.607011;21.561;21.546;0.015000000000000568
2026-09-22T14:23:33.404+02:00;11604.405418;21.554;21.546;0.007999999999999119
2026-09-22T14:23:35.201+02:00;11606.201886;21.555;21.546;0.009000000000000341
2026-09-22T14:23:36.998+02:00;11607.999463;21.559;21.545;0.013999999999999346
2026-09-22T14:23:38.797+02:00;11609.797728;21.556;21.546;0.010000000000001563
2026-09-22T14:23:40.593+02:00;11611.594145;21.556;21.546;0.010000000000001563
2026-09-22T14:23:42.391+02:00;11613.391586;21.56;21.545;0.014999999999997016
2026-09-22T14:23:44.188+02:00;11615.188987;21.559;21.546;0.013000000000001677
2026-09-22T14:23:45.985+02:00;11616.986393;21.559;21.546;0.013000000000001677
2026-09-22T14:23:47.783+02:00;11618.783764;21.563;21.546;0.01699999999999946
2026-09-22T14:23:49.580+02:00;11620.581198;21.561;21.546;0.015000000000000568
2026-09-22T14:23:51.378+02:00;11622.378774;21.564;21.546;0.018000000000000682
2026-09-22T14:23:53.175+02:00;11624.176023;21.563;21.546;0.01699999999999946
2026-09-22T14:23:54.973+02:00;11625.973495;21.563;21.546;0.01699999999999946
2026-09-22T14:23:56.770+02:00;11627.770907;21.563;21.546;0.01699999999999946
2026-09-22T14:23:58.567+02:00;11629.568365;21.564;21.546;0.018000000000000682
2026-09-22T14:24:00.365+02:00;11631.366006;21.565;21.546;0.019000000000001904
2026-09-22T14:24:02.162+02:00;11633.163180;21.563;21.546;0.01699999999999946
2026-09-22T14:24:03.960+02:00;11634.960610;21.565;21.546;0.019000000000001904
2026-09-22T14:24:05.757+02:00;11636.758092;21.565;21.546;0.019000000000001904
2026-09-22T14:24:07.554+02:00;11638.555438;21.565;21.546;0.019000000000001904
2026-09-22T14:24:09.352+02:00;11640.352893;21.565;21.546;0.019000000000001904
2026-09-22T14:24:11.149+02:00;11642.150290;21.566;21.546;0.019999999999999574
2026-09-22T14:24:12.947+02:00;11643.947686;21.566;21.546;0.019999999999999574
2026-09-22T14:24:14.744+02:00;11645.745257;21.566;21.546;0.019999999999999574
2026-09-22T14:24:16.542+02:00;11647.542535;21.566;21.546;0.019999999999999574
2026-09-22T14:24:18.339+02:00;11649.339929;21.566;21.546;0.019999999999999574
2026-09-22T14:24:20.136+02:00;11651.137392;21.566;21.546;0.019999999999999574
2026-09-22T14:24:21.934+02:00;11652.934786;21.566;21.546;0.019999999999999574
2026-09-22T14:24:23.731+02:00;11654.732216;21.566;21.546;0.019999999999999574
2026-09-22T14:24:25.529+02:00;11656.529621;21.566;21.547;0.01899999999999835
2026-09-22T14:24:27.326+02:00;11658.327035;21.566;21.547;0.01899999999999835
2026-09-22T14:24:29.124+02:00;11660.124569;21.566;21.546;0.019999999999999574
2026-09-22T14:24:31.247+02:00;11662.248016;21.566;21.547;0.01899999999999835
2026-09-22T14:24:33.043+02:00;11664.044422;21.566;21.546;0.019999999999999574
2026-09-22T14:24:34.842+02:00;11665.842809;21.566;21.547;0.01899999999999835
2026-09-22T14:24:36.638+02:00;11667.639227;21.566;21.546;0.019999999999999574
2026-09-22T14:24:38.436+02:00;11669.436805;21.566;21.546;0.019999999999999574
2026-09-22T14:24:40.233+02:00;11671.234050;21.566;21.549;0.01699999999999946
2026-09-22T14:24:42.031+02:00;11673.031476;21.566;21.549;0.01699999999999946
2026-09-22T14:24:43.828+02:00;11674.828945;21.566;21.548;0.018000000000000682
2026-09-22T14:24:45.625+02:00;11676.626356;21.566;21.547;0.01899999999999835
2026-09-22T14:24:47.423+02:00;11678.423952;21.566;21.549;0.01699999999999946
2026-09-22T14:24:49.220+02:00;11680.221199;21.566;21.549;0.01699999999999946
2026-09-22T14:24:51.018+02:00;11682.018632;21.566;21.553;0.012999999999998124
2026-09-22T14:24:52.816+02:00;11683.817096;21.566;21.553;0.012999999999998124
2026-09-22T14:24:54.612+02:00;11685.613466;21.566;21.551;0.015000000000000568
2026-09-22T14:24:56.410+02:00;11687.410863;21.566;21.557;0.009000000000000341
2026-09-22T14:24:58.207+02:00;11689.208288;21.566;21.552;0.013999999999999346
2026-09-22T14:25:00.005+02:00;11691.005729;21.566;21.554;0.012000000000000455
2026-09-22T14:25:01.802+02:00;11692.803297;21.566;21.558;0.007999999999999119
2026-09-22T14:25:03.600+02:00;11694.600546;21.566;21.557;0.009000000000000341
2026-09-22T14:25:05.804+02:00;11696.804895;21.566;21.56;0.006000000000000227
2026-09-22T14:25:07.601+02:00;11698.602411;21.566;21.553;0.012999999999998124
2026-09-22T14:25:09.399+02:00;11700.399754;21.566;21.558;0.007999999999999119
2026-09-22T14:25:11.196+02:00;11702.197163;21.567;21.559;0.007999999999999119
2026-09-22T14:25:12.994+02:00;11703.994621;21.568;21.56;0.008000000000002672
2026-09-22T14:25:14.791+02:00;11705.792056;21.567;21.558;0.009000000000000341
2026-09-22T14:25:16.589+02:00;11707.589557;21.569;21.561;0.007999999999999119
2026-09-22T14:25:18.386+02:00;11709.386988;21.567;21.561;0.006000000000000227
2026-09-22T14:25:20.183+02:00;11711.184358;21.567;21.56;0.0070000000000014495
2026-09-22T14:25:21.981+02:00;11712.981803;21.569;21.561;0.007999999999999119
2026-09-22T14:25:23.778+02:00;11714.779165;21.566;21.561;0.004999999999999005
2026-09-22T14:25:25.576+02:00;11716.576752;21.567;21.561;0.006000000000000227
2026-09-22T14:25:27.373+02:00;11718.374015;21.571;21.562;0.009000000000000341
2026-09-22T14:25:29.719+02:00;11720.719909;21.573;21.562;0.010999999999999233
2026-09-22T14:25:31.507+02:00;11722.508219;21.574;21.562;0.012000000000000455
2026-09-22T14:25:33.654+02:00;11724.655102;21.576;21.562;0.013999999999999346
2026-09-22T14:25:35.452+02:00;11726.452515;21.572;21.562;0.00999999999999801
2026-09-22T14:25:37.249+02:00;11728.249989;21.572;21.562;0.00999999999999801
2026-09-22T14:25:39.046+02:00;11730.047352;21.572;21.562;0.00999999999999801
2026-09-22T14:25:40.844+02:00;11731.844805;21.577;21.562;0.015000000000000568
2026-09-22T14:25:42.641+02:00;11733.642200;21.58;21.562;0.01799999999999713
2026-09-22T14:25:44.439+02:00;11735.439590;21.579;21.562;0.01699999999999946
2026-09-22T14:25:46.236+02:00;11737.237191;21.578;21.562;0.015999999999998238
2026-09-22T14:25:48.033+02:00;11739.034416;21.579;21.562;0.01699999999999946
2026-09-22T14:25:49.831+02:00;11740.831858;21.581;21.562;0.01899999999999835
2026-09-22T14:25:51.628+02:00;11742.629298;21.58;21.562;0.01799999999999713
2026-09-22T14:25:53.426+02:00;11744.426718;21.579;21.562;0.01699999999999946
2026-09-22T14:25:55.223+02:00;11746.224117;21.581;21.562;0.01899999999999835
2026-09-22T14:25:57.021+02:00;11748.021589;21.58;21.562;0.01799999999999713
2026-09-22T14:25:58.818+02:00;11749.818952;21.58;21.562;0.01799999999999713
2026-09-22T14:26:00.616+02:00;11751.616489;21.58;21.562;0.01799999999999713
2026-09-22T14:26:02.413+02:00;11753.413803;21.582;21.562;0.019999999999999574
2026-09-22T14:26:04.210+02:00;11755.211197;21.581;21.562;0.01899999999999835
2026-09-22T14:26:06.517+02:00;11757.517634;21.582;21.562;0.019999999999999574
2026-09-22T14:26:08.305+02:00;11759.306178;21.582;21.562;0.019999999999999574
2026-09-22T14:26:10.103+02:00;11761.103677;21.582;21.562;0.019999999999999574
2026-09-22T14:26:11.900+02:00;11762.901075;21.581;21.562;0.01899999999999835
2026-09-22T14:26:13.699+02:00;11764.699543;21.582;21.562;0.019999999999999574
2026-09-22T14:26:15.495+02:00;11766.495926;21.582;21.562;0.019999999999999574
2026-09-22T14:26:17.292+02:00;11768.293354;21.582;21.562;0.019999999999999574
2026-09-22T14:26:19.090+02:00;11770.090962;21.582;21.562;0.019999999999999574
2026-09-22T14:26:20.887+02:00;11771.888154;21.582;21.562;0.019999999999999574
2026-09-22T14:26:22.685+02:00;11773.685605;21.582;21.562;0.019999999999999574
2026-09-22T14:26:24.881+02:00;11775.881538;21.582;21.563;0.019000000000001904
2026-09-22T14:26:26.678+02:00;11777.679043;21.582;21.562;0.019999999999999574
2026-09-22T14:26:28.475+02:00;11779.476360;21.582;21.562;0.019999999999999574
2026-09-22T14:26:30.273+02:00;11781.273798;21.582;21.562;0.019999999999999574
2026-09-22T14:26:32.070+02:00;11783.071185;21.582;21.563;0.019000000000001904
2026-09-22T14:26:33.868+02:00;11784.868598;21.582;21.562;0.019999999999999574
2026-09-22T14:26:35.665+02:00;11786.666238;21.582;21.564;0.018000000000000682
2026-09-22T14:26:37.462+02:00;11788.463432;21.582;21.568;0.013999999999999346
2026-09-22T14:26:39.260+02:00;11790.260830;21.582;21.565;0.01699999999999946
2026-09-22T14:26:41.057+02:00;11792.058359;21.582;21.564;0.018000000000000682
2026-09-22T14:26:42.855+02:00;11793.855744;21.582;21.566;0.01600000000000179
2026-09-22T14:26:44.652+02:00;11795.653181;21.582;21.565;0.01699999999999946
2026-09-22T14:26:46.450+02:00;11797.450642;21.582;21.565;0.01699999999999946
2026-09-22T14:26:48.247+02:00;11799.248056;21.582;21.566;0.01600000000000179
2026-09-22T14:26:50.045+02:00;11801.045515;21.582;21.569;0.013000000000001677
2026-09-22T14:26:51.842+02:00;11802.842925;21.582;21.568;0.013999999999999346
2026-09-22T14:26:53.961+02:00;11804.962014;21.582;21.576;0.006000000000000227
2026-09-22T14:26:55.758+02:00;11806.759408;21.582;21.571;0.010999999999999233
2026-09-22T14:26:57.988+02:00;11808.988735;21.582;21.574;0.007999999999999119
2026-09-22T14:26:59.785+02:00;11810.786029;21.582;21.575;0.0070000000000014495
2026-09-22T14:27:01.582+02:00;11812.583436;21.582;21.571;0.010999999999999233
2026-09-22T14:27:03.380+02:00;11814.380890;21.582;21.572;0.010000000000001563
2026-09-22T14:27:05.177+02:00;11816.178316;21.582;21.574;0.007999999999999119
2026-09-22T14:27:06.975+02:00;11817.975882;21.582;21.576;0.006000000000000227
2026-09-22T14:27:08.772+02:00;11819.773201;21.582;21.577;0.004999999999999005
2026-09-22T14:27:10.570+02:00;11821.570568;21.582;21.573;0.009000000000000341
2026-09-22T14:27:12.367+02:00;11823.367980;21.582;21.576;0.006000000000000227
2026-09-22T14:27:14.164+02:00;11825.165364;21.584;21.577;0.006999999999997897
2026-09-22T14:27:15.962+02:00;11826.962807;21.585;21.577;0.007999999999999119
2026-09-22T14:27:17.759+02:00;11828.760287;21.583;21.576;0.006999999999997897
2026-09-22T14:27:19.910+02:00;11830.910841;21.585;21.578;0.0070000000000014495
2026-09-22T14:27:21.708+02:00;11832.709243;21.587;21.578;0.009000000000000341
2026-09-22T14:27:23.505+02:00;11834.505611;21.585;21.578;0.0070000000000014495
2026-09-22T14:27:25.817+02:00;11836.817952;21.589;21.578;0.010999999999999233
2026-09-22T14:27:27.605+02:00;11838.606466;21.586;21.578;0.007999999999999119
2026-09-22T14:27:29.403+02:00;11840.403926;21.586;21.578;0.007999999999999119
2026-09-22T14:27:31.200+02:00;11842.201408;21.588;21.578;0.010000000000001563
2026-09-22T14:27:32.998+02:00;11843.998760;21.59;21.578;0.012000000000000455
2026-09-22T14:27:34.795+02:00;11845.796207;21.588;21.578;0.010000000000001563
2026-09-22T14:27:36.593+02:00;11847.593649;21.591;21.578;0.013000000000001677
2026-09-22T14:27:38.390+02:00;11849.391115;21.589;21.578;0.010999999999999233
2026-09-22T14:27:40.189+02:00;11851.189570;21.592;21.578;0.013999999999999346
2026-09-22T14:27:41.985+02:00;11852.985948;21.594;21.578;0.01600000000000179
2026-09-22T14:27:44.181+02:00;11855.181896;21.593;21.578;0.015000000000000568
2026-09-22T14:27:45.978+02:00;11856.979244;21.595;21.578;0.01699999999999946
2026-09-22T14:27:47.776+02:00;11858.776743;21.597;21.578;0.019000000000001904
2026-09-22T14:27:50.088+02:00;11861.088985;21.597;21.578;0.019000000000001904
2026-09-22T14:27:52.235+02:00;11863.235883;21.597;21.578;0.019000000000001904
2026-09-22T14:27:54.031+02:00;11865.032304;21.597;21.578;0.019000000000001904
2026-09-22T14:27:55.829+02:00;11866.829965;21.598;21.578;0.019999999999999574
2026-09-22T14:27:57.626+02:00;11868.627155;21.596;21.578;0.018000000000000682
2026-09-22T14:27:59.424+02:00;11870.424587;21.596;21.578;0.018000000000000682
2026-09-22T14:28:01.221+02:00;11872.222000;21.597;21.578;0.019000000000001904
2026-09-22T14:28:03.019+02:00;11874.019482;21.598;21.578;0.019999999999999574
2026-09-22T14:28:04.817+02:00;11875.817852;21.598;21.578;0.019999999999999574
2026-09-22T14:28:06.613+02:00;11877.614253;21.597;21.578;0.019000000000001904
2026-09-22T14:28:08.411+02:00;11879.411760;21.598;21.578;0.019999999999999574
2026-09-22T14:28:10.208+02:00;11881.209219;21.598;21.578;0.019999999999999574
2026-09-22T14:28:12.006+02:00;11883.006506;21.598;21.578;0.019999999999999574
2026-09-22T14:28:13.803+02:00;11884.803956;21.598;21.578;0.019999999999999574
2026-09-22T14:28:15.600+02:00;11886.601413;21.598;21.578;0.019999999999999574
2026-09-22T14:28:17.398+02:00;11888.398855;21.598;21.578;0.019999999999999574
2026-09-22T14:28:19.195+02:00;11890.196408;21.598;21.579;0.01899999999999835
2026-09-22T14:28:20.993+02:00;11891.993664;21.598;21.579;0.01899999999999835
2026-09-22T14:28:22.790+02:00;11893.791163;21.598;21.578;0.019999999999999574
2026-09-22T14:28:24.588+02:00;11895.588501;21.598;21.578;0.019999999999999574
2026-09-22T14:28:26.386+02:00;11897.386913;21.598;21.578;0.019999999999999574
2026-09-22T14:28:28.182+02:00;11899.183363;21.598;21.58;0.018000000000000682
2026-09-22T14:28:29.980+02:00;11900.980775;21.598;21.579;0.01899999999999835
2026-09-22T14:28:31.777+02:00;11902.778239;21.598;21.579;0.01899999999999835
2026-09-22T14:28:33.575+02:00;11904.575717;21.598;21.58;0.018000000000000682
2026-09-22T14:28:35.372+02:00;11906.373089;21.598;21.582;0.015999999999998238
2026-09-22T14:28:37.170+02:00;11908.170520;21.598;21.581;0.01699999999999946
2026-09-22T14:28:38.967+02:00;11909.967927;21.598;21.58;0.018000000000000682
2026-09-22T14:28:40.764+02:00;11911.765370;21.598;21.58;0.018000000000000682
2026-09-22T14:28:42.562+02:00;11913.562915;21.598;21.583;0.015000000000000568
2026-09-22T14:28:44.359+02:00;11915.360267;21.598;21.583;0.015000000000000568
2026-09-22T14:28:46.157+02:00;11917.157679;21.598;21.581;0.01699999999999946
2026-09-22T14:28:47.954+02:00;11918.955096;21.598;21.584;0.013999999999999346
2026-09-22T14:28:49.752+02:00;11920.752516;21.598;21.589;0.009000000000000341
2026-09-22T14:28:51.549+02:00;11922.550048;21.598;21.587;0.010999999999999233
2026-09-22T14:28:53.346+02:00;11924.347340;21.598;21.589;0.009000000000000341
2026-09-22T14:28:55.144+02:00;11926.144758;21.598;21.587;0.010999999999999233
2026-09-22T14:28:56.941+02:00;11927.942203;21.599;21.587;0.012000000000000455
2026-09-22T14:28:58.739+02:00;11929.739644;21.598;21.588;0.00999999999999801
2026-09-22T14:29:00.536+02:00;11931.537255;21.598;21.591;0.006999999999997897
2026-09-22T14:29:02.334+02:00;11933.334536;21.599;21.591;0.007999999999999119
2026-09-22T14:29:04.131+02:00;11935.131948;21.598;21.592;0.006000000000000227
2026-09-22T14:29:05.928+02:00;11936.929399;21.599;21.59;0.009000000000000341
2026-09-22T14:29:07.726+02:00;11938.726831;21.599;21.592;0.0070000000000014495
2026-09-22T14:29:09.523+02:00;11940.524225;21.6;21.591;0.009000000000000341
2026-09-22T14:29:11.321+02:00;11942.321663;21.599;21.593;0.006000000000000227
2026-09-22T14:29:13.118+02:00;11944.119078;21.602;21.592;0.010000000000001563
2026-09-22T14:29:14.916+02:00;11945.916557;21.598;21.591;0.006999999999997897
2026-09-22T14:29:16.713+02:00;11947.713948;21.601;21.594;0.006999999999997897
2026-09-22T14:29:18.510+02:00;11949.511375;21.604;21.594;0.00999999999999801
2026-09-22T14:29:20.308+02:00;11951.308759;21.601;21.593;0.007999999999999119
2026-09-22T14:29:22.105+02:00;11953.106226;21.604;21.594;0.00999999999999801
2026-09-22T14:29:23.903+02:00;11954.903775;21.606;21.593;0.013000000000001677
2026-09-22T14:29:25.700+02:00;11956.700999;21.602;21.594;0.007999999999999119
2026-09-22T14:29:27.497+02:00;11958.498467;21.606;21.594;0.012000000000000455
2026-09-22T14:29:29.295+02:00;11960.295852;21.607;21.594;0.012999999999998124
2026-09-22T14:29:31.092+02:00;11962.093346;21.606;21.594;0.012000000000000455
2026-09-22T14:29:32.890+02:00;11963.890937;21.608;21.594;0.013999999999999346
2026-09-22T14:29:34.687+02:00;11965.688187;21.607;21.594;0.012999999999998124
2026-09-22T14:29:36.485+02:00;11967.485579;21.609;21.594;0.015000000000000568
2026-09-22T14:29:38.282+02:00;11969.283117;21.612;21.594;0.01799999999999713
2026-09-22T14:29:40.079+02:00;11971.080405;21.609;21.594;0.015000000000000568
2026-09-22T14:29:41.877+02:00;11972.877836;21.612;21.594;0.01799999999999713
2026-09-22T14:29:43.674+02:00;11974.675245;21.61;21.594;0.015999999999998238
2026-09-22T14:29:45.472+02:00;11976.472703;21.613;21.594;0.01899999999999835
2026-09-22T14:29:47.269+02:00;11978.270235;21.614;21.594;0.019999999999999574
2026-09-22T14:29:49.067+02:00;11980.067574;21.612;21.594;0.01799999999999713
2026-09-22T14:29:50.864+02:00;11981.864986;21.613;21.594;0.01899999999999835
2026-09-22T14:29:52.662+02:00;11983.663430;21.613;21.594;0.01899999999999835
2026-09-22T14:29:54.460+02:00;11985.460822;21.614;21.594;0.019999999999999574
2026-09-22T14:29:56.256+02:00;11987.257434;21.613;21.594;0.01899999999999835
2026-09-22T14:29:58.054+02:00;11989.054687;21.614;21.594;0.019999999999999574
2026-09-22T14:29:59.851+02:00;11990.852231;21.614;21.594;0.019999999999999574
2026-09-22T14:30:01.650+02:00;11992.650594;21.614;21.594;0.019999999999999574
2026-09-22T14:30:03.447+02:00;11994.447994;21.614;21.594;0.019999999999999574
2026-09-22T14:30:05.244+02:00;11996.244601;21.614;21.594;0.019999999999999574
2026-09-22T14:30:07.041+02:00;11998.041822;21.614;21.594;0.019999999999999574
2026-09-22T14:30:08.838+02:00;11999.839238;21.614;21.594;0.019999999999999574
2026-09-22T14:30:10.636+02:00;12001.636770;21.614;21.594;0.019999999999999574
2026-09-22T14:30:12.434+02:00;12003.435143;21.614;21.594;0.019999999999999574
2026-09-22T14:30:14.231+02:00;12005.231804;21.614;21.594;0.019999999999999574
2026-09-22T14:30:16.028+02:00;12007.029084;21.614;21.594;0.019999999999999574
2026-09-22T14:30:17.826+02:00;12008.826507;21.614;21.594;0.019999999999999574
2026-09-22T14:30:19.623+02:00;12010.623953;21.614;21.596;0.018000000000000682
2026-09-22T14:30:21.420+02:00;12012.421331;21.614;21.594;0.019999999999999574
2026-09-22T14:30:23.218+02:00;12014.218785;21.614;21.595;0.019000000000001904
2026-09-22T14:30:25.015+02:00;12016.016201;21.614;21.594;0.019999999999999574
2026-09-22T14:30:26.813+02:00;12017.813586;21.614;21.595;0.019000000000001904
2026-09-22T14:30:28.610+02:00;12019.611104;21.614;21.595;0.019000000000001904
2026-09-22T14:30:30.407+02:00;12021.408425;21.614;21.595;0.019000000000001904
2026-09-22T14:30:32.205+02:00;12023.205884;21.614;21.598;0.01600000000000179
2026-09-22T14:30:34.003+02:00;12025.004271;21.614;21.597;0.01699999999999946
2026-09-22T14:30:35.800+02:00;12026.800692;21.614;21.597;0.01699999999999946
2026-09-22T14:30:37.597+02:00;12028.598294;21.614;21.601;0.013000000000001677
2026-09-22T14:30:39.395+02:00;12030.395516;21.614;21.598;0.01600000000000179
2026-09-22T14:30:41.192+02:00;12032.192954;21.614;21.597;0.01699999999999946
2026-09-22T14:30:42.989+02:00;12033.990388;21.614;21.602;0.012000000000000455
2026-09-22T14:30:44.787+02:00;12035.787810;21.614;21.601;0.013000000000001677
2026-09-22T14:30:46.584+02:00;12037.585210;21.614;21.602;0.012000000000000455
2026-09-22T14:30:48.382+02:00;12039.382681;21.614;21.602;0.012000000000000455
2026-09-22T14:30:50.179+02:00;12041.180084;21.615;21.602;0.012999999999998124
2026-09-22T14:30:51.977+02:00;12042.977580;21.614;21.605;0.009000000000000341
2026-09-22T14:30:53.774+02:00;12044.774915;21.614;21.598;0.01600000000000179
2026-09-22T14:30:55.571+02:00;12046.572376;21.615;21.605;0.00999999999999801
2026-09-22T14:30:57.882+02:00;12048.883006;21.615;21.608;0.006999999999997897
2026-09-22T14:30:59.670+02:00;12050.670534;21.616;21.605;0.010999999999999233
2026-09-22T14:31:01.467+02:00;12052.467972;21.616;21.608;0.007999999999999119
2026-09-22T14:31:03.264+02:00;12054.265414;21.615;21.608;0.006999999999997897
2026-09-22T14:31:05.062+02:00;12056.062858;21.616;21.61;0.006000000000000227
2026-09-22T14:31:06.860+02:00;12057.861238;21.618;21.609;0.008999999999996788
2026-09-22T14:31:08.657+02:00;12059.657691;21.617;21.609;0.007999999999999119
2026-09-22T14:31:10.454+02:00;12061.455072;21.62;21.61;0.010000000000001563
2026-09-22T14:31:12.252+02:00;12063.252495;21.618;21.61;0.007999999999999119
2026-09-22T14:31:14.049+02:00;12065.050051;21.615;21.61;0.004999999999999005
2026-09-22T14:31:15.846+02:00;12066.847369;21.619;21.607;0.012000000000000455
2026-09-22T14:31:17.644+02:00;12068.644777;21.621;21.61;0.010999999999999233
2026-09-22T14:31:19.442+02:00;12070.443370;21.62;21.609;0.010999999999999233
2026-09-22T14:31:21.239+02:00;12072.239631;21.618;21.609;0.008999999999996788
2026-09-22T14:31:23.036+02:00;12074.037249;21.621;21.61;0.010999999999999233
2026-09-22T14:31:24.834+02:00;12075.834488;21.624;21.61;0.013999999999999346
2026-09-22T14:31:27.186+02:00;12078.187368;21.626;21.61;0.01600000000000179
2026-09-22T14:31:28.974+02:00;12079.974894;21.626;21.61;0.01600000000000179
2026-09-22T14:31:30.771+02:00;12081.772215;21.628;21.61;0.018000000000000682
2026-09-22T14:31:32.569+02:00;12083.569664;21.629;21.61;0.019000000000001904
2026-09-22T14:31:34.366+02:00;12085.367223;21.627;21.61;0.01699999999999946
2026-09-22T14:31:36.165+02:00;12087.165536;21.624;21.61;0.013999999999999346
2026-09-22T14:31:37.961+02:00;12088.962067;21.628;21.61;0.018000000000000682
2026-09-22T14:31:39.758+02:00;12090.759454;21.63;21.61;0.019999999999999574
2026-09-22T14:31:41.556+02:00;12092.556866;21.628;21.61;0.018000000000000682
2026-09-22T14:31:43.353+02:00;12094.354294;21.63;21.61;0.019999999999999574
2026-09-22T14:31:45.151+02:00;12096.151733;21.63;21.61;0.019999999999999574
2026-09-22T14:31:46.948+02:00;12097.949122;21.63;21.61;0.019999999999999574
2026-09-22T14:31:48.746+02:00;12099.746565;21.629;21.61;0.019000000000001904
2026-09-22T14:31:50.543+02:00;12101.543853;21.63;21.61;0.019999999999999574
2026-09-22T14:31:52.340+02:00;12103.341453;21.63;21.61;0.019999999999999574
2026-09-22T14:31:54.701+02:00;12105.702086;21.63;21.61;0.019999999999999574
2026-09-22T14:31:56.488+02:00;12107.489445;21.63;21.61;0.019999999999999574
2026-09-22T14:31:58.286+02:00;12109.286996;21.63;21.61;0.019999999999999574
2026-09-22T14:32:00.083+02:00;12111.084440;21.63;21.61;0.019999999999999574
2026-09-22T14:32:01.881+02:00;12112.881747;21.63;21.61;0.019999999999999574
2026-09-22T14:32:03.679+02:00;12114.680105;21.63;21.61;0.019999999999999574
2026-09-22T14:32:05.476+02:00;12116.476618;21.63;21.61;0.019999999999999574
2026-09-22T14:32:07.273+02:00;12118.273941;21.63;21.61;0.019999999999999574
2026-09-22T14:32:09.070+02:00;12120.071462;21.63;21.61;0.019999999999999574
2026-09-22T14:32:10.868+02:00;12121.868789;21.63;21.611;0.01899999999999835
2026-09-22T14:32:12.665+02:00;12123.666273;21.63;21.61;0.019999999999999574
2026-09-22T14:32:14.463+02:00;12125.463629;21.63;21.611;0.01899999999999835
2026-09-22T14:32:16.847+02:00;12127.847779;21.63;21.61;0.019999999999999574
2026-09-22T14:32:18.634+02:00;12129.635436;21.63;21.614;0.015999999999998238
2026-09-22T14:32:20.432+02:00;12131.433018;21.63;21.61;0.019999999999999574
2026-09-22T14:32:22.229+02:00;12133.230098;21.63;21.615;0.015000000000000568
2026-09-22T14:32:24.027+02:00;12135.027571;21.63;21.612;0.018000000000000682
2026-09-22T14:32:25.825+02:00;12136.826003;21.63;21.612;0.018000000000000682
2026-09-22T14:32:27.622+02:00;12138.622620;21.63;21.61;0.019999999999999574
2026-09-22T14:32:29.419+02:00;12140.419842;21.63;21.612;0.018000000000000682
2026-09-22T14:32:31.216+02:00;12142.217285;21.63;21.614;0.015999999999998238
2026-09-22T14:32:33.014+02:00;12144.014946;21.63;21.618;0.012000000000000455
2026-09-22T14:32:34.811+02:00;12145.812109;21.63;21.619;0.010999999999999233
2026-09-22T14:32:36.609+02:00;12147.609506;21.63;21.618;0.012000000000000455
2026-09-22T14:32:38.406+02:00;12149.407018;21.63;21.617;0.012999999999998124
2026-09-22T14:32:40.203+02:00;12151.204414;21.63;21.619;0.010999999999999233
2026-09-22T14:32:42.001+02:00;12153.001946;21.631;21.619;0.012000000000000455
2026-09-22T14:32:43.798+02:00;12154.799231;21.63;21.621;0.009000000000000341
2026-09-22T14:32:45.596+02:00;12156.596613;21.63;21.625;0.004999999999999005
2026-09-22T14:32:47.393+02:00;12158.394055;21.63;21.621;0.009000000000000341
2026-09-22T14:32:49.190+02:00;12160.191468;21.63;21.621;0.009000000000000341
2026-09-22T14:32:50.988+02:00;12161.988855;21.63;21.622;0.007999999999999119
2026-09-22T14:32:52.786+02:00;12163.786523;21.631;21.626;0.004999999999999005
2026-09-22T14:32:54.583+02:00;12165.583878;21.63;21.625;0.004999999999999005
2026-09-22T14:32:56.380+02:00;12167.381236;21.631;21.625;0.006000000000000227
2026-09-22T14:32:58.178+02:00;12169.178580;21.631;21.625;0.006000000000000227
2026-09-22T14:33:00.376+02:00;12171.376666;21.634;21.627;0.0070000000000014495
2026-09-22T14:33:02.173+02:00;12173.173891;21.631;21.627;0.004000000000001336
2026-09-22T14:33:04.402+02:00;12175.403063;21.632;21.626;0.006000000000000227
2026-09-22T14:33:06.199+02:00;12177.200422;21.634;21.627;0.0070000000000014495
2026-09-22T14:33:07.997+02:00;12178.997888;21.634;21.626;0.007999999999999119
2026-09-22T14:33:09.794+02:00;12180.795297;21.636;21.627;0.009000000000000341
2026-09-22T14:33:11.592+02:00;12182.592733;21.637;21.627;0.010000000000001563
2026-09-22T14:33:13.389+02:00;12184.390154;21.634;21.626;0.007999999999999119
2026-09-22T14:33:15.187+02:00;12186.187602;21.636;21.627;0.009000000000000341
2026-09-22T14:33:16.984+02:00;12187.985027;21.638;21.627;0.011000000000002785
2026-09-22T14:33:18.782+02:00;12189.782506;21.637;21.627;0.010000000000001563
2026-09-22T14:33:20.579+02:00;12191.579883;21.639;21.627;0.012000000000000455
2026-09-22T14:33:22.376+02:00;12193.377256;21.637;21.627;0.010000000000001563
2026-09-22T14:33:24.174+02:00;12195.174791;21.64;21.627;0.013000000000001677
2026-09-22T14:33:25.971+02:00;12196.972140;21.641;21.627;0.013999999999999346
2026-09-22T14:33:27.768+02:00;12198.769455;21.641;21.627;0.013999999999999346
2026-09-22T14:33:29.566+02:00;12200.566967;21.641;21.627;0.013999999999999346
2026-09-22T14:33:31.363+02:00;12202.364287;21.646;21.627;0.019000000000001904
2026-09-22T14:33:33.161+02:00;12204.161748;21.643;21.627;0.01600000000000179
2026-09-22T14:33:34.958+02:00;12205.959127;21.645;21.627;0.018000000000000682
2026-09-22T14:33:36.756+02:00;12207.756691;21.646;21.627;0.019000000000001904
2026-09-22T14:33:38.553+02:00;12209.554337;21.647;21.627;0.019999999999999574
2026-09-22T14:33:40.350+02:00;12211.351318;21.645;21.627;0.018000000000000682
2026-09-22T14:33:42.148+02:00;12213.148792;21.646;21.627;0.019000000000001904
2026-09-22T14:33:43.945+02:00;12214.946340;21.646;21.627;0.019000000000001904
2026-09-22T14:33:45.743+02:00;12216.743631;21.645;21.627;0.018000000000000682
2026-09-22T14:33:47.911+02:00;12218.911929;21.647;21.627;0.019999999999999574
2026-09-22T14:33:49.708+02:00;12220.709429;21.647;21.627;0.019999999999999574
2026-09-22T14:33:51.506+02:00;12222.506849;21.647;21.627;0.019999999999999574
2026-09-22T14:33:53.303+02:00;12224.304304;21.647;21.627;0.019999999999999574
2026-09-22T14:33:55.101+02:00;12226.101847;21.647;21.627;0.019999999999999574
2026-09-22T14:33:56.898+02:00;12227.899070;21.646;21.627;0.019000000000001904
2026-09-22T14:33:58.696+02:00;12229.696639;21.647;21.627;0.019999999999999574
2026-09-22T14:34:00.493+02:00;12231.493909;21.647;21.627;0.019999999999999574
2026-09-22T14:34:02.290+02:00;12233.291273;21.647;21.627;0.019999999999999574
2026-09-22T14:34:04.088+02:00;12235.088713;21.647;21.627;0.019999999999999574
2026-09-22T14:34:05.885+02:00;12236.886145;21.647;21.627;0.019999999999999574
2026-09-22T14:34:07.683+02:00;12238.683805;21.647;21.627;0.019999999999999574
2026-09-22T14:34:09.480+02:00;12240.480992;21.647;21.627;0.019999999999999574
2026-09-22T14:34:11.277+02:00;12242.278327;21.646;21.628;0.018000000000000682
2026-09-22T14:34:13.075+02:00;12244.075809;21.647;21.627;0.019999999999999574
2026-09-22T14:34:15.202+02:00;12246.203003;21.647;21.628;0.01899999999999835
2026-09-22T14:34:16.999+02:00;12248.000282;21.647;21.627;0.019999999999999574
2026-09-22T14:34:18.797+02:00;12249.797722;21.647;21.627;0.019999999999999574
2026-09-22T14:34:20.594+02:00;12251.595246;21.647;21.627;0.019999999999999574
2026-09-22T14:34:22.392+02:00;12253.392589;21.647;21.628;0.01899999999999835
2026-09-22T14:34:24.189+02:00;12255.190121;21.647;21.629;0.01799999999999713
2026-09-22T14:34:25.986+02:00;12256.987386;21.647;21.629;0.01799999999999713
2026-09-22T14:34:27.784+02:00;12258.784805;21.647;21.631;0.015999999999998238
2026-09-22T14:34:29.582+02:00;12260.583222;21.647;21.63;0.01699999999999946
2026-09-22T14:34:31.379+02:00;12262.379782;21.647;21.629;0.01799999999999713
2026-09-22T14:34:33.176+02:00;12264.177237;21.647;21.634;0.012999999999998124
2026-09-22T14:34:34.974+02:00;12265.974552;21.647;21.631;0.015999999999998238
2026-09-22T14:34:36.771+02:00;12267.771890;21.647;21.632;0.014999999999997016
2026-09-22T14:34:38.568+02:00;12269.569380;21.647;21.635;0.011999999999996902
2026-09-22T14:34:40.366+02:00;12271.366750;21.647;21.635;0.011999999999996902
2026-09-22T14:34:42.493+02:00;12273.493782;21.647;21.634;0.012999999999998124
2026-09-22T14:34:44.290+02:00;12275.291147;21.647;21.638;0.008999999999996788
2026-09-22T14:34:46.088+02:00;12277.088557;21.647;21.636;0.010999999999999233
2026-09-22T14:34:47.885+02:00;12278.886037;21.648;21.634;0.013999999999999346
2026-09-22T14:34:49.683+02:00;12280.683669;21.647;21.635;0.011999999999996902
2026-09-22T14:34:51.480+02:00;12282.480844;21.647;21.637;0.00999999999999801
2026-09-22T14:34:53.277+02:00;12284.278253;21.648;21.641;0.0070000000000014495
2026-09-22T14:34:55.075+02:00;12286.075698;21.647;21.639;0.007999999999999119
2026-09-22T14:34:56.872+02:00;12287.873134;21.65;21.638;0.011999999999996902
2026-09-22T14:34:58.670+02:00;12289.670487;21.648;21.64;0.007999999999999119
2026-09-22T14:35:00.467+02:00;12291.467929;21.647;21.641;0.006000000000000227
2026-09-22T14:35:02.264+02:00;12293.265323;21.648;21.641;0.0070000000000014495
2026-09-22T14:35:04.062+02:00;12295.062903;21.649;21.642;0.0070000000000014495
2026-09-22T14:35:05.859+02:00;12296.860158;21.648;21.641;0.0070000000000014495
2026-09-22T14:35:07.657+02:00;12298.657598;21.651;21.643;0.007999999999999119
2026-09-22T14:35:09.454+02:00;12300.455026;21.65;21.642;0.007999999999999119
2026-09-22T14:35:11.251+02:00;12302.252461;21.651;21.643;0.007999999999999119
2026-09-22T14:35:13.049+02:00;12304.050055;21.65;21.641;0.009000000000000341
2026-09-22T14:35:14.846+02:00;12305.847257;21.652;21.642;0.010000000000001563
2026-09-22T14:35:16.645+02:00;12307.645755;21.653;21.643;0.00999999999999801
2026-09-22T14:35:18.441+02:00;12309.442223;21.652;21.643;0.009000000000000341
2026-09-22T14:35:20.239+02:00;12311.239838;21.656;21.643;0.012999999999998124
2026-09-22T14:35:22.036+02:00;12313.037143;21.654;21.642;0.012000000000000455
2026-09-22T14:35:23.834+02:00;12314.834627;21.657;21.643;0.013999999999999346
2026-09-22T14:35:26.206+02:00;12317.206871;21.655;21.643;0.012000000000000455
2026-09-22T14:35:27.993+02:00;12318.994435;21.66;21.643;0.01699999999999946
2026-09-22T14:35:29.791+02:00;12320.791833;21.66;21.643;0.01699999999999946
2026-09-22T14:35:31.588+02:00;12322.589023;21.661;21.643;0.018000000000000682
2026-09-22T14:35:33.386+02:00;12324.386514;21.657;21.643;0.013999999999999346
2026-09-22T14:35:35.184+02:00;12326.184775;21.662;21.643;0.01899999999999835
2026-09-22T14:35:36.980+02:00;12327.981235;21.662;21.643;0.01899999999999835
2026-09-22T14:35:38.778+02:00;12329.778708;21.66;21.643;0.01699999999999946
2026-09-22T14:35:40.576+02:00;12331.577156;21.658;21.643;0.015000000000000568
2026-09-22T14:35:42.372+02:00;12333.373392;21.663;21.643;0.019999999999999574
2026-09-22T14:35:44.170+02:00;12335.170844;21.662;21.643;0.01899999999999835
2026-09-22T14:35:45.967+02:00;12336.968218;21.662;21.643;0.01899999999999835
2026-09-22T14:35:47.765+02:00;12338.765813;21.663;21.643;0.019999999999999574
2026-09-22T14:35:49.562+02:00;12340.563066;21.662;21.643;0.01899999999999835
2026-09-22T14:35:51.360+02:00;12342.360482;21.662;21.643;0.01899999999999835
2026-09-22T14:35:53.157+02:00;12344.157939;21.663;21.643;0.019999999999999574
2026-09-22T14:35:54.955+02:00;12345.956337;21.663;21.643;0.019999999999999574
2026-09-22T14:35:56.752+02:00;12347.753066;21.663;21.643;0.019999999999999574
2026-09-22T14:35:58.549+02:00;12349.550228;21.663;21.643;0.019999999999999574
2026-09-22T14:36:00.347+02:00;12351.347623;21.663;21.643;0.019999999999999574
2026-09-22T14:36:02.144+02:00;12353.145122;21.663;21.643;0.019999999999999574
2026-09-22T14:36:03.941+02:00;12354.942402;21.663;21.643;0.019999999999999574
2026-09-22T14:36:05.739+02:00;12356.739851;21.663;21.643;0.019999999999999574
2026-09-22T14:36:07.536+02:00;12358.537237;21.663;21.643;0.019999999999999574
2026-09-22T14:36:09.334+02:00;12360.334928;21.663;21.643;0.019999999999999574
2026-09-22T14:36:11.131+02:00;12362.132369;21.663;21.644;0.019000000000001904
2026-09-22T14:36:12.929+02:00;12363.929673;21.663;21.643;0.019999999999999574
2026-09-22T14:36:14.726+02:00;12365.727087;21.663;21.645;0.018000000000000682
2026-09-22T14:36:16.523+02:00;12367.524420;21.663;21.644;0.019000000000001904
2026-09-22T14:36:18.321+02:00;12369.321881;21.663;21.645;0.018000000000000682
2026-09-22T14:36:20.118+02:00;12371.119260;21.663;21.646;0.01699999999999946
2026-09-22T14:36:21.916+02:00;12372.916711;21.663;21.646;0.01699999999999946
2026-09-22T14:36:23.713+02:00;12374.714055;21.663;21.643;0.019999999999999574
2026-09-22T14:36:25.511+02:00;12376.511588;21.663;21.643;0.019999999999999574
2026-09-22T14:36:27.308+02:00;12378.308891;21.663;21.646;0.01699999999999946
2026-09-22T14:36:29.105+02:00;12380.106293;21.663;21.645;0.018000000000000682
2026-09-22T14:36:30.903+02:00;12381.903702;21.663;21.646;0.01699999999999946
2026-09-22T14:36:32.700+02:00;12383.701070;21.663;21.646;0.01699999999999946
2026-09-22T14:36:34.498+02:00;12385.498665;21.663;21.648;0.015000000000000568
2026-09-22T14:36:36.295+02:00;12387.295955;21.663;21.649;0.013999999999999346
2026-09-22T14:36:38.092+02:00;12389.093339;21.663;21.649;0.013999999999999346
2026-09-22T14:36:39.890+02:00;12390.891024;21.663;21.649;0.013999999999999346
2026-09-22T14:36:41.687+02:00;12392.688210;21.663;21.65;0.013000000000001677
2026-09-22T14:36:43.485+02:00;12394.485730;21.663;21.653;0.010000000000001563
2026-09-22T14:36:45.283+02:00;12396.284023;21.663;21.652;0.010999999999999233
2026-09-22T14:36:47.079+02:00;12398.080421;21.663;21.652;0.010999999999999233
2026-09-22T14:36:48.877+02:00;12399.877926;21.663;21.651;0.012000000000000455
2026-09-22T14:36:50.674+02:00;12401.675378;21.663;21.65;0.013000000000001677
2026-09-22T14:36:52.472+02:00;12403.472766;21.663;21.655;0.007999999999999119
2026-09-22T14:36:54.269+02:00;12405.270222;21.664;21.654;0.010000000000001563
2026-09-22T14:36:56.067+02:00;12407.067539;21.663;21.656;0.0070000000000014495
2026-09-22T14:36:57.864+02:00;12408.864958;21.665;21.655;0.00999999999999801
2026-09-22T14:36:59.661+02:00;12410.662389;21.664;21.654;0.010000000000001563
2026-09-22T14:37:01.459+02:00;12412.459669;21.665;21.655;0.00999999999999801
2026-09-22T14:37:03.257+02:00;12414.258099;21.665;21.657;0.007999999999999119
2026-09-22T14:37:05.054+02:00;12416.054688;21.665;21.657;0.007999999999999119
2026-09-22T14:37:06.851+02:00;12417.852193;21.666;21.656;0.010000000000001563
2026-09-22T14:37:08.649+02:00;12419.649500;21.665;21.656;0.009000000000000341
2026-09-22T14:37:10.446+02:00;12421.446976;21.663;21.659;0.004000000000001336
2026-09-22T14:37:12.243+02:00;12423.244146;21.666;21.658;0.007999999999999119
2026-09-22T14:37:14.041+02:00;12425.041766;21.665;21.659;0.006000000000000227
2026-09-22T14:37:15.838+02:00;12426.839148;21.667;21.659;0.008000000000002672
2026-09-22T14:37:17.635+02:00;12428.636413;21.668;21.659;0.009000000000000341
2026-09-22T14:37:19.433+02:00;12430.433830;21.668;21.659;0.009000000000000341
2026-09-22T14:37:21.230+02:00;12432.231315;21.671;21.659;0.012000000000000455
2026-09-22T14:37:23.028+02:00;12434.028823;21.67;21.659;0.011000000000002785
2026-09-22T14:37:24.825+02:00;12435.826213;21.672;21.659;0.013000000000001677
2026-09-22T14:37:26.622+02:00;12437.623471;21.675;21.659;0.01600000000000179
2026-09-22T14:37:28.420+02:00;12439.420949;21.67;21.659;0.011000000000002785
2026-09-22T14:37:30.217+02:00;12441.218279;21.676;21.659;0.01699999999999946
2026-09-22T14:37:32.015+02:00;12443.015719;21.672;21.658;0.013999999999999346
2026-09-22T14:37:33.812+02:00;12444.813370;21.673;21.658;0.014999999999997016
2026-09-22T14:37:35.610+02:00;12446.610651;21.674;21.659;0.015000000000000568
2026-09-22T14:37:37.407+02:00;12448.408186;21.677;21.659;0.018000000000000682
2026-09-22T14:37:39.204+02:00;12450.205443;21.676;21.659;0.01699999999999946
2026-09-22T14:37:41.002+02:00;12452.002853;21.677;21.659;0.018000000000000682
2026-09-22T14:37:42.799+02:00;12453.800350;21.679;21.659;0.019999999999999574
2026-09-22T14:37:44.597+02:00;12455.597656;21.679;21.659;0.019999999999999574
2026-09-22T14:37:46.819+02:00;12457.819495;21.677;21.659;0.018000000000000682
2026-09-22T14:37:48.616+02:00;12459.616897;21.679;21.659;0.019999999999999574
2026-09-22T14:37:50.413+02:00;12461.414344;21.678;21.659;0.019000000000001904
2026-09-22T14:37:52.211+02:00;12463.211807;21.679;21.659;0.019999999999999574
2026-09-22T14:37:54.008+02:00;12465.009301;21.679;21.659;0.019999999999999574
2026-09-22T14:37:55.806+02:00;12466.806565;21.679;21.659;0.019999999999999574
2026-09-22T14:37:58.003+02:00;12469.004400;21.679;21.659;0.019999999999999574
2026-09-22T14:37:59.801+02:00;12470.801662;21.679;21.659;0.019999999999999574
2026-09-22T14:38:01.598+02:00;12472.599060;21.679;21.659;0.019999999999999574
2026-09-22T14:38:03.396+02:00;12474.396634;21.678;21.659;0.019000000000001904
2026-09-22T14:38:05.193+02:00;12476.194178;21.678;21.659;0.019000000000001904
2026-09-22T14:38:06.990+02:00;12477.991280;21.679;21.659;0.019999999999999574
2026-09-22T14:38:08.788+02:00;12479.789035;21.679;21.659;0.019999999999999574
2026-09-22T14:38:10.585+02:00;12481.586149;21.679;21.659;0.019999999999999574
2026-09-22T14:38:12.767+02:00;12483.768223;21.679;21.659;0.019999999999999574
2026-09-22T14:38:14.565+02:00;12485.565648;21.679;21.659;0.019999999999999574
2026-09-22T14:38:17.294+02:00;12488.295076;21.679;21.659;0.019999999999999574
2026-09-22T14:38:18.160+02:00;12489.160487;21.679;21.661;0.01799999999999713
2026-09-22T14:38:19.957+02:00;12490.958102;21.679;21.659;0.019999999999999574
2026-09-22T14:38:21.755+02:00;12492.755565;21.679;21.66;0.01899999999999835
2026-09-22T14:38:23.552+02:00;12494.552787;21.679;21.66;0.01899999999999835
2026-09-22T14:38:25.350+02:00;12496.351237;21.679;21.659;0.019999999999999574
2026-09-22T14:38:27.147+02:00;12498.147647;21.679;21.662;0.01699999999999946
2026-09-22T14:38:28.945+02:00;12499.945960;21.679;21.659;0.019999999999999574
2026-09-22T14:38:30.741+02:00;12501.742339;21.679;21.66;0.01899999999999835
2026-09-22T14:38:32.539+02:00;12503.540088;21.68;21.661;0.01899999999999835
2026-09-22T14:38:34.336+02:00;12505.337393;21.679;21.661;0.01799999999999713
2026-09-22T14:38:36.134+02:00;12507.134610;21.679;21.664;0.014999999999997016
2026-09-22T14:38:37.931+02:00;12508.932053;21.679;21.664;0.014999999999997016
2026-09-22T14:38:39.730+02:00;12510.730476;21.679;21.665;0.013999999999999346
2026-09-22T14:38:41.526+02:00;12512.527102;21.679;21.666;0.012999999999998124
2026-09-22T14:38:43.325+02:00;12514.325509;21.679;21.664;0.014999999999997016
2026-09-22T14:38:45.121+02:00;12516.121701;21.679;21.666;0.012999999999998124
2026-09-22T14:38:46.918+02:00;12517.919084;21.679;21.667;0.011999999999996902
2026-09-22T14:38:48.716+02:00;12519.716624;21.679;21.666;0.012999999999998124
2026-09-22T14:38:50.513+02:00;12521.513928;21.679;21.668;0.010999999999999233
2026-09-22T14:38:52.310+02:00;12523.311468;21.679;21.67;0.008999999999996788
2026-09-22T14:38:54.109+02:00;12525.109791;21.679;21.67;0.008999999999996788
2026-09-22T14:38:55.905+02:00;12526.906241;21.679;21.669;0.00999999999999801
2026-09-22T14:38:57.703+02:00;12528.703799;21.679;21.672;0.006999999999997897
2026-09-22T14:38:59.500+02:00;12530.501115;21.681;21.672;0.009000000000000341
2026-09-22T14:39:01.297+02:00;12532.298416;21.68;21.672;0.007999999999999119
2026-09-22T14:39:03.095+02:00;12534.096104;21.68;21.673;0.0070000000000014495
2026-09-22T14:39:04.892+02:00;12535.893412;21.68;21.673;0.0070000000000014495
2026-09-22T14:39:06.690+02:00;12537.690838;21.681;21.674;0.0070000000000014495
2026-09-22T14:39:08.488+02:00;12539.489091;21.679;21.674;0.004999999999999005
2026-09-22T14:39:10.285+02:00;12541.285624;21.683;21.674;0.009000000000000341
2026-09-22T14:39:12.082+02:00;12543.083145;21.686;21.675;0.010999999999999233
2026-09-22T14:39:13.879+02:00;12544.880315;21.683;21.675;0.007999999999999119
2026-09-22T14:39:15.677+02:00;12546.677815;21.683;21.675;0.007999999999999119
2026-09-22T14:39:17.474+02:00;12548.475199;21.683;21.675;0.007999999999999119
2026-09-22T14:39:19.272+02:00;12550.272605;21.683;21.674;0.009000000000000341
2026-09-22T14:39:21.069+02:00;12552.070047;21.686;21.675;0.010999999999999233
2026-09-22T14:39:22.866+02:00;12553.867379;21.684;21.675;0.009000000000000341
2026-09-22T14:39:24.664+02:00;12555.664916;21.681;21.675;0.006000000000000227
2026-09-22T14:39:26.462+02:00;12557.462568;21.687;21.675;0.012000000000000455
2026-09-22T14:39:28.259+02:00;12559.259659;21.688;21.675;0.012999999999998124
2026-09-22T14:39:30.056+02:00;12561.057070;21.686;21.675;0.010999999999999233
2026-09-22T14:39:31.854+02:00;12562.854540;21.691;21.675;0.015999999999998238
2026-09-22T14:39:33.651+02:00;12564.652088;21.691;21.675;0.015999999999998238
2026-09-22T14:39:35.449+02:00;12566.449585;21.688;21.675;0.012999999999998124
2026-09-22T14:39:37.247+02:00;12568.247754;21.693;21.675;0.018000000000000682
2026-09-22T14:39:39.043+02:00;12570.044144;21.69;21.675;0.015000000000000568
2026-09-22T14:39:40.841+02:00;12571.841850;21.69;21.675;0.015000000000000568
2026-09-22T14:39:42.638+02:00;12573.638945;21.692;21.675;0.01699999999999946
2026-09-22T14:39:44.435+02:00;12575.436373;21.694;21.675;0.01899999999999835
2026-09-22T14:39:46.233+02:00;12577.233840;21.693;21.675;0.018000000000000682
2026-09-22T14:39:48.030+02:00;12579.031135;21.694;21.675;0.01899999999999835
2026-09-22T14:39:49.828+02:00;12580.828626;21.695;21.675;0.019999999999999574
2026-09-22T14:39:51.625+02:00;12582.626222;21.694;21.675;0.01899999999999835
2026-09-22T14:39:53.423+02:00;12584.424432;21.694;21.675;0.01899999999999835
2026-09-22T14:39:55.220+02:00;12586.220873;21.695;21.675;0.019999999999999574
2026-09-22T14:39:57.017+02:00;12588.018181;21.695;21.675;0.019999999999999574
2026-09-22T14:39:58.815+02:00;12589.815637;21.694;21.675;0.01899999999999835
2026-09-22T14:40:00.612+02:00;12591.613111;21.695;21.675;0.019999999999999574
2026-09-22T14:40:02.410+02:00;12593.411373;21.695;21.675;0.019999999999999574
2026-09-22T14:40:04.207+02:00;12595.207792;21.695;21.675;0.019999999999999574
2026-09-22T14:40:06.004+02:00;12597.005255;21.695;21.675;0.019999999999999574
2026-09-22T14:40:07.802+02:00;12598.802659;21.695;21.675;0.019999999999999574
2026-09-22T14:40:09.599+02:00;12600.600015;21.695;21.675;0.019999999999999574
2026-09-22T14:40:11.398+02:00;12602.398515;21.695;21.675;0.019999999999999574
2026-09-22T14:40:13.194+02:00;12604.194914;21.695;21.675;0.019999999999999574
2026-09-22T14:40:14.991+02:00;12605.992412;21.695;21.675;0.019999999999999574
2026-09-22T14:40:16.789+02:00;12607.789775;21.695;21.675;0.019999999999999574
2026-09-22T14:40:18.932+02:00;12609.932905;21.695;21.675;0.019999999999999574
2026-09-22T14:40:20.729+02:00;12611.730396;21.695;21.675;0.019999999999999574
2026-09-22T14:40:22.527+02:00;12613.527707;21.695;21.676;0.019000000000001904
2026-09-22T14:40:24.324+02:00;12615.325108;21.695;21.675;0.019999999999999574
2026-09-22T14:40:26.122+02:00;12617.122659;21.695;21.676;0.019000000000001904
2026-09-22T14:40:27.919+02:00;12618.919892;21.695;21.676;0.019000000000001904
2026-09-22T14:40:29.716+02:00;12620.717298;21.695;21.676;0.019000000000001904
2026-09-22T14:40:31.514+02:00;12622.514784;21.695;21.676;0.019000000000001904
2026-09-22T14:40:33.311+02:00;12624.312115;21.695;21.677;0.018000000000000682
2026-09-22T14:40:35.109+02:00;12626.109496;21.695;21.675;0.019999999999999574
2026-09-22T14:40:36.906+02:00;12627.907058;21.695;21.68;0.015000000000000568
2026-09-22T14:40:38.703+02:00;12629.704353;21.695;21.678;0.01699999999999946
2026-09-22T14:40:40.501+02:00;12631.501963;21.695;21.678;0.01699999999999946
2026-09-22T14:40:42.298+02:00;12633.299281;21.695;21.679;0.01600000000000179
2026-09-22T14:40:44.097+02:00;12635.097706;21.695;21.679;0.01600000000000179
2026-09-22T14:40:45.893+02:00;12636.894163;21.695;21.679;0.01600000000000179
2026-09-22T14:40:47.691+02:00;12638.691506;21.696;21.681;0.015000000000000568
2026-09-22T14:40:49.489+02:00;12640.489829;21.695;21.683;0.012000000000000455
2026-09-22T14:40:51.285+02:00;12642.286252;21.695;21.682;0.013000000000001677
2026-09-22T14:40:53.083+02:00;12644.083786;21.695;21.681;0.013999999999999346
2026-09-22T14:40:54.880+02:00;12645.881254;21.696;21.683;0.013000000000001677
2026-09-22T14:40:56.678+02:00;12647.678647;21.695;21.685;0.010000000000001563
2026-09-22T14:40:58.476+02:00;12649.476932;21.695;21.69;0.004999999999999005
2026-09-22T14:41:00.273+02:00;12651.273494;21.695;21.684;0.010999999999999233
2026-09-22T14:41:02.070+02:00;12653.070688;21.696;21.685;0.011000000000002785
2026-09-22T14:41:03.867+02:00;12654.868113;21.695;21.69;0.004999999999999005
2026-09-22T14:41:05.665+02:00;12656.665550;21.697;21.688;0.009000000000000341
2026-09-22T14:41:07.463+02:00;12658.463996;21.696;21.691;0.005000000000002558
2026-09-22T14:41:09.260+02:00;12660.260536;21.695;21.69;0.004999999999999005
2026-09-22T14:41:11.057+02:00;12662.057832;21.696;21.688;0.008000000000002672
2026-09-22T14:41:12.854+02:00;12663.855220;21.697;21.69;0.006999999999997897
2026-09-22T14:41:14.652+02:00;12665.652669;21.698;21.691;0.0070000000000014495
2026-09-22T14:41:16.449+02:00;12667.450050;21.697;21.69;0.006999999999997897
2026-09-22T14:41:18.247+02:00;12669.247549;21.697;21.69;0.006999999999997897
2026-09-22T14:41:20.044+02:00;12671.044936;21.696;21.692;0.004000000000001336
2026-09-22T14:41:21.841+02:00;12672.842234;21.701;21.692;0.009000000000000341
2026-09-22T14:41:23.639+02:00;12674.639972;21.697;21.692;0.004999999999999005
2026-09-22T14:41:25.436+02:00;12676.437184;21.7;21.692;0.007999999999999119
2026-09-22T14:41:27.234+02:00;12678.234520;21.702;21.692;0.010000000000001563
2026-09-22T14:41:29.031+02:00;12680.032014;21.702;21.692;0.010000000000001563
2026-09-22T14:41:30.828+02:00;12681.829436;21.702;21.692;0.010000000000001563
2026-09-22T14:41:32.626+02:00;12683.626680;21.706;21.692;0.013999999999999346
2026-09-22T14:41:34.423+02:00;12685.424121;21.704;21.691;0.013000000000001677
2026-09-22T14:41:36.221+02:00;12687.221639;21.704;21.692;0.012000000000000455
2026-09-22T14:41:38.018+02:00;12689.019146;21.703;21.692;0.010999999999999233
2026-09-22T14:41:39.816+02:00;12690.816683;21.703;21.692;0.010999999999999233
2026-09-22T14:41:41.613+02:00;12692.613854;21.71;21.692;0.018000000000000682
2026-09-22T14:41:43.410+02:00;12694.411416;21.704;21.692;0.012000000000000455
2026-09-22T14:41:45.208+02:00;12696.208752;21.708;21.692;0.015999999999998238
2026-09-22T14:41:47.005+02:00;12698.006161;21.707;21.692;0.015000000000000568
2026-09-22T14:41:48.803+02:00;12699.803512;21.706;21.692;0.013999999999999346
2026-09-22T14:41:50.600+02:00;12701.600935;21.708;21.692;0.015999999999998238
2026-09-22T14:41:52.398+02:00;12703.398562;21.707;21.691;0.01600000000000179
2026-09-22T14:41:54.195+02:00;12705.195806;21.711;21.692;0.01899999999999835
2026-09-22T14:41:55.992+02:00;12706.993190;21.712;21.692;0.019999999999999574
2026-09-22T14:41:57.791+02:00;12708.791586;21.711;21.692;0.01899999999999835
2026-09-22T14:41:59.587+02:00;12710.588012;21.711;21.692;0.01899999999999835
2026-09-22T14:42:01.384+02:00;12712.385420;21.711;21.692;0.01899999999999835
2026-09-22T14:42:03.182+02:00;12714.182923;21.712;21.692;0.019999999999999574
2026-09-22T14:42:04.979+02:00;12715.980214;21.712;21.692;0.019999999999999574
2026-09-22T14:42:06.777+02:00;12717.777763;21.71;21.692;0.018000000000000682
2026-09-22T14:42:08.574+02:00;12719.575058;21.711;21.692;0.01899999999999835
2026-09-22T14:42:10.372+02:00;12721.372560;21.712;21.692;0.019999999999999574
2026-09-22T14:42:12.169+02:00;12723.169973;21.712;21.692;0.019999999999999574
2026-09-22T14:42:13.966+02:00;12724.967306;21.712;21.692;0.019999999999999574
2026-09-22T14:42:15.764+02:00;12726.764679;21.711;21.692;0.01899999999999835
2026-09-22T14:42:17.562+02:00;12728.563138;21.712;21.692;0.019999999999999574
2026-09-22T14:42:19.359+02:00;12730.359559;21.712;21.692;0.019999999999999574
2026-09-22T14:42:21.156+02:00;12732.157027;21.712;21.692;0.019999999999999574
2026-09-22T14:42:22.953+02:00;12733.954361;21.712;21.692;0.019999999999999574
2026-09-22T14:42:24.751+02:00;12735.751821;21.712;21.692;0.019999999999999574
2026-09-22T14:42:26.549+02:00;12737.550220;21.712;21.692;0.019999999999999574
2026-09-22T14:42:28.346+02:00;12739.346574;21.712;21.692;0.019999999999999574
2026-09-22T14:42:30.143+02:00;12741.144003;21.712;21.693;0.01899999999999835
2026-09-22T14:42:31.940+02:00;12742.941454;21.712;21.692;0.019999999999999574
2026-09-22T14:42:33.738+02:00;12744.738877;21.712;21.694;0.018000000000000682
2026-09-22T14:42:35.536+02:00;12746.537371;21.712;21.692;0.019999999999999574
2026-09-22T14:42:37.333+02:00;12748.333742;21.712;21.693;0.01899999999999835
2026-09-22T14:42:39.130+02:00;12750.131087;21.712;21.693;0.01899999999999835
2026-09-22T14:42:40.929+02:00;12751.929527;21.712;21.693;0.01899999999999835
2026-09-22T14:42:42.725+02:00;12753.725944;21.712;21.693;0.01899999999999835
2026-09-22T14:42:44.523+02:00;12755.523562;21.712;21.694;0.018000000000000682
2026-09-22T14:42:46.320+02:00;12757.320723;21.712;21.694;0.018000000000000682
2026-09-22T14:42:48.117+02:00;12759.118195;21.712;21.696;0.015999999999998238
2026-09-22T14:42:49.915+02:00;12760.915705;21.712;21.694;0.018000000000000682
2026-09-22T14:42:51.712+02:00;12762.713009;21.712;21.695;0.01699999999999946
2026-09-22T14:42:53.509+02:00;12764.510454;21.712;21.696;0.015999999999998238
2026-09-22T14:42:55.308+02:00;12766.308940;21.712;21.7;0.012000000000000455
2026-09-22T14:42:57.104+02:00;12768.105251;21.712;21.696;0.015999999999998238
2026-09-22T14:42:58.902+02:00;12769.902847;21.712;21.7;0.012000000000000455
2026-09-22T14:43:00.699+02:00;12771.700118;21.712;21.7;0.012000000000000455
2026-09-22T14:43:02.497+02:00;12773.497532;21.712;21.698;0.013999999999999346
2026-09-22T14:43:04.294+02:00;12775.294962;21.712;21.699;0.012999999999998124
2026-09-22T14:43:06.091+02:00;12777.092448;21.712;21.7;0.012000000000000455
2026-09-22T14:43:07.889+02:00;12778.889813;21.713;21.7;0.013000000000001677
2026-09-22T14:43:09.686+02:00;12780.687260;21.713;21.705;0.008000000000002672
2026-09-22T14:43:11.484+02:00;12782.484708;21.712;21.706;0.006000000000000227
2026-09-22T14:43:13.281+02:00;12784.282125;21.712;21.705;0.0070000000000014495
2026-09-22T14:43:15.079+02:00;12786.079616;21.712;21.704;0.007999999999999119
2026-09-22T14:43:16.876+02:00;12787.876947;21.714;21.707;0.006999999999997897
2026-09-22T14:43:18.673+02:00;12789.674389;21.712;21.707;0.004999999999999005
2026-09-22T14:43:20.471+02:00;12791.471843;21.713;21.706;0.0070000000000014495
2026-09-22T14:43:22.269+02:00;12793.269514;21.712;21.705;0.0070000000000014495
2026-09-22T14:43:24.066+02:00;12795.066777;21.715;21.705;0.010000000000001563
2026-09-22T14:43:25.863+02:00;12796.864126;21.716;21.707;0.009000000000000341
2026-09-22T14:43:27.662+02:00;12798.662658;21.716;21.707;0.009000000000000341
2026-09-22T14:43:29.458+02:00;12800.458972;21.716;21.706;0.010000000000001563
2026-09-22T14:43:31.256+02:00;12802.256660;21.717;21.708;0.009000000000000341
2026-09-22T14:43:33.053+02:00;12804.053952;21.716;21.708;0.008000000000002672
2026-09-22T14:43:34.850+02:00;12805.851445;21.719;21.707;0.012000000000000455
2026-09-22T14:43:36.648+02:00;12807.648928;21.718;21.708;0.010000000000001563
2026-09-22T14:43:38.445+02:00;12809.446112;21.718;21.707;0.010999999999999233
2026-09-22T14:43:40.243+02:00;12811.243706;21.72;21.708;0.012000000000000455
2026-09-22T14:43:42.040+02:00;12813.040992;21.72;21.708;0.012000000000000455
2026-09-22T14:43:43.837+02:00;12814.838434;21.719;21.708;0.011000000000002785
2026-09-22T14:43:45.636+02:00;12816.636799;21.725;21.708;0.017000000000003013
2026-09-22T14:43:47.432+02:00;12818.433245;21.723;21.708;0.015000000000000568
2026-09-22T14:43:49.230+02:00;12820.230653;21.723;21.708;0.015000000000000568
2026-09-22T14:43:51.027+02:00;12822.028104;21.725;21.708;0.017000000000003013
2026-09-22T14:43:52.825+02:00;12823.825492;21.725;21.708;0.017000000000003013
2026-09-22T14:43:54.623+02:00;12825.624021;21.726;21.708;0.018000000000000682
2026-09-22T14:43:56.419+02:00;12827.420297;21.726;21.708;0.018000000000000682
2026-09-22T14:43:58.217+02:00;12829.217685;21.722;21.708;0.014000000000002899
2026-09-22T14:44:00.014+02:00;12831.015202;21.728;21.708;0.020000000000003126
2026-09-22T14:44:01.812+02:00;12832.812545;21.726;21.708;0.018000000000000682
2026-09-22T14:44:03.610+02:00;12834.610963;21.725;21.708;0.017000000000003013
2026-09-22T14:44:05.406+02:00;12836.407330;21.727;21.708;0.019000000000001904
2026-09-22T14:44:07.204+02:00;12838.204833;21.728;21.708;0.020000000000003126
2026-09-22T14:44:09.001+02:00;12840.002283;21.727;21.708;0.019000000000001904
2026-09-22T14:44:11.332+02:00;12842.332583;21.728;21.708;0.020000000000003126
2026-09-22T14:44:13.120+02:00;12844.121083;21.728;21.708;0.020000000000003126
2026-09-22T14:44:14.918+02:00;12845.918476;21.727;21.708;0.019000000000001904
2026-09-22T14:44:16.715+02:00;12847.715891;21.728;21.708;0.020000000000003126
2026-09-22T14:44:18.512+02:00;12849.513469;21.728;21.708;0.020000000000003126
2026-09-22T14:44:20.310+02:00;12851.310781;21.728;21.708;0.020000000000003126
2026-09-22T14:44:22.107+02:00;12853.108183;21.728;21.708;0.020000000000003126
2026-09-22T14:44:23.905+02:00;12854.905606;21.728;21.708;0.020000000000003126
2026-09-22T14:44:25.703+02:00;12856.704053;21.728;21.708;0.020000000000003126
2026-09-22T14:44:27.499+02:00;12858.500465;21.727;21.708;0.019000000000001904
2026-09-22T14:44:29.297+02:00;12860.297918;21.728;21.708;0.020000000000003126
2026-09-22T14:44:31.094+02:00;12862.095332;21.728;21.708;0.020000000000003126
2026-09-22T14:44:32.892+02:00;12863.892784;21.728;21.709;0.019000000000001904
2026-09-22T14:44:34.689+02:00;12865.690238;21.728;21.709;0.019000000000001904
2026-09-22T14:44:37.057+02:00;12868.057629;21.728;21.708;0.020000000000003126
2026-09-22T14:44:38.845+02:00;12869.846130;21.728;21.708;0.020000000000003126
2026-09-22T14:44:40.643+02:00;12871.643589;21.728;21.71;0.018000000000000682
2026-09-22T14:44:42.440+02:00;12873.441008;21.728;21.709;0.019000000000001904
2026-09-22T14:44:44.237+02:00;12875.238456;21.728;21.708;0.020000000000003126
2026-09-22T14:44:46.036+02:00;12877.037086;21.728;21.709;0.019000000000001904
2026-09-22T14:44:47.832+02:00;12878.833301;21.728;21.709;0.019000000000001904
2026-09-22T14:44:49.630+02:00;12880.630775;21.728;21.709;0.019000000000001904
2026-09-22T14:44:51.427+02:00;12882.428299;21.728;21.709;0.019000000000001904
2026-09-22T14:44:53.225+02:00;12884.225524;21.728;21.713;0.015000000000000568
2026-09-22T14:44:55.022+02:00;12886.022974;21.728;21.709;0.019000000000001904
2026-09-22T14:44:56.819+02:00;12887.820350;21.728;21.71;0.018000000000000682
2026-09-22T14:44:58.617+02:00;12889.617890;21.728;21.713;0.015000000000000568
2026-09-22T14:45:00.414+02:00;12891.415394;21.728;21.712;0.01600000000000179
2026-09-22T14:45:02.212+02:00;12893.212684;21.728;21.714;0.014000000000002899
2026-09-22T14:45:04.009+02:00;12895.010090;21.728;21.712;0.01600000000000179
2026-09-22T14:45:05.807+02:00;12896.807591;21.728;21.713;0.015000000000000568
2026-09-22T14:45:07.604+02:00;12898.604965;21.728;21.711;0.017000000000003013
2026-09-22T14:45:09.401+02:00;12900.402268;21.728;21.716;0.012000000000000455
2026-09-22T14:45:11.199+02:00;12902.199714;21.728;21.719;0.009000000000000341
2026-09-22T14:45:12.996+02:00;12903.997179;21.728;21.714;0.014000000000002899
2026-09-22T14:45:14.794+02:00;12905.794750;21.728;21.719;0.009000000000000341
2026-09-22T14:45:16.591+02:00;12907.591982;21.728;21.718;0.010000000000001563
2026-09-22T14:45:18.389+02:00;12909.389481;21.728;21.721;0.0070000000000014495
2026-09-22T14:45:20.186+02:00;12911.186833;21.728;21.719;0.009000000000000341
2026-09-22T14:45:21.983+02:00;12912.984192;21.73;21.719;0.010999999999999233
2026-09-22T14:45:24.166+02:00;12915.166479;21.729;21.724;0.004999999999999005
2026-09-22T14:45:25.963+02:00;12916.963928;21.729;21.724;0.004999999999999005
2026-09-22T14:45:27.760+02:00;12918.761388;21.729;21.723;0.006000000000000227
2026-09-22T14:45:29.558+02:00;12920.558687;21.731;21.723;0.008000000000002672
2026-09-22T14:45:31.355+02:00;12922.356066;21.73;21.723;0.0070000000000014495
2026-09-22T14:45:33.153+02:00;12924.153493;21.731;21.723;0.008000000000002672
2026-09-22T14:45:34.950+02:00;12925.951110;21.731;21.723;0.008000000000002672
2026-09-22T14:45:36.747+02:00;12927.748336;21.73;21.724;0.006000000000000227
2026-09-22T14:45:38.545+02:00;12929.545816;21.732;21.724;0.007999999999999119
2026-09-22T14:45:40.342+02:00;12931.343248;21.734;21.724;0.010000000000001563
2026-09-22T14:45:42.140+02:00;12933.140606;21.733;21.723;0.010000000000001563
2026-09-22T14:45:43.937+02:00;12934.938038;21.734;21.724;0.010000000000001563
2026-09-22T14:45:45.735+02:00;12936.735559;21.736;21.723;0.013000000000001677
2026-09-22T14:45:47.532+02:00;12938.532965;21.733;21.723;0.010000000000001563
2026-09-22T14:45:49.330+02:00;12940.330528;21.737;21.724;0.012999999999998124
2026-09-22T14:45:51.127+02:00;12942.127642;21.741;21.723;0.018000000000000682
2026-09-22T14:45:52.924+02:00;12943.925068;21.735;21.724;0.010999999999999233
2026-09-22T14:45:54.722+02:00;12945.722615;21.736;21.724;0.012000000000000455
2026-09-22T14:45:56.519+02:00;12947.519999;21.735;21.723;0.012000000000000455
2026-09-22T14:45:58.318+02:00;12949.318579;21.739;21.724;0.015000000000000568
2026-09-22T14:46:00.114+02:00;12951.114841;21.74;21.724;0.015999999999998238
2026-09-22T14:46:01.911+02:00;12952.912294;21.742;21.724;0.018000000000000682
2026-09-22T14:46:03.709+02:00;12954.709713;21.739;21.724;0.015000000000000568
2026-09-22T14:46:05.506+02:00;12956.507165;21.744;21.724;0.019999999999999574
2026-09-22T14:46:07.304+02:00;12958.304596;21.742;21.724;0.018000000000000682
2026-09-22T14:46:09.101+02:00;12960.102191;21.743;21.724;0.01899999999999835
2026-09-22T14:46:10.898+02:00;12961.899407;21.742;21.724;0.018000000000000682
2026-09-22T14:46:12.696+02:00;12963.696895;21.741;21.724;0.01699999999999946
2026-09-22T14:46:14.493+02:00;12965.494205;21.744;21.724;0.019999999999999574
2026-09-22T14:46:16.292+02:00;12967.292630;21.744;21.724;0.019999999999999574
2026-09-22T14:46:18.088+02:00;12969.089015;21.744;21.724;0.019999999999999574
2026-09-22T14:46:19.886+02:00;12970.886520;21.743;21.724;0.01899999999999835
2026-09-22T14:46:21.683+02:00;12972.684083;21.744;21.724;0.019999999999999574
2026-09-22T14:46:23.480+02:00;12974.481309;21.744;21.724;0.019999999999999574
2026-09-22T14:46:25.278+02:00;12976.278718;21.744;21.724;0.019999999999999574
2026-09-22T14:46:27.075+02:00;12978.076190;21.743;21.724;0.01899999999999835
2026-09-22T14:46:28.874+02:00;12979.874537;21.744;21.724;0.019999999999999574
2026-09-22T14:46:30.670+02:00;12981.670941;21.744;21.724;0.019999999999999574
2026-09-22T14:46:32.468+02:00;12983.469359;21.744;21.724;0.019999999999999574
2026-09-22T14:46:34.265+02:00;12985.265872;21.743;21.724;0.01899999999999835
2026-09-22T14:46:36.063+02:00;12987.063525;21.744;21.724;0.019999999999999574
2026-09-22T14:46:37.860+02:00;12988.860690;21.744;21.724;0.019999999999999574
2026-09-22T14:46:39.657+02:00;12990.658025;21.744;21.724;0.019999999999999574
2026-09-22T14:46:41.455+02:00;12992.455648;21.744;21.724;0.019999999999999574
2026-09-22T14:46:43.252+02:00;12994.253032;21.744;21.724;0.019999999999999574
2026-09-22T14:46:45.049+02:00;12996.050261;21.744;21.724;0.019999999999999574
2026-09-22T14:46:46.847+02:00;12997.847842;21.744;21.724;0.019999999999999574
2026-09-22T14:46:48.644+02:00;12999.645110;21.744;21.726;0.018000000000000682
2026-09-22T14:46:50.442+02:00;13001.442512;21.744;21.725;0.01899999999999835
2026-09-22T14:46:52.239+02:00;13003.240065;21.744;21.725;0.01899999999999835
2026-09-22T14:46:54.036+02:00;13005.037346;21.744;21.725;0.01899999999999835
2026-09-22T14:46:55.834+02:00;13006.834851;21.744;21.726;0.018000000000000682
2026-09-22T14:46:57.631+02:00;13008.632158;21.744;21.724;0.019999999999999574
2026-09-22T14:46:59.429+02:00;13010.429633;21.744;21.725;0.01899999999999835
2026-09-22T14:47:01.226+02:00;13012.226955;21.744;21.725;0.01899999999999835
2026-09-22T14:47:03.375+02:00;13014.375674;21.744;21.728;0.015999999999998238
2026-09-22T14:47:05.704+02:00;13016.704764;21.744;21.724;0.019999999999999574
2026-09-22T14:47:07.491+02:00;13018.492308;21.744;21.725;0.01899999999999835
2026-09-22T14:47:09.289+02:00;13020.289841;21.744;21.726;0.018000000000000682
2026-09-22T14:47:11.086+02:00;13022.087171;21.744;21.73;0.013999999999999346
2026-09-22T14:47:12.884+02:00;13023.884637;21.744;21.726;0.018000000000000682
2026-09-22T14:47:14.681+02:00;13025.682095;21.744;21.726;0.018000000000000682
2026-09-22T14:47:16.478+02:00;13027.479326;21.744;21.729;0.015000000000000568
2026-09-22T14:47:18.276+02:00;13029.276761;21.744;21.732;0.012000000000000455
2026-09-22T14:47:20.074+02:00;13031.075291;21.744;21.73;0.013999999999999346
2026-09-22T14:47:21.871+02:00;13032.871794;21.744;21.732;0.012000000000000455
2026-09-22T14:47:23.668+02:00;13034.669060;21.744;21.732;0.012000000000000455
2026-09-22T14:47:25.466+02:00;13036.467461;21.744;21.731;0.012999999999998124
2026-09-22T14:47:27.263+02:00;13038.263877;21.745;21.733;0.012000000000000455
2026-09-22T14:47:29.436+02:00;13040.436512;21.744;21.733;0.010999999999999233
2026-09-22T14:47:31.233+02:00;13042.233740;21.744;21.733;0.010999999999999233
2026-09-22T14:47:33.030+02:00;13044.031308;21.746;21.736;0.00999999999999801
2026-09-22T14:47:34.828+02:00;13045.828707;21.746;21.732;0.013999999999999346
2026-09-22T14:47:36.625+02:00;13047.626060;21.744;21.732;0.012000000000000455
2026-09-22T14:47:38.422+02:00;13049.423395;21.744;21.733;0.010999999999999233
2026-09-22T14:47:40.220+02:00;13051.220817;21.746;21.737;0.009000000000000341
2026-09-22T14:47:42.017+02:00;13053.018243;21.744;21.737;0.0070000000000014495
2026-09-22T14:47:43.815+02:00;13054.815837;21.746;21.735;0.010999999999999233
2026-09-22T14:47:45.612+02:00;13056.613077;21.747;21.74;0.0070000000000014495
2026-09-22T14:47:47.410+02:00;13058.410496;21.744;21.738;0.006000000000000227
2026-09-22T14:47:49.207+02:00;13060.207886;21.748;21.739;0.009000000000000341
2026-09-22T14:47:51.004+02:00;13062.005329;21.745;21.74;0.005000000000002558
2026-09-22T14:47:52.802+02:00;13063.802699;21.749;21.738;0.010999999999999233
2026-09-22T14:47:54.599+02:00;13065.600146;21.747;21.74;0.0070000000000014495
2026-09-22T14:47:56.397+02:00;13067.397563;21.75;21.739;0.010999999999999233
2026-09-22T14:47:58.516+02:00;13069.516794;21.747;21.739;0.007999999999999119
2026-09-22T14:48:00.313+02:00;13071.314253;21.751;21.738;0.013000000000001677
2026-09-22T14:48:02.111+02:00;13073.111638;21.749;21.74;0.009000000000000341
2026-09-22T14:48:03.908+02:00;13074.909220;21.749;21.74;0.009000000000000341
2026-09-22T14:48:05.707+02:00;13076.707530;21.749;21.74;0.009000000000000341
2026-09-22T14:48:07.503+02:00;13078.503941;21.753;21.74;0.013000000000001677
2026-09-22T14:48:09.300+02:00;13080.301369;21.753;21.74;0.013000000000001677
2026-09-22T14:48:11.098+02:00;13082.098809;21.753;21.74;0.013000000000001677
2026-09-22T14:48:12.895+02:00;13083.896410;21.756;21.739;0.01699999999999946
2026-09-22T14:48:14.693+02:00;13085.693613;21.753;21.74;0.013000000000001677
2026-09-22T14:48:16.490+02:00;13087.491020;21.757;21.739;0.018000000000000682
2026-09-22T14:48:18.288+02:00;13089.288516;21.756;21.74;0.01600000000000179
2026-09-22T14:48:20.085+02:00;13091.085854;21.756;21.74;0.01600000000000179
2026-09-22T14:48:21.882+02:00;13092.883284;21.759;21.74;0.019000000000001904
2026-09-22T14:48:23.681+02:00;13094.681672;21.757;21.74;0.017000000000003013
2026-09-22T14:48:25.477+02:00;13096.478092;21.757;21.74;0.017000000000003013
2026-09-22T14:48:27.275+02:00;13098.275476;21.758;21.74;0.018000000000000682
2026-09-22T14:48:29.072+02:00;13100.072909;21.757;21.74;0.017000000000003013
2026-09-22T14:48:30.869+02:00;13101.870334;21.759;21.74;0.019000000000001904
2026-09-22T14:48:32.667+02:00;13103.667891;21.76;21.74;0.020000000000003126
2026-09-22T14:48:34.464+02:00;13105.465172;21.758;21.74;0.018000000000000682
2026-09-22T14:48:36.262+02:00;13107.262616;21.759;21.74;0.019000000000001904
2026-09-22T14:48:38.059+02:00;13109.060037;21.76;21.74;0.020000000000003126
2026-09-22T14:48:39.856+02:00;13110.857448;21.759;21.74;0.019000000000001904
2026-09-22T14:48:41.654+02:00;13112.654968;21.76;21.74;0.020000000000003126
2026-09-22T14:48:43.451+02:00;13114.452246;21.76;21.74;0.020000000000003126
2026-09-22T14:48:45.249+02:00;13116.249646;21.76;21.74;0.020000000000003126
2026-09-22T14:48:47.046+02:00;13118.047111;21.759;21.74;0.019000000000001904
2026-09-22T14:48:48.844+02:00;13119.844545;21.76;21.74;0.020000000000003126
2026-09-22T14:48:50.641+02:00;13121.641976;21.76;21.74;0.020000000000003126
2026-09-22T14:48:52.439+02:00;13123.440359;21.76;21.74;0.020000000000003126
2026-09-22T14:48:54.236+02:00;13125.236785;21.76;21.74;0.020000000000003126
2026-09-22T14:48:56.033+02:00;13127.034299;21.76;21.74;0.020000000000003126
2026-09-22T14:48:57.831+02:00;13128.831607;21.76;21.74;0.020000000000003126
2026-09-22T14:48:59.628+02:00;13130.629000;21.76;21.74;0.020000000000003126
2026-09-22T14:49:01.425+02:00;13132.426427;21.76;21.74;0.020000000000003126
2026-09-22T14:49:03.223+02:00;13134.223844;21.76;21.74;0.020000000000003126
2026-09-22T14:49:05.020+02:00;13136.021280;21.76;21.74;0.020000000000003126
2026-09-22T14:49:06.818+02:00;13137.818675;21.76;21.74;0.020000000000003126
2026-09-22T14:49:08.615+02:00;13139.616135;21.76;21.74;0.020000000000003126
2026-09-22T14:49:10.413+02:00;13141.413584;21.76;21.74;0.020000000000003126
2026-09-22T14:49:12.210+02:00;13143.210926;21.76;21.742;0.018000000000000682
2026-09-22T14:49:14.007+02:00;13145.008379;21.76;21.74;0.020000000000003126
2026-09-22T14:49:15.805+02:00;13146.805790;21.76;21.74;0.020000000000003126
2026-09-22T14:49:18.131+02:00;13149.131893;21.76;21.741;0.019000000000001904
2026-09-22T14:49:20.277+02:00;13151.277824;21.76;21.74;0.020000000000003126
2026-09-22T14:49:22.074+02:00;13153.075221;21.76;21.742;0.018000000000000682
2026-09-22T14:49:23.872+02:00;13154.872618;21.76;21.741;0.019000000000001904
2026-09-22T14:49:25.669+02:00;13156.670073;21.76;21.74;0.020000000000003126
2026-09-22T14:49:27.467+02:00;13158.467472;21.76;21.745;0.015000000000000568
2026-09-22T14:49:29.264+02:00;13160.264995;21.76;21.743;0.017000000000003013
2026-09-22T14:49:31.061+02:00;13162.062290;21.76;21.745;0.015000000000000568
2026-09-22T14:49:32.859+02:00;13163.859697;21.76;21.742;0.018000000000000682
2026-09-22T14:49:34.656+02:00;13165.657126;21.76;21.746;0.014000000000002899
2026-09-22T14:49:36.454+02:00;13167.454564;21.76;21.748;0.012000000000000455
2026-09-22T14:49:38.251+02:00;13169.252171;21.76;21.746;0.014000000000002899
2026-09-22T14:49:40.048+02:00;13171.049435;21.76;21.747;0.013000000000001677
2026-09-22T14:49:41.846+02:00;13172.846861;21.761;21.75;0.010999999999999233
2026-09-22T14:49:43.643+02:00;13174.644307;21.76;21.749;0.011000000000002785
2026-09-22T14:49:45.441+02:00;13176.441632;21.761;21.749;0.012000000000000455
2026-09-22T14:49:47.238+02:00;13178.239092;21.76;21.748;0.012000000000000455
2026-09-22T14:49:49.036+02:00;13180.036586;21.76;21.752;0.008000000000002672
2026-09-22T14:49:50.833+02:00;13181.834004;21.76;21.753;0.0070000000000014495
2026-09-22T14:49:52.631+02:00;13183.631702;21.76;21.752;0.008000000000002672
2026-09-22T14:49:54.429+02:00;13185.429842;21.761;21.751;0.00999999999999801
2026-09-22T14:49:56.225+02:00;13187.226285;21.761;21.753;0.007999999999999119
2026-09-22T14:49:58.023+02:00;13189.023728;21.761;21.754;0.006999999999997897
2026-09-22T14:49:59.820+02:00;13190.821294;21.761;21.753;0.007999999999999119
2026-09-22T14:50:01.618+02:00;13192.618785;21.762;21.755;0.0070000000000014495
2026-09-22T14:50:03.415+02:00;13194.416008;21.761;21.755;0.006000000000000227
2026-09-22T14:50:05.212+02:00;13196.213401;21.761;21.753;0.007999999999999119
2026-09-22T14:50:07.010+02:00;13198.010824;21.764;21.755;0.009000000000000341
2026-09-22T14:50:08.807+02:00;13199.808415;21.765;21.754;0.010999999999999233
2026-09-22T14:50:11.148+02:00;13202.148940;21.762;21.755;0.0070000000000014495
2026-09-22T14:50:12.935+02:00;13203.936437;21.765;21.752;0.013000000000001677
2026-09-22T14:50:14.733+02:00;13205.733971;21.766;21.754;0.011999999999996902
2026-09-22T14:50:16.530+02:00;13207.531304;21.764;21.756;0.007999999999999119
2026-09-22T14:50:18.328+02:00;13209.328669;21.765;21.755;0.010000000000001563
2026-09-22T14:50:20.125+02:00;13211.126114;21.768;21.755;0.013000000000001677
2026-09-22T14:50:21.923+02:00;13212.923578;21.767;21.754;0.012999999999998124
2026-09-22T14:50:23.720+02:00;13214.721222;21.77;21.755;0.015000000000000568
2026-09-22T14:50:25.517+02:00;13216.518420;21.77;21.756;0.013999999999999346
2026-09-22T14:50:27.315+02:00;13218.315847;21.769;21.756;0.012999999999998124
2026-09-22T14:50:29.112+02:00;13220.113289;21.769;21.756;0.012999999999998124
2026-09-22T14:50:30.910+02:00;13221.910707;21.772;21.756;0.015999999999998238
2026-09-22T14:50:32.707+02:00;13223.708273;21.769;21.756;0.012999999999998124
2026-09-22T14:50:34.505+02:00;13225.505581;21.771;21.756;0.015000000000000568
2026-09-22T14:50:36.302+02:00;13227.302976;21.773;21.756;0.01699999999999946
2026-09-22T14:50:38.099+02:00;13229.100442;21.774;21.756;0.018000000000000682
2026-09-22T14:50:39.897+02:00;13230.897824;21.774;21.756;0.018000000000000682
2026-09-22T14:50:41.694+02:00;13232.695183;21.776;21.756;0.019999999999999574
2026-09-22T14:50:43.492+02:00;13234.492627;21.775;21.756;0.01899999999999835
2026-09-22T14:50:45.289+02:00;13236.289994;21.774;21.756;0.018000000000000682
2026-09-22T14:50:47.086+02:00;13238.087404;21.772;21.756;0.015999999999998238
2026-09-22T14:50:48.884+02:00;13239.884907;21.776;21.756;0.019999999999999574
2026-09-22T14:50:50.681+02:00;13241.682328;21.775;21.756;0.01899999999999835
2026-09-22T14:50:52.480+02:00;13243.480843;21.776;21.756;0.019999999999999574
2026-09-22T14:50:54.276+02:00;13245.277284;21.775;21.756;0.01899999999999835
2026-09-22T14:50:56.074+02:00;13247.074597;21.776;21.756;0.019999999999999574
2026-09-22T14:50:57.871+02:00;13248.872046;21.776;21.756;0.019999999999999574
2026-09-22T14:50:59.669+02:00;13250.669476;21.776;21.756;0.019999999999999574
2026-09-22T14:51:01.466+02:00;13252.466956;21.776;21.756;0.019999999999999574
2026-09-22T14:51:03.263+02:00;13254.264331;21.776;21.756;0.019999999999999574
2026-09-22T14:51:05.061+02:00;13256.061784;21.776;21.756;0.019999999999999574
2026-09-22T14:51:06.858+02:00;13257.859184;21.776;21.756;0.019999999999999574
2026-09-22T14:51:08.656+02:00;13259.656668;21.776;21.756;0.019999999999999574
2026-09-22T14:51:10.453+02:00;13261.454202;21.776;21.756;0.019999999999999574
2026-09-22T14:51:12.250+02:00;13263.251452;21.775;21.756;0.01899999999999835
2026-09-22T14:51:14.048+02:00;13265.048815;21.776;21.757;0.01899999999999835
2026-09-22T14:51:15.845+02:00;13266.846330;21.776;21.756;0.019999999999999574
2026-09-22T14:51:17.643+02:00;13268.643678;21.776;21.756;0.019999999999999574
2026-09-22T14:51:19.440+02:00;13270.441204;21.776;21.756;0.019999999999999574
2026-09-22T14:51:21.632+02:00;13272.632977;21.776;21.756;0.019999999999999574
2026-09-22T14:51:23.429+02:00;13274.430420;21.776;21.756;0.019999999999999574
2026-09-22T14:51:25.227+02:00;13276.227932;21.776;21.756;0.019999999999999574
2026-09-22T14:51:27.025+02:00;13278.025571;21.776;21.757;0.01899999999999835
2026-09-22T14:51:28.822+02:00;13279.822685;21.776;21.756;0.019999999999999574
2026-09-22T14:51:30.619+02:00;13281.620069;21.776;21.757;0.01899999999999835
2026-09-22T14:51:32.417+02:00;13283.417669;21.776;21.76;0.015999999999998238
2026-09-22T14:51:34.214+02:00;13285.214941;21.776;21.757;0.01899999999999835
2026-09-22T14:51:36.011+02:00;13287.012337;21.776;21.758;0.018000000000000682
2026-09-22T14:51:37.809+02:00;13288.809723;21.776;21.758;0.018000000000000682
2026-09-22T14:51:39.606+02:00;13290.607187;21.776;21.757;0.01899999999999835
2026-09-22T14:51:41.404+02:00;13292.404757;21.776;21.763;0.012999999999998124
2026-09-22T14:51:43.201+02:00;13294.201986;21.776;21.758;0.018000000000000682
2026-09-22T14:51:44.998+02:00;13295.999445;21.776;21.758;0.018000000000000682
2026-09-22T14:51:46.796+02:00;13297.796943;21.776;21.758;0.018000000000000682
2026-09-22T14:51:48.593+02:00;13299.594261;21.776;21.758;0.018000000000000682
2026-09-22T14:51:50.391+02:00;13301.391734;21.776;21.76;0.015999999999998238
2026-09-22T14:51:52.188+02:00;13303.189117;21.776;21.762;0.013999999999999346
2026-09-22T14:51:53.986+02:00;13304.986513;21.776;21.763;0.012999999999998124
2026-09-22T14:51:55.784+02:00;13306.785057;21.776;21.762;0.013999999999999346
2026-09-22T14:51:57.580+02:00;13308.581396;21.776;21.766;0.010000000000001563
2026-09-22T14:51:59.378+02:00;13310.378829;21.776;21.761;0.015000000000000568
2026-09-22T14:52:01.175+02:00;13312.176275;21.776;21.766;0.010000000000001563
2026-09-22T14:52:02.973+02:00;13313.973668;21.776;21.763;0.012999999999998124
2026-09-22T14:52:04.771+02:00;13315.772301;21.776;21.762;0.013999999999999346
2026-09-22T14:52:06.568+02:00;13317.568525;21.776;21.767;0.009000000000000341
2026-09-22T14:52:08.720+02:00;13319.721041;21.778;21.77;0.007999999999999119
2026-09-22T14:52:10.517+02:00;13321.518460;21.776;21.768;0.007999999999999119
2026-09-22T14:52:12.315+02:00;13323.315876;21.776;21.769;0.0070000000000014495
2026-09-22T14:52:14.536+02:00;13325.537115;21.776;21.771;0.004999999999999005
2026-09-22T14:52:16.334+02:00;13327.334570;21.778;21.767;0.010999999999999233
2026-09-22T14:52:18.131+02:00;13329.132003;21.777;21.768;0.009000000000000341
2026-09-22T14:52:19.929+02:00;13330.929565;21.776;21.772;0.004000000000001336
2026-09-22T14:52:21.726+02:00;13332.726811;21.78;21.773;0.0070000000000014495
2026-09-22T14:52:23.523+02:00;13334.524247;21.778;21.772;0.006000000000000227
2026-09-22T14:52:25.321+02:00;13336.321768;21.78;21.771;0.009000000000000341
2026-09-22T14:52:27.118+02:00;13338.119057;21.778;21.773;0.004999999999999005
2026-09-22T14:52:28.915+02:00;13339.916468;21.779;21.772;0.0070000000000014495
2026-09-22T14:52:30.713+02:00;13341.713943;21.779;21.771;0.007999999999999119
2026-09-22T14:52:32.510+02:00;13343.511347;21.779;21.772;0.0070000000000014495
2026-09-22T14:52:34.308+02:00;13345.308871;21.781;21.773;0.007999999999999119
2026-09-22T14:52:36.105+02:00;13347.106121;21.782;21.773;0.009000000000000341
2026-09-22T14:52:37.903+02:00;13348.903560;21.781;21.773;0.007999999999999119
2026-09-22T14:52:39.700+02:00;13350.701023;21.786;21.773;0.013000000000001677
2026-09-22T14:52:41.497+02:00;13352.498354;21.782;21.773;0.009000000000000341
2026-09-22T14:52:43.295+02:00;13354.295808;21.788;21.773;0.015000000000000568
2026-09-22T14:52:45.092+02:00;13356.093226;21.784;21.773;0.010999999999999233
2026-09-22T14:52:46.890+02:00;13357.890716;21.788;21.773;0.015000000000000568
2026-09-22T14:52:48.687+02:00;13359.688194;21.787;21.773;0.013999999999999346
2026-09-22T14:52:50.485+02:00;13361.485513;21.79;21.773;0.01699999999999946
2026-09-22T14:52:52.282+02:00;13363.282941;21.789;21.773;0.01600000000000179
2026-09-22T14:52:54.466+02:00;13365.466888;21.79;21.773;0.01699999999999946
2026-09-22T14:52:56.263+02:00;13367.264313;21.791;21.773;0.018000000000000682
2026-09-22T14:52:58.061+02:00;13369.061710;21.791;21.773;0.018000000000000682
2026-09-22T14:52:59.860+02:00;13370.860935;21.791;21.773;0.018000000000000682
2026-09-22T14:53:01.656+02:00;13372.656596;21.791;21.773;0.018000000000000682
2026-09-22T14:53:03.453+02:00;13374.454109;21.792;21.773;0.019000000000001904
2026-09-22T14:53:05.251+02:00;13376.251549;21.792;21.773;0.019000000000001904
2026-09-22T14:53:07.048+02:00;13378.048750;21.793;21.773;0.019999999999999574
2026-09-22T14:53:08.845+02:00;13379.846181;21.793;21.773;0.019999999999999574
2026-09-22T14:53:10.643+02:00;13381.643627;21.793;21.773;0.019999999999999574
2026-09-22T14:53:12.440+02:00;13383.440986;21.793;21.773;0.019999999999999574
2026-09-22T14:53:14.237+02:00;13385.238405;21.793;21.773;0.019999999999999574
2026-09-22T14:53:16.035+02:00;13387.035818;21.793;21.773;0.019999999999999574
2026-09-22T14:53:17.833+02:00;13388.834250;21.793;21.773;0.019999999999999574
2026-09-22T14:53:19.630+02:00;13390.630820;21.793;21.773;0.019999999999999574
2026-09-22T14:53:21.427+02:00;13392.428067;21.793;21.773;0.019999999999999574
2026-09-22T14:53:23.225+02:00;13394.225529;21.793;21.773;0.019999999999999574
2026-09-22T14:53:25.022+02:00;13396.022948;21.793;21.773;0.019999999999999574
2026-09-22T14:53:27.329+02:00;13398.329477;21.793;21.773;0.019999999999999574
2026-09-22T14:53:29.117+02:00;13400.118047;21.793;21.774;0.01899999999999835
2026-09-22T14:53:30.914+02:00;13401.915392;21.793;21.773;0.019999999999999574
2026-09-22T14:53:32.712+02:00;13403.712835;21.793;21.773;0.019999999999999574
2026-09-22T14:53:34.509+02:00;13405.510300;21.793;21.773;0.019999999999999574
2026-09-22T14:53:36.308+02:00;13407.308721;21.793;21.773;0.019999999999999574
2026-09-22T14:53:38.104+02:00;13409.105204;21.793;21.773;0.019999999999999574
2026-09-22T14:53:39.902+02:00;13410.902576;21.793;21.773;0.019999999999999574
2026-09-22T14:53:41.699+02:00;13412.699993;21.793;21.773;0.019999999999999574
2026-09-22T14:53:43.496+02:00;13414.497399;21.792;21.773;0.019000000000001904
2026-09-22T14:53:45.294+02:00;13416.294806;21.793;21.775;0.018000000000000682
2026-09-22T14:53:47.091+02:00;13418.092394;21.793;21.773;0.019999999999999574
2026-09-22T14:53:48.889+02:00;13419.889702;21.793;21.774;0.01899999999999835
2026-09-22T14:53:50.686+02:00;13421.687116;21.793;21.775;0.018000000000000682
2026-09-22T14:53:52.485+02:00;13423.485561;21.793;21.775;0.018000000000000682
2026-09-22T14:53:54.281+02:00;13425.281974;21.793;21.777;0.015999999999998238
2026-09-22T14:53:56.079+02:00;13427.079570;21.793;21.774;0.01899999999999835
2026-09-22T14:53:57.876+02:00;13428.876794;21.793;21.776;0.01699999999999946
2026-09-22T14:53:59.673+02:00;13430.674235;21.793;21.776;0.01699999999999946
2026-09-22T14:54:01.471+02:00;13432.471702;21.793;21.78;0.012999999999998124
2026-09-22T14:54:03.268+02:00;13434.269100;21.793;21.781;0.012000000000000455
2026-09-22T14:54:05.066+02:00;13436.066535;21.793;21.776;0.01699999999999946
2026-09-22T14:54:06.863+02:00;13437.863989;21.793;21.775;0.018000000000000682
2026-09-22T14:54:08.660+02:00;13439.661384;21.793;21.778;0.015000000000000568
2026-09-22T14:54:10.458+02:00;13441.458881;21.793;21.777;0.015999999999998238
2026-09-22T14:54:12.255+02:00;13443.256225;21.793;21.78;0.012999999999998124
2026-09-22T14:54:14.053+02:00;13445.053660;21.793;21.784;0.009000000000000341
2026-09-22T14:54:15.850+02:00;13446.851299;21.793;21.782;0.010999999999999233
2026-09-22T14:54:18.016+02:00;13449.017440;21.793;21.784;0.009000000000000341
2026-09-22T14:54:19.814+02:00;13450.815088;21.793;21.783;0.00999999999999801
2026-09-22T14:54:21.611+02:00;13452.612349;21.795;21.784;0.011000000000002785
2026-09-22T14:54:23.409+02:00;13454.409757;21.793;21.785;0.007999999999999119
2026-09-22T14:54:25.206+02:00;13456.207195;21.793;21.786;0.006999999999997897
2026-09-22T14:54:27.004+02:00;13458.004541;21.793;21.786;0.006999999999997897
2026-09-22T14:54:28.801+02:00;13459.801955;21.796;21.787;0.009000000000000341
2026-09-22T14:54:30.598+02:00;13461.599383;21.797;21.784;0.013000000000001677
2026-09-22T14:54:32.396+02:00;13463.396784;21.794;21.784;0.010000000000001563
2026-09-22T14:54:34.193+02:00;13465.194401;21.794;21.785;0.009000000000000341
2026-09-22T14:54:35.991+02:00;13466.991675;21.795;21.785;0.010000000000001563
2026-09-22T14:54:37.788+02:00;13468.789057;21.796;21.788;0.007999999999999119
2026-09-22T14:54:39.939+02:00;13470.939707;21.798;21.789;0.008999999999996788
2026-09-22T14:54:41.736+02:00;13472.737105;21.795;21.789;0.006000000000000227
2026-09-22T14:54:43.534+02:00;13474.534546;21.797;21.787;0.010000000000001563
2026-09-22T14:54:45.331+02:00;13476.331924;21.798;21.789;0.008999999999996788
2026-09-22T14:54:47.128+02:00;13478.129326;21.798;21.788;0.00999999999999801
2026-09-22T14:54:48.926+02:00;13479.926790;21.798;21.788;0.00999999999999801
2026-09-22T14:54:50.723+02:00;13481.724208;21.797;21.788;0.009000000000000341
2026-09-22T14:54:52.521+02:00;13483.521793;21.799;21.789;0.00999999999999801
2026-09-22T14:54:54.318+02:00;13485.319016;21.804;21.789;0.014999999999997016
2026-09-22T14:54:56.116+02:00;13487.116507;21.797;21.789;0.007999999999999119
2026-09-22T14:54:57.913+02:00;13488.913930;21.801;21.788;0.012999999999998124
2026-09-22T14:54:59.710+02:00;13490.711345;21.804;21.789;0.014999999999997016
2026-09-22T14:55:01.508+02:00;13492.508730;21.805;21.789;0.015999999999998238
2026-09-22T14:55:03.305+02:00;13494.306152;21.802;21.789;0.012999999999998124
2026-09-22T14:55:05.103+02:00;13496.103586;21.804;21.789;0.014999999999997016
2026-09-22T14:55:06.900+02:00;13497.901063;21.805;21.789;0.015999999999998238
2026-09-22T14:55:08.697+02:00;13499.698445;21.808;21.789;0.01899999999999835
2026-09-22T14:55:10.495+02:00;13501.495863;21.807;21.789;0.01799999999999713
2026-09-22T14:55:12.292+02:00;13503.293304;21.806;21.789;0.01699999999999946
2026-09-22T14:55:14.090+02:00;13505.090701;21.808;21.789;0.01899999999999835
2026-09-22T14:55:15.887+02:00;13506.888316;21.809;21.789;0.019999999999999574
2026-09-22T14:55:17.685+02:00;13508.685511;21.808;21.789;0.01899999999999835
2026-09-22T14:55:19.482+02:00;13510.482922;21.808;21.789;0.01899999999999835
2026-09-22T14:55:21.279+02:00;13512.280368;21.808;21.789;0.01899999999999835
2026-09-22T14:55:23.448+02:00;13514.448548;21.807;21.789;0.01799999999999713
2026-09-22T14:55:25.573+02:00;13516.573679;21.809;21.789;0.019999999999999574
2026-09-22T14:55:27.370+02:00;13518.371131;21.809;21.789;0.019999999999999574
2026-09-22T14:55:29.168+02:00;13520.168553;21.809;21.789;0.019999999999999574
2026-09-22T14:55:30.965+02:00;13521.965882;21.808;21.789;0.01899999999999835
2026-09-22T14:55:32.762+02:00;13523.763328;21.809;21.789;0.019999999999999574
2026-09-22T14:55:34.560+02:00;13525.560742;21.809;21.789;0.019999999999999574
2026-09-22T14:55:36.357+02:00;13527.358191;21.809;21.789;0.019999999999999574
2026-09-22T14:55:38.155+02:00;13529.155734;21.809;21.789;0.019999999999999574
2026-09-22T14:55:39.952+02:00;13530.953023;21.809;21.789;0.019999999999999574
2026-09-22T14:55:41.749+02:00;13532.750455;21.809;21.789;0.019999999999999574
2026-09-22T14:55:43.547+02:00;13534.547929;21.809;21.789;0.019999999999999574
2026-09-22T14:55:45.344+02:00;13536.345316;21.809;21.789;0.019999999999999574
2026-09-22T14:55:47.142+02:00;13538.142943;21.809;21.789;0.019999999999999574
2026-09-22T14:55:48.939+02:00;13539.940103;21.809;21.789;0.019999999999999574
2026-09-22T14:55:50.737+02:00;13541.737564;21.809;21.789;0.019999999999999574
2026-09-22T14:55:52.534+02:00;13543.535012;21.809;21.789;0.019999999999999574
2026-09-22T14:55:54.331+02:00;13545.332366;21.809;21.789;0.019999999999999574
2026-09-22T14:55:56.129+02:00;13547.129792;21.809;21.789;0.019999999999999574
2026-09-22T14:55:57.926+02:00;13548.927208;21.809;21.791;0.018000000000000682
2026-09-22T14:55:59.725+02:00;13550.725607;21.809;21.789;0.019999999999999574
2026-09-22T14:56:01.522+02:00;13552.523260;21.809;21.791;0.018000000000000682
2026-09-22T14:56:03.318+02:00;13554.319451;21.809;21.791;0.018000000000000682
2026-09-22T14:56:05.503+02:00;13556.504407;21.809;21.791;0.018000000000000682
2026-09-22T14:56:07.300+02:00;13558.300816;21.809;21.793;0.01600000000000179
2026-09-22T14:56:09.097+02:00;13560.098364;21.809;21.789;0.019999999999999574
2026-09-22T14:56:10.895+02:00;13561.895636;21.809;21.794;0.015000000000000568
2026-09-22T14:56:12.692+02:00;13563.693086;21.809;21.792;0.01699999999999946
2026-09-22T14:56:14.491+02:00;13565.491540;21.809;21.792;0.01699999999999946
2026-09-22T14:56:16.287+02:00;13567.287940;21.809;21.793;0.01600000000000179
2026-09-22T14:56:18.085+02:00;13569.085583;21.809;21.789;0.019999999999999574
2026-09-22T14:56:19.883+02:00;13570.883784;21.809;21.793;0.01600000000000179
2026-09-22T14:56:21.679+02:00;13572.680187;21.809;21.797;0.012000000000000455
2026-09-22T14:56:23.477+02:00;13574.477677;21.809;21.795;0.013999999999999346
2026-09-22T14:56:25.274+02:00;13576.275026;21.809;21.793;0.01600000000000179
2026-09-22T14:56:27.071+02:00;13578.072436;21.81;21.797;0.012999999999998124
2026-09-22T14:56:28.869+02:00;13579.869893;21.809;21.799;0.010000000000001563
2026-09-22T14:56:30.666+02:00;13581.667145;21.809;21.805;0.004000000000001336
2026-09-22T14:56:32.464+02:00;13583.464586;21.809;21.797;0.012000000000000455
2026-09-22T14:56:34.261+02:00;13585.261996;21.809;21.801;0.008000000000002672
2026-09-22T14:56:36.058+02:00;13587.059397;21.811;21.798;0.013000000000001677
2026-09-22T14:56:37.856+02:00;13588.856955;21.809;21.802;0.0070000000000014495
2026-09-22T14:56:39.653+02:00;13590.654239;21.81;21.797;0.012999999999998124
2026-09-22T14:56:41.451+02:00;13592.451655;21.809;21.803;0.006000000000000227
2026-09-22T14:56:43.248+02:00;13594.249093;21.809;21.802;0.0070000000000014495
2026-09-22T14:56:45.046+02:00;13596.046521;21.811;21.803;0.007999999999999119
2026-09-22T14:56:46.843+02:00;13597.843944;21.811;21.801;0.010000000000001563
2026-09-22T14:56:48.641+02:00;13599.642354;21.81;21.802;0.007999999999999119
2026-09-22T14:56:50.438+02:00;13601.438776;21.811;21.802;0.009000000000000341
2026-09-22T14:56:52.235+02:00;13603.236271;21.812;21.803;0.009000000000000341
2026-09-22T14:56:54.033+02:00;13605.033614;21.812;21.802;0.010000000000001563
2026-09-22T14:56:55.830+02:00;13606.831012;21.813;21.803;0.00999999999999801
2026-09-22T14:56:57.627+02:00;13608.628465;21.812;21.805;0.0070000000000014495
2026-09-22T14:56:59.425+02:00;13610.425870;21.812;21.803;0.009000000000000341
2026-09-22T14:57:01.222+02:00;13612.223463;21.813;21.804;0.009000000000000341
2026-09-22T14:57:03.020+02:00;13614.020783;21.813;21.805;0.007999999999999119
2026-09-22T14:57:04.817+02:00;13615.818156;21.817;21.805;0.012000000000000455
2026-09-22T14:57:06.615+02:00;13617.615568;21.815;21.805;0.010000000000001563
2026-09-22T14:57:08.412+02:00;13619.412930;21.817;21.805;0.012000000000000455
2026-09-22T14:57:10.209+02:00;13621.210316;21.82;21.805;0.015000000000000568
2026-09-22T14:57:12.007+02:00;13623.007749;21.823;21.805;0.018000000000000682
2026-09-22T14:57:13.804+02:00;13624.805170;21.82;21.805;0.015000000000000568
2026-09-22T14:57:15.602+02:00;13626.602743;21.822;21.805;0.01699999999999946
2026-09-22T14:57:17.399+02:00;13628.400020;21.822;21.805;0.01699999999999946
2026-09-22T14:57:19.196+02:00;13630.197383;21.823;21.805;0.018000000000000682
2026-09-22T14:57:20.994+02:00;13631.994911;21.821;21.805;0.01600000000000179
2026-09-22T14:57:22.792+02:00;13633.793208;21.822;21.805;0.01699999999999946
2026-09-22T14:57:24.589+02:00;13635.589632;21.821;21.805;0.01600000000000179
2026-09-22T14:57:26.387+02:00;13637.388068;21.822;21.805;0.01699999999999946
2026-09-22T14:57:28.184+02:00;13639.184517;21.823;21.805;0.018000000000000682
2026-09-22T14:57:29.981+02:00;13640.982055;21.823;21.805;0.018000000000000682
2026-09-22T14:57:31.779+02:00;13642.780379;21.824;21.805;0.019000000000001904
2026-09-22T14:57:33.576+02:00;13644.576747;21.825;21.805;0.019999999999999574
2026-09-22T14:57:35.373+02:00;13646.374171;21.824;21.805;0.019000000000001904
2026-09-22T14:57:37.171+02:00;13648.171600;21.825;21.805;0.019999999999999574
2026-09-22T14:57:38.968+02:00;13649.969058;21.824;21.805;0.019000000000001904
2026-09-22T14:57:40.766+02:00;13651.767435;21.823;21.805;0.018000000000000682
2026-09-22T14:57:42.563+02:00;13653.563912;21.824;21.805;0.019000000000001904
2026-09-22T14:57:44.360+02:00;13655.361346;21.825;21.805;0.019999999999999574
2026-09-22T14:57:46.158+02:00;13657.158716;21.824;21.805;0.019000000000001904
2026-09-22T14:57:47.955+02:00;13658.956163;21.825;21.805;0.019999999999999574
2026-09-22T14:57:49.753+02:00;13660.753576;21.825;21.805;0.019999999999999574
2026-09-22T14:57:51.550+02:00;13662.551053;21.825;21.805;0.019999999999999574
2026-09-22T14:57:53.348+02:00;13664.348570;21.825;21.805;0.019999999999999574
2026-09-22T14:57:55.145+02:00;13666.145830;21.825;21.805;0.019999999999999574
2026-09-22T14:57:56.942+02:00;13667.943233;21.825;21.805;0.019999999999999574
2026-09-22T14:57:58.740+02:00;13669.740662;21.825;21.805;0.019999999999999574
2026-09-22T14:58:00.537+02:00;13671.538054;21.825;21.805;0.019999999999999574
2026-09-22T14:58:02.334+02:00;13673.335463;21.825;21.805;0.019999999999999574
2026-09-22T14:58:04.132+02:00;13675.132876;21.825;21.805;0.019999999999999574
2026-09-22T14:58:05.929+02:00;13676.930278;21.825;21.805;0.019999999999999574
2026-09-22T14:58:07.727+02:00;13678.727834;21.825;21.805;0.019999999999999574
2026-09-22T14:58:09.524+02:00;13680.525115;21.825;21.805;0.019999999999999574
2026-09-22T14:58:11.322+02:00;13682.322551;21.825;21.805;0.019999999999999574
2026-09-22T14:58:13.119+02:00;13684.119972;21.825;21.806;0.01899999999999835
2026-09-22T14:58:14.916+02:00;13685.917416;21.825;21.806;0.01899999999999835
2026-09-22T14:58:16.714+02:00;13687.714752;21.825;21.805;0.019999999999999574
2026-09-22T14:58:18.511+02:00;13689.512188;21.825;21.806;0.01899999999999835
2026-09-22T14:58:20.309+02:00;13691.309612;21.825;21.808;0.01699999999999946
2026-09-22T14:58:22.106+02:00;13693.107172;21.825;21.807;0.018000000000000682
2026-09-22T14:58:23.903+02:00;13694.904401;21.825;21.807;0.018000000000000682
2026-09-22T14:58:25.701+02:00;13696.701914;21.825;21.807;0.018000000000000682
2026-09-22T14:58:27.498+02:00;13698.499274;21.825;21.806;0.01899999999999835
2026-09-22T14:58:29.296+02:00;13700.296731;21.825;21.806;0.01899999999999835
2026-09-22T14:58:31.093+02:00;13702.094165;21.825;21.808;0.01699999999999946
2026-09-22T14:58:32.891+02:00;13703.891551;21.826;21.809;0.01699999999999946
2026-09-22T14:58:34.688+02:00;13705.688970;21.825;21.806;0.01899999999999835
2026-09-22T14:58:36.486+02:00;13707.486518;21.825;21.808;0.01699999999999946
2026-09-22T14:58:38.283+02:00;13709.283803;21.825;21.811;0.013999999999999346
2026-09-22T14:58:40.080+02:00;13711.081268;21.825;21.813;0.012000000000000455
2026-09-22T14:58:41.878+02:00;13712.878676;21.825;21.814;0.010999999999999233
2026-09-22T14:58:43.675+02:00;13714.676116;21.825;21.814;0.010999999999999233
2026-09-22T14:58:45.474+02:00;13716.474651;21.826;21.809;0.01699999999999946
2026-09-22T14:58:47.270+02:00;13718.270970;21.825;21.817;0.007999999999999119
2026-09-22T14:58:49.067+02:00;13720.068402;21.825;21.816;0.009000000000000341
2026-09-22T14:58:50.866+02:00;13721.866869;21.825;21.817;0.007999999999999119
2026-09-22T14:58:52.662+02:00;13723.663215;21.825;21.819;0.006000000000000227
2026-09-22T14:58:54.460+02:00;13725.460840;21.825;21.818;0.006999999999997897
2026-09-22T14:58:56.257+02:00;13727.258061;21.826;21.816;0.010000000000001563
2026-09-22T14:58:58.055+02:00;13729.055518;21.829;21.817;0.012000000000000455
2026-09-22T14:58:59.853+02:00;13730.853949;21.825;21.819;0.006000000000000227
2026-09-22T14:59:01.649+02:00;13732.650302;21.825;21.818;0.006999999999997897
2026-09-22T14:59:03.447+02:00;13734.447693;21.827;21.819;0.008000000000002672
2026-09-22T14:59:05.244+02:00;13736.245172;21.826;21.818;0.007999999999999119
2026-09-22T14:59:07.042+02:00;13738.042546;21.827;21.817;0.010000000000001563
2026-09-22T14:59:08.840+02:00;13739.841155;21.826;21.819;0.0070000000000014495
2026-09-22T14:59:10.636+02:00;13741.637424;21.831;21.819;0.012000000000000455
2026-09-22T14:59:12.848+02:00;13743.849023;21.828;21.82;0.007999999999999119
2026-09-22T14:59:14.645+02:00;13745.646416;21.827;21.82;0.0070000000000014495
2026-09-22T14:59:16.443+02:00;13747.443817;21.832;21.821;0.010999999999999233
2026-09-22T14:59:18.240+02:00;13749.241354;21.83;21.818;0.011999999999996902
2026-09-22T14:59:20.038+02:00;13751.038680;21.829;21.82;0.009000000000000341
2026-09-22T14:59:21.835+02:00;13752.836054;21.827;21.82;0.0070000000000014495
2026-09-22T14:59:23.633+02:00;13754.633480;21.828;21.821;0.006999999999997897
2026-09-22T14:59:25.430+02:00;13756.430856;21.832;21.821;0.010999999999999233
2026-09-22T14:59:27.227+02:00;13758.228261;21.836;21.821;0.014999999999997016
2026-09-22T14:59:29.605+02:00;13760.605550;21.831;21.821;0.00999999999999801
2026-09-22T14:59:31.393+02:00;13762.393927;21.834;21.82;0.013999999999999346
2026-09-22T14:59:33.190+02:00;13764.191341;21.834;21.821;0.012999999999998124
2026-09-22T14:59:34.989+02:00;13765.989815;21.837;21.821;0.015999999999998238
2026-09-22T14:59:36.785+02:00;13767.786218;21.838;21.821;0.01699999999999946
2026-09-22T14:59:38.583+02:00;13769.583770;21.836;21.821;0.014999999999997016
2026-09-22T14:59:40.380+02:00;13771.381065;21.838;21.821;0.01699999999999946
2026-09-22T14:59:42.178+02:00;13773.178492;21.839;21.82;0.01899999999999835
2026-09-22T14:59:43.976+02:00;13774.976906;21.84;21.821;0.01899999999999835
2026-09-22T14:59:45.772+02:00;13776.773406;21.836;21.821;0.014999999999997016
2026-09-22T14:59:47.570+02:00;13778.570983;21.84;21.821;0.01899999999999835
2026-09-22T14:59:49.367+02:00;13780.368166;21.838;21.821;0.01699999999999946
2026-09-22T14:59:51.165+02:00;13782.165619;21.84;21.821;0.01899999999999835
2026-09-22T14:59:52.963+02:00;13783.964046;21.84;21.821;0.01899999999999835
2026-09-22T14:59:54.759+02:00;13785.760432;21.841;21.821;0.019999999999999574
2026-09-22T14:59:56.916+02:00;13787.917144;21.841;21.821;0.019999999999999574
2026-09-22T14:59:58.714+02:00;13789.714539;21.84;21.821;0.01899999999999835
2026-09-22T15:00:00.511+02:00;13791.511942;21.84;21.821;0.01899999999999835
2026-09-22T15:00:02.308+02:00;13793.309350;21.841;21.821;0.019999999999999574
2026-09-22T15:00:04.106+02:00;13795.106788;21.841;21.821;0.019999999999999574
2026-09-22T15:00:05.903+02:00;13796.904334;21.841;21.821;0.019999999999999574
2026-09-22T15:00:07.701+02:00;13798.701633;21.841;21.821;0.019999999999999574
2026-09-22T15:00:09.498+02:00;13800.499055;21.841;21.821;0.019999999999999574
2026-09-22T15:00:11.295+02:00;13802.296443;21.841;21.822;0.019000000000001904
2026-09-22T15:00:13.093+02:00;13804.093862;21.841;21.821;0.019999999999999574
2026-09-22T15:00:14.890+02:00;13805.891264;21.841;21.821;0.019999999999999574
2026-09-22T15:00:16.688+02:00;13807.688671;21.84;21.821;0.01899999999999835
2026-09-22T15:00:18.485+02:00;13809.486076;21.841;21.821;0.019999999999999574
2026-09-22T15:00:20.283+02:00;13811.283636;21.841;21.821;0.019999999999999574
2026-09-22T15:00:22.080+02:00;13813.080966;21.841;21.821;0.019999999999999574
2026-09-22T15:00:23.877+02:00;13814.878360;21.841;21.821;0.019999999999999574
2026-09-22T15:00:25.675+02:00;13816.675783;21.841;21.821;0.019999999999999574
2026-09-22T15:00:27.472+02:00;13818.473211;21.841;21.821;0.019999999999999574
2026-09-22T15:00:29.270+02:00;13820.270889;21.841;21.821;0.019999999999999574
2026-09-22T15:00:31.068+02:00;13822.069014;21.841;21.822;0.019000000000001904
2026-09-22T15:00:32.865+02:00;13823.865505;21.841;21.822;0.019000000000001904
2026-09-22T15:00:34.662+02:00;13825.662933;21.841;21.823;0.018000000000000682
2026-09-22T15:00:36.459+02:00;13827.460319;21.841;21.821;0.019999999999999574
2026-09-22T15:00:38.257+02:00;13829.257749;21.841;21.821;0.019999999999999574
2026-09-22T15:00:40.054+02:00;13831.055245;21.841;21.823;0.018000000000000682
2026-09-22T15:00:41.852+02:00;13832.852564;21.841;21.821;0.019999999999999574
2026-09-22T15:00:43.649+02:00;13834.650117;21.841;21.824;0.01699999999999946
2026-09-22T15:00:45.447+02:00;13836.447480;21.841;21.825;0.01600000000000179
2026-09-22T15:00:47.244+02:00;13838.244810;21.841;21.824;0.01699999999999946
2026-09-22T15:00:49.042+02:00;13840.043236;21.841;21.824;0.01699999999999946
2026-09-22T15:00:50.839+02:00;13841.839726;21.841;21.825;0.01600000000000179
2026-09-22T15:00:52.636+02:00;13843.637318;21.841;21.824;0.01699999999999946
2026-09-22T15:00:54.434+02:00;13845.434559;21.841;21.828;0.013000000000001677
2026-09-22T15:00:56.231+02:00;13847.232007;21.841;21.826;0.015000000000000568
2026-09-22T15:00:58.028+02:00;13849.029469;21.841;21.829;0.012000000000000455
2026-09-22T15:00:59.826+02:00;13850.826863;21.841;21.826;0.015000000000000568
2026-09-22T15:01:01.623+02:00;13852.624314;21.841;21.831;0.010000000000001563
2026-09-22T15:01:03.421+02:00;13854.421724;21.841;21.827;0.013999999999999346
2026-09-22T15:01:05.218+02:00;13856.219138;21.841;21.828;0.013000000000001677
2026-09-22T15:01:07.016+02:00;13858.016600;21.841;21.828;0.013000000000001677
2026-09-22T15:01:08.813+02:00;13859.813982;21.841;21.831;0.010000000000001563
2026-09-22T15:01:10.610+02:00;13861.611392;21.841;21.829;0.012000000000000455
2026-09-22T15:01:12.408+02:00;13863.408817;21.841;21.833;0.008000000000002672
2026-09-22T15:01:14.205+02:00;13865.206229;21.841;21.835;0.006000000000000227
2026-09-22T15:01:16.003+02:00;13867.003777;21.843;21.831;0.012000000000000455
2026-09-22T15:01:17.800+02:00;13868.801132;21.842;21.832;0.00999999999999801
2026-09-22T15:01:19.598+02:00;13870.598507;21.843;21.834;0.009000000000000341
2026-09-22T15:01:21.395+02:00;13872.395938;21.842;21.834;0.007999999999999119
2026-09-22T15:01:23.192+02:00;13874.193347;21.842;21.835;0.006999999999997897
2026-09-22T15:01:24.990+02:00;13875.990763;21.841;21.836;0.005000000000002558
2026-09-22T15:01:26.787+02:00;13877.788159;21.846;21.833;0.013000000000001677
2026-09-22T15:01:28.585+02:00;13879.585577;21.843;21.834;0.009000000000000341
2026-09-22T15:01:30.382+02:00;13881.383099;21.844;21.836;0.008000000000002672
2026-09-22T15:01:32.546+02:00;13883.547290;21.845;21.837;0.007999999999999119
2026-09-22T15:01:34.344+02:00;13885.344648;21.846;21.836;0.010000000000001563
2026-09-22T15:01:36.142+02:00;13887.143207;21.844;21.836;0.008000000000002672
2026-09-22T15:01:37.939+02:00;13888.939516;21.848;21.836;0.012000000000000455
2026-09-22T15:01:39.736+02:00;13890.736940;21.849;21.837;0.012000000000000455
2026-09-22T15:01:41.533+02:00;13892.534349;21.845;21.837;0.007999999999999119
2026-09-22T15:01:43.331+02:00;13894.331749;21.847;21.836;0.011000000000002785
2026-09-22T15:01:45.724+02:00;13896.724496;21.847;21.837;0.010000000000001563
2026-09-22T15:01:47.512+02:00;13898.513012;21.852;21.837;0.015000000000000568
2026-09-22T15:01:49.309+02:00;13900.310470;21.848;21.837;0.010999999999999233
2026-09-22T15:01:51.107+02:00;13902.107864;21.853;21.837;0.01600000000000179
2026-09-22T15:01:52.904+02:00;13903.905253;21.853;21.836;0.017000000000003013
2026-09-22T15:01:54.703+02:00;13905.703718;21.852;21.837;0.015000000000000568
2026-09-22T15:01:56.499+02:00;13907.500106;21.851;21.837;0.013999999999999346
2026-09-22T15:01:58.297+02:00;13909.297654;21.852;21.837;0.015000000000000568
2026-09-22T15:02:00.094+02:00;13911.094926;21.855;21.837;0.018000000000000682
2026-09-22T15:02:02.389+02:00;13913.389944;21.854;21.837;0.01699999999999946
2026-09-22T15:02:04.177+02:00;13915.178410;21.856;21.837;0.019000000000001904
2026-09-22T15:02:05.975+02:00;13916.975801;21.855;21.837;0.018000000000000682
2026-09-22T15:02:07.773+02:00;13918.774188;21.856;21.837;0.019000000000001904
2026-09-22T15:02:09.570+02:00;13920.570592;21.857;21.837;0.019999999999999574
2026-09-22T15:02:11.693+02:00;13922.694029;21.857;21.837;0.019999999999999574
2026-09-22T15:02:13.490+02:00;13924.491452;21.856;21.837;0.019000000000001904
2026-09-22T15:02:15.288+02:00;13926.289017;21.856;21.837;0.019000000000001904
2026-09-22T15:02:17.085+02:00;13928.086332;21.856;21.837;0.019000000000001904
2026-09-22T15:02:18.883+02:00;13929.883722;21.857;21.837;0.019999999999999574
2026-09-22T15:02:20.680+02:00;13931.681145;21.857;21.837;0.019999999999999574
2026-09-22T15:02:22.478+02:00;13933.478551;21.857;21.837;0.019999999999999574
2026-09-22T15:02:24.275+02:00;13935.275989;21.857;21.837;0.019999999999999574
2026-09-22T15:02:26.072+02:00;13937.073396;21.857;21.837;0.019999999999999574
2026-09-22T15:02:27.870+02:00;13938.870819;21.857;21.837;0.019999999999999574
2026-09-22T15:02:29.667+02:00;13940.668332;21.857;21.837;0.019999999999999574
2026-09-22T15:02:31.465+02:00;13942.465669;21.857;21.837;0.019999999999999574
2026-09-22T15:02:33.262+02:00;13944.263062;21.857;21.837;0.019999999999999574
2026-09-22T15:02:35.061+02:00;13946.061485;21.857;21.837;0.019999999999999574
2026-09-22T15:02:36.857+02:00;13947.857872;21.857;21.837;0.019999999999999574
2026-09-22T15:02:38.654+02:00;13949.655301;21.857;21.837;0.019999999999999574
2026-09-22T15:02:40.452+02:00;13951.452728;21.857;21.837;0.019999999999999574
2026-09-22T15:02:42.249+02:00;13953.250163;21.857;21.837;0.019999999999999574
2026-09-22T15:02:44.047+02:00;13955.047654;21.857;21.838;0.01899999999999835
2026-09-22T15:02:45.845+02:00;13956.846072;21.857;21.838;0.01899999999999835
2026-09-22T15:02:47.643+02:00;13958.643529;21.857;21.837;0.019999999999999574
2026-09-22T15:02:49.439+02:00;13960.439904;21.857;21.838;0.01899999999999835
2026-09-22T15:02:51.236+02:00;13962.237307;21.857;21.837;0.019999999999999574
2026-09-22T15:02:53.034+02:00;13964.034823;21.857;21.838;0.01899999999999835
2026-09-22T15:02:54.832+02:00;13965.833123;21.857;21.837;0.019999999999999574
2026-09-22T15:02:56.629+02:00;13967.629565;21.857;21.838;0.01899999999999835
2026-09-22T15:02:58.426+02:00;13969.427033;21.857;21.838;0.01899999999999835
2026-09-22T15:03:00.223+02:00;13971.224427;21.857;21.839;0.018000000000000682
2026-09-22T15:03:02.021+02:00;13973.022023;21.857;21.838;0.01899999999999835
2026-09-22T15:03:03.819+02:00;13974.820302;21.857;21.838;0.01899999999999835
2026-09-22T15:03:05.616+02:00;13976.616734;21.857;21.843;0.013999999999999346
2026-09-22T15:03:07.414+02:00;13978.415189;21.857;21.839;0.018000000000000682
2026-09-22T15:03:09.211+02:00;13980.211587;21.857;21.84;0.01699999999999946
2026-09-22T15:03:11.008+02:00;13982.009196;21.857;21.839;0.018000000000000682
2026-09-22T15:03:12.805+02:00;13983.806443;21.857;21.84;0.01699999999999946
2026-09-22T15:03:14.603+02:00;13985.603896;21.857;21.842;0.015000000000000568
2026-09-22T15:03:16.400+02:00;13987.401291;21.857;21.838;0.01899999999999835
2026-09-22T15:03:18.781+02:00;13989.782082;21.857;21.842;0.015000000000000568
2026-09-22T15:03:20.570+02:00;13991.570592;21.858;21.847;0.010999999999999233
2026-09-22T15:03:22.367+02:00;13993.368015;21.857;21.846;0.010999999999999233
2026-09-22T15:03:24.709+02:00;13995.710037;21.858;21.847;0.010999999999999233
2026-09-22T15:03:26.499+02:00;13997.499567;21.857;21.849;0.007999999999999119
2026-09-22T15:03:28.295+02:00;13999.295981;21.858;21.848;0.010000000000001563
2026-09-22T15:03:30.093+02:00;14001.093594;21.859;21.845;0.014000000000002899
2026-09-22T15:03:31.891+02:00;14002.891840;21.857;21.852;0.004999999999999005
2026-09-22T15:03:33.687+02:00;14004.688246;21.857;21.85;0.006999999999997897
2026-09-22T15:03:35.485+02:00;14006.485694;21.859;21.85;0.009000000000000341
2026-09-22T15:03:37.282+02:00;14008.283099;21.858;21.851;0.0070000000000014495
2026-09-22T15:03:39.080+02:00;14010.080503;21.858;21.849;0.009000000000000341
2026-09-22T15:03:40.878+02:00;14011.878936;21.859;21.849;0.010000000000001563
2026-09-22T15:03:42.674+02:00;14013.675326;21.862;21.852;0.00999999999999801
2026-09-22T15:03:44.472+02:00;14015.472896;21.858;21.851;0.0070000000000014495
2026-09-22T15:03:46.269+02:00;14017.270155;21.862;21.854;0.007999999999999119
2026-09-22T15:03:48.067+02:00;14019.067621;21.864;21.853;0.010999999999999233
2026-09-22T15:03:49.865+02:00;14020.866092;21.865;21.854;0.010999999999999233
2026-09-22T15:03:51.661+02:00;14022.662440;21.863;21.854;0.009000000000000341
2026-09-22T15:03:53.459+02:00;14024.460046;21.862;21.854;0.007999999999999119
2026-09-22T15:03:55.256+02:00;14026.257257;21.865;21.854;0.010999999999999233
2026-09-22T15:03:57.054+02:00;14028.054698;21.863;21.854;0.009000000000000341
2026-09-22T15:03:58.851+02:00;14029.852182;21.869;21.854;0.015000000000000568
2026-09-22T15:04:00.649+02:00;14031.649514;21.865;21.853;0.011999999999996902
2026-09-22T15:04:02.446+02:00;14033.446958;21.868;21.854;0.013999999999999346
2026-09-22T15:04:04.243+02:00;14035.244419;21.866;21.854;0.012000000000000455
2026-09-22T15:04:06.041+02:00;14037.041853;21.868;21.854;0.013999999999999346
2026-09-22T15:04:07.838+02:00;14038.839373;21.869;21.854;0.015000000000000568
2026-09-22T15:04:09.636+02:00;14040.636627;21.867;21.854;0.013000000000001677
2026-09-22T15:04:11.433+02:00;14042.434088;21.87;21.854;0.01600000000000179
2026-09-22T15:04:13.231+02:00;14044.231480;21.869;21.853;0.015999999999998238
2026-09-22T15:04:15.028+02:00;14046.028927;21.871;21.854;0.01699999999999946
2026-09-22T15:04:16.826+02:00;14047.826540;21.872;21.854;0.018000000000000682
2026-09-22T15:04:18.623+02:00;14049.623792;21.871;21.854;0.01699999999999946
2026-09-22T15:04:20.420+02:00;14051.421267;21.873;21.854;0.019000000000001904
2026-09-22T15:04:22.218+02:00;14053.218739;21.872;21.854;0.018000000000000682
2026-09-22T15:04:24.015+02:00;14055.016005;21.872;21.854;0.018000000000000682
2026-09-22T15:04:25.812+02:00;14056.813464;21.873;21.854;0.019000000000001904
2026-09-22T15:04:27.611+02:00;14058.611832;21.873;21.854;0.019000000000001904
2026-09-22T15:04:29.407+02:00;14060.408272;21.873;21.854;0.019000000000001904
2026-09-22T15:04:31.205+02:00;14062.205864;21.871;21.854;0.01699999999999946
2026-09-22T15:04:33.002+02:00;14064.003110;21.873;21.854;0.019000000000001904
2026-09-22T15:04:34.800+02:00;14065.800584;21.873;21.854;0.019000000000001904
2026-09-22T15:04:36.598+02:00;14067.599001;21.874;21.854;0.019999999999999574
2026-09-22T15:04:38.394+02:00;14069.395413;21.874;21.854;0.019999999999999574
2026-09-22T15:04:40.192+02:00;14071.192796;21.874;21.854;0.019999999999999574
2026-09-22T15:04:41.989+02:00;14072.990161;21.873;21.854;0.019000000000001904
2026-09-22T15:04:43.787+02:00;14074.787592;21.874;21.854;0.019999999999999574
2026-09-22T15:04:45.585+02:00;14076.586161;21.874;21.854;0.019999999999999574
2026-09-22T15:04:47.381+02:00;14078.382447;21.874;21.854;0.019999999999999574
2026-09-22T15:04:49.179+02:00;14080.179893;21.874;21.854;0.019999999999999574
2026-09-22T15:04:50.977+02:00;14081.978342;21.874;21.854;0.019999999999999574
2026-09-22T15:04:52.774+02:00;14083.774728;21.874;21.854;0.019999999999999574
2026-09-22T15:04:54.571+02:00;14085.572122;21.874;21.854;0.019999999999999574
2026-09-22T15:04:56.369+02:00;14087.369541;21.874;21.855;0.01899999999999835
2026-09-22T15:04:58.166+02:00;14089.166964;21.874;21.854;0.019999999999999574
2026-09-22T15:04:59.964+02:00;14090.965455;21.874;21.855;0.01899999999999835
2026-09-22T15:05:01.761+02:00;14092.761810;21.874;21.854;0.019999999999999574
2026-09-22T15:05:03.558+02:00;14094.559247;21.874;21.854;0.019999999999999574
2026-09-22T15:05:05.357+02:00;14096.357666;21.874;21.855;0.01899999999999835
2026-09-22T15:05:07.153+02:00;14098.154158;21.874;21.855;0.01899999999999835
2026-09-22T15:05:08.952+02:00;14099.952658;21.874;21.856;0.01799999999999713
2026-09-22T15:05:10.748+02:00;14101.748905;21.874;21.854;0.019999999999999574
2026-09-22T15:05:12.545+02:00;14103.546355;21.874;21.854;0.019999999999999574
2026-09-22T15:05:14.343+02:00;14105.343773;21.874;21.857;0.01699999999999946
2026-09-22T15:05:16.140+02:00;14107.141170;21.874;21.855;0.01899999999999835
2026-09-22T15:05:17.939+02:00;14108.939645;21.874;21.855;0.01899999999999835
2026-09-22T15:05:19.735+02:00;14110.736031;21.874;21.856;0.01799999999999713
2026-09-22T15:05:21.532+02:00;14112.533416;21.874;21.858;0.015999999999998238
2026-09-22T15:05:23.330+02:00;14114.330969;21.874;21.857;0.01699999999999946
2026-09-22T15:05:25.127+02:00;14116.128245;21.874;21.855;0.01899999999999835
2026-09-22T15:05:26.925+02:00;14117.925656;21.874;21.858;0.015999999999998238
2026-09-22T15:05:28.722+02:00;14119.723073;21.874;21.858;0.015999999999998238
2026-09-22T15:05:30.520+02:00;14121.520502;21.874;21.861;0.012999999999998124
2026-09-22T15:05:32.317+02:00;14123.317948;21.874;21.86;0.013999999999999346
2026-09-22T15:05:34.114+02:00;14125.115378;21.874;21.86;0.013999999999999346
2026-09-22T15:05:36.263+02:00;14127.264234;21.875;21.866;0.009000000000000341
2026-09-22T15:05:38.061+02:00;14129.061531;21.874;21.862;0.012000000000000455
2026-09-22T15:05:39.858+02:00;14130.858975;21.874;21.864;0.00999999999999801
2026-09-22T15:05:41.656+02:00;14132.657408;21.877;21.866;0.010999999999999233
2026-09-22T15:05:43.453+02:00;14134.453862;21.874;21.864;0.00999999999999801
2026-09-22T15:05:45.250+02:00;14136.251421;21.874;21.865;0.009000000000000341
2026-09-22T15:05:47.448+02:00;14138.448949;21.874;21.868;0.006000000000000227
2026-09-22T15:05:49.246+02:00;14140.246496;21.874;21.866;0.007999999999999119
2026-09-22T15:05:51.043+02:00;14142.043779;21.874;21.867;0.006999999999997897
2026-09-22T15:05:52.840+02:00;14143.841226;21.875;21.866;0.009000000000000341
2026-09-22T15:05:54.638+02:00;14145.638634;21.875;21.869;0.006000000000000227
2026-09-22T15:05:56.435+02:00;14147.436145;21.876;21.866;0.010000000000001563
2026-09-22T15:05:58.233+02:00;14149.233501;21.876;21.869;0.0070000000000014495
2026-09-22T15:06:00.031+02:00;14151.031883;21.878;21.869;0.009000000000000341
2026-09-22T15:06:01.827+02:00;14152.828298;21.877;21.869;0.007999999999999119
2026-09-22T15:06:04.205+02:00;14155.206415;21.879;21.869;0.010000000000001563
2026-09-22T15:06:05.994+02:00;14156.994927;21.878;21.87;0.007999999999999119
2026-09-22T15:06:07.790+02:00;14158.791312;21.877;21.87;0.006999999999997897
2026-09-22T15:06:09.588+02:00;14160.588932;21.877;21.869;0.007999999999999119
2026-09-22T15:06:11.385+02:00;14162.386176;21.878;21.868;0.010000000000001563
2026-09-22T15:06:13.184+02:00;14164.184578;21.881;21.87;0.010999999999999233
2026-09-22T15:06:14.980+02:00;14165.981038;21.877;21.87;0.006999999999997897
2026-09-22T15:06:16.777+02:00;14167.778383;21.882;21.869;0.013000000000001677
2026-09-22T15:06:18.575+02:00;14169.575759;21.884;21.87;0.013999999999999346
2026-09-22T15:06:20.372+02:00;14171.373183;21.881;21.87;0.010999999999999233
2026-09-22T15:06:22.170+02:00;14173.170623;21.884;21.87;0.013999999999999346
2026-09-22T15:06:23.967+02:00;14174.967971;21.88;21.87;0.00999999999999801
2026-09-22T15:06:25.764+02:00;14176.765437;21.886;21.87;0.015999999999998238
2026-09-22T15:06:27.562+02:00;14178.562809;21.887;21.87;0.01699999999999946
2026-09-22T15:06:29.359+02:00;14180.360342;21.888;21.87;0.018000000000000682
2026-09-22T15:06:31.157+02:00;14182.157583;21.888;21.87;0.018000000000000682
2026-09-22T15:06:32.954+02:00;14183.954987;21.889;21.87;0.01899999999999835
2026-09-22T15:06:34.751+02:00;14185.752449;21.887;21.87;0.01699999999999946
2026-09-22T15:06:36.549+02:00;14187.549794;21.886;21.87;0.015999999999998238
2026-09-22T15:06:38.346+02:00;14189.347247;21.89;21.87;0.019999999999999574
2026-09-22T15:06:40.144+02:00;14191.144604;21.885;21.87;0.015000000000000568
2026-09-22T15:06:41.941+02:00;14192.942082;21.887;21.87;0.01699999999999946
2026-09-22T15:06:43.738+02:00;14194.739420;21.89;21.87;0.019999999999999574
2026-09-22T15:06:45.945+02:00;14196.945698;21.89;21.87;0.019999999999999574
2026-09-22T15:06:47.742+02:00;14198.742871;21.89;21.87;0.019999999999999574
2026-09-22T15:06:49.539+02:00;14200.540285;21.889;21.87;0.01899999999999835
2026-09-22T15:06:51.761+02:00;14202.761615;21.89;21.87;0.019999999999999574
2026-09-22T15:06:53.558+02:00;14204.558969;21.89;21.87;0.019999999999999574
2026-09-22T15:06:55.355+02:00;14206.356389;21.889;21.87;0.01899999999999835
2026-09-22T15:06:57.153+02:00;14208.153914;21.89;21.87;0.019999999999999574
2026-09-22T15:06:58.950+02:00;14209.951171;21.89;21.87;0.019999999999999574
2026-09-22T15:07:00.748+02:00;14211.748646;21.89;21.87;0.019999999999999574
2026-09-22T15:07:02.546+02:00;14213.547034;21.89;21.87;0.019999999999999574
2026-09-22T15:07:04.342+02:00;14215.343447;21.89;21.871;0.019000000000001904
2026-09-22T15:07:06.140+02:00;14217.140850;21.889;21.87;0.01899999999999835
2026-09-22T15:07:07.937+02:00;14218.938254;21.889;21.87;0.01899999999999835
2026-09-22T15:07:09.735+02:00;14220.735701;21.89;21.87;0.019999999999999574
2026-09-22T15:07:11.532+02:00;14222.533239;21.89;21.87;0.019999999999999574
2026-09-22T15:07:13.330+02:00;14224.330499;21.89;21.87;0.019999999999999574
2026-09-22T15:07:15.127+02:00;14226.127942;21.89;21.87;0.019999999999999574
2026-09-22T15:07:16.925+02:00;14227.926347;21.89;21.871;0.019000000000001904
2026-09-22T15:07:18.722+02:00;14229.722732;21.89;21.871;0.019000000000001904
2026-09-22T15:07:20.519+02:00;14231.520178;21.89;21.87;0.019999999999999574
2026-09-22T15:07:22.317+02:00;14233.317577;21.89;21.871;0.019000000000001904
2026-09-22T15:07:24.114+02:00;14235.115009;21.89;21.871;0.019000000000001904
2026-09-22T15:07:25.912+02:00;14236.912537;21.89;21.87;0.019999999999999574
2026-09-22T15:07:27.709+02:00;14238.709783;21.89;21.871;0.019000000000001904
2026-09-22T15:07:29.506+02:00;14240.507173;21.89;21.871;0.019000000000001904
2026-09-22T15:07:31.690+02:00;14242.691342;21.89;21.871;0.019000000000001904
2026-09-22T15:07:33.488+02:00;14244.488795;21.89;21.871;0.019000000000001904
2026-09-22T15:07:35.808+02:00;14246.808958;21.89;21.871;0.019000000000001904
2026-09-22T15:07:37.597+02:00;14248.597525;21.89;21.87;0.019999999999999574
2026-09-22T15:07:39.394+02:00;14250.394974;21.89;21.874;0.01600000000000179
2026-09-22T15:07:41.191+02:00;14252.192323;21.89;21.872;0.018000000000000682
2026-09-22T15:07:42.989+02:00;14253.989910;21.89;21.871;0.019000000000001904
2026-09-22T15:07:44.787+02:00;14255.788318;21.891;21.874;0.01699999999999946
2026-09-22T15:07:46.584+02:00;14257.584583;21.89;21.875;0.015000000000000568
2026-09-22T15:07:48.381+02:00;14259.382013;21.89;21.876;0.013999999999999346
2026-09-22T15:07:50.178+02:00;14261.179411;21.89;21.875;0.015000000000000568
2026-09-22T15:07:51.976+02:00;14262.976790;21.89;21.875;0.015000000000000568
2026-09-22T15:07:53.773+02:00;14264.774236;21.89;21.881;0.009000000000000341
2026-09-22T15:07:55.571+02:00;14266.571607;21.89;21.878;0.012000000000000455
2026-09-22T15:07:57.368+02:00;14268.369209;21.89;21.874;0.01600000000000179
2026-09-22T15:07:59.165+02:00;14270.166411;21.89;21.879;0.010999999999999233
2026-09-22T15:08:00.963+02:00;14271.963838;21.89;21.877;0.013000000000001677
2026-09-22T15:08:02.760+02:00;14273.761336;21.89;21.879;0.010999999999999233
2026-09-22T15:08:04.558+02:00;14275.558643;21.891;21.879;0.011999999999996902
2026-09-22T15:08:06.355+02:00;14277.356116;21.891;21.88;0.010999999999999233
2026-09-22T15:08:08.153+02:00;14279.153482;21.891;21.879;0.011999999999996902
2026-09-22T15:08:10.278+02:00;14281.278931;21.891;21.885;0.005999999999996675
2026-09-22T15:08:12.077+02:00;14283.077480;21.893;21.885;0.007999999999999119
2026-09-22T15:08:13.874+02:00;14284.874737;21.892;21.884;0.007999999999999119
2026-09-22T15:08:15.670+02:00;14286.671163;21.891;21.881;0.00999999999999801
2026-09-22T15:08:17.468+02:00;14288.468605;21.893;21.885;0.007999999999999119
2026-09-22T15:08:19.265+02:00;14290.266012;21.894;21.883;0.010999999999999233
2026-09-22T15:08:21.666+02:00;14292.666684;21.891;21.885;0.005999999999996675
2026-09-22T15:08:23.454+02:00;14294.455140;21.896;21.885;0.010999999999999233
2026-09-22T15:08:25.252+02:00;14296.252754;21.892;21.885;0.006999999999997897
2026-09-22T15:08:27.049+02:00;14298.050035;21.894;21.885;0.008999999999996788
2026-09-22T15:08:28.847+02:00;14299.848449;21.897;21.885;0.011999999999996902
2026-09-22T15:08:30.644+02:00;14301.644857;21.899;21.885;0.013999999999999346
2026-09-22T15:08:32.441+02:00;14303.442292;21.898;21.885;0.012999999999998124
2026-09-22T15:08:34.239+02:00;14305.239708;21.898;21.885;0.012999999999998124
2026-09-22T15:08:36.036+02:00;14307.037087;21.898;21.886;0.012000000000000455
2026-09-22T15:08:37.833+02:00;14308.834469;21.897;21.885;0.011999999999996902
2026-09-22T15:08:39.631+02:00;14310.632040;21.901;21.886;0.015000000000000568
2026-09-22T15:08:41.428+02:00;14312.429308;21.899;21.885;0.013999999999999346
2026-09-22T15:08:43.226+02:00;14314.226724;21.901;21.886;0.015000000000000568
2026-09-22T15:08:45.023+02:00;14316.024147;21.902;21.886;0.01600000000000179
2026-09-22T15:08:46.821+02:00;14317.821506;21.902;21.886;0.01600000000000179
2026-09-22T15:08:48.618+02:00;14319.618919;21.9;21.886;0.013999999999999346
2026-09-22T15:08:50.415+02:00;14321.416352;21.904;21.886;0.018000000000000682
2026-09-22T15:08:52.213+02:00;14323.213720;21.902;21.885;0.01699999999999946
2026-09-22T15:08:54.010+02:00;14325.011099;21.904;21.886;0.018000000000000682
2026-09-22T15:08:55.808+02:00;14326.808528;21.905;21.886;0.019000000000001904
2026-09-22T15:08:57.605+02:00;14328.605954;21.903;21.886;0.01699999999999946
2026-09-22T15:08:59.403+02:00;14330.403494;21.905;21.886;0.019000000000001904
2026-09-22T15:09:01.201+02:00;14332.201721;21.905;21.886;0.019000000000001904
2026-09-22T15:09:02.997+02:00;14333.998122;21.905;21.886;0.019000000000001904
2026-09-22T15:09:04.795+02:00;14335.795590;21.906;21.886;0.019999999999999574
2026-09-22T15:09:06.592+02:00;14337.592933;21.905;21.886;0.019000000000001904
2026-09-22T15:09:08.389+02:00;14339.390298;21.905;21.886;0.019000000000001904
2026-09-22T15:09:10.188+02:00;14341.188756;21.905;21.886;0.019000000000001904
2026-09-22T15:09:11.984+02:00;14342.985171;21.906;21.886;0.019999999999999574
2026-09-22T15:09:13.782+02:00;14344.782797;21.906;21.886;0.019999999999999574
2026-09-22T15:09:15.580+02:00;14346.581034;21.906;21.886;0.019999999999999574
2026-09-22T15:09:17.376+02:00;14348.377414;21.906;21.886;0.019999999999999574
2026-09-22T15:09:19.174+02:00;14350.174954;21.906;21.886;0.019999999999999574
2026-09-22T15:09:20.971+02:00;14351.972207;21.906;21.886;0.019999999999999574
2026-09-22T15:09:22.769+02:00;14353.769651;21.906;21.886;0.019999999999999574
2026-09-22T15:09:24.566+02:00;14355.567060;21.906;21.886;0.019999999999999574
2026-09-22T15:09:26.363+02:00;14357.364446;21.906;21.886;0.019999999999999574
2026-09-22T15:09:28.161+02:00;14359.161828;21.906;21.886;0.019999999999999574
2026-09-22T15:09:29.959+02:00;14360.960256;21.906;21.886;0.019999999999999574
2026-09-22T15:09:31.756+02:00;14362.756644;21.906;21.886;0.019999999999999574
2026-09-22T15:09:33.553+02:00;14364.554195;21.906;21.886;0.019999999999999574
2026-09-22T15:09:35.350+02:00;14366.351448;21.906;21.886;0.019999999999999574
2026-09-22T15:09:37.148+02:00;14368.148990;21.906;21.886;0.019999999999999574
2026-09-22T15:09:38.946+02:00;14369.947302;21.906;21.887;0.01899999999999835
2026-09-22T15:09:40.743+02:00;14371.743704;21.906;21.886;0.019999999999999574
2026-09-22T15:09:42.540+02:00;14373.541113;21.906;21.887;0.01899999999999835
2026-09-22T15:09:44.339+02:00;14375.339499;21.906;21.887;0.01899999999999835
2026-09-22T15:09:46.135+02:00;14377.135919;21.906;21.886;0.019999999999999574
2026-09-22T15:09:47.934+02:00;14378.934484;21.906;21.887;0.01899999999999835
2026-09-22T15:09:49.730+02:00;14380.730704;21.906;21.887;0.01899999999999835
2026-09-22T15:09:51.527+02:00;14382.528159;21.906;21.886;0.019999999999999574
2026-09-22T15:09:53.325+02:00;14384.325590;21.906;21.886;0.019999999999999574
2026-09-22T15:09:55.122+02:00;14386.122999;21.906;21.888;0.01799999999999713
2026-09-22T15:09:56.920+02:00;14387.921442;21.906;21.887;0.01899999999999835
2026-09-22T15:09:58.717+02:00;14389.717858;21.906;21.889;0.01699999999999946
2026-09-22T15:10:00.514+02:00;14391.515255;21.906;21.889;0.01699999999999946
2026-09-22T15:10:02.312+02:00;14393.312780;21.906;21.889;0.01699999999999946
2026-09-22T15:10:04.109+02:00;14395.110046;21.906;21.89;0.015999999999998238
2026-09-22T15:10:05.906+02:00;14396.907443;21.907;21.894;0.013000000000001677
2026-09-22T15:10:07.704+02:00;14398.704941;21.906;21.892;0.013999999999999346
2026-09-22T15:10:09.501+02:00;14400.502344;21.906;21.892;0.013999999999999346
2026-09-22T15:10:11.300+02:00;14402.300643;21.906;21.891;0.015000000000000568
2026-09-22T15:10:13.096+02:00;14404.097109;21.907;21.892;0.015000000000000568
2026-09-22T15:10:14.894+02:00;14405.894518;21.906;21.894;0.012000000000000455
2026-09-22T15:10:16.691+02:00;14407.692106;21.906;21.895;0.010999999999999233
2026-09-22T15:10:18.488+02:00;14409.489288;21.906;21.892;0.013999999999999346
2026-09-22T15:10:20.286+02:00;14411.286705;21.907;21.897;0.010000000000001563
2026-09-22T15:10:22.083+02:00;14413.084213;21.907;21.895;0.012000000000000455
2026-09-22T15:10:23.881+02:00;14414.881570;21.908;21.896;0.012000000000000455
2026-09-22T15:10:25.678+02:00;14416.679007;21.906;21.898;0.007999999999999119
2026-09-22T15:10:27.475+02:00;14418.476399;21.906;21.899;0.006999999999997897
2026-09-22T15:10:29.273+02:00;14420.273870;21.906;21.896;0.00999999999999801
2026-09-22T15:10:31.070+02:00;14422.071394;21.909;21.895;0.013999999999999346
2026-09-22T15:10:32.868+02:00;14423.868647;21.909;21.9;0.009000000000000341
2026-09-22T15:10:34.665+02:00;14425.666031;21.908;21.899;0.009000000000000341
2026-09-22T15:10:36.463+02:00;14427.463494;21.907;21.899;0.007999999999999119
2026-09-22T15:10:38.260+02:00;14429.260917;21.907;21.9;0.0070000000000014495
2026-09-22T15:10:40.057+02:00;14431.058304;21.907;21.9;0.0070000000000014495
2026-09-22T15:10:41.855+02:00;14432.855730;21.913;21.901;0.012000000000000455
2026-09-22T15:10:43.652+02:00;14434.653164;21.907;21.902;0.004999999999999005
2026-09-22T15:10:45.859+02:00;14436.859710;21.909;21.901;0.007999999999999119
2026-09-22T15:10:47.656+02:00;14438.657087;21.91;21.902;0.007999999999999119
2026-09-22T15:10:49.453+02:00;14440.454428;21.914;21.902;0.012000000000000455
2026-09-22T15:10:51.251+02:00;14442.251859;21.91;21.902;0.007999999999999119
2026-09-22T15:10:53.048+02:00;14444.049250;21.91;21.902;0.007999999999999119
2026-09-22T15:10:54.846+02:00;14445.846675;21.913;21.901;0.012000000000000455
2026-09-22T15:10:56.643+02:00;14447.644112;21.919;21.901;0.018000000000000682
2026-09-22T15:10:58.441+02:00;14449.441492;21.917;21.902;0.015000000000000568
2026-09-22T15:11:00.238+02:00;14451.239002;21.917;21.902;0.015000000000000568
2026-09-22T15:11:02.036+02:00;14453.036499;21.917;21.902;0.015000000000000568
2026-09-22T15:11:03.833+02:00;14454.833748;21.917;21.902;0.015000000000000568
2026-09-22T15:11:05.630+02:00;14456.631130;21.913;21.902;0.010999999999999233
2026-09-22T15:11:07.428+02:00;14458.428577;21.917;21.902;0.015000000000000568
2026-09-22T15:11:09.225+02:00;14460.225922;21.918;21.902;0.015999999999998238
2026-09-22T15:11:11.023+02:00;14462.024377;21.921;21.902;0.01899999999999835
2026-09-22T15:11:12.820+02:00;14463.820888;21.92;21.902;0.018000000000000682
2026-09-22T15:11:14.617+02:00;14465.618327;21.92;21.902;0.018000000000000682
2026-09-22T15:11:16.415+02:00;14467.415702;21.92;21.902;0.018000000000000682
2026-09-22T15:11:18.212+02:00;14469.213064;21.921;21.902;0.01899999999999835
2026-09-22T15:11:20.011+02:00;14471.011487;21.92;21.902;0.018000000000000682
2026-09-22T15:11:21.807+02:00;14472.807905;21.92;21.902;0.018000000000000682
2026-09-22T15:11:23.605+02:00;14474.605510;21.921;21.902;0.01899999999999835
2026-09-22T15:11:25.402+02:00;14476.402707;21.921;21.902;0.01899999999999835
2026-09-22T15:11:27.199+02:00;14478.200164;21.921;21.902;0.01899999999999835
2026-09-22T15:11:28.998+02:00;14479.998601;21.922;21.902;0.019999999999999574
2026-09-22T15:11:30.794+02:00;14481.795014;21.922;21.902;0.019999999999999574
2026-09-22T15:11:33.151+02:00;14484.151675;21.922;21.902;0.019999999999999574
2026-09-22T15:11:34.938+02:00;14485.939040;21.922;21.902;0.019999999999999574
2026-09-22T15:11:36.735+02:00;14487.736436;21.921;21.902;0.01899999999999835
2026-09-22T15:11:38.533+02:00;14489.533846;21.922;21.902;0.019999999999999574
2026-09-22T15:11:40.330+02:00;14491.331252;21.922;21.902;0.019999999999999574
2026-09-22T15:11:42.129+02:00;14493.129908;21.922;21.902;0.019999999999999574
2026-09-22T15:11:43.925+02:00;14494.926125;21.921;21.902;0.01899999999999835
2026-09-22T15:11:45.723+02:00;14496.723543;21.922;21.902;0.019999999999999574
2026-09-22T15:11:48.025+02:00;14499.026375;21.922;21.902;0.019999999999999574
2026-09-22T15:11:49.814+02:00;14500.814796;21.922;21.902;0.019999999999999574
2026-09-22T15:11:51.611+02:00;14502.612268;21.921;21.903;0.018000000000000682
2026-09-22T15:11:53.409+02:00;14504.409663;21.922;21.902;0.019999999999999574
2026-09-22T15:11:55.207+02:00;14506.208157;21.922;21.905;0.01699999999999946
2026-09-22T15:11:57.004+02:00;14508.004500;21.922;21.902;0.019999999999999574
2026-09-22T15:11:58.801+02:00;14509.801910;21.922;21.903;0.019000000000001904
2026-09-22T15:12:00.598+02:00;14511.599404;21.922;21.902;0.019999999999999574
2026-09-22T15:12:02.396+02:00;14513.396826;21.922;21.904;0.018000000000000682
2026-09-22T15:12:04.194+02:00;14515.195372;21.922;21.903;0.019000000000001904
2026-09-22T15:12:05.991+02:00;14516.991667;21.922;21.904;0.018000000000000682
2026-09-22T15:12:07.788+02:00;14518.789094;21.922;21.904;0.018000000000000682
2026-09-22T15:12:09.586+02:00;14520.586483;21.922;21.903;0.019000000000001904
2026-09-22T15:12:11.383+02:00;14522.383950;21.922;21.904;0.018000000000000682
2026-09-22T15:12:13.182+02:00;14524.182528;21.922;21.904;0.018000000000000682
2026-09-22T15:12:14.978+02:00;14525.978783;21.922;21.903;0.019000000000001904
2026-09-22T15:12:16.776+02:00;14527.777204;21.922;21.904;0.018000000000000682
2026-09-22T15:12:18.573+02:00;14529.573623;21.922;21.903;0.019000000000001904
2026-09-22T15:12:20.370+02:00;14531.371050;21.922;21.906;0.01600000000000179
2026-09-22T15:12:22.167+02:00;14533.168461;21.922;21.903;0.019000000000001904
2026-09-22T15:12:23.965+02:00;14534.965871;21.922;21.906;0.01600000000000179
2026-09-22T15:12:25.762+02:00;14536.763351;21.922;21.905;0.01699999999999946
2026-09-22T15:12:27.560+02:00;14538.560834;21.922;21.907;0.015000000000000568
2026-09-22T15:12:29.357+02:00;14540.358205;21.922;21.909;0.013000000000001677
2026-09-22T15:12:31.155+02:00;14542.155593;21.922;21.908;0.013999999999999346
2026-09-22T15:12:32.952+02:00;14543.953007;21.922;21.907;0.015000000000000568
2026-09-22T15:12:34.749+02:00;14545.750454;21.922;21.91;0.012000000000000455
2026-09-22T15:12:36.547+02:00;14547.548016;21.922;21.908;0.013999999999999346
2026-09-22T15:12:38.344+02:00;14549.345260;21.922;21.91;0.012000000000000455
2026-09-22T15:12:40.142+02:00;14551.142713;21.922;21.911;0.010999999999999233
2026-09-22T15:12:41.939+02:00;14552.940160;21.922;21.912;0.010000000000001563
2026-09-22T15:12:43.737+02:00;14554.737623;21.924;21.909;0.015000000000000568
2026-09-22T15:12:46.074+02:00;14557.075459;21.923;21.911;0.011999999999996902
2026-09-22T15:12:47.863+02:00;14558.863991;21.922;21.914;0.007999999999999119
2026-09-22T15:12:49.660+02:00;14560.661457;21.923;21.912;0.010999999999999233
2026-09-22T15:12:51.458+02:00;14562.458888;21.923;21.916;0.006999999999997897
2026-09-22T15:12:53.256+02:00;14564.257364;21.925;21.915;0.010000000000001563
2026-09-22T15:12:55.054+02:00;14566.054754;21.923;21.918;0.004999999999999005
2026-09-22T15:12:56.850+02:00;14567.851193;21.922;21.918;0.004000000000001336
2026-09-22T15:12:58.648+02:00;14569.648672;21.924;21.916;0.007999999999999119
2026-09-22T15:13:00.445+02:00;14571.446050;21.924;21.919;0.004999999999999005
2026-09-22T15:13:02.243+02:00;14573.243581;21.927;21.916;0.010999999999999233
2026-09-22T15:13:04.040+02:00;14575.040880;21.925;21.916;0.009000000000000341
2026-09-22T15:13:05.837+02:00;14576.838290;21.929;21.919;0.00999999999999801
2026-09-22T15:13:07.635+02:00;14578.635719;21.927;21.918;0.009000000000000341
2026-09-22T15:13:09.432+02:00;14580.433090;21.925;21.919;0.006000000000000227
2026-09-22T15:13:11.231+02:00;14582.231831;21.927;21.919;0.007999999999999119
2026-09-22T15:13:13.027+02:00;14584.027987;21.925;21.919;0.006000000000000227
2026-09-22T15:13:14.824+02:00;14585.825347;21.931;21.918;0.013000000000001677
2026-09-22T15:13:16.622+02:00;14587.622854;21.93;21.919;0.010999999999999233
2026-09-22T15:13:18.419+02:00;14589.420216;21.932;21.919;0.012999999999998124
2026-09-22T15:13:20.218+02:00;14591.218629;21.931;21.919;0.012000000000000455
2026-09-22T15:13:22.014+02:00;14593.015049;21.933;21.919;0.013999999999999346
2026-09-22T15:13:23.812+02:00;14594.812494;21.932;21.919;0.012999999999998124
2026-09-22T15:13:25.609+02:00;14596.610029;21.932;21.919;0.012999999999998124
2026-09-22T15:13:27.406+02:00;14598.407342;21.932;21.919;0.012999999999998124
2026-09-22T15:13:29.204+02:00;14600.204747;21.936;21.919;0.01699999999999946
2026-09-22T15:13:31.001+02:00;14602.002213;21.933;21.919;0.013999999999999346
2026-09-22T15:13:32.799+02:00;14603.799659;21.936;21.919;0.01699999999999946
2026-09-22T15:13:34.596+02:00;14605.597244;21.934;21.919;0.015000000000000568
2026-09-22T15:13:36.394+02:00;14607.394525;21.935;21.919;0.015999999999998238
2026-09-22T15:13:38.191+02:00;14609.191925;21.936;21.919;0.01699999999999946
2026-09-22T15:13:39.988+02:00;14610.989366;21.938;21.919;0.01899999999999835
2026-09-22T15:13:41.786+02:00;14612.786800;21.936;21.919;0.01699999999999946
2026-09-22T15:13:43.583+02:00;14614.584415;21.939;21.919;0.019999999999999574
2026-09-22T15:13:45.381+02:00;14616.381652;21.938;21.919;0.01899999999999835
2026-09-22T15:13:47.178+02:00;14618.179104;21.939;21.919;0.019999999999999574
2026-09-22T15:13:48.976+02:00;14619.976531;21.939;21.919;0.019999999999999574
2026-09-22T15:13:50.773+02:00;14621.773891;21.939;21.919;0.019999999999999574
2026-09-22T15:13:52.570+02:00;14623.571299;21.939;21.919;0.019999999999999574
2026-09-22T15:13:54.368+02:00;14625.368794;21.939;21.919;0.019999999999999574
2026-09-22T15:13:56.165+02:00;14627.166175;21.938;21.919;0.01899999999999835
2026-09-22T15:13:57.963+02:00;14628.963710;21.939;21.919;0.019999999999999574
2026-09-22T15:14:00.343+02:00;14631.343815;21.939;21.919;0.019999999999999574
2026-09-22T15:14:02.130+02:00;14633.131141;21.939;21.919;0.019999999999999574
2026-09-22T15:14:03.928+02:00;14634.928589;21.939;21.919;0.019999999999999574
2026-09-22T15:14:05.725+02:00;14636.726054;21.938;21.919;0.01899999999999835
2026-09-22T15:14:07.522+02:00;14638.523453;21.939;21.919;0.019999999999999574
2026-09-22T15:14:09.321+02:00;14640.321951;21.939;21.919;0.019999999999999574
2026-09-22T15:14:11.117+02:00;14642.118314;21.939;21.919;0.019999999999999574
2026-09-22T15:14:12.915+02:00;14643.915737;21.939;21.919;0.019999999999999574
2026-09-22T15:14:14.712+02:00;14645.713186;21.939;21.919;0.019999999999999574
2026-09-22T15:14:16.510+02:00;14647.510585;21.939;21.919;0.019999999999999574
2026-09-22T15:14:18.307+02:00;14649.308164;21.939;21.919;0.019999999999999574
2026-09-22T15:14:20.105+02:00;14651.105476;21.939;21.919;0.019999999999999574
2026-09-22T15:14:21.902+02:00;14652.902927;21.939;21.919;0.019999999999999574
2026-09-22T15:14:23.699+02:00;14654.700291;21.939;21.919;0.019999999999999574
2026-09-22T15:14:25.497+02:00;14656.497717;21.939;21.919;0.019999999999999574
2026-09-22T15:14:27.294+02:00;14658.295375;21.939;21.92;0.01899999999999835
2026-09-22T15:14:29.092+02:00;14660.092582;21.939;21.92;0.01899999999999835
2026-09-22T15:14:30.889+02:00;14661.889980;21.939;21.921;0.018000000000000682
2026-09-22T15:14:32.686+02:00;14663.687465;21.939;21.921;0.018000000000000682
2026-09-22T15:14:34.484+02:00;14665.484867;21.939;21.921;0.018000000000000682
2026-09-22T15:14:36.282+02:00;14667.282511;21.939;21.919;0.019999999999999574
2026-09-22T15:14:38.079+02:00;14669.079751;21.939;21.921;0.018000000000000682
2026-09-22T15:14:39.876+02:00;14670.877164;21.939;21.92;0.01899999999999835
2026-09-22T15:14:41.674+02:00;14672.674659;21.939;21.921;0.018000000000000682
2026-09-22T15:14:43.471+02:00;14674.472012;21.939;21.921;0.018000000000000682
2026-09-22T15:14:45.268+02:00;14676.269429;21.939;21.921;0.018000000000000682
2026-09-22T15:14:47.066+02:00;14678.066860;21.939;21.924;0.015000000000000568
2026-09-22T15:14:48.863+02:00;14679.864278;21.939;21.923;0.01600000000000179
2026-09-22T15:14:50.661+02:00;14681.661829;21.939;21.924;0.015000000000000568
2026-09-22T15:14:52.458+02:00;14683.459157;21.939;21.925;0.013999999999999346
2026-09-22T15:14:54.256+02:00;14685.256565;21.94;21.927;0.013000000000001677
2026-09-22T15:14:56.054+02:00;14687.054985;21.939;21.926;0.013000000000001677
2026-09-22T15:14:57.850+02:00;14688.851388;21.939;21.926;0.013000000000001677
2026-09-22T15:14:59.648+02:00;14690.649012;21.939;21.927;0.012000000000000455
2026-09-22T15:15:01.445+02:00;14692.446275;21.939;21.931;0.007999999999999119
2026-09-22T15:15:03.243+02:00;14694.243683;21.939;21.931;0.007999999999999119
2026-09-22T15:15:05.040+02:00;14696.041125;21.939;21.93;0.009000000000000341
2026-09-22T15:15:06.839+02:00;14697.839533;21.94;21.932;0.008000000000002672
2026-09-22T15:15:08.635+02:00;14699.635910;21.942;21.932;0.010000000000001563
2026-09-22T15:15:10.827+02:00;14701.827667;21.941;21.934;0.006999999999997897
2026-09-22T15:15:12.624+02:00;14703.625301;21.941;21.932;0.009000000000000341
2026-09-22T15:15:14.423+02:00;14705.423866;21.943;21.934;0.009000000000000341
2026-09-22T15:15:16.219+02:00;14707.219923;21.942;21.93;0.012000000000000455
2026-09-22T15:15:18.016+02:00;14709.017391;21.94;21.933;0.0070000000000014495
2026-09-22T15:15:19.814+02:00;14710.814822;21.941;21.935;0.006000000000000227
2026-09-22T15:15:21.611+02:00;14712.612250;21.942;21.932;0.010000000000001563
2026-09-22T15:15:23.410+02:00;14714.410694;21.944;21.934;0.00999999999999801
2026-09-22T15:15:25.206+02:00;14716.207116;21.943;21.935;0.008000000000002672
2026-09-22T15:15:27.004+02:00;14718.004582;21.948;21.934;0.013999999999999346
2026-09-22T15:15:28.801+02:00;14719.801973;21.942;21.934;0.007999999999999119
2026-09-22T15:15:30.599+02:00;14721.600361;21.946;21.935;0.011000000000002785
2026-09-22T15:15:32.397+02:00;14723.397756;21.946;21.934;0.012000000000000455
2026-09-22T15:15:34.193+02:00;14725.194215;21.947;21.935;0.012000000000000455
2026-09-22T15:15:35.991+02:00;14726.991785;21.946;21.934;0.012000000000000455
2026-09-22T15:15:37.788+02:00;14728.789081;21.949;21.935;0.014000000000002899
2026-09-22T15:15:39.586+02:00;14730.587464;21.948;21.935;0.013000000000001677
2026-09-22T15:15:41.383+02:00;14732.383904;21.948;21.935;0.013000000000001677
2026-09-22T15:15:43.180+02:00;14734.181338;21.951;21.935;0.01600000000000179
2026-09-22T15:15:44.978+02:00;14735.978724;21.953;21.935;0.018000000000000682
2026-09-22T15:15:46.775+02:00;14737.776193;21.951;21.935;0.01600000000000179
2026-09-22T15:15:49.170+02:00;14740.170795;21.951;21.935;0.01600000000000179
2026-09-22T15:15:50.958+02:00;14741.959327;21.954;21.935;0.019000000000001904
2026-09-22T15:15:52.756+02:00;14743.756770;21.952;21.935;0.017000000000003013
2026-09-22T15:15:54.554+02:00;14745.555206;21.954;21.935;0.019000000000001904
2026-09-22T15:15:56.351+02:00;14747.351643;21.952;21.935;0.017000000000003013
2026-09-22T15:15:58.678+02:00;14749.678917;21.955;21.935;0.019999999999999574
2026-09-22T15:16:01.026+02:00;14752.026702;21.954;21.935;0.019000000000001904
2026-09-22T15:16:02.814+02:00;14753.815312;21.955;21.935;0.019999999999999574
2026-09-22T15:16:04.613+02:00;14755.613665;21.955;21.935;0.019999999999999574
2026-09-22T15:16:06.409+02:00;14757.410039;21.952;21.935;0.017000000000003013
2026-09-22T15:16:08.208+02:00;14759.208505;21.955;21.935;0.019999999999999574
2026-09-22T15:16:10.004+02:00;14761.004861;21.955;21.935;0.019999999999999574
2026-09-22T15:16:11.801+02:00;14762.802285;21.955;21.935;0.019999999999999574
2026-09-22T15:16:13.599+02:00;14764.599681;21.955;21.935;0.019999999999999574
2026-09-22T15:16:15.396+02:00;14766.397100;21.955;21.935;0.019999999999999574
2026-09-22T15:16:17.194+02:00;14768.194639;21.955;21.935;0.019999999999999574
2026-09-22T15:16:18.991+02:00;14769.992004;21.955;21.935;0.019999999999999574
2026-09-22T15:16:20.788+02:00;14771.789422;21.955;21.935;0.019999999999999574
2026-09-22T15:16:22.586+02:00;14773.586826;21.955;21.935;0.019999999999999574
2026-09-22T15:16:24.383+02:00;14775.384253;21.955;21.935;0.019999999999999574
2026-09-22T15:16:26.181+02:00;14777.181831;21.955;21.935;0.019999999999999574
2026-09-22T15:16:27.978+02:00;14778.979069;21.955;21.935;0.019999999999999574
2026-09-22T15:16:29.776+02:00;14780.776530;21.955;21.935;0.019999999999999574
2026-09-22T15:16:31.573+02:00;14782.573940;21.955;21.935;0.019999999999999574
2026-09-22T15:16:33.370+02:00;14784.371406;21.955;21.935;0.019999999999999574
2026-09-22T15:16:35.168+02:00;14786.169012;21.954;21.935;0.019000000000001904
2026-09-22T15:16:36.966+02:00;14787.967277;21.955;21.935;0.019999999999999574
2026-09-22T15:16:38.763+02:00;14789.763710;21.955;21.935;0.019999999999999574
2026-09-22T15:16:40.560+02:00;14791.561124;21.955;21.936;0.01899999999999835
2026-09-22T15:16:42.358+02:00;14793.358549;21.955;21.936;0.01899999999999835
2026-09-22T15:16:44.155+02:00;14795.156173;21.955;21.935;0.019999999999999574
2026-09-22T15:16:45.952+02:00;14796.953391;21.955;21.936;0.01899999999999835
2026-09-22T15:16:47.750+02:00;14798.750837;21.955;21.937;0.01799999999999713
2026-09-22T15:16:49.548+02:00;14800.549320;21.955;21.936;0.01899999999999835
2026-09-22T15:16:51.345+02:00;14802.345765;21.955;21.936;0.01899999999999835
2026-09-22T15:16:53.142+02:00;14804.143126;21.955;21.935;0.019999999999999574
2026-09-22T15:16:54.941+02:00;14805.941596;21.955;21.938;0.01699999999999946
2026-09-22T15:16:56.737+02:00;14807.737971;21.955;21.939;0.015999999999998238
2026-09-22T15:16:58.535+02:00;14809.535477;21.955;21.937;0.01799999999999713
2026-09-22T15:17:00.332+02:00;14811.332891;21.955;21.938;0.01699999999999946
2026-09-22T15:17:02.130+02:00;14813.131329;21.955;21.94;0.014999999999997016
2026-09-22T15:17:03.927+02:00;14814.927765;21.955;21.938;0.01699999999999946
2026-09-22T15:17:05.724+02:00;14816.725209;21.955;21.94;0.014999999999997016
2026-09-22T15:17:07.522+02:00;14818.522747;21.955;21.938;0.01699999999999946
2026-09-22T15:17:09.320+02:00;14820.321029;21.955;21.94;0.014999999999997016
2026-09-22T15:17:11.118+02:00;14822.118482;21.956;21.94;0.015999999999998238
2026-09-22T15:17:12.914+02:00;14823.914908;21.955;21.941;0.013999999999999346
2026-09-22T15:17:14.711+02:00;14825.712340;21.955;21.943;0.011999999999996902
2026-09-22T15:17:16.509+02:00;14827.509884;21.956;21.94;0.015999999999998238
2026-09-22T15:17:18.306+02:00;14829.307173;21.955;21.942;0.012999999999998124
2026-09-22T15:17:20.105+02:00;14831.105674;21.955;21.942;0.012999999999998124
2026-09-22T15:17:21.901+02:00;14832.902064;21.955;21.946;0.008999999999996788
2026-09-22T15:17:23.699+02:00;14834.699546;21.956;21.948;0.007999999999999119
2026-09-22T15:17:25.496+02:00;14836.497076;21.955;21.946;0.008999999999996788
2026-09-22T15:17:27.293+02:00;14838.294344;21.955;21.946;0.008999999999996788
2026-09-22T15:17:29.092+02:00;14840.092782;21.956;21.949;0.006999999999997897
2026-09-22T15:17:30.889+02:00;14841.890218;21.955;21.945;0.00999999999999801
2026-09-22T15:17:32.686+02:00;14843.686710;21.959;21.947;0.012000000000000455
2026-09-22T15:17:34.483+02:00;14845.484262;21.955;21.949;0.005999999999996675
2026-09-22T15:17:36.281+02:00;14847.281600;21.961;21.949;0.011999999999996902
2026-09-22T15:17:38.470+02:00;14849.471328;21.959;21.95;0.009000000000000341
2026-09-22T15:17:40.267+02:00;14851.267725;21.959;21.951;0.007999999999999119
2026-09-22T15:17:42.064+02:00;14853.065194;21.959;21.95;0.009000000000000341
2026-09-22T15:17:43.862+02:00;14854.862591;21.958;21.951;0.006999999999997897
2026-09-22T15:17:45.659+02:00;14856.660019;21.959;21.951;0.007999999999999119
2026-09-22T15:17:47.457+02:00;14858.457508;21.959;21.95;0.009000000000000341
2026-09-22T15:17:49.254+02:00;14860.254936;21.961;21.951;0.00999999999999801
2026-09-22T15:17:51.051+02:00;14862.052386;21.96;21.95;0.010000000000001563
2026-09-22T15:17:52.850+02:00;14863.850823;21.964;21.949;0.014999999999997016
2026-09-22T15:17:54.646+02:00;14865.647204;21.964;21.951;0.012999999999998124
2026-09-22T15:17:56.444+02:00;14867.444690;21.964;21.951;0.012999999999998124
2026-09-22T15:17:58.241+02:00;14869.242078;21.962;21.951;0.010999999999999233
2026-09-22T15:18:00.038+02:00;14871.039468;21.966;21.951;0.015000000000000568
2026-09-22T15:18:02.178+02:00;14873.178959;21.967;21.951;0.015999999999998238
2026-09-22T15:18:03.975+02:00;14874.976431;21.965;21.951;0.013999999999999346
2026-09-22T15:18:05.773+02:00;14876.773933;21.964;21.951;0.012999999999998124
2026-09-22T15:18:07.570+02:00;14878.571315;21.967;21.951;0.015999999999998238
2026-09-22T15:18:09.368+02:00;14880.368730;21.965;21.951;0.013999999999999346
2026-09-22T15:18:11.165+02:00;14882.166171;21.968;21.951;0.01699999999999946
2026-09-22T15:18:12.963+02:00;14883.963617;21.966;21.951;0.015000000000000568
2026-09-22T15:18:14.760+02:00;14885.761080;21.966;21.951;0.015000000000000568
2026-09-22T15:18:16.558+02:00;14887.558559;21.969;21.951;0.018000000000000682
2026-09-22T15:18:18.355+02:00;14889.355953;21.97;21.951;0.01899999999999835
2026-09-22T15:18:20.152+02:00;14891.153405;21.969;21.951;0.018000000000000682
2026-09-22T15:18:21.950+02:00;14892.950884;21.97;21.951;0.01899999999999835
2026-09-22T15:18:23.747+02:00;14894.748276;21.969;21.951;0.018000000000000682
2026-09-22T15:18:25.545+02:00;14896.545717;21.969;21.951;0.018000000000000682
2026-09-22T15:18:27.342+02:00;14898.343162;21.97;21.951;0.01899999999999835
2026-09-22T15:18:29.140+02:00;14900.140585;21.97;21.951;0.01899999999999835
2026-09-22T15:18:30.937+02:00;14901.937979;21.97;21.951;0.01899999999999835
2026-09-22T15:18:32.735+02:00;14903.735479;21.971;21.951;0.019999999999999574
2026-09-22T15:18:34.532+02:00;14905.532855;21.97;21.951;0.01899999999999835
2026-09-22T15:18:36.739+02:00;14907.740070;21.971;21.951;0.019999999999999574
2026-09-22T15:18:38.537+02:00;14909.537611;21.971;21.951;0.019999999999999574
2026-09-22T15:18:40.334+02:00;14911.334960;21.971;21.951;0.019999999999999574
2026-09-22T15:18:42.132+02:00;14913.132574;21.971;21.951;0.019999999999999574
2026-09-22T15:18:43.929+02:00;14914.929855;21.971;21.951;0.019999999999999574
2026-09-22T15:18:45.726+02:00;14916.727237;21.971;21.951;0.019999999999999574
2026-09-22T15:18:47.524+02:00;14918.524770;21.971;21.951;0.019999999999999574
2026-09-22T15:18:49.322+02:00;14920.323062;21.971;21.951;0.019999999999999574
2026-09-22T15:18:51.119+02:00;14922.119509;21.971;21.951;0.019999999999999574
2026-09-22T15:18:52.916+02:00;14923.917009;21.971;21.951;0.019999999999999574
2026-09-22T15:18:54.713+02:00;14925.714434;21.971;21.951;0.019999999999999574
2026-09-22T15:18:56.511+02:00;14927.511964;21.971;21.951;0.019999999999999574
2026-09-22T15:18:58.309+02:00;14929.310310;21.971;21.951;0.019999999999999574
2026-09-22T15:19:00.655+02:00;14931.655822;21.971;21.951;0.019999999999999574
2026-09-22T15:19:02.442+02:00;14933.443316;21.971;21.952;0.01899999999999835
2026-09-22T15:19:04.240+02:00;14935.240705;21.971;21.951;0.019999999999999574
2026-09-22T15:19:06.038+02:00;14937.039179;21.971;21.952;0.01899999999999835
2026-09-22T15:19:07.835+02:00;14938.835541;21.971;21.951;0.019999999999999574
2026-09-22T15:19:09.633+02:00;14940.634013;21.971;21.952;0.01899999999999835
2026-09-22T15:19:11.429+02:00;14942.430463;21.971;21.954;0.01699999999999946
2026-09-22T15:19:13.227+02:00;14944.227950;21.971;21.956;0.015000000000000568
2026-09-22T15:19:15.025+02:00;14946.026355;21.971;21.953;0.018000000000000682
2026-09-22T15:19:16.822+02:00;14947.822708;21.971;21.956;0.015000000000000568
2026-09-22T15:19:18.619+02:00;14949.620158;21.971;21.954;0.01699999999999946
2026-09-22T15:19:20.417+02:00;14951.417552;21.971;21.952;0.01899999999999835
2026-09-22T15:19:22.214+02:00;14953.215032;21.971;21.954;0.01699999999999946
2026-09-22T15:19:24.387+02:00;14955.387555;21.971;21.958;0.013000000000001677
2026-09-22T15:19:26.184+02:00;14957.184859;21.971;21.956;0.015000000000000568
2026-09-22T15:19:27.981+02:00;14958.982293;21.971;21.954;0.01699999999999946
2026-09-22T15:19:29.779+02:00;14960.779741;21.971;21.957;0.013999999999999346
2026-09-22T15:19:31.576+02:00;14962.577169;21.971;21.957;0.013999999999999346
2026-09-22T15:19:33.374+02:00;14964.374734;21.971;21.96;0.010999999999999233
2026-09-22T15:19:35.171+02:00;14966.172004;21.971;21.961;0.010000000000001563
2026-09-22T15:19:36.968+02:00;14967.969435;21.972;21.958;0.014000000000002899
2026-09-22T15:19:38.767+02:00;14969.767842;21.971;21.96;0.010999999999999233
2026-09-22T15:19:40.563+02:00;14971.564307;21.971;21.96;0.010999999999999233
2026-09-22T15:19:42.361+02:00;14973.361706;21.972;21.961;0.011000000000002785
2026-09-22T15:19:44.158+02:00;14975.159141;21.971;21.959;0.012000000000000455
2026-09-22T15:19:45.957+02:00;14976.957554;21.972;21.962;0.010000000000001563
2026-09-22T15:19:47.753+02:00;14978.754087;21.971;21.961;0.010000000000001563
2026-09-22T15:19:49.550+02:00;14980.551440;21.973;21.965;0.007999999999999119
2026-09-22T15:19:51.348+02:00;14982.348860;21.971;21.963;0.007999999999999119
2026-09-22T15:19:53.145+02:00;14984.146229;21.971;21.962;0.009000000000000341
2026-09-22T15:19:54.943+02:00;14985.943663;21.972;21.965;0.0070000000000014495
2026-09-22T15:19:56.740+02:00;14987.741248;21.972;21.964;0.008000000000002672
2026-09-22T15:19:58.538+02:00;14989.538545;21.972;21.965;0.0070000000000014495
2026-09-22T15:20:00.335+02:00;14991.335983;21.976;21.966;0.00999999999999801
2026-09-22T15:20:02.133+02:00;14993.134411;21.975;21.965;0.010000000000001563
2026-09-22T15:20:03.930+02:00;14994.930825;21.975;21.967;0.008000000000002672
2026-09-22T15:20:06.309+02:00;14997.309593;21.975;21.967;0.008000000000002672
2026-09-22T15:20:08.097+02:00;14999.098167;21.973;21.965;0.007999999999999119
2026-09-22T15:20:09.896+02:00;15000.896570;21.973;21.967;0.006000000000000227
2026-09-22T15:20:11.693+02:00;15002.693973;21.978;21.967;0.011000000000002785
2026-09-22T15:20:13.490+02:00;15004.490623;21.975;21.967;0.008000000000002672
2026-09-22T15:20:15.287+02:00;15006.287830;21.974;21.967;0.0070000000000014495
2026-09-22T15:20:17.084+02:00;15008.085237;21.976;21.967;0.009000000000000341
2026-09-22T15:20:18.882+02:00;15009.882704;21.981;21.967;0.014000000000002899
2026-09-22T15:20:20.680+02:00;15011.681085;21.98;21.967;0.013000000000001677
2026-09-22T15:20:22.477+02:00;15013.477546;21.983;21.967;0.01600000000000179
2026-09-22T15:20:24.274+02:00;15015.274938;21.983;21.967;0.01600000000000179
2026-09-22T15:20:26.071+02:00;15017.072349;21.98;21.967;0.013000000000001677
2026-09-22T15:20:27.869+02:00;15018.869881;21.983;21.967;0.01600000000000179
2026-09-22T15:20:29.667+02:00;15020.668281;21.983;21.967;0.01600000000000179
2026-09-22T15:20:31.464+02:00;15022.464724;21.983;21.967;0.01600000000000179
2026-09-22T15:20:33.261+02:00;15024.262140;21.981;21.966;0.015000000000000568
2026-09-22T15:20:35.059+02:00;15026.059544;21.984;21.967;0.017000000000003013
2026-09-22T15:20:36.856+02:00;15027.857086;21.986;21.967;0.019000000000001904
2026-09-22T15:20:39.193+02:00;15030.194130;21.986;21.967;0.019000000000001904
2026-09-22T15:20:40.981+02:00;15031.981484;21.986;21.967;0.019000000000001904
2026-09-22T15:20:42.778+02:00;15033.778919;21.987;21.967;0.019999999999999574
2026-09-22T15:20:44.575+02:00;15035.576352;21.985;21.967;0.018000000000000682
2026-09-22T15:20:46.373+02:00;15037.373801;21.987;21.967;0.019999999999999574
2026-09-22T15:20:48.171+02:00;15039.172317;21.987;21.967;0.019999999999999574
2026-09-22T15:20:49.968+02:00;15040.968629;21.987;21.967;0.019999999999999574
2026-09-22T15:20:52.279+02:00;15043.280191;21.986;21.967;0.019000000000001904
2026-09-22T15:20:54.068+02:00;15045.068748;21.987;21.967;0.019999999999999574
2026-09-22T15:20:55.864+02:00;15046.865209;21.987;21.967;0.019999999999999574
2026-09-22T15:20:57.662+02:00;15048.662632;21.987;21.967;0.019999999999999574
2026-09-22T15:20:59.459+02:00;15050.460018;21.987;21.967;0.019999999999999574
2026-09-22T15:21:01.258+02:00;15052.258578;21.987;21.967;0.019999999999999574
2026-09-22T15:21:03.054+02:00;15054.054867;21.987;21.967;0.019999999999999574
2026-09-22T15:21:04.851+02:00;15055.852279;21.987;21.967;0.019999999999999574
2026-09-22T15:21:06.650+02:00;15057.650727;21.986;21.967;0.019000000000001904
2026-09-22T15:21:08.446+02:00;15059.447129;21.987;21.967;0.019999999999999574
2026-09-22T15:21:10.244+02:00;15061.244784;21.987;21.967;0.019999999999999574
2026-09-22T15:21:12.042+02:00;15063.043030;21.987;21.967;0.019999999999999574
2026-09-22T15:21:13.838+02:00;15064.839468;21.987;21.967;0.019999999999999574
2026-09-22T15:21:15.636+02:00;15066.636887;21.987;21.967;0.019999999999999574
2026-09-22T15:21:17.433+02:00;15068.434268;21.987;21.967;0.019999999999999574
2026-09-22T15:21:19.231+02:00;15070.231723;21.987;21.968;0.01899999999999835
2026-09-22T15:21:21.028+02:00;15072.029139;21.987;21.967;0.019999999999999574
2026-09-22T15:21:22.826+02:00;15073.826610;21.987;21.968;0.01899999999999835
2026-09-22T15:21:24.623+02:00;15075.624068;21.987;21.967;0.019999999999999574
2026-09-22T15:21:26.421+02:00;15077.421540;21.987;21.97;0.01699999999999946
2026-09-22T15:21:28.218+02:00;15079.218878;21.987;21.967;0.019999999999999574
2026-09-22T15:21:30.015+02:00;15081.016341;21.987;21.967;0.019999999999999574
2026-09-22T15:21:31.813+02:00;15082.813736;21.987;21.968;0.01899999999999835
2026-09-22T15:21:34.109+02:00;15085.110354;21.987;21.968;0.01899999999999835
2026-09-22T15:21:35.898+02:00;15086.898874;21.987;21.969;0.01799999999999713
2026-09-22T15:21:37.695+02:00;15088.696325;21.987;21.969;0.01799999999999713
2026-09-22T15:21:39.493+02:00;15090.493722;21.987;21.969;0.01799999999999713
2026-09-22T15:21:41.291+02:00;15092.292210;21.987;21.968;0.01899999999999835
2026-09-22T15:21:43.088+02:00;15094.088618;21.987;21.969;0.01799999999999713
2026-09-22T15:21:44.885+02:00;15095.886071;21.987;21.969;0.01799999999999713
2026-09-22T15:21:46.683+02:00;15097.683543;21.987;21.971;0.015999999999998238
2026-09-22T15:21:48.480+02:00;15099.480916;21.987;21.971;0.015999999999998238
2026-09-22T15:21:50.278+02:00;15101.279340;21.987;21.972;0.014999999999997016
2026-09-22T15:21:52.075+02:00;15103.075759;21.987;21.971;0.015999999999998238
2026-09-22T15:21:53.872+02:00;15104.873205;21.987;21.97;0.01699999999999946
2026-09-22T15:21:55.670+02:00;15106.670735;21.988;21.974;0.013999999999999346
2026-09-22T15:21:57.467+02:00;15108.468046;21.987;21.975;0.011999999999996902
2026-09-22T15:21:59.266+02:00;15110.266552;21.987;21.974;0.012999999999998124
2026-09-22T15:22:01.062+02:00;15112.062957;21.987;21.976;0.010999999999999233
2026-09-22T15:22:02.859+02:00;15113.860359;21.987;21.974;0.012999999999998124
2026-09-22T15:22:04.657+02:00;15115.657945;21.988;21.977;0.010999999999999233
2026-09-22T15:22:06.454+02:00;15117.455238;21.987;21.979;0.007999999999999119
2026-09-22T15:22:08.252+02:00;15119.252693;21.987;21.978;0.008999999999996788
2026-09-22T15:22:10.049+02:00;15121.050135;21.988;21.978;0.00999999999999801
2026-09-22T15:22:11.847+02:00;15122.847588;21.989;21.979;0.010000000000001563
2026-09-22T15:22:13.644+02:00;15124.645100;21.988;21.981;0.006999999999997897
2026-09-22T15:22:15.442+02:00;15126.442482;21.989;21.976;0.013000000000001677
2026-09-22T15:22:17.239+02:00;15128.239959;21.99;21.982;0.007999999999999119
2026-09-22T15:22:19.036+02:00;15130.037395;21.989;21.982;0.0070000000000014495
2026-09-22T15:22:20.834+02:00;15131.834736;21.989;21.982;0.0070000000000014495
2026-09-22T15:22:22.631+02:00;15133.632310;21.99;21.982;0.007999999999999119
2026-09-22T15:22:24.429+02:00;15135.429602;21.989;21.981;0.007999999999999119
2026-09-22T15:22:26.226+02:00;15137.227047;21.989;21.98;0.009000000000000341
2026-09-22T15:22:28.024+02:00;15139.024487;21.994;21.982;0.012000000000000455
2026-09-22T15:22:29.821+02:00;15140.821891;21.993;21.983;0.00999999999999801
2026-09-22T15:22:31.619+02:00;15142.619493;21.992;21.982;0.010000000000001563
2026-09-22T15:22:33.416+02:00;15144.416752;21.995;21.982;0.013000000000001677
2026-09-22T15:22:35.213+02:00;15146.214120;21.996;21.983;0.012999999999998124
2026-09-22T15:22:37.011+02:00;15148.011591;21.991;21.983;0.007999999999999119
2026-09-22T15:22:38.808+02:00;15149.808989;21.992;21.983;0.009000000000000341
2026-09-22T15:22:40.605+02:00;15151.606375;21.996;21.983;0.012999999999998124
2026-09-22T15:22:42.403+02:00;15153.403855;21.995;21.983;0.012000000000000455
2026-09-22T15:22:44.200+02:00;15155.201257;21.998;21.983;0.015000000000000568
2026-09-22T15:22:45.998+02:00;15156.998805;21.999;21.983;0.015999999999998238
2026-09-22T15:22:47.795+02:00;15158.796088;21.997;21.983;0.013999999999999346
2026-09-22T15:22:49.593+02:00;15160.593536;22.0;21.983;0.01699999999999946
2026-09-22T15:22:51.391+02:00;15162.391963;21.998;21.983;0.015000000000000568
2026-09-22T15:22:53.187+02:00;15164.188401;22.0;21.983;0.01699999999999946
2026-09-22T15:22:54.985+02:00;15165.985961;22.0;21.983;0.01699999999999946
2026-09-22T15:22:56.782+02:00;15167.783270;22.0;21.983;0.01699999999999946
2026-09-22T15:22:58.581+02:00;15169.581710;22.002;21.983;0.01899999999999835
2026-09-22T15:23:00.377+02:00;15171.378103;22.001;21.983;0.018000000000000682
2026-09-22T15:23:02.175+02:00;15173.175545;21.999;21.983;0.015999999999998238
2026-09-22T15:23:03.972+02:00;15174.973244;22.003;21.983;0.019999999999999574
2026-09-22T15:23:05.769+02:00;15176.770399;22.003;21.983;0.019999999999999574
2026-09-22T15:23:07.567+02:00;15178.567839;22.002;21.983;0.01899999999999835
2026-09-22T15:23:09.365+02:00;15180.366308;22.002;21.983;0.01899999999999835
2026-09-22T15:23:11.162+02:00;15182.162736;22.003;21.983;0.019999999999999574
2026-09-22T15:23:12.959+02:00;15183.960373;22.003;21.983;0.019999999999999574
2026-09-22T15:23:14.757+02:00;15185.757617;22.003;21.983;0.019999999999999574
2026-09-22T15:23:16.554+02:00;15187.555024;22.003;21.983;0.019999999999999574
2026-09-22T15:23:18.353+02:00;15189.353481;22.003;21.983;0.019999999999999574
2026-09-22T15:23:20.149+02:00;15191.149886;22.003;21.983;0.019999999999999574
2026-09-22T15:23:21.947+02:00;15192.947539;22.003;21.983;0.019999999999999574
2026-09-22T15:23:23.744+02:00;15194.744728;22.002;21.983;0.01899999999999835
2026-09-22T15:23:25.541+02:00;15196.542185;22.003;21.983;0.019999999999999574
2026-09-22T15:23:27.340+02:00;15198.340633;22.003;21.983;0.019999999999999574
2026-09-22T15:23:29.136+02:00;15200.137064;22.003;21.983;0.019999999999999574
2026-09-22T15:23:30.934+02:00;15201.934507;22.003;21.983;0.019999999999999574
2026-09-22T15:23:32.731+02:00;15203.731913;22.003;21.983;0.019999999999999574
2026-09-22T15:23:34.528+02:00;15205.529332;22.003;21.983;0.019999999999999574
2026-09-22T15:23:36.326+02:00;15207.326842;22.003;21.983;0.019999999999999574
2026-09-22T15:23:38.123+02:00;15209.124262;22.003;21.984;0.01899999999999835
2026-09-22T15:23:39.921+02:00;15210.921691;22.003;21.983;0.019999999999999574
2026-09-22T15:23:41.718+02:00;15212.719132;22.003;21.983;0.019999999999999574
2026-09-22T15:23:43.516+02:00;15214.516601;22.003;21.983;0.019999999999999574
2026-09-22T15:23:45.313+02:00;15216.314052;22.003;21.983;0.019999999999999574
2026-09-22T15:23:47.110+02:00;15218.111428;22.003;21.984;0.01899999999999835
2026-09-22T15:23:48.908+02:00;15219.908873;22.003;21.983;0.019999999999999574
2026-09-22T15:23:50.705+02:00;15221.706294;22.003;21.984;0.01899999999999835
2026-09-22T15:23:52.503+02:00;15223.503733;22.003;21.985;0.018000000000000682
2026-09-22T15:23:54.301+02:00;15225.302250;22.003;21.985;0.018000000000000682
2026-09-22T15:23:56.098+02:00;15227.098681;22.003;21.985;0.018000000000000682
2026-09-22T15:23:57.895+02:00;15228.896279;22.003;21.984;0.01899999999999835
2026-09-22T15:23:59.693+02:00;15230.693589;22.003;21.984;0.01899999999999835
2026-09-22T15:24:01.490+02:00;15232.491011;22.003;21.987;0.01600000000000179
2026-09-22T15:24:03.287+02:00;15234.288428;22.003;21.987;0.01600000000000179
2026-09-22T15:24:05.085+02:00;15236.085897;22.003;21.986;0.01699999999999946
2026-09-22T15:24:06.883+02:00;15237.883478;22.003;21.984;0.01899999999999835
2026-09-22T15:24:08.680+02:00;15239.680708;22.003;21.986;0.01699999999999946
2026-09-22T15:24:10.477+02:00;15241.478154;22.003;21.991;0.012000000000000455
2026-09-22T15:24:12.275+02:00;15243.275552;22.003;21.988;0.015000000000000568
2026-09-22T15:24:14.072+02:00;15245.073014;22.003;21.992;0.010999999999999233
2026-09-22T15:24:15.869+02:00;15246.870398;22.004;21.991;0.013000000000001677
2026-09-22T15:24:17.667+02:00;15248.667922;22.003;21.99;0.013000000000001677
2026-09-22T15:24:19.464+02:00;15250.465286;22.003;21.992;0.010999999999999233
2026-09-22T15:24:21.262+02:00;15252.262772;22.003;21.991;0.012000000000000455
2026-09-22T15:24:23.059+02:00;15254.060204;22.004;21.992;0.012000000000000455
2026-09-22T15:24:24.857+02:00;15255.857602;22.003;21.992;0.010999999999999233
2026-09-22T15:24:26.654+02:00;15257.655016;22.005;21.996;0.009000000000000341
2026-09-22T15:24:28.451+02:00;15259.452463;22.003;21.994;0.009000000000000341
2026-09-22T15:24:30.249+02:00;15261.249972;22.004;21.995;0.009000000000000341
2026-09-22T15:24:32.046+02:00;15263.047303;22.003;21.992;0.010999999999999233
2026-09-22T15:24:33.844+02:00;15264.844722;22.004;21.996;0.008000000000002672
2026-09-22T15:24:35.641+02:00;15266.642243;22.004;21.996;0.008000000000002672
2026-09-22T15:24:37.439+02:00;15268.439581;22.006;21.999;0.0070000000000014495
2026-09-22T15:24:39.236+02:00;15270.237177;22.003;21.997;0.006000000000000227
2026-09-22T15:24:41.035+02:00;15272.035514;22.007;21.997;0.010000000000001563
2026-09-22T15:24:42.831+02:00;15273.831889;22.003;21.997;0.006000000000000227
2026-09-22T15:24:44.628+02:00;15275.629271;22.006;21.999;0.0070000000000014495
2026-09-22T15:24:46.427+02:00;15277.427695;22.007;21.995;0.012000000000000455
2026-09-22T15:24:48.223+02:00;15279.224106;22.004;22.0;0.004000000000001336
2026-09-22T15:24:50.021+02:00;15281.021553;22.009;21.999;0.010000000000001563
2026-09-22T15:24:51.818+02:00;15282.819008;22.007;21.999;0.008000000000002672
2026-09-22T15:24:53.616+02:00;15284.616488;22.008;21.999;0.009000000000000341
2026-09-22T15:24:55.414+02:00;15286.414909;22.009;22.0;0.009000000000000341
2026-09-22T15:24:57.210+02:00;15288.211309;22.008;21.999;0.009000000000000341
2026-09-22T15:24:59.008+02:00;15290.008732;22.012;22.0;0.012000000000000455
2026-09-22T15:25:00.805+02:00;15291.806168;22.012;22.0;0.012000000000000455
2026-09-22T15:25:02.603+02:00;15293.603646;22.014;22.0;0.013999999999999346
2026-09-22T15:25:04.400+02:00;15295.401077;22.008;21.998;0.00999999999999801
2026-09-22T15:25:06.198+02:00;15297.198714;22.01;21.999;0.011000000000002785
2026-09-22T15:25:07.995+02:00;15298.996016;22.015;22.0;0.015000000000000568
2026-09-22T15:25:09.792+02:00;15300.793455;22.016;22.0;0.015999999999998238
2026-09-22T15:25:11.590+02:00;15302.590869;22.014;22.0;0.013999999999999346
2026-09-22T15:25:13.387+02:00;15304.388311;22.016;22.0;0.015999999999998238
2026-09-22T15:25:15.185+02:00;15306.185974;22.016;21.999;0.01699999999999946
2026-09-22T15:25:16.982+02:00;15307.983175;22.017;22.0;0.01699999999999946
2026-09-22T15:25:18.780+02:00;15309.780575;22.015;22.0;0.015000000000000568
2026-09-22T15:25:20.577+02:00;15311.578069;22.019;22.0;0.01899999999999835
2026-09-22T15:25:22.374+02:00;15313.375455;22.019;22.0;0.01899999999999835
2026-09-22T15:25:24.172+02:00;15315.172874;22.018;22.0;0.018000000000000682
2026-09-22T15:25:25.969+02:00;15316.970300;22.016;22.0;0.015999999999998238
2026-09-22T15:25:28.116+02:00;15319.117394;22.02;22.0;0.019999999999999574
2026-09-22T15:25:29.914+02:00;15320.914820;22.018;22.0;0.018000000000000682
2026-09-22T15:25:31.711+02:00;15322.712261;22.018;22.0;0.018000000000000682
2026-09-22T15:25:33.510+02:00;15324.510641;22.02;22.0;0.019999999999999574
2026-09-22T15:25:35.306+02:00;15326.307161;22.019;22.0;0.01899999999999835
2026-09-22T15:25:37.104+02:00;15328.104560;22.019;22.0;0.01899999999999835
2026-09-22T15:25:38.901+02:00;15329.901958;22.02;22.0;0.019999999999999574
2026-09-22T15:25:40.698+02:00;15331.699448;22.02;22.0;0.019999999999999574
2026-09-22T15:25:42.497+02:00;15333.497860;22.02;22.0;0.019999999999999574
2026-09-22T15:25:44.293+02:00;15335.294245;22.02;22.0;0.019999999999999574
2026-09-22T15:25:46.091+02:00;15337.091703;22.02;22.0;0.019999999999999574
2026-09-22T15:25:47.888+02:00;15338.889123;22.019;22.0;0.01899999999999835
2026-09-22T15:25:49.686+02:00;15340.686664;22.02;22.0;0.019999999999999574
2026-09-22T15:25:51.484+02:00;15342.485022;22.02;22.0;0.019999999999999574
2026-09-22T15:25:53.280+02:00;15344.281460;22.019;22.0;0.01899999999999835
2026-09-22T15:25:55.078+02:00;15346.078926;22.02;22.0;0.019999999999999574
2026-09-22T15:25:56.875+02:00;15347.876351;22.02;22.001;0.01899999999999835
2026-09-22T15:25:58.673+02:00;15349.673864;22.02;22.0;0.019999999999999574
2026-09-22T15:26:00.888+02:00;15351.888887;22.02;22.0;0.019999999999999574
2026-09-22T15:26:02.685+02:00;15353.686279;22.02;22.0;0.019999999999999574
2026-09-22T15:26:04.484+02:00;15355.484686;22.02;22.002;0.018000000000000682
2026-09-22T15:26:06.280+02:00;15357.281139;22.02;22.0;0.019999999999999574
2026-09-22T15:26:08.494+02:00;15359.494530;22.02;22.001;0.01899999999999835
2026-09-22T15:26:10.291+02:00;15361.292093;22.02;22.001;0.01899999999999835
2026-09-22T15:26:12.088+02:00;15363.089393;22.02;22.0;0.019999999999999574
2026-09-22T15:26:13.886+02:00;15364.886845;22.02;22.001;0.01899999999999835
2026-09-22T15:26:16.099+02:00;15367.100214;22.02;22.0;0.019999999999999574
2026-09-22T15:26:17.897+02:00;15368.897629;22.02;22.0;0.019999999999999574
2026-09-22T15:26:19.694+02:00;15370.695344;22.02;22.0;0.019999999999999574
2026-09-22T15:26:21.492+02:00;15372.492483;22.02;22.003;0.01699999999999946
2026-09-22T15:26:23.289+02:00;15374.289905;22.02;22.002;0.018000000000000682
2026-09-22T15:26:25.587+02:00;15376.587512;22.02;22.001;0.01899999999999835
2026-09-22T15:26:27.374+02:00;15378.375040;22.02;22.002;0.018000000000000682
2026-09-22T15:26:29.171+02:00;15380.172459;22.02;22.002;0.018000000000000682
2026-09-22T15:26:30.969+02:00;15381.969887;22.02;22.003;0.01699999999999946
2026-09-22T15:26:32.767+02:00;15383.767611;22.02;22.004;0.015999999999998238
2026-09-22T15:26:34.565+02:00;15385.565827;22.02;22.005;0.015000000000000568
2026-09-22T15:26:36.361+02:00;15387.362270;22.02;22.003;0.01699999999999946
2026-09-22T15:26:38.159+02:00;15389.159691;22.02;22.003;0.01699999999999946
2026-09-22T15:26:39.956+02:00;15390.957114;22.02;22.005;0.015000000000000568
2026-09-22T15:26:41.754+02:00;15392.754738;22.02;22.009;0.010999999999999233
2026-09-22T15:26:43.551+02:00;15394.551980;22.02;22.008;0.012000000000000455
2026-09-22T15:26:45.348+02:00;15396.349387;22.02;22.005;0.015000000000000568
2026-09-22T15:26:47.146+02:00;15398.146861;22.02;22.004;0.015999999999998238
2026-09-22T15:26:48.943+02:00;15399.944288;22.02;22.007;0.012999999999998124
2026-09-22T15:26:50.741+02:00;15401.741929;22.02;22.009;0.010999999999999233
2026-09-22T15:26:52.538+02:00;15403.539220;22.02;22.01;0.00999999999999801
2026-09-22T15:26:54.336+02:00;15405.336610;22.021;22.01;0.010999999999999233
2026-09-22T15:26:56.133+02:00;15407.134034;22.02;22.01;0.00999999999999801
2026-09-22T15:26:57.930+02:00;15408.931400;22.02;22.013;0.006999999999997897
2026-09-22T15:26:59.728+02:00;15410.728951;22.02;22.015;0.004999999999999005
2026-09-22T15:27:01.525+02:00;15412.526291;22.022;22.009;0.012999999999998124
2026-09-22T15:27:03.323+02:00;15414.323732;22.02;22.015;0.004999999999999005
2026-09-22T15:27:05.120+02:00;15416.121245;22.023;22.015;0.007999999999999119
2026-09-22T15:27:06.918+02:00;15417.918610;22.023;22.014;0.009000000000000341
2026-09-22T15:27:08.715+02:00;15419.716041;22.021;22.014;0.0070000000000014495
2026-09-22T15:27:10.512+02:00;15421.513467;22.022;22.016;0.006000000000000227
2026-09-22T15:27:12.310+02:00;15423.310826;22.023;22.015;0.007999999999999119
2026-09-22T15:27:14.107+02:00;15425.108404;22.024;22.014;0.010000000000001563
2026-09-22T15:27:15.905+02:00;15426.905647;22.023;22.016;0.0070000000000014495
2026-09-22T15:27:17.702+02:00;15428.703045;22.023;22.013;0.00999999999999801
2026-09-22T15:27:19.500+02:00;15430.500531;22.024;22.016;0.008000000000002672
2026-09-22T15:27:21.297+02:00;15432.297862;22.023;22.016;0.0070000000000014495
2026-09-22T15:27:23.094+02:00;15434.095283;22.026;22.016;0.010000000000001563
2026-09-22T15:27:24.892+02:00;15435.892633;22.026;22.016;0.010000000000001563
2026-09-22T15:27:26.689+02:00;15437.690018;22.027;22.016;0.011000000000002785
2026-09-22T15:27:28.486+02:00;15439.487414;22.027;22.016;0.011000000000002785
2026-09-22T15:27:30.284+02:00;15441.284824;22.027;22.016;0.011000000000002785
2026-09-22T15:27:32.081+02:00;15443.082225;22.028;22.016;0.012000000000000455
2026-09-22T15:27:33.879+02:00;15444.879799;22.028;22.016;0.012000000000000455
2026-09-22T15:27:35.676+02:00;15446.677034;22.03;22.016;0.014000000000002899
2026-09-22T15:27:37.474+02:00;15448.474482;22.032;22.016;0.01600000000000179
2026-09-22T15:27:39.271+02:00;15450.271942;22.033;22.016;0.017000000000003013
2026-09-22T15:27:41.068+02:00;15452.069303;22.031;22.016;0.015000000000000568
2026-09-22T15:27:42.866+02:00;15453.866734;22.035;22.016;0.019000000000001904
2026-09-22T15:27:44.664+02:00;15455.665137;22.033;22.016;0.017000000000003013
2026-09-22T15:27:46.461+02:00;15457.461598;22.036;22.016;0.020000000000003126
2026-09-22T15:27:48.258+02:00;15459.259120;22.034;22.016;0.018000000000000682
2026-09-22T15:27:50.055+02:00;15461.056471;22.035;22.016;0.019000000000001904
2026-09-22T15:27:51.853+02:00;15462.853929;22.035;22.016;0.019000000000001904
2026-09-22T15:27:53.651+02:00;15464.652360;22.034;22.016;0.018000000000000682
2026-09-22T15:27:55.448+02:00;15466.448811;22.035;22.016;0.019000000000001904
2026-09-22T15:27:57.245+02:00;15468.246326;22.035;22.016;0.019000000000001904
2026-09-22T15:27:59.043+02:00;15470.043633;22.034;22.016;0.018000000000000682
2026-09-22T15:28:01.439+02:00;15472.440412;22.034;22.016;0.018000000000000682
2026-09-22T15:28:03.585+02:00;15474.586182;22.036;22.016;0.020000000000003126
2026-09-22T15:28:05.383+02:00;15476.383645;22.036;22.016;0.020000000000003126
2026-09-22T15:28:07.180+02:00;15478.181038;22.035;22.016;0.019000000000001904
2026-09-22T15:28:08.978+02:00;15479.978559;22.035;22.016;0.019000000000001904
2026-09-22T15:28:10.775+02:00;15481.775964;22.036;22.016;0.020000000000003126
2026-09-22T15:28:12.572+02:00;15483.573296;22.036;22.016;0.020000000000003126
2026-09-22T15:28:14.370+02:00;15485.370745;22.036;22.016;0.020000000000003126
2026-09-22T15:28:16.167+02:00;15487.168158;22.036;22.016;0.020000000000003126
2026-09-22T15:28:17.965+02:00;15488.965754;22.036;22.016;0.020000000000003126
2026-09-22T15:28:19.762+02:00;15490.763008;22.035;22.016;0.019000000000001904
2026-09-22T15:28:21.559+02:00;15492.560437;22.036;22.016;0.020000000000003126
2026-09-22T15:28:23.357+02:00;15494.357887;22.036;22.016;0.020000000000003126
2026-09-22T15:28:25.154+02:00;15496.155254;22.036;22.016;0.020000000000003126
2026-09-22T15:28:26.952+02:00;15497.952708;22.036;22.016;0.020000000000003126
2026-09-22T15:28:28.749+02:00;15499.750128;22.036;22.016;0.020000000000003126
2026-09-22T15:28:30.547+02:00;15501.547565;22.036;22.016;0.020000000000003126
2026-09-22T15:28:32.344+02:00;15503.345017;22.036;22.017;0.019000000000001904
2026-09-22T15:28:34.141+02:00;15505.142446;22.036;22.016;0.020000000000003126
2026-09-22T15:28:35.939+02:00;15506.939841;22.036;22.016;0.020000000000003126
2026-09-22T15:28:37.736+02:00;15508.737226;22.036;22.016;0.020000000000003126
2026-09-22T15:28:39.534+02:00;15510.534703;22.036;22.016;0.020000000000003126
2026-09-22T15:28:41.331+02:00;15512.332225;22.036;22.017;0.019000000000001904
2026-09-22T15:28:43.129+02:00;15514.129659;22.036;22.016;0.020000000000003126
2026-09-22T15:28:44.926+02:00;15515.926987;22.036;22.016;0.020000000000003126
2026-09-22T15:28:46.724+02:00;15517.725388;22.036;22.016;0.020000000000003126
2026-09-22T15:28:48.521+02:00;15519.521909;22.036;22.016;0.020000000000003126
2026-09-22T15:28:50.318+02:00;15521.319433;22.036;22.018;0.018000000000000682
2026-09-22T15:28:52.116+02:00;15523.116648;22.036;22.017;0.019000000000001904
2026-09-22T15:28:53.913+02:00;15524.914058;22.036;22.02;0.01600000000000179
2026-09-22T15:28:55.712+02:00;15526.712550;22.036;22.016;0.020000000000003126
2026-09-22T15:28:57.508+02:00;15528.508940;22.036;22.019;0.017000000000003013
2026-09-22T15:28:59.305+02:00;15530.306412;22.036;22.022;0.014000000000002899
2026-09-22T15:29:01.103+02:00;15532.103866;22.036;22.019;0.017000000000003013
2026-09-22T15:29:02.900+02:00;15533.901269;22.036;22.021;0.015000000000000568
2026-09-22T15:29:04.698+02:00;15535.698736;22.036;22.021;0.015000000000000568
2026-09-22T15:29:06.891+02:00;15537.892245;22.036;22.028;0.008000000000002672
2026-09-22T15:29:08.689+02:00;15539.689797;22.036;22.024;0.012000000000000455
2026-09-22T15:29:10.486+02:00;15541.487037;22.036;22.026;0.010000000000001563
2026-09-22T15:29:12.283+02:00;15543.284466;22.036;22.02;0.01600000000000179
2026-09-22T15:29:14.081+02:00;15545.081925;22.036;22.025;0.011000000000002785
2026-09-22T15:29:15.878+02:00;15546.879333;22.036;22.022;0.014000000000002899
2026-09-22T15:29:17.676+02:00;15548.676737;22.036;22.028;0.008000000000002672
2026-09-22T15:29:19.473+02:00;15550.474185;22.036;22.028;0.008000000000002672
2026-09-22T15:29:21.271+02:00;15552.271633;22.037;22.029;0.007999999999999119
2026-09-22T15:29:23.068+02:00;15554.069099;22.036;22.026;0.010000000000001563
2026-09-22T15:29:24.865+02:00;15555.866385;22.038;22.028;0.010000000000001563
2026-09-22T15:29:26.663+02:00;15557.663812;22.04;22.029;0.010999999999999233
2026-09-22T15:29:28.460+02:00;15559.461221;22.038;22.028;0.010000000000001563
2026-09-22T15:29:30.258+02:00;15561.258627;22.038;22.03;0.007999999999999119
2026-09-22T15:29:32.055+02:00;15563.056053;22.038;22.03;0.007999999999999119
2026-09-22T15:29:34.182+02:00;15565.183333;22.037;22.032;0.004999999999999005
2026-09-22T15:29:35.980+02:00;15566.980545;22.038;22.031;0.0070000000000014495
2026-09-22T15:29:37.777+02:00;15568.777967;22.041;22.031;0.010000000000001563
2026-09-22T15:29:39.574+02:00;15570.575463;22.039;22.031;0.008000000000002672
2026-09-22T15:29:41.372+02:00;15572.372806;22.043;22.031;0.012000000000000455
2026-09-22T15:29:43.169+02:00;15574.170246;22.043;22.032;0.010999999999999233
2026-09-22T15:29:45.571+02:00;15576.571870;22.041;22.032;0.009000000000000341
2026-09-22T15:29:47.358+02:00;15578.359369;22.048;22.032;0.015999999999998238
2026-09-22T15:29:49.156+02:00;15580.156849;22.047;22.031;0.01600000000000179
2026-09-22T15:29:50.953+02:00;15581.954214;22.045;22.03;0.015000000000000568
2026-09-22T15:29:52.751+02:00;15583.751788;22.047;22.032;0.015000000000000568
2026-09-22T15:29:54.549+02:00;15585.550075;22.049;22.032;0.01699999999999946
2026-09-22T15:29:56.345+02:00;15587.346446;22.047;22.032;0.015000000000000568
2026-09-22T15:29:58.565+02:00;15589.565986;22.044;22.032;0.012000000000000455
2026-09-22T15:30:00.362+02:00;15591.363442;22.048;22.032;0.015999999999998238
2026-09-22T15:30:02.160+02:00;15593.160945;22.047;22.032;0.015000000000000568
2026-09-22T15:30:03.957+02:00;15594.958256;22.052;22.032;0.019999999999999574
2026-09-22T15:30:05.755+02:00;15596.755749;22.051;22.032;0.01899999999999835
2026-09-22T15:30:07.552+02:00;15598.553132;22.052;22.032;0.019999999999999574
2026-09-22T15:30:09.351+02:00;15600.351616;22.049;22.032;0.01699999999999946
2026-09-22T15:30:11.147+02:00;15602.148127;22.051;22.032;0.01899999999999835
2026-09-22T15:30:12.944+02:00;15603.945427;22.05;22.032;0.018000000000000682
2026-09-22T15:30:14.742+02:00;15605.742865;22.051;22.032;0.01899999999999835
2026-09-22T15:30:16.540+02:00;15607.541323;22.052;22.032;0.019999999999999574
2026-09-22T15:30:18.337+02:00;15609.337697;22.052;22.032;0.019999999999999574
2026-09-22T15:30:20.134+02:00;15611.135321;22.052;22.032;0.019999999999999574
2026-09-22T15:30:21.932+02:00;15612.932553;22.052;22.032;0.019999999999999574
2026-09-22T15:30:23.729+02:00;15614.729993;22.051;22.032;0.01899999999999835
2026-09-22T15:30:25.527+02:00;15616.527496;22.052;22.032;0.019999999999999574
2026-09-22T15:30:27.324+02:00;15618.324885;22.052;22.032;0.019999999999999574
2026-09-22T15:30:29.122+02:00;15620.122533;22.052;22.032;0.019999999999999574
2026-09-22T15:30:30.919+02:00;15621.919744;22.052;22.032;0.019999999999999574
2026-09-22T15:30:32.717+02:00;15623.718248;22.052;22.032;0.019999999999999574
2026-09-22T15:30:34.514+02:00;15625.514605;22.052;22.034;0.018000000000000682
2026-09-22T15:30:36.311+02:00;15627.312016;22.052;22.032;0.019999999999999574
2026-09-22T15:30:38.108+02:00;15629.109430;22.052;22.032;0.019999999999999574
2026-09-22T15:30:39.906+02:00;15630.906883;22.052;22.032;0.019999999999999574
2026-09-22T15:30:42.074+02:00;15633.074936;22.052;22.032;0.019999999999999574
2026-09-22T15:30:43.871+02:00;15634.872395;22.052;22.032;0.019999999999999574
2026-09-22T15:30:45.669+02:00;15636.669853;22.052;22.032;0.019999999999999574
2026-09-22T15:30:47.466+02:00;15638.467209;22.052;22.033;0.01899999999999835
2026-09-22T15:30:49.264+02:00;15640.264616;22.052;22.032;0.019999999999999574
2026-09-22T15:30:51.061+02:00;15642.062023;22.052;22.032;0.019999999999999574
2026-09-22T15:30:52.858+02:00;15643.859464;22.052;22.032;0.019999999999999574
2026-09-22T15:30:54.656+02:00;15645.657045;22.052;22.032;0.019999999999999574
2026-09-22T15:30:56.453+02:00;15647.454300;22.052;22.032;0.019999999999999574
2026-09-22T15:30:58.251+02:00;15649.251753;22.052;22.033;0.01899999999999835
2026-09-22T15:31:00.049+02:00;15651.050196;22.052;22.033;0.01899999999999835
2026-09-22T15:31:01.846+02:00;15652.846577;22.052;22.033;0.01899999999999835
2026-09-22T15:31:03.643+02:00;15654.644217;22.052;22.034;0.018000000000000682
2026-09-22T15:31:05.440+02:00;15656.441450;22.052;22.033;0.01899999999999835
2026-09-22T15:31:07.238+02:00;15658.238841;22.052;22.032;0.019999999999999574
2026-09-22T15:31:09.035+02:00;15660.036327;22.052;22.034;0.018000000000000682
2026-09-22T15:31:10.833+02:00;15661.833736;22.052;22.034;0.018000000000000682
2026-09-22T15:31:12.630+02:00;15663.631169;22.052;22.034;0.018000000000000682
2026-09-22T15:31:14.429+02:00;15665.429635;22.052;22.036;0.015999999999998238
2026-09-22T15:31:16.225+02:00;15667.225998;22.052;22.035;0.01699999999999946
2026-09-22T15:31:18.023+02:00;15669.023538;22.052;22.039;0.012999999999998124
2026-09-22T15:31:19.820+02:00;15670.820828;22.052;22.037;0.015000000000000568
2026-09-22T15:31:21.617+02:00;15672.618261;22.052;22.033;0.01899999999999835
2026-09-22T15:31:23.415+02:00;15674.415683;22.052;22.039;0.012999999999998124
2026-09-22T15:31:25.212+02:00;15676.213158;22.052;22.035;0.01699999999999946
2026-09-22T15:31:27.010+02:00;15678.010728;22.052;22.035;0.01699999999999946
2026-09-22T15:31:28.807+02:00;15679.807958;22.052;22.038;0.013999999999999346
2026-09-22T15:31:30.604+02:00;15681.605411;22.052;22.038;0.013999999999999346
2026-09-22T15:31:32.402+02:00;15683.402839;22.052;22.037;0.015000000000000568
2026-09-22T15:31:34.199+02:00;15685.200249;22.052;22.043;0.009000000000000341
2026-09-22T15:31:35.997+02:00;15686.997668;22.054;22.042;0.011999999999996902
2026-09-22T15:31:37.795+02:00;15688.796065;22.052;22.041;0.010999999999999233
2026-09-22T15:31:39.592+02:00;15690.592476;22.053;22.041;0.012000000000000455
2026-09-22T15:31:41.389+02:00;15692.390013;22.053;22.041;0.012000000000000455
2026-09-22T15:31:43.186+02:00;15694.187360;22.053;22.046;0.0070000000000014495
2026-09-22T15:31:44.984+02:00;15695.984739;22.053;22.043;0.010000000000001563
2026-09-22T15:31:46.782+02:00;15697.783139;22.053;22.045;0.007999999999999119
2026-09-22T15:31:48.579+02:00;15699.579611;22.053;22.046;0.0070000000000014495
2026-09-22T15:31:50.376+02:00;15701.377198;22.054;22.045;0.008999999999996788
2026-09-22T15:31:52.173+02:00;15703.174442;22.054;22.045;0.008999999999996788
2026-09-22T15:31:53.971+02:00;15704.971888;22.052;22.046;0.006000000000000227
2026-09-22T15:31:55.769+02:00;15706.770341;22.057;22.046;0.010999999999999233
2026-09-22T15:31:57.566+02:00;15708.566777;22.053;22.047;0.006000000000000227
2026-09-22T15:31:59.363+02:00;15710.364386;22.055;22.045;0.00999999999999801
2026-09-22T15:32:01.161+02:00;15712.161629;22.054;22.045;0.008999999999996788
2026-09-22T15:32:03.479+02:00;15714.479536;22.055;22.046;0.009000000000000341
2026-09-22T15:32:05.267+02:00;15716.268138;22.059;22.047;0.012000000000000455
2026-09-22T15:32:07.065+02:00;15718.065543;22.058;22.048;0.010000000000001563
2026-09-22T15:32:08.863+02:00;15719.863929;22.059;22.047;0.012000000000000455
2026-09-22T15:32:10.659+02:00;15721.660335;22.06;22.048;0.012000000000000455
2026-09-22T15:32:12.457+02:00;15723.457721;22.057;22.048;0.009000000000000341
2026-09-22T15:32:14.254+02:00;15725.255194;22.059;22.048;0.011000000000002785
2026-09-22T15:32:16.052+02:00;15727.052788;22.062;22.048;0.014000000000002899
2026-09-22T15:32:17.849+02:00;15728.849979;22.063;22.047;0.015999999999998238
2026-09-22T15:32:19.646+02:00;15730.647403;22.061;22.048;0.013000000000001677
2026-09-22T15:32:21.842+02:00;15732.843440;22.062;22.048;0.014000000000002899
2026-09-22T15:32:23.640+02:00;15734.640911;22.065;22.048;0.017000000000003013
2026-09-22T15:32:25.437+02:00;15736.438266;22.066;22.048;0.018000000000000682
2026-09-22T15:32:27.235+02:00;15738.235688;22.064;22.048;0.01600000000000179
2026-09-22T15:32:29.032+02:00;15740.033110;22.067;22.048;0.019000000000001904
2026-09-22T15:32:30.830+02:00;15741.830559;22.064;22.048;0.01600000000000179
2026-09-22T15:32:32.627+02:00;15743.628125;22.065;22.048;0.017000000000003013
2026-09-22T15:32:34.424+02:00;15745.425440;22.065;22.048;0.017000000000003013
2026-09-22T15:32:36.222+02:00;15747.222852;22.067;22.048;0.019000000000001904
2026-09-22T15:32:38.019+02:00;15749.020336;22.067;22.048;0.019000000000001904
2026-09-22T15:32:39.817+02:00;15750.817687;22.064;22.048;0.01600000000000179
2026-09-22T15:32:41.614+02:00;15752.615307;22.068;22.048;0.020000000000003126
2026-09-22T15:32:43.412+02:00;15754.412542;22.065;22.048;0.017000000000003013
2026-09-22T15:32:45.554+02:00;15756.555373;22.067;22.048;0.019000000000001904
2026-09-22T15:32:47.352+02:00;15758.352601;22.065;22.048;0.017000000000003013
2026-09-22T15:32:49.149+02:00;15760.150011;22.067;22.048;0.019000000000001904
2026-09-22T15:32:50.948+02:00;15761.948477;22.066;22.048;0.018000000000000682
2026-09-22T15:32:52.744+02:00;15763.744876;22.068;22.048;0.020000000000003126
2026-09-22T15:32:54.541+02:00;15765.542302;22.068;22.048;0.020000000000003126
2026-09-22T15:32:56.339+02:00;15767.339703;22.068;22.048;0.020000000000003126
2026-09-22T15:32:58.136+02:00;15769.137124;22.068;22.048;0.020000000000003126
2026-09-22T15:32:59.935+02:00;15770.935697;22.068;22.048;0.020000000000003126
2026-09-22T15:33:01.731+02:00;15772.732047;22.068;22.048;0.020000000000003126
2026-09-22T15:33:03.528+02:00;15774.529452;22.068;22.048;0.020000000000003126
2026-09-22T15:33:05.326+02:00;15776.326876;22.068;22.048;0.020000000000003126
2026-09-22T15:33:07.123+02:00;15778.124311;22.068;22.048;0.020000000000003126
2026-09-22T15:33:08.922+02:00;15779.922833;22.068;22.048;0.020000000000003126
2026-09-22T15:33:10.718+02:00;15781.719155;22.067;22.048;0.019000000000001904
2026-09-22T15:33:12.516+02:00;15783.516524;22.068;22.048;0.020000000000003126
2026-09-22T15:33:14.313+02:00;15785.313968;22.068;22.048;0.020000000000003126
2026-09-22T15:33:16.627+02:00;15787.628183;22.068;22.048;0.020000000000003126
2026-09-22T15:33:18.416+02:00;15789.416692;22.068;22.048;0.020000000000003126
2026-09-22T15:33:20.214+02:00;15791.215130;22.068;22.048;0.020000000000003126
2026-09-22T15:33:22.012+02:00;15793.012604;22.068;22.048;0.020000000000003126
2026-09-22T15:33:23.808+02:00;15794.809168;22.068;22.048;0.020000000000003126
2026-09-22T15:33:25.606+02:00;15796.607426;22.068;22.048;0.020000000000003126
2026-09-22T15:33:27.403+02:00;15798.403873;22.068;22.049;0.019000000000001904
2026-09-22T15:33:29.200+02:00;15800.201276;22.068;22.048;0.020000000000003126
2026-09-22T15:33:31.412+02:00;15802.412929;22.068;22.048;0.020000000000003126
2026-09-22T15:33:33.209+02:00;15804.210365;22.068;22.049;0.019000000000001904
2026-09-22T15:33:35.008+02:00;15806.008742;22.068;22.048;0.020000000000003126
2026-09-22T15:33:36.804+02:00;15807.805166;22.068;22.05;0.018000000000000682
2026-09-22T15:33:38.602+02:00;15809.602615;22.068;22.05;0.018000000000000682
2026-09-22T15:33:40.399+02:00;15811.400034;22.068;22.053;0.015000000000000568
2026-09-22T15:33:42.197+02:00;15813.197537;22.068;22.051;0.017000000000003013
2026-09-22T15:33:43.995+02:00;15814.995992;22.068;22.051;0.017000000000003013
2026-09-22T15:33:45.791+02:00;15816.792270;22.068;22.053;0.015000000000000568
2026-09-22T15:33:47.590+02:00;15818.590710;22.068;22.051;0.017000000000003013
2026-09-22T15:33:49.386+02:00;15820.387148;22.068;22.051;0.017000000000003013
2026-09-22T15:33:51.184+02:00;15822.184771;22.068;22.054;0.014000000000002899
2026-09-22T15:33:53.538+02:00;15824.539058;22.068;22.055;0.013000000000001677
2026-09-22T15:33:55.326+02:00;15826.326576;22.068;22.051;0.017000000000003013
2026-09-22T15:33:57.123+02:00;15828.124015;22.069;22.054;0.015000000000000568
2026-09-22T15:33:58.920+02:00;15829.921469;22.069;22.055;0.013999999999999346
2026-09-22T15:34:00.718+02:00;15831.718936;22.069;22.057;0.012000000000000455
2026-09-22T15:34:02.516+02:00;15833.517328;22.068;22.059;0.009000000000000341
2026-09-22T15:34:04.313+02:00;15835.313746;22.069;22.062;0.006999999999997897
2026-09-22T15:34:06.110+02:00;15837.111123;22.068;22.061;0.0070000000000014495
2026-09-22T15:34:07.908+02:00;15838.908509;22.069;22.059;0.00999999999999801
2026-09-22T15:34:09.705+02:00;15840.705968;22.068;22.061;0.0070000000000014495
2026-09-22T15:34:11.503+02:00;15842.504319;22.069;22.061;0.007999999999999119
2026-09-22T15:34:13.300+02:00;15844.300723;22.07;22.059;0.010999999999999233
2026-09-22T15:34:15.097+02:00;15846.098241;22.07;22.063;0.0070000000000014495
2026-09-22T15:34:16.895+02:00;15847.895574;22.069;22.058;0.010999999999999233
2026-09-22T15:34:18.692+02:00;15849.692994;22.072;22.062;0.00999999999999801
2026-09-22T15:34:20.489+02:00;15851.490446;22.071;22.06;0.011000000000002785
2026-09-22T15:34:22.287+02:00;15853.287841;22.072;22.062;0.00999999999999801
2026-09-22T15:34:24.084+02:00;15855.085436;22.07;22.061;0.009000000000000341
2026-09-22T15:34:25.882+02:00;15856.882703;22.073;22.064;0.009000000000000341
2026-09-22T15:34:27.679+02:00;15858.680114;22.073;22.063;0.010000000000001563
2026-09-22T15:34:29.477+02:00;15860.477525;22.074;22.064;0.010000000000001563
2026-09-22T15:34:31.274+02:00;15862.274941;22.074;22.062;0.012000000000000455
2026-09-22T15:34:33.071+02:00;15864.072341;22.074;22.063;0.011000000000002785
2026-09-22T15:34:34.869+02:00;15865.869763;22.071;22.062;0.009000000000000341
2026-09-22T15:34:36.666+02:00;15867.667194;22.073;22.064;0.009000000000000341
2026-09-22T15:34:38.464+02:00;15869.464720;22.075;22.063;0.012000000000000455
2026-09-22T15:34:40.261+02:00;15871.262017;22.077;22.064;0.013000000000001677
2026-09-22T15:34:42.058+02:00;15873.059460;22.074;22.064;0.010000000000001563
2026-09-22T15:34:43.856+02:00;15874.856938;22.076;22.064;0.012000000000000455
2026-09-22T15:34:45.653+02:00;15876.654334;22.077;22.064;0.013000000000001677
2026-09-22T15:34:47.451+02:00;15878.451903;22.08;22.063;0.01699999999999946
2026-09-22T15:34:49.248+02:00;15880.249162;22.08;22.064;0.015999999999998238
2026-09-22T15:34:51.046+02:00;15882.046596;22.08;22.064;0.015999999999998238
2026-09-22T15:34:52.843+02:00;15883.844033;22.079;22.064;0.015000000000000568
2026-09-22T15:34:54.966+02:00;15885.966580;22.081;22.064;0.01699999999999946
2026-09-22T15:34:56.763+02:00;15887.764134;22.082;22.064;0.018000000000000682
2026-09-22T15:34:58.561+02:00;15889.562426;22.082;22.064;0.018000000000000682
2026-09-22T15:35:00.358+02:00;15891.358844;22.08;22.064;0.015999999999998238
2026-09-22T15:35:02.155+02:00;15893.156303;22.082;22.064;0.018000000000000682
2026-09-22T15:35:03.954+02:00;15894.954723;22.082;22.064;0.018000000000000682
2026-09-22T15:35:05.750+02:00;15896.751298;22.084;22.064;0.019999999999999574
2026-09-22T15:35:07.549+02:00;15898.549514;22.083;22.064;0.01899999999999835
2026-09-22T15:35:09.345+02:00;15900.345977;22.083;22.064;0.01899999999999835
2026-09-22T15:35:11.142+02:00;15902.143419;22.084;22.064;0.019999999999999574
2026-09-22T15:35:12.940+02:00;15903.940782;22.083;22.063;0.019999999999999574
2026-09-22T15:35:14.737+02:00;15905.738202;22.083;22.064;0.01899999999999835
2026-09-22T15:35:16.536+02:00;15907.536651;22.084;22.064;0.019999999999999574
2026-09-22T15:35:18.332+02:00;15909.333062;22.084;22.064;0.019999999999999574
2026-09-22T15:35:20.130+02:00;15911.130589;22.084;22.064;0.019999999999999574
2026-09-22T15:35:21.927+02:00;15912.927948;22.084;22.064;0.019999999999999574
2026-09-22T15:35:23.724+02:00;15914.725345;22.084;22.064;0.019999999999999574
2026-09-22T15:35:25.522+02:00;15916.522768;22.084;22.064;0.019999999999999574
2026-09-22T15:35:27.319+02:00;15918.320139;22.084;22.064;0.019999999999999574
2026-09-22T15:35:29.117+02:00;15920.117597;22.084;22.064;0.019999999999999574
2026-09-22T15:35:30.914+02:00;15921.914978;22.084;22.064;0.019999999999999574
2026-09-22T15:35:32.711+02:00;15923.712434;22.084;22.064;0.019999999999999574
2026-09-22T15:35:34.509+02:00;15925.509919;22.084;22.064;0.019999999999999574
2026-09-22T15:35:36.306+02:00;15927.307287;22.084;22.064;0.019999999999999574
2026-09-22T15:35:38.471+02:00;15929.472361;22.084;22.065;0.01899999999999835
2026-09-22T15:35:40.269+02:00;15931.269779;22.084;22.064;0.019999999999999574
2026-09-22T15:35:42.066+02:00;15933.067269;22.084;22.064;0.019999999999999574
2026-09-22T15:35:43.864+02:00;15934.864642;22.084;22.065;0.01899999999999835
2026-09-22T15:35:45.661+02:00;15936.662163;22.084;22.064;0.019999999999999574
2026-09-22T15:35:47.459+02:00;15938.459490;22.084;22.065;0.01899999999999835
2026-09-22T15:35:49.256+02:00;15940.256929;22.084;22.064;0.019999999999999574
2026-09-22T15:35:51.054+02:00;15942.055362;22.084;22.065;0.01899999999999835
2026-09-22T15:35:52.851+02:00;15943.851798;22.084;22.064;0.019999999999999574
2026-09-22T15:35:54.648+02:00;15945.649346;22.084;22.066;0.018000000000000682
2026-09-22T15:35:56.446+02:00;15947.446664;22.084;22.066;0.018000000000000682
2026-09-22T15:35:58.243+02:00;15949.244068;22.084;22.064;0.019999999999999574
2026-09-22T15:36:00.041+02:00;15951.041513;22.084;22.064;0.019999999999999574
2026-09-22T15:36:01.838+02:00;15952.838986;22.084;22.065;0.01899999999999835
2026-09-22T15:36:03.636+02:00;15954.636543;22.084;22.066;0.018000000000000682
2026-09-22T15:36:05.433+02:00;15956.433829;22.084;22.065;0.01899999999999835
2026-09-22T15:36:07.230+02:00;15958.231264;22.084;22.066;0.018000000000000682
2026-09-22T15:36:09.028+02:00;15960.028673;22.084;22.07;0.013999999999999346
2026-09-22T15:36:10.825+02:00;15961.826086;22.084;22.066;0.018000000000000682
2026-09-22T15:36:12.624+02:00;15963.624696;22.084;22.066;0.018000000000000682
2026-09-22T15:36:14.420+02:00;15965.420950;22.084;22.066;0.018000000000000682
2026-09-22T15:36:16.217+02:00;15967.218368;22.084;22.065;0.01899999999999835
2026-09-22T15:36:18.015+02:00;15969.015841;22.084;22.071;0.012999999999998124
2026-09-22T15:36:19.812+02:00;15970.813219;22.084;22.07;0.013999999999999346
2026-09-22T15:36:21.610+02:00;15972.610627;22.084;22.071;0.012999999999998124
2026-09-22T15:36:23.407+02:00;15974.408028;22.084;22.072;0.012000000000000455
2026-09-22T15:36:25.204+02:00;15976.205417;22.084;22.071;0.012999999999998124
2026-09-22T15:36:27.002+02:00;15978.003014;22.084;22.075;0.009000000000000341
2026-09-22T15:36:28.799+02:00;15979.800293;22.084;22.073;0.010999999999999233
2026-09-22T15:36:30.598+02:00;15981.598780;22.085;22.075;0.010000000000001563
2026-09-22T15:36:32.395+02:00;15983.396188;22.087;22.075;0.012000000000000455
2026-09-22T15:36:34.192+02:00;15985.192617;22.084;22.073;0.010999999999999233
2026-09-22T15:36:35.989+02:00;15986.990188;22.085;22.075;0.010000000000001563
2026-09-22T15:36:37.786+02:00;15988.787453;22.084;22.073;0.010999999999999233
2026-09-22T15:36:39.584+02:00;15990.584818;22.086;22.074;0.011999999999996902
2026-09-22T15:36:41.381+02:00;15992.382295;22.085;22.077;0.007999999999999119
2026-09-22T15:36:43.179+02:00;15994.179675;22.085;22.08;0.005000000000002558
2026-09-22T15:36:44.976+02:00;15995.977112;22.085;22.08;0.005000000000002558
2026-09-22T15:36:46.774+02:00;15997.774547;22.086;22.076;0.00999999999999801
2026-09-22T15:36:48.571+02:00;15999.571997;22.086;22.079;0.006999999999997897
2026-09-22T15:36:50.369+02:00;16001.369523;22.087;22.078;0.009000000000000341
2026-09-22T15:36:52.166+02:00;16003.166801;22.086;22.08;0.006000000000000227
2026-09-22T15:36:53.963+02:00;16004.964251;22.087;22.08;0.0070000000000014495
2026-09-22T15:36:55.761+02:00;16006.761680;22.087;22.08;0.0070000000000014495
2026-09-22T15:36:57.558+02:00;16008.559078;22.087;22.078;0.009000000000000341
2026-09-22T15:36:59.356+02:00;16010.356683;22.09;22.081;0.009000000000000341
2026-09-22T15:37:01.666+02:00;16012.666744;22.092;22.079;0.012999999999998124
2026-09-22T15:37:03.454+02:00;16014.455102;22.096;22.08;0.01600000000000179
2026-09-22T15:37:05.252+02:00;16016.252563;22.092;22.081;0.010999999999999233
2026-09-22T15:37:07.049+02:00;16018.049987;22.092;22.081;0.010999999999999233
2026-09-22T15:37:08.846+02:00;16019.847426;22.092;22.08;0.012000000000000455
2026-09-22T15:37:10.644+02:00;16021.644951;22.093;22.081;0.012000000000000455
2026-09-22T15:37:12.441+02:00;16023.442270;22.094;22.081;0.013000000000001677
2026-09-22T15:37:14.239+02:00;16025.239696;22.097;22.081;0.01600000000000179
2026-09-22T15:37:16.542+02:00;16027.542501;22.093;22.081;0.012000000000000455
2026-09-22T15:37:18.687+02:00;16029.688333;22.093;22.081;0.012000000000000455
2026-09-22T15:37:20.485+02:00;16031.485727;22.096;22.081;0.015000000000000568
2026-09-22T15:37:22.282+02:00;16033.283170;22.097;22.081;0.01600000000000179
2026-09-22T15:37:24.080+02:00;16035.080558;22.095;22.081;0.013999999999999346
2026-09-22T15:37:25.877+02:00;16036.878056;22.098;22.081;0.01699999999999946
2026-09-22T15:37:27.674+02:00;16038.675445;22.097;22.081;0.01600000000000179
2026-09-22T15:37:29.472+02:00;16040.472916;22.099;22.081;0.018000000000000682
2026-09-22T15:37:31.269+02:00;16042.270350;22.098;22.081;0.01699999999999946
2026-09-22T15:37:33.067+02:00;16044.067792;22.098;22.081;0.01699999999999946
2026-09-22T15:37:34.864+02:00;16045.865186;22.101;22.081;0.019999999999999574
2026-09-22T15:37:36.662+02:00;16047.662621;22.101;22.081;0.019999999999999574
2026-09-22T15:37:38.459+02:00;16049.460065;22.099;22.081;0.018000000000000682
2026-09-22T15:37:40.257+02:00;16051.257571;22.1;22.081;0.019000000000001904
2026-09-22T15:37:42.054+02:00;16053.054963;22.099;22.081;0.018000000000000682
2026-09-22T15:37:43.851+02:00;16054.852348;22.099;22.081;0.018000000000000682
2026-09-22T15:37:45.649+02:00;16056.649795;22.1;22.081;0.019000000000001904
2026-09-22T15:37:47.446+02:00;16058.447161;22.101;22.081;0.019999999999999574
2026-09-22T15:37:49.244+02:00;16060.244745;22.101;22.081;0.019999999999999574
2026-09-22T15:37:51.041+02:00;16062.041972;22.101;22.081;0.019999999999999574
2026-09-22T15:37:52.839+02:00;16063.840441;22.101;22.081;0.019999999999999574
2026-09-22T15:37:54.636+02:00;16065.636853;22.101;22.081;0.019999999999999574
2026-09-22T15:37:56.433+02:00;16067.434223;22.101;22.081;0.019999999999999574
2026-09-22T15:37:58.231+02:00;16069.231635;22.101;22.081;0.019999999999999574
2026-09-22T15:38:00.029+02:00;16071.030062;22.101;22.081;0.019999999999999574
2026-09-22T15:38:01.826+02:00;16072.826483;22.101;22.081;0.019999999999999574
2026-09-22T15:38:03.623+02:00;16074.624049;22.101;22.081;0.019999999999999574
2026-09-22T15:38:05.420+02:00;16076.421279;22.101;22.081;0.019999999999999574
2026-09-22T15:38:07.218+02:00;16078.218707;22.101;22.081;0.019999999999999574
2026-09-22T15:38:09.557+02:00;16080.558426;22.101;22.081;0.019999999999999574
2026-09-22T15:38:11.346+02:00;16082.346921;22.101;22.081;0.019999999999999574
2026-09-22T15:38:13.696+02:00;16084.696793;22.101;22.081;0.019999999999999574
2026-09-22T15:38:15.484+02:00;16086.485320;22.101;22.081;0.019999999999999574
2026-09-22T15:38:17.282+02:00;16088.282738;22.101;22.081;0.019999999999999574
2026-09-22T15:38:19.079+02:00;16090.080381;22.101;22.081;0.019999999999999574
2026-09-22T15:38:20.878+02:00;16091.878664;22.101;22.082;0.01899999999999835
2026-09-22T15:38:22.675+02:00;16093.676060;22.101;22.081;0.019999999999999574
2026-09-22T15:38:24.472+02:00;16095.472506;22.101;22.082;0.01899999999999835
2026-09-22T15:38:26.269+02:00;16097.269980;22.101;22.083;0.018000000000000682
2026-09-22T15:38:28.066+02:00;16099.067338;22.101;22.081;0.019999999999999574
2026-09-22T15:38:29.865+02:00;16100.865753;22.101;22.083;0.018000000000000682
2026-09-22T15:38:31.661+02:00;16102.662166;22.101;22.082;0.01899999999999835
2026-09-22T15:38:33.459+02:00;16104.459681;22.101;22.082;0.01899999999999835
2026-09-22T15:38:35.256+02:00;16106.257115;22.101;22.084;0.01699999999999946
2026-09-22T15:38:37.054+02:00;16108.054497;22.101;22.083;0.018000000000000682
2026-09-22T15:38:38.851+02:00;16109.851915;22.101;22.086;0.015000000000000568
2026-09-22T15:38:40.648+02:00;16111.649327;22.101;22.086;0.015000000000000568
2026-09-22T15:38:42.446+02:00;16113.446900;22.101;22.084;0.01699999999999946
2026-09-22T15:38:44.243+02:00;16115.244131;22.101;22.087;0.013999999999999346
2026-09-22T15:38:46.041+02:00;16117.041556;22.101;22.086;0.015000000000000568
2026-09-22T15:38:47.839+02:00;16118.840043;22.101;22.086;0.015000000000000568
2026-09-22T15:38:49.635+02:00;16120.636435;22.101;22.087;0.013999999999999346
2026-09-22T15:38:51.433+02:00;16122.434058;22.101;22.088;0.012999999999998124
2026-09-22T15:38:53.230+02:00;16124.231276;22.101;22.087;0.013999999999999346
2026-09-22T15:38:55.028+02:00;16126.028669;22.101;22.089;0.012000000000000455
2026-09-22T15:38:56.825+02:00;16127.826192;22.101;22.089;0.012000000000000455
2026-09-22T15:38:58.623+02:00;16129.623508;22.101;22.089;0.012000000000000455
2026-09-22T15:39:00.420+02:00;16131.420896;22.101;22.093;0.007999999999999119
2026-09-22T15:39:02.217+02:00;16133.218367;22.101;22.091;0.00999999999999801
2026-09-22T15:39:04.015+02:00;16135.015852;22.102;22.092;0.010000000000001563
2026-09-22T15:39:05.812+02:00;16136.813343;22.102;22.094;0.007999999999999119
2026-09-22T15:39:07.610+02:00;16138.610622;22.101;22.091;0.00999999999999801
2026-09-22T15:39:09.407+02:00;16140.408048;22.103;22.095;0.008000000000002672
2026-09-22T15:39:11.204+02:00;16142.205471;22.101;22.095;0.006000000000000227
2026-09-22T15:39:13.002+02:00;16144.002878;22.104;22.092;0.012000000000000455
2026-09-22T15:39:14.799+02:00;16145.800303;22.102;22.094;0.007999999999999119
2026-09-22T15:39:16.597+02:00;16147.597734;22.103;22.092;0.011000000000002785
2026-09-22T15:39:18.394+02:00;16149.395177;22.101;22.097;0.003999999999997783
2026-09-22T15:39:20.192+02:00;16151.192665;22.103;22.096;0.0070000000000014495
2026-09-22T15:39:21.989+02:00;16152.990018;22.105;22.095;0.010000000000001563
2026-09-22T15:39:23.786+02:00;16154.787429;22.102;22.097;0.004999999999999005
2026-09-22T15:39:25.584+02:00;16156.584840;22.104;22.096;0.007999999999999119
2026-09-22T15:39:27.381+02:00;16158.382243;22.106;22.097;0.009000000000000341
2026-09-22T15:39:29.179+02:00;16160.179835;22.107;22.097;0.00999999999999801
2026-09-22T15:39:30.976+02:00;16161.977103;22.106;22.096;0.010000000000001563
2026-09-22T15:39:32.774+02:00;16163.774523;22.111;22.096;0.015000000000000568
2026-09-22T15:39:34.571+02:00;16165.571950;22.107;22.096;0.010999999999999233
2026-09-22T15:39:36.368+02:00;16167.369327;22.108;22.097;0.010999999999999233
2026-09-22T15:39:38.166+02:00;16169.166703;22.11;22.097;0.012999999999998124
2026-09-22T15:39:39.963+02:00;16170.964144;22.109;22.097;0.012000000000000455
2026-09-22T15:39:41.762+02:00;16172.762581;22.106;22.097;0.009000000000000341
2026-09-22T15:39:43.978+02:00;16174.979165;22.109;22.097;0.012000000000000455
2026-09-22T15:39:45.775+02:00;16176.776414;22.108;22.097;0.010999999999999233
2026-09-22T15:39:47.573+02:00;16178.573866;22.112;22.097;0.014999999999997016
2026-09-22T15:39:49.370+02:00;16180.371292;22.114;22.097;0.01699999999999946
2026-09-22T15:39:51.168+02:00;16182.168698;22.114;22.095;0.019000000000001904
2026-09-22T15:39:52.965+02:00;16183.966378;22.115;22.097;0.01799999999999713
2026-09-22T15:39:54.764+02:00;16185.764587;22.115;22.097;0.01799999999999713
2026-09-22T15:39:56.560+02:00;16187.561010;22.113;22.097;0.015999999999998238
2026-09-22T15:39:58.358+02:00;16189.358475;22.114;22.097;0.01699999999999946
2026-09-22T15:40:00.155+02:00;16191.155868;22.115;22.097;0.01799999999999713
2026-09-22T15:40:01.952+02:00;16192.953265;22.117;22.097;0.019999999999999574
2026-09-22T15:40:03.750+02:00;16194.750716;22.116;22.097;0.01899999999999835
2026-09-22T15:40:05.547+02:00;16196.548160;22.117;22.097;0.019999999999999574
2026-09-22T15:40:07.345+02:00;16198.345651;22.116;22.097;0.01899999999999835
2026-09-22T15:40:09.142+02:00;16200.143036;22.116;22.097;0.01899999999999835
2026-09-22T15:40:11.473+02:00;16202.473891;22.117;22.097;0.019999999999999574
2026-09-22T15:40:13.260+02:00;16204.261420;22.117;22.097;0.019999999999999574
2026-09-22T15:40:15.059+02:00;16206.059824;22.115;22.097;0.01799999999999713
2026-09-22T15:40:16.855+02:00;16207.856311;22.117;22.097;0.019999999999999574
2026-09-22T15:40:18.653+02:00;16209.653701;22.117;22.097;0.019999999999999574
2026-09-22T15:40:20.451+02:00;16211.452157;22.117;22.097;0.019999999999999574
2026-09-22T15:40:22.248+02:00;16213.248569;22.117;22.097;0.019999999999999574
2026-09-22T15:40:24.559+02:00;16215.560138;22.117;22.097;0.019999999999999574
2026-09-22T15:40:26.347+02:00;16217.347656;22.117;22.097;0.019999999999999574
2026-09-22T15:40:28.144+02:00;16219.145094;22.117;22.097;0.019999999999999574
2026-09-22T15:40:29.942+02:00;16220.942548;22.117;22.097;0.019999999999999574
2026-09-22T15:40:31.739+02:00;16222.740172;22.117;22.097;0.019999999999999574
2026-09-22T15:40:33.537+02:00;16224.538410;22.117;22.097;0.019999999999999574
2026-09-22T15:40:35.334+02:00;16226.334830;22.117;22.097;0.019999999999999574
2026-09-22T15:40:37.131+02:00;16228.132281;22.117;22.097;0.019999999999999574
2026-09-22T15:40:38.929+02:00;16229.929644;22.117;22.097;0.019999999999999574
2026-09-22T15:40:40.726+02:00;16231.727080;22.117;22.097;0.019999999999999574
2026-09-22T15:40:42.524+02:00;16233.524527;22.117;22.097;0.019999999999999574
2026-09-22T15:40:44.321+02:00;16235.321991;22.117;22.097;0.019999999999999574
2026-09-22T15:40:46.118+02:00;16237.119463;22.117;22.098;0.019000000000001904
2026-09-22T15:40:47.916+02:00;16238.916833;22.117;22.097;0.019999999999999574
2026-09-22T15:40:49.713+02:00;16240.714268;22.117;22.098;0.019000000000001904
2026-09-22T15:40:51.511+02:00;16242.511677;22.117;22.098;0.019000000000001904
2026-09-22T15:40:53.308+02:00;16244.309120;22.117;22.098;0.019000000000001904
2026-09-22T15:40:55.106+02:00;16246.106657;22.117;22.098;0.019000000000001904
2026-09-22T15:40:56.903+02:00;16247.903990;22.117;22.099;0.018000000000000682
2026-09-22T15:40:58.700+02:00;16249.701433;22.117;22.098;0.019000000000001904
2026-09-22T15:41:00.498+02:00;16251.498841;22.117;22.098;0.019000000000001904
2026-09-22T15:41:02.295+02:00;16253.296280;22.117;22.098;0.019000000000001904
2026-09-22T15:41:04.093+02:00;16255.093830;22.117;22.1;0.01699999999999946
2026-09-22T15:41:05.890+02:00;16256.891079;22.117;22.1;0.01699999999999946
2026-09-22T15:41:07.688+02:00;16258.688527;22.117;22.099;0.018000000000000682
2026-09-22T15:41:09.485+02:00;16260.485950;22.117;22.099;0.018000000000000682
2026-09-22T15:41:11.282+02:00;16262.283375;22.117;22.099;0.018000000000000682
2026-09-22T15:41:13.080+02:00;16264.081038;22.117;22.101;0.01600000000000179
2026-09-22T15:41:14.877+02:00;16265.878259;22.117;22.101;0.01600000000000179
2026-09-22T15:41:16.675+02:00;16267.675686;22.117;22.1;0.01699999999999946
2026-09-22T15:41:18.472+02:00;16269.473116;22.117;22.105;0.012000000000000455
2026-09-22T15:41:20.270+02:00;16271.270517;22.117;22.106;0.010999999999999233
2026-09-22T15:41:22.067+02:00;16273.067878;22.117;22.106;0.010999999999999233
2026-09-22T15:41:23.864+02:00;16274.865359;22.119;22.105;0.013999999999999346
2026-09-22T15:41:25.662+02:00;16276.662786;22.118;22.107;0.010999999999999233
2026-09-22T15:41:27.459+02:00;16278.460336;22.117;22.103;0.013999999999999346
2026-09-22T15:41:29.257+02:00;16280.257635;22.118;22.105;0.012999999999998124
2026-09-22T15:41:31.054+02:00;16282.055017;22.118;22.107;0.010999999999999233
2026-09-22T15:41:32.851+02:00;16283.852443;22.117;22.108;0.009000000000000341
2026-09-22T15:41:34.649+02:00;16285.649850;22.117;22.108;0.009000000000000341
2026-09-22T15:41:36.446+02:00;16287.447269;22.118;22.11;0.007999999999999119
2026-09-22T15:41:38.244+02:00;16289.244784;22.118;22.11;0.007999999999999119
2026-09-22T15:41:40.041+02:00;16291.042129;22.117;22.111;0.006000000000000227
2026-09-22T15:41:41.839+02:00;16292.839622;22.122;22.11;0.012000000000000455
2026-09-22T15:41:43.637+02:00;16294.637974;22.117;22.11;0.0070000000000014495
2026-09-22T15:41:45.433+02:00;16296.434421;22.118;22.112;0.006000000000000227
2026-09-22T15:41:47.231+02:00;16298.231801;22.12;22.112;0.008000000000002672
2026-09-22T15:41:49.028+02:00;16300.029239;22.123;22.111;0.012000000000000455
2026-09-22T15:41:50.826+02:00;16301.826827;22.121;22.113;0.007999999999999119
2026-09-22T15:41:52.624+02:00;16303.625101;22.12;22.113;0.0070000000000014495
2026-09-22T15:41:54.421+02:00;16305.421565;22.122;22.11;0.012000000000000455
2026-09-22T15:41:56.218+02:00;16307.218996;22.119;22.111;0.007999999999999119
2026-09-22T15:41:58.015+02:00;16309.016405;22.121;22.113;0.007999999999999119
2026-09-22T15:41:59.813+02:00;16310.814041;22.125;22.113;0.012000000000000455
2026-09-22T15:42:01.611+02:00;16312.612258;22.128;22.112;0.01600000000000179
2026-09-22T15:42:03.408+02:00;16314.408657;22.124;22.113;0.010999999999999233
2026-09-22T15:42:05.205+02:00;16316.206116;22.124;22.113;0.010999999999999233
2026-09-22T15:42:07.003+02:00;16318.003522;22.129;22.113;0.01600000000000179
2026-09-22T15:42:08.800+02:00;16319.800963;22.128;22.113;0.015000000000000568
2026-09-22T15:42:10.599+02:00;16321.599557;22.128;22.113;0.015000000000000568
2026-09-22T15:42:12.395+02:00;16323.395824;22.127;22.113;0.013999999999999346
2026-09-22T15:42:14.192+02:00;16325.193340;22.129;22.113;0.01600000000000179
2026-09-22T15:42:15.990+02:00;16326.990659;22.129;22.113;0.01600000000000179
2026-09-22T15:42:17.787+02:00;16328.788062;22.127;22.113;0.013999999999999346
2026-09-22T15:42:19.586+02:00;16330.586491;22.127;22.113;0.013999999999999346
2026-09-22T15:42:21.382+02:00;16332.382902;22.13;22.113;0.01699999999999946
2026-09-22T15:42:23.180+02:00;16334.180486;22.132;22.113;0.019000000000001904
2026-09-22T15:42:25.578+02:00;16336.578794;22.132;22.113;0.019000000000001904
2026-09-22T15:42:27.366+02:00;16338.367331;22.133;22.113;0.019999999999999574
2026-09-22T15:42:29.164+02:00;16340.164726;22.13;22.113;0.01699999999999946
2026-09-22T15:42:30.961+02:00;16341.962163;22.132;22.113;0.019000000000001904
2026-09-22T15:42:32.760+02:00;16343.760714;22.13;22.113;0.01699999999999946
2026-09-22T15:42:34.556+02:00;16345.557028;22.132;22.113;0.019000000000001904
2026-09-22T15:42:36.783+02:00;16347.784362;22.133;22.113;0.019999999999999574
2026-09-22T15:42:38.581+02:00;16349.581821;22.132;22.113;0.019000000000001904
2026-09-22T15:42:40.378+02:00;16351.379239;22.133;22.113;0.019999999999999574
2026-09-22T15:42:42.176+02:00;16353.176639;22.132;22.113;0.019000000000001904
2026-09-22T15:42:43.973+02:00;16354.974053;22.133;22.113;0.019999999999999574
2026-09-22T15:42:45.771+02:00;16356.771517;22.133;22.113;0.019999999999999574
2026-09-22T15:42:47.568+02:00;16358.569018;22.132;22.113;0.019000000000001904
2026-09-22T15:42:49.365+02:00;16360.366360;22.133;22.113;0.019999999999999574
2026-09-22T15:42:51.164+02:00;16362.164819;22.133;22.113;0.019999999999999574
2026-09-22T15:42:52.960+02:00;16363.961188;22.132;22.113;0.019000000000001904
2026-09-22T15:42:54.758+02:00;16365.758627;22.133;22.113;0.019999999999999574
2026-09-22T15:42:56.555+02:00;16367.556205;22.133;22.113;0.019999999999999574
2026-09-22T15:42:58.352+02:00;16369.353452;22.133;22.113;0.019999999999999574
2026-09-22T15:43:00.150+02:00;16371.150888;22.133;22.113;0.019999999999999574
2026-09-22T15:43:01.947+02:00;16372.948321;22.133;22.113;0.019999999999999574
2026-09-22T15:43:03.745+02:00;16374.745746;22.133;22.113;0.019999999999999574
2026-09-22T15:43:05.543+02:00;16376.544154;22.133;22.113;0.019999999999999574
2026-09-22T15:43:07.340+02:00;16378.340593;22.133;22.113;0.019999999999999574
2026-09-22T15:43:09.137+02:00;16380.137998;22.133;22.113;0.019999999999999574
2026-09-22T15:43:10.935+02:00;16381.935508;22.133;22.113;0.019999999999999574
2026-09-22T15:43:12.732+02:00;16383.732853;22.133;22.114;0.01899999999999835
2026-09-22T15:43:14.529+02:00;16385.530270;22.133;22.113;0.019999999999999574
2026-09-22T15:43:16.713+02:00;16387.714197;22.133;22.113;0.019999999999999574
2026-09-22T15:43:18.511+02:00;16389.511676;22.133;22.113;0.019999999999999574
2026-09-22T15:43:20.308+02:00;16391.309044;22.133;22.113;0.019999999999999574
2026-09-22T15:43:22.105+02:00;16393.106448;22.133;22.113;0.019999999999999574
2026-09-22T15:43:23.903+02:00;16394.903895;22.133;22.116;0.01699999999999946
2026-09-22T15:43:25.700+02:00;16396.701303;22.133;22.116;0.01699999999999946
2026-09-22T15:43:27.498+02:00;16398.498876;22.133;22.115;0.018000000000000682
2026-09-22T15:43:29.295+02:00;16400.296168;22.133;22.115;0.018000000000000682
2026-09-22T15:43:31.093+02:00;16402.093597;22.133;22.116;0.01699999999999946
2026-09-22T15:43:32.890+02:00;16403.891031;22.133;22.113;0.019999999999999574
2026-09-22T15:43:34.688+02:00;16405.688482;22.133;22.115;0.018000000000000682
2026-09-22T15:43:36.485+02:00;16407.486065;22.133;22.116;0.01699999999999946
2026-09-22T15:43:38.282+02:00;16409.283335;22.133;22.117;0.015999999999998238
2026-09-22T15:43:40.080+02:00;16411.080735;22.133;22.116;0.01699999999999946
2026-09-22T15:43:41.936+02:00;16412.937216;22.134;22.116;0.018000000000000682
2026-09-22T15:43:43.675+02:00;16414.675574;22.133;22.118;0.015000000000000568
2026-09-22T15:43:45.472+02:00;16416.472940;22.133;22.119;0.013999999999999346
2026-09-22T15:43:47.786+02:00;16418.787276;22.133;22.121;0.012000000000000455
2026-09-22T15:43:50.135+02:00;16421.135976;22.133;22.123;0.00999999999999801
2026-09-22T15:43:51.924+02:00;16422.924495;22.133;22.12;0.012999999999998124
2026-09-22T15:43:53.721+02:00;16424.721949;22.133;22.122;0.010999999999999233
2026-09-22T15:43:55.518+02:00;16426.519439;22.133;22.118;0.015000000000000568
2026-09-22T15:43:57.316+02:00;16428.316772;22.135;22.125;0.010000000000001563
2026-09-22T15:43:59.114+02:00;16430.115322;22.133;22.125;0.007999999999999119
2026-09-22T15:44:00.911+02:00;16431.911680;22.133;22.126;0.006999999999997897
2026-09-22T15:44:02.708+02:00;16433.709101;22.134;22.127;0.0070000000000014495
2026-09-22T15:44:04.506+02:00;16435.506640;22.134;22.124;0.010000000000001563
2026-09-22T15:44:06.709+02:00;16437.710255;22.133;22.125;0.007999999999999119
2026-09-22T15:44:08.507+02:00;16439.507719;22.134;22.128;0.006000000000000227
2026-09-22T15:44:10.304+02:00;16441.305092;22.134;22.126;0.007999999999999119
2026-09-22T15:44:12.102+02:00;16443.102578;22.135;22.125;0.010000000000001563
2026-09-22T15:44:13.899+02:00;16444.899988;22.135;22.127;0.008000000000002672
2026-09-22T15:44:15.696+02:00;16446.697412;22.133;22.127;0.006000000000000227
2026-09-22T15:44:17.494+02:00;16448.494917;22.134;22.127;0.0070000000000014495
2026-09-22T15:44:19.292+02:00;16450.293237;22.14;22.128;0.012000000000000455
2026-09-22T15:44:21.089+02:00;16452.089622;22.14;22.125;0.015000000000000568
2026-09-22T15:44:22.886+02:00;16453.887043;22.142;22.129;0.012999999999998124
2026-09-22T15:44:24.683+02:00;16455.684467;22.138;22.128;0.010000000000001563
2026-09-22T15:44:26.481+02:00;16457.481870;22.14;22.127;0.013000000000001677
2026-09-22T15:44:28.278+02:00;16459.279299;22.139;22.127;0.012000000000000455
2026-09-22T15:44:30.076+02:00;16461.076763;22.141;22.129;0.011999999999996902
2026-09-22T15:44:31.873+02:00;16462.874288;22.138;22.129;0.009000000000000341
2026-09-22T15:44:33.671+02:00;16464.671577;22.142;22.129;0.012999999999998124
2026-09-22T15:44:35.468+02:00;16466.468971;22.143;22.129;0.013999999999999346
2026-09-22T15:44:37.265+02:00;16468.266401;22.145;22.129;0.015999999999998238
2026-09-22T15:44:39.063+02:00;16470.063833;22.144;22.128;0.015999999999998238
2026-09-22T15:44:40.860+02:00;16471.861456;22.143;22.128;0.015000000000000568
2026-09-22T15:44:42.658+02:00;16473.658625;22.143;22.129;0.013999999999999346
2026-09-22T15:44:44.455+02:00;16475.456036;22.142;22.129;0.012999999999998124
2026-09-22T15:44:46.253+02:00;16477.253509;22.144;22.129;0.014999999999997016
2026-09-22T15:44:48.050+02:00;16479.050913;22.145;22.129;0.015999999999998238
2026-09-22T15:44:49.847+02:00;16480.848310;22.145;22.129;0.015999999999998238
2026-09-22T15:44:51.645+02:00;16482.645750;22.145;22.128;0.01699999999999946
2026-09-22T15:44:53.442+02:00;16484.443138;22.142;22.129;0.012999999999998124
2026-09-22T15:44:55.240+02:00;16486.240752;22.147;22.129;0.01799999999999713
2026-09-22T15:44:57.037+02:00;16488.037995;22.144;22.129;0.014999999999997016
2026-09-22T15:44:58.835+02:00;16489.835473;22.148;22.129;0.01899999999999835
2026-09-22T15:45:00.633+02:00;16491.633860;22.148;22.129;0.01899999999999835
2026-09-22T15:45:02.429+02:00;16493.430310;22.147;22.129;0.01799999999999713
2026-09-22T15:45:04.227+02:00;16495.227935;22.149;22.129;0.019999999999999574
2026-09-22T15:45:06.024+02:00;16497.025116;22.148;22.129;0.01899999999999835
2026-09-22T15:45:07.822+02:00;16498.822569;22.147;22.129;0.01799999999999713
2026-09-22T15:45:09.619+02:00;16500.620012;22.148;22.129;0.01899999999999835
2026-09-22T15:45:11.416+02:00;16502.417363;22.149;22.129;0.019999999999999574
2026-09-22T15:45:13.798+02:00;16504.799352;22.149;22.129;0.019999999999999574
2026-09-22T15:45:15.586+02:00;16506.586837;22.149;22.129;0.019999999999999574
2026-09-22T15:45:17.383+02:00;16508.384322;22.148;22.129;0.01899999999999835
2026-09-22T15:45:19.181+02:00;16510.181723;22.148;22.129;0.01899999999999835
2026-09-22T15:45:20.978+02:00;16511.979257;22.149;22.129;0.019999999999999574
2026-09-22T15:45:22.777+02:00;16513.777630;22.149;22.129;0.019999999999999574
2026-09-22T15:45:24.573+02:00;16515.574052;22.149;22.129;0.019999999999999574
2026-09-22T15:45:26.370+02:00;16517.371423;22.149;22.129;0.019999999999999574
2026-09-22T15:45:28.168+02:00;16519.168864;22.149;22.13;0.019000000000001904
2026-09-22T15:45:29.965+02:00;16520.966433;22.149;22.129;0.019999999999999574
2026-09-22T15:45:31.763+02:00;16522.763725;22.149;22.129;0.019999999999999574
2026-09-22T15:45:33.560+02:00;16524.561162;22.149;22.129;0.019999999999999574
2026-09-22T15:45:35.358+02:00;16526.358567;22.149;22.129;0.019999999999999574
2026-09-22T15:45:37.155+02:00;16528.155999;22.149;22.129;0.019999999999999574
2026-09-22T15:45:38.952+02:00;16529.953400;22.149;22.129;0.019999999999999574
2026-09-22T15:45:40.750+02:00;16531.750842;22.149;22.129;0.019999999999999574
2026-09-22T15:45:42.547+02:00;16533.548228;22.149;22.129;0.019999999999999574
2026-09-22T15:45:44.345+02:00;16535.345722;22.149;22.129;0.019999999999999574
2026-09-22T15:45:46.142+02:00;16537.143050;22.149;22.129;0.019999999999999574
2026-09-22T15:45:47.940+02:00;16538.940483;22.149;22.129;0.019999999999999574
2026-09-22T15:45:49.737+02:00;16540.737931;22.149;22.129;0.019999999999999574
2026-09-22T15:45:51.535+02:00;16542.536359;22.149;22.13;0.019000000000001904
2026-09-22T15:45:53.332+02:00;16544.332933;22.149;22.13;0.019000000000001904
2026-09-22T15:45:55.129+02:00;16546.130157;22.149;22.131;0.018000000000000682
2026-09-22T15:45:56.927+02:00;16547.927585;22.149;22.131;0.018000000000000682
2026-09-22T15:45:58.724+02:00;16549.725035;22.149;22.132;0.01699999999999946
2026-09-22T15:46:00.521+02:00;16551.522420;22.149;22.131;0.018000000000000682
2026-09-22T15:46:02.319+02:00;16553.319946;22.149;22.132;0.01699999999999946
2026-09-22T15:46:04.116+02:00;16555.117280;22.149;22.131;0.018000000000000682
2026-09-22T15:46:05.915+02:00;16556.915699;22.149;22.132;0.01699999999999946
2026-09-22T15:46:07.711+02:00;16558.712216;22.149;22.133;0.01600000000000179
2026-09-22T15:46:09.509+02:00;16560.509573;22.149;22.136;0.013000000000001677
2026-09-22T15:46:11.306+02:00;16562.306959;22.149;22.132;0.01699999999999946
2026-09-22T15:46:13.636+02:00;16564.637085;22.149;22.133;0.01600000000000179
2026-09-22T15:46:15.425+02:00;16566.425589;22.149;22.136;0.013000000000001677
2026-09-22T15:46:17.222+02:00;16568.223006;22.15;22.134;0.015999999999998238
2026-09-22T15:46:19.019+02:00;16570.020467;22.149;22.134;0.015000000000000568
2026-09-22T15:46:20.818+02:00;16571.818920;22.149;22.135;0.013999999999999346
2026-09-22T15:46:22.615+02:00;16573.615541;22.15;22.135;0.014999999999997016
2026-09-22T15:46:24.412+02:00;16575.412816;22.149;22.137;0.012000000000000455
2026-09-22T15:46:26.209+02:00;16577.210251;22.15;22.134;0.015999999999998238
2026-09-22T15:46:28.007+02:00;16579.007647;22.15;22.132;0.01799999999999713
2026-09-22T15:46:29.805+02:00;16580.806063;22.149;22.139;0.010000000000001563
2026-09-22T15:46:31.602+02:00;16582.602738;22.15;22.14;0.00999999999999801
2026-09-22T15:46:33.399+02:00;16584.399960;22.151;22.141;0.010000000000001563
2026-09-22T15:46:35.196+02:00;16586.197395;22.15;22.141;0.009000000000000341
2026-09-22T15:46:36.994+02:00;16587.994851;22.149;22.144;0.005000000000002558
2026-09-22T15:46:38.792+02:00;16589.793266;22.15;22.145;0.004999999999999005
2026-09-22T15:46:40.589+02:00;16591.589715;22.152;22.141;0.011000000000002785
2026-09-22T15:46:42.386+02:00;16593.387103;22.152;22.14;0.012000000000000455
2026-09-22T15:46:44.184+02:00;16595.184531;22.151;22.145;0.006000000000000227
2026-09-22T15:46:45.981+02:00;16596.982013;22.153;22.145;0.007999999999999119
2026-09-22T15:46:47.778+02:00;16598.779377;22.153;22.146;0.006999999999997897
2026-09-22T15:46:49.576+02:00;16600.576839;22.153;22.146;0.006999999999997897
2026-09-22T15:46:51.373+02:00;16602.374247;22.153;22.144;0.009000000000000341
2026-09-22T15:46:53.171+02:00;16604.171682;22.153;22.145;0.007999999999999119
2026-09-22T15:46:54.968+02:00;16605.969214;22.152;22.146;0.006000000000000227
2026-09-22T15:46:56.766+02:00;16607.766503;22.154;22.146;0.007999999999999119
2026-09-22T15:46:58.563+02:00;16609.563975;22.156;22.146;0.00999999999999801
2026-09-22T15:47:00.360+02:00;16611.361315;22.161;22.145;0.01600000000000179
2026-09-22T15:47:02.158+02:00;16613.158782;22.156;22.146;0.00999999999999801
2026-09-22T15:47:03.955+02:00;16614.956422;22.158;22.145;0.013000000000001677
2026-09-22T15:47:05.753+02:00;16616.753676;22.161;22.145;0.01600000000000179
2026-09-22T15:47:07.550+02:00;16618.551093;22.157;22.146;0.010999999999999233
2026-09-22T15:47:09.349+02:00;16620.349573;22.162;22.146;0.015999999999998238
2026-09-22T15:47:11.145+02:00;16622.145949;22.159;22.146;0.012999999999998124
2026-09-22T15:47:12.942+02:00;16623.943370;22.161;22.146;0.015000000000000568
2026-09-22T15:47:14.740+02:00;16625.740818;22.162;22.146;0.015999999999998238
2026-09-22T15:47:16.537+02:00;16627.538197;22.162;22.146;0.015999999999998238
2026-09-22T15:47:18.335+02:00;16629.335690;22.165;22.146;0.01899999999999835
2026-09-22T15:47:20.132+02:00;16631.133080;22.164;22.146;0.018000000000000682
2026-09-22T15:47:21.930+02:00;16632.930516;22.165;22.146;0.01899999999999835
2026-09-22T15:47:23.727+02:00;16634.728067;22.161;22.146;0.015000000000000568
2026-09-22T15:47:25.524+02:00;16636.525373;22.164;22.146;0.018000000000000682
2026-09-22T15:47:27.322+02:00;16638.322897;22.164;22.146;0.018000000000000682
2026-09-22T15:47:29.119+02:00;16640.120249;22.164;22.146;0.018000000000000682
2026-09-22T15:47:30.917+02:00;16641.917695;22.162;22.146;0.015999999999998238
2026-09-22T15:47:33.069+02:00;16644.070054;22.165;22.146;0.01899999999999835
2026-09-22T15:47:34.867+02:00;16645.867477;22.165;22.146;0.01899999999999835
2026-09-22T15:47:36.664+02:00;16647.665097;22.166;22.146;0.019999999999999574
2026-09-22T15:47:38.461+02:00;16649.462325;22.166;22.146;0.019999999999999574
2026-09-22T15:47:40.259+02:00;16651.259714;22.166;22.146;0.019999999999999574
2026-09-22T15:47:42.056+02:00;16653.057206;22.166;22.146;0.019999999999999574
2026-09-22T15:47:43.854+02:00;16654.854558;22.166;22.146;0.019999999999999574
2026-09-22T15:47:45.651+02:00;16656.651967;22.166;22.146;0.019999999999999574
2026-09-22T15:47:47.448+02:00;16658.449416;22.165;22.146;0.01899999999999835
2026-09-22T15:47:49.246+02:00;16660.246841;22.166;22.146;0.019999999999999574
2026-09-22T15:47:51.043+02:00;16662.044412;22.166;22.146;0.019999999999999574
2026-09-22T15:47:52.841+02:00;16663.841706;22.165;22.146;0.01899999999999835
2026-09-22T15:47:54.638+02:00;16665.639178;22.166;22.146;0.019999999999999574
2026-09-22T15:47:56.436+02:00;16667.436566;22.166;22.146;0.019999999999999574
2026-09-22T15:47:58.233+02:00;16669.233971;22.166;22.146;0.019999999999999574
2026-09-22T15:48:00.031+02:00;16671.031769;22.166;22.146;0.019999999999999574
2026-09-22T15:48:01.828+02:00;16672.828804;22.166;22.146;0.019999999999999574
2026-09-22T15:48:03.625+02:00;16674.626252;22.166;22.146;0.019999999999999574
2026-09-22T15:48:05.423+02:00;16676.423706;22.166;22.147;0.019000000000001904
2026-09-22T15:48:07.220+02:00;16678.221104;22.166;22.146;0.019999999999999574
2026-09-22T15:48:09.018+02:00;16680.018548;22.166;22.146;0.019999999999999574
2026-09-22T15:48:10.815+02:00;16681.815998;22.166;22.146;0.019999999999999574
2026-09-22T15:48:12.612+02:00;16683.613382;22.166;22.146;0.019999999999999574
2026-09-22T15:48:14.410+02:00;16685.410897;22.166;22.147;0.019000000000001904
2026-09-22T15:48:16.207+02:00;16687.208208;22.166;22.146;0.019999999999999574
2026-09-22T15:48:18.005+02:00;16689.005697;22.166;22.147;0.019000000000001904
2026-09-22T15:48:19.802+02:00;16690.803099;22.166;22.146;0.019999999999999574
2026-09-22T15:48:21.600+02:00;16692.600651;22.166;22.146;0.019999999999999574
2026-09-22T15:48:23.397+02:00;16694.398065;22.166;22.146;0.019999999999999574
2026-09-22T15:48:25.195+02:00;16696.196405;22.166;22.148;0.018000000000000682
2026-09-22T15:48:26.992+02:00;16697.992855;22.166;22.148;0.018000000000000682
2026-09-22T15:48:28.789+02:00;16699.790199;22.166;22.149;0.01699999999999946
2026-09-22T15:48:30.587+02:00;16701.587678;22.166;22.149;0.01699999999999946
2026-09-22T15:48:32.384+02:00;16703.385254;22.166;22.149;0.01699999999999946
2026-09-22T15:48:34.182+02:00;16705.182545;22.166;22.149;0.01699999999999946
2026-09-22T15:48:35.979+02:00;16706.979966;22.166;22.152;0.013999999999999346
2026-09-22T15:48:37.777+02:00;16708.778463;22.166;22.151;0.015000000000000568
2026-09-22T15:48:39.574+02:00;16710.574827;22.166;22.152;0.013999999999999346
2026-09-22T15:48:41.372+02:00;16712.373439;22.166;22.15;0.01600000000000179
2026-09-22T15:48:43.169+02:00;16714.169725;22.166;22.153;0.013000000000001677
2026-09-22T15:48:44.966+02:00;16715.967106;22.166;22.153;0.013000000000001677
2026-09-22T15:48:46.764+02:00;16717.764606;22.166;22.153;0.013000000000001677
2026-09-22T15:48:48.561+02:00;16719.561984;22.166;22.158;0.007999999999999119
2026-09-22T15:48:50.358+02:00;16721.359409;22.167;22.151;0.01600000000000179
2026-09-22T15:48:52.156+02:00;16723.156876;22.169;22.154;0.015000000000000568
2026-09-22T15:48:53.953+02:00;16724.954280;22.166;22.158;0.007999999999999119
2026-09-22T15:48:55.751+02:00;16726.751780;22.167;22.153;0.014000000000002899
2026-09-22T15:48:57.548+02:00;16728.549104;22.166;22.155;0.010999999999999233
2026-09-22T15:48:59.346+02:00;16730.346502;22.167;22.157;0.010000000000001563
2026-09-22T15:49:01.143+02:00;16732.143982;22.167;22.16;0.0070000000000014495
2026-09-22T15:49:02.940+02:00;16733.941417;22.166;22.161;0.004999999999999005
2026-09-22T15:49:05.324+02:00;16736.324946;22.169;22.159;0.010000000000001563
2026-09-22T15:49:07.111+02:00;16738.112427;22.168;22.157;0.010999999999999233
2026-09-22T15:49:08.909+02:00;16739.910053;22.169;22.158;0.010999999999999233
2026-09-22T15:49:10.706+02:00;16741.707381;22.167;22.16;0.0070000000000014495
2026-09-22T15:49:12.504+02:00;16743.504785;22.166;22.159;0.0070000000000014495
2026-09-22T15:49:14.302+02:00;16745.303223;22.168;22.16;0.007999999999999119
2026-09-22T15:49:16.099+02:00;16747.099612;22.168;22.161;0.006999999999997897
2026-09-22T15:49:17.896+02:00;16748.897214;22.171;22.16;0.010999999999999233
2026-09-22T15:49:19.694+02:00;16750.694503;22.169;22.161;0.007999999999999119
2026-09-22T15:49:21.491+02:00;16752.491995;22.17;22.162;0.008000000000002672
2026-09-22T15:49:23.288+02:00;16754.289398;22.173;22.16;0.012999999999998124
2026-09-22T15:49:25.086+02:00;16756.086811;22.17;22.161;0.009000000000000341
2026-09-22T15:49:26.883+02:00;16757.884426;22.172;22.162;0.010000000000001563
2026-09-22T15:49:28.681+02:00;16759.681636;22.173;22.161;0.011999999999996902
2026-09-22T15:49:30.478+02:00;16761.479089;22.171;22.162;0.009000000000000341
2026-09-22T15:49:32.276+02:00;16763.276536;22.17;22.161;0.009000000000000341
2026-09-22T15:49:34.073+02:00;16765.073972;22.176;22.162;0.013999999999999346
2026-09-22T15:49:35.871+02:00;16766.871602;22.174;22.162;0.012000000000000455
2026-09-22T15:49:37.668+02:00;16768.668859;22.175;22.161;0.013999999999999346
2026-09-22T15:49:39.465+02:00;16770.466359;22.177;22.162;0.015000000000000568
2026-09-22T15:49:41.264+02:00;16772.264787;22.181;22.162;0.019000000000001904
2026-09-22T15:49:43.060+02:00;16774.061168;22.178;22.162;0.01600000000000179
2026-09-22T15:49:44.858+02:00;16775.858787;22.177;22.162;0.015000000000000568
2026-09-22T15:49:46.655+02:00;16777.656042;22.181;22.162;0.019000000000001904
2026-09-22T15:49:48.453+02:00;16779.453492;22.179;22.162;0.01699999999999946
2026-09-22T15:49:50.250+02:00;16781.250988;22.178;22.162;0.01600000000000179
2026-09-22T15:49:52.047+02:00;16783.048409;22.18;22.162;0.018000000000000682
2026-09-22T15:49:53.845+02:00;16784.845980;22.182;22.162;0.019999999999999574
2026-09-22T15:49:55.642+02:00;16786.643341;22.181;22.162;0.019000000000001904
2026-09-22T15:49:57.440+02:00;16788.440754;22.18;22.162;0.018000000000000682
2026-09-22T15:49:59.237+02:00;16790.238174;22.18;22.162;0.018000000000000682
2026-09-22T15:50:01.035+02:00;16792.035652;22.179;22.162;0.01699999999999946
2026-09-22T15:50:02.832+02:00;16793.833206;22.182;22.162;0.019999999999999574
2026-09-22T15:50:04.630+02:00;16795.630482;22.181;22.162;0.019000000000001904
2026-09-22T15:50:06.427+02:00;16797.427952;22.182;22.162;0.019999999999999574
2026-09-22T15:50:08.224+02:00;16799.225417;22.182;22.162;0.019999999999999574
2026-09-22T15:50:10.022+02:00;16801.022858;22.18;22.162;0.018000000000000682
2026-09-22T15:50:11.819+02:00;16802.820359;22.182;22.162;0.019999999999999574
2026-09-22T15:50:13.617+02:00;16804.617657;22.181;22.162;0.019000000000001904
2026-09-22T15:50:15.414+02:00;16806.415124;22.181;22.162;0.019000000000001904
2026-09-22T15:50:17.212+02:00;16808.212556;22.182;22.162;0.019999999999999574
2026-09-22T15:50:19.009+02:00;16810.010024;22.181;22.162;0.019000000000001904
2026-09-22T15:50:20.807+02:00;16811.807555;22.182;22.162;0.019999999999999574
2026-09-22T15:50:22.604+02:00;16813.604881;22.182;22.162;0.019999999999999574
2026-09-22T15:50:24.402+02:00;16815.403347;22.182;22.162;0.019999999999999574
2026-09-22T15:50:26.199+02:00;16817.199750;22.182;22.162;0.019999999999999574
2026-09-22T15:50:27.996+02:00;16818.997215;22.182;22.162;0.019999999999999574
2026-09-22T15:50:29.794+02:00;16820.794735;22.182;22.162;0.019999999999999574
2026-09-22T15:50:31.591+02:00;16822.592041;22.182;22.162;0.019999999999999574
2026-09-22T15:50:33.390+02:00;16824.390492;22.182;22.162;0.019999999999999574
2026-09-22T15:50:35.186+02:00;16826.186925;22.182;22.162;0.019999999999999574
2026-09-22T15:50:37.486+02:00;16828.486888;22.182;22.163;0.01899999999999835
2026-09-22T15:50:39.274+02:00;16830.275330;22.182;22.162;0.019999999999999574
2026-09-22T15:50:41.072+02:00;16832.072772;22.182;22.163;0.01899999999999835
2026-09-22T15:50:42.869+02:00;16833.870187;22.182;22.163;0.01899999999999835
2026-09-22T15:50:44.667+02:00;16835.667594;22.182;22.163;0.01899999999999835
2026-09-22T15:50:46.465+02:00;16837.466067;22.182;22.163;0.01899999999999835
2026-09-22T15:50:48.262+02:00;16839.262495;22.182;22.163;0.01899999999999835
2026-09-22T15:50:50.059+02:00;16841.059908;22.182;22.162;0.019999999999999574
2026-09-22T15:50:51.856+02:00;16842.857349;22.182;22.164;0.01799999999999713
2026-09-22T15:50:53.654+02:00;16844.654772;22.182;22.165;0.01699999999999946
2026-09-22T15:50:55.451+02:00;16846.452271;22.182;22.164;0.01799999999999713
2026-09-22T15:50:57.249+02:00;16848.249695;22.182;22.164;0.01799999999999713
2026-09-22T15:50:59.046+02:00;16850.047106;22.182;22.163;0.01899999999999835
2026-09-22T15:51:00.844+02:00;16851.844578;22.182;22.164;0.01799999999999713
2026-09-22T15:51:02.641+02:00;16853.641947;22.182;22.167;0.014999999999997016
2026-09-22T15:51:04.439+02:00;16855.439473;22.182;22.165;0.01699999999999946
2026-09-22T15:51:06.236+02:00;16857.236827;22.182;22.165;0.01699999999999946
2026-09-22T15:51:08.033+02:00;16859.034249;22.182;22.167;0.014999999999997016
2026-09-22T15:51:09.831+02:00;16860.831680;22.182;22.165;0.01699999999999946
2026-09-22T15:51:11.628+02:00;16862.629139;22.182;22.167;0.014999999999997016
2026-09-22T15:51:13.427+02:00;16864.427660;22.182;22.169;0.012999999999998124
2026-09-22T15:51:15.223+02:00;16866.223951;22.182;22.164;0.01799999999999713
2026-09-22T15:51:17.020+02:00;16868.021364;22.182;22.169;0.012999999999998124
2026-09-22T15:51:18.818+02:00;16869.818791;22.182;22.167;0.014999999999997016
2026-09-22T15:51:20.615+02:00;16871.616233;22.182;22.171;0.010999999999999233
2026-09-22T15:51:22.805+02:00;16873.806069;22.182;22.172;0.00999999999999801
2026-09-22T15:51:24.603+02:00;16875.603504;22.182;22.169;0.012999999999998124
2026-09-22T15:51:26.400+02:00;16877.400926;22.182;22.171;0.010999999999999233
2026-09-22T15:51:28.197+02:00;16879.198379;22.182;22.171;0.010999999999999233
2026-09-22T15:51:29.995+02:00;16880.996024;22.182;22.172;0.00999999999999801
2026-09-22T15:51:31.792+02:00;16882.793225;22.182;22.175;0.006999999999997897
2026-09-22T15:51:33.590+02:00;16884.590644;22.185;22.173;0.012000000000000455
2026-09-22T15:51:35.387+02:00;16886.388136;22.184;22.174;0.010000000000001563
2026-09-22T15:51:37.185+02:00;16888.185558;22.183;22.174;0.009000000000000341
2026-09-22T15:51:38.982+02:00;16889.982988;22.187;22.175;0.012000000000000455
2026-09-22T15:51:40.779+02:00;16891.780378;22.184;22.172;0.012000000000000455
2026-09-22T15:51:42.577+02:00;16893.577838;22.185;22.176;0.009000000000000341
2026-09-22T15:51:44.374+02:00;16895.375305;22.186;22.175;0.010999999999999233
2026-09-22T15:51:46.172+02:00;16897.172651;22.186;22.176;0.010000000000001563
2026-09-22T15:51:47.969+02:00;16898.970077;22.186;22.177;0.009000000000000341
2026-09-22T15:51:49.767+02:00;16900.767503;22.185;22.176;0.009000000000000341
2026-09-22T15:51:51.564+02:00;16902.564935;22.184;22.178;0.006000000000000227
2026-09-22T15:51:53.362+02:00;16904.362485;22.19;22.176;0.014000000000002899
2026-09-22T15:51:55.159+02:00;16906.159760;22.187;22.177;0.010000000000001563
2026-09-22T15:51:56.956+02:00;16907.957222;22.188;22.176;0.012000000000000455
2026-09-22T15:51:58.755+02:00;16909.755618;22.186;22.178;0.007999999999999119
2026-09-22T15:52:00.551+02:00;16911.552065;22.189;22.178;0.010999999999999233
2026-09-22T15:52:02.349+02:00;16913.349681;22.191;22.178;0.012999999999998124
2026-09-22T15:52:04.146+02:00;16915.146948;22.191;22.178;0.012999999999998124
2026-09-22T15:52:05.944+02:00;16916.945344;22.19;22.178;0.012000000000000455
2026-09-22T15:52:07.741+02:00;16918.741848;22.19;22.177;0.013000000000001677
2026-09-22T15:52:09.538+02:00;16920.539229;22.19;22.178;0.012000000000000455
2026-09-22T15:52:11.336+02:00;16922.336888;22.193;22.178;0.015000000000000568
2026-09-22T15:52:13.134+02:00;16924.135102;22.193;22.178;0.015000000000000568
2026-09-22T15:52:14.932+02:00;16925.932533;22.195;22.178;0.01699999999999946
2026-09-22T15:52:16.728+02:00;16927.728974;22.195;22.178;0.01699999999999946
2026-09-22T15:52:18.525+02:00;16929.526370;22.194;22.178;0.015999999999998238
2026-09-22T15:52:20.323+02:00;16931.323822;22.197;22.178;0.01899999999999835
2026-09-22T15:52:22.120+02:00;16933.121231;22.197;22.178;0.01899999999999835
2026-09-22T15:52:23.918+02:00;16934.918676;22.195;22.178;0.01699999999999946
2026-09-22T15:52:25.715+02:00;16936.716166;22.196;22.178;0.018000000000000682
2026-09-22T15:52:27.513+02:00;16938.513500;22.197;22.178;0.01899999999999835
2026-09-22T15:52:29.310+02:00;16940.310966;22.198;22.178;0.019999999999999574
2026-09-22T15:52:31.107+02:00;16942.108364;22.195;22.178;0.01699999999999946
2026-09-22T15:52:32.905+02:00;16943.905759;22.197;22.178;0.01899999999999835
2026-09-22T15:52:34.702+02:00;16945.703360;22.198;22.178;0.019999999999999574
2026-09-22T15:52:36.500+02:00;16947.500652;22.197;22.178;0.01899999999999835
2026-09-22T15:52:38.297+02:00;16949.298061;22.198;22.178;0.019999999999999574
2026-09-22T15:52:40.095+02:00;16951.095496;22.197;22.178;0.01899999999999835
2026-09-22T15:52:41.892+02:00;16952.892956;22.198;22.178;0.019999999999999574
2026-09-22T15:52:43.690+02:00;16954.690544;22.197;22.178;0.01899999999999835
2026-09-22T15:52:45.487+02:00;16956.487794;22.198;22.178;0.019999999999999574
2026-09-22T15:52:47.284+02:00;16958.285255;22.198;22.178;0.019999999999999574
2026-09-22T15:52:49.082+02:00;16960.082689;22.198;22.178;0.019999999999999574
2026-09-22T15:52:50.879+02:00;16961.880098;22.197;22.178;0.01899999999999835
2026-09-22T15:52:52.677+02:00;16963.677723;22.198;22.178;0.019999999999999574
2026-09-22T15:52:54.474+02:00;16965.475019;22.198;22.178;0.019999999999999574
2026-09-22T15:52:56.271+02:00;16967.272429;22.198;22.178;0.019999999999999574
2026-09-22T15:52:58.069+02:00;16969.069895;22.198;22.178;0.019999999999999574
2026-09-22T15:52:59.866+02:00;16970.867289;22.198;22.178;0.019999999999999574
2026-09-22T15:53:01.664+02:00;16972.664703;22.197;22.178;0.01899999999999835
2026-09-22T15:53:03.461+02:00;16974.462096;22.198;22.178;0.019999999999999574
2026-09-22T15:53:05.259+02:00;16976.259541;22.198;22.178;0.019999999999999574
2026-09-22T15:53:07.056+02:00;16978.057073;22.198;22.178;0.019999999999999574
2026-09-22T15:53:08.853+02:00;16979.854387;22.198;22.178;0.019999999999999574
2026-09-22T15:53:10.651+02:00;16981.651824;22.198;22.178;0.019999999999999574
2026-09-22T15:53:12.448+02:00;16983.449216;22.198;22.178;0.019999999999999574
2026-09-22T15:53:14.246+02:00;16985.246619;22.198;22.178;0.019999999999999574
2026-09-22T15:53:16.043+02:00;16987.044031;22.198;22.18;0.018000000000000682
2026-09-22T15:53:17.840+02:00;16988.841414;22.198;22.178;0.019999999999999574
2026-09-22T15:53:19.639+02:00;16990.639810;22.198;22.178;0.019999999999999574
2026-09-22T15:53:21.435+02:00;16992.436345;22.198;22.179;0.019000000000001904
2026-09-22T15:53:23.233+02:00;16994.233621;22.198;22.179;0.019000000000001904
2026-09-22T15:53:25.031+02:00;16996.032016;22.198;22.178;0.019999999999999574
2026-09-22T15:53:26.828+02:00;16997.829456;22.198;22.179;0.019000000000001904
2026-09-22T15:53:28.625+02:00;16999.625878;22.198;22.18;0.018000000000000682
2026-09-22T15:53:30.422+02:00;17001.423311;22.198;22.182;0.01600000000000179
2026-09-22T15:53:32.220+02:00;17003.220696;22.198;22.178;0.019999999999999574
2026-09-22T15:53:34.018+02:00;17005.019069;22.198;22.182;0.01600000000000179
2026-09-22T15:53:35.815+02:00;17006.815641;22.198;22.18;0.018000000000000682
2026-09-22T15:53:37.612+02:00;17008.612936;22.198;22.179;0.019000000000001904
2026-09-22T15:53:39.409+02:00;17010.410356;22.198;22.185;0.013000000000001677
2026-09-22T15:53:41.208+02:00;17012.208788;22.198;22.182;0.01600000000000179
2026-09-22T15:53:43.398+02:00;17014.399146;22.198;22.183;0.015000000000000568
2026-09-22T15:53:45.196+02:00;17016.196588;22.198;22.184;0.013999999999999346
2026-09-22T15:53:46.993+02:00;17017.993965;22.198;22.185;0.013000000000001677
2026-09-22T15:53:48.790+02:00;17019.791381;22.198;22.183;0.015000000000000568
2026-09-22T15:53:50.588+02:00;17021.588974;22.198;22.186;0.012000000000000455
2026-09-22T15:53:52.385+02:00;17023.386225;22.198;22.186;0.012000000000000455
2026-09-22T15:53:54.183+02:00;17025.183654;22.198;22.183;0.015000000000000568
2026-09-22T15:53:55.980+02:00;17026.981109;22.198;22.185;0.013000000000001677
2026-09-22T15:53:57.778+02:00;17028.778487;22.198;22.189;0.009000000000000341
2026-09-22T15:53:59.576+02:00;17030.577116;22.199;22.187;0.012000000000000455
2026-09-22T15:54:01.372+02:00;17032.373360;22.198;22.187;0.010999999999999233
2026-09-22T15:54:03.170+02:00;17034.170778;22.198;22.188;0.010000000000001563
2026-09-22T15:54:04.967+02:00;17035.968241;22.199;22.191;0.008000000000002672
2026-09-22T15:54:06.765+02:00;17037.765625;22.199;22.19;0.009000000000000341
2026-09-22T15:54:08.562+02:00;17039.563079;22.2;22.188;0.012000000000000455
2026-09-22T15:54:10.360+02:00;17041.360511;22.199;22.192;0.0070000000000014495
2026-09-22T15:54:12.157+02:00;17043.157924;22.2;22.189;0.010999999999999233
2026-09-22T15:54:13.955+02:00;17044.956429;22.201;22.191;0.010000000000001563
2026-09-22T15:54:15.752+02:00;17046.752780;22.205;22.191;0.013999999999999346
2026-09-22T15:54:17.549+02:00;17048.550211;22.2;22.191;0.009000000000000341
2026-09-22T15:54:19.348+02:00;17050.348590;22.203;22.191;0.012000000000000455
2026-09-22T15:54:21.144+02:00;17052.145026;22.202;22.193;0.009000000000000341
2026-09-22T15:54:22.942+02:00;17053.942616;22.202;22.192;0.010000000000001563
2026-09-22T15:54:24.739+02:00;17055.739872;22.2;22.193;0.006999999999997897
2026-09-22T15:54:26.536+02:00;17057.537316;22.203;22.192;0.010999999999999233
2026-09-22T15:54:28.334+02:00;17059.334794;22.201;22.193;0.007999999999999119
2026-09-22T15:54:30.131+02:00;17061.132179;22.21;22.194;0.01600000000000179
2026-09-22T15:54:31.929+02:00;17062.929602;22.205;22.194;0.010999999999999233
2026-09-22T15:54:34.269+02:00;17065.270266;22.205;22.194;0.010999999999999233
2026-09-22T15:54:36.057+02:00;17067.057928;22.208;22.193;0.014999999999997016
2026-09-22T15:54:37.854+02:00;17068.855225;22.206;22.193;0.012999999999998124
2026-09-22T15:54:39.652+02:00;17070.652650;22.207;22.194;0.013000000000001677
2026-09-22T15:54:41.449+02:00;17072.450085;22.207;22.194;0.013000000000001677
2026-09-22T15:54:43.248+02:00;17074.248567;22.207;22.194;0.013000000000001677
2026-09-22T15:54:45.044+02:00;17076.045111;22.21;22.194;0.01600000000000179
2026-09-22T15:54:46.841+02:00;17077.842418;22.212;22.194;0.018000000000000682
2026-09-22T15:54:48.639+02:00;17079.639812;22.211;22.194;0.01699999999999946
2026-09-22T15:54:50.436+02:00;17081.437269;22.211;22.194;0.01699999999999946
2026-09-22T15:54:52.234+02:00;17083.234678;22.21;22.194;0.01600000000000179
2026-09-22T15:54:54.031+02:00;17085.032272;22.21;22.194;0.01600000000000179
2026-09-22T15:54:55.829+02:00;17086.829544;22.214;22.194;0.019999999999999574
2026-09-22T15:54:57.626+02:00;17088.626946;22.211;22.194;0.01699999999999946
2026-09-22T15:54:59.423+02:00;17090.424411;22.212;22.193;0.01899999999999835
2026-09-22T15:55:01.221+02:00;17092.221882;22.212;22.194;0.018000000000000682
2026-09-22T15:55:03.018+02:00;17094.019460;22.213;22.194;0.019000000000001904
2026-09-22T15:55:04.816+02:00;17095.816685;22.213;22.194;0.019000000000001904
2026-09-22T15:55:07.153+02:00;17098.153602;22.213;22.194;0.019000000000001904
2026-09-22T15:55:08.940+02:00;17099.941145;22.214;22.194;0.019999999999999574
2026-09-22T15:55:10.738+02:00;17101.738634;22.214;22.194;0.019999999999999574
2026-09-22T15:55:12.535+02:00;17103.536032;22.213;22.194;0.019000000000001904
2026-09-22T15:55:14.333+02:00;17105.334450;22.214;22.194;0.019999999999999574
2026-09-22T15:55:16.130+02:00;17107.130971;22.213;22.194;0.019000000000001904
2026-09-22T15:55:17.927+02:00;17108.928329;22.214;22.194;0.019999999999999574
2026-09-22T15:55:19.725+02:00;17110.725834;22.214;22.194;0.019999999999999574
2026-09-22T15:55:21.522+02:00;17112.523190;22.214;22.194;0.019999999999999574
2026-09-22T15:55:23.727+02:00;17114.727938;22.214;22.194;0.019999999999999574
2026-09-22T15:55:25.523+02:00;17116.524360;22.214;22.194;0.019999999999999574
2026-09-22T15:55:27.322+02:00;17118.322963;22.214;22.194;0.019999999999999574
2026-09-22T15:55:29.118+02:00;17120.119218;22.214;22.194;0.019999999999999574
2026-09-22T15:55:30.916+02:00;17121.916663;22.214;22.194;0.019999999999999574
2026-09-22T15:55:32.713+02:00;17123.714100;22.214;22.194;0.019999999999999574
2026-09-22T15:55:34.511+02:00;17125.511526;22.214;22.194;0.019999999999999574
2026-09-22T15:55:36.309+02:00;17127.310148;22.214;22.194;0.019999999999999574
2026-09-22T15:55:38.105+02:00;17129.106435;22.214;22.194;0.019999999999999574
2026-09-22T15:55:39.903+02:00;17130.903823;22.214;22.194;0.019999999999999574
2026-09-22T15:55:41.700+02:00;17132.701297;22.214;22.194;0.019999999999999574
2026-09-22T15:55:43.498+02:00;17134.498724;22.214;22.194;0.019999999999999574
2026-09-22T15:55:45.295+02:00;17136.296108;22.214;22.195;0.01899999999999835
2026-09-22T15:55:47.093+02:00;17138.093573;22.214;22.194;0.019999999999999574
2026-09-22T15:55:48.890+02:00;17139.891072;22.214;22.194;0.019999999999999574
2026-09-22T15:55:50.688+02:00;17141.688506;22.214;22.194;0.019999999999999574
2026-09-22T15:55:52.485+02:00;17143.485890;22.214;22.195;0.01899999999999835
2026-09-22T15:55:54.282+02:00;17145.283334;22.214;22.194;0.019999999999999574
2026-09-22T15:55:56.080+02:00;17147.080757;22.214;22.194;0.019999999999999574
2026-09-22T15:55:57.877+02:00;17148.878190;22.214;22.195;0.01899999999999835
2026-09-22T15:55:59.675+02:00;17150.675643;22.214;22.196;0.01799999999999713
2026-09-22T15:56:02.069+02:00;17153.070057;22.214;22.195;0.01899999999999835
2026-09-22T15:56:03.858+02:00;17154.858743;22.214;22.195;0.01899999999999835
2026-09-22T15:56:05.655+02:00;17156.655985;22.214;22.196;0.01799999999999713
2026-09-22T15:56:07.452+02:00;17158.453419;22.214;22.198;0.015999999999998238
2026-09-22T15:56:09.251+02:00;17160.251995;22.214;22.197;0.01699999999999946
2026-09-22T15:56:11.047+02:00;17162.048369;22.214;22.197;0.01699999999999946
2026-09-22T15:56:12.846+02:00;17163.846955;22.214;22.198;0.015999999999998238
2026-09-22T15:56:14.642+02:00;17165.643304;22.214;22.196;0.01799999999999713
2026-09-22T15:56:16.440+02:00;17167.440672;22.214;22.201;0.012999999999998124
2026-09-22T15:56:18.237+02:00;17169.238103;22.214;22.2;0.013999999999999346
2026-09-22T15:56:20.035+02:00;17171.035509;22.214;22.199;0.014999999999997016
2026-09-22T15:56:21.832+02:00;17172.833423;22.214;22.201;0.012999999999998124
2026-09-22T15:56:23.629+02:00;17174.630326;22.214;22.201;0.012999999999998124
2026-09-22T15:56:25.427+02:00;17176.427878;22.214;22.199;0.014999999999997016
2026-09-22T15:56:27.225+02:00;17178.226368;22.216;22.201;0.015000000000000568
2026-09-22T15:56:29.022+02:00;17180.022643;22.214;22.201;0.012999999999998124
2026-09-22T15:56:30.819+02:00;17181.820276;22.215;22.203;0.012000000000000455
2026-09-22T15:56:32.617+02:00;17183.617588;22.215;22.203;0.012000000000000455
2026-09-22T15:56:34.414+02:00;17185.415179;22.215;22.204;0.010999999999999233
2026-09-22T15:56:36.211+02:00;17187.212417;22.214;22.205;0.009000000000000341
2026-09-22T15:56:38.009+02:00;17189.009976;22.215;22.204;0.010999999999999233
2026-09-22T15:56:39.806+02:00;17190.807431;22.215;22.204;0.010999999999999233
2026-09-22T15:56:41.604+02:00;17192.604694;22.217;22.208;0.009000000000000341
2026-09-22T15:56:43.402+02:00;17194.403308;22.215;22.207;0.007999999999999119
2026-09-22T15:56:45.199+02:00;17196.199660;22.217;22.206;0.010999999999999233
2026-09-22T15:56:46.996+02:00;17197.996986;22.218;22.208;0.010000000000001563
2026-09-22T15:56:48.793+02:00;17199.794408;22.217;22.207;0.00999999999999801
2026-09-22T15:56:50.591+02:00;17201.591829;22.216;22.206;0.010000000000001563
2026-09-22T15:56:52.389+02:00;17203.390284;22.217;22.209;0.007999999999999119
2026-09-22T15:56:54.186+02:00;17205.186823;22.22;22.208;0.012000000000000455
2026-09-22T15:56:55.983+02:00;17206.984134;22.215;22.21;0.004999999999999005
2026-09-22T15:56:57.781+02:00;17208.781698;22.217;22.209;0.007999999999999119
2026-09-22T15:56:59.579+02:00;17210.579983;22.219;22.21;0.009000000000000341
2026-09-22T15:57:01.377+02:00;17212.377552;22.217;22.21;0.006999999999997897
2026-09-22T15:57:03.173+02:00;17214.174011;22.22;22.21;0.00999999999999801
2026-09-22T15:57:04.970+02:00;17215.971295;22.223;22.21;0.012999999999998124
2026-09-22T15:57:06.768+02:00;17217.768748;22.223;22.21;0.012999999999998124
2026-09-22T15:57:08.565+02:00;17219.566312;22.22;22.209;0.010999999999999233
2026-09-22T15:57:10.363+02:00;17221.363719;22.22;22.209;0.010999999999999233
2026-09-22T15:57:12.160+02:00;17223.160971;22.222;22.209;0.013000000000001677
2026-09-22T15:57:13.957+02:00;17224.958459;22.225;22.21;0.015000000000000568
2026-09-22T15:57:15.755+02:00;17226.756140;22.226;22.21;0.015999999999998238
2026-09-22T15:57:17.552+02:00;17228.553418;22.226;22.209;0.01699999999999946
2026-09-22T15:57:19.350+02:00;17230.350627;22.228;22.21;0.018000000000000682
2026-09-22T15:57:21.147+02:00;17232.148358;22.227;22.21;0.01699999999999946
2026-09-22T15:57:22.945+02:00;17233.945549;22.227;22.21;0.01699999999999946
2026-09-22T15:57:24.742+02:00;17235.742970;22.228;22.21;0.018000000000000682
2026-09-22T15:57:26.540+02:00;17237.540662;22.227;22.21;0.01699999999999946
2026-09-22T15:57:28.337+02:00;17239.337842;22.227;22.21;0.01699999999999946
2026-09-22T15:57:30.134+02:00;17241.135230;22.228;22.21;0.018000000000000682
2026-09-22T15:57:31.932+02:00;17242.932748;22.229;22.21;0.01899999999999835
2026-09-22T15:57:33.729+02:00;17244.730160;22.228;22.21;0.018000000000000682
2026-09-22T15:57:35.527+02:00;17246.527696;22.229;22.21;0.01899999999999835
2026-09-22T15:57:37.324+02:00;17248.325108;22.228;22.21;0.018000000000000682
2026-09-22T15:57:39.121+02:00;17250.122424;22.228;22.21;0.018000000000000682
2026-09-22T15:57:40.920+02:00;17251.920807;22.229;22.21;0.01899999999999835
2026-09-22T15:57:42.717+02:00;17253.717524;22.23;22.21;0.019999999999999574
2026-09-22T15:57:44.514+02:00;17255.514655;22.229;22.21;0.01899999999999835
2026-09-22T15:57:46.311+02:00;17257.312095;22.23;22.21;0.019999999999999574
2026-09-22T15:57:48.109+02:00;17259.109509;22.23;22.21;0.019999999999999574
2026-09-22T15:57:49.906+02:00;17260.907097;22.23;22.21;0.019999999999999574
2026-09-22T15:57:51.704+02:00;17262.704542;22.23;22.21;0.019999999999999574
2026-09-22T15:57:53.501+02:00;17264.501937;22.229;22.21;0.01899999999999835
2026-09-22T15:57:55.298+02:00;17266.299401;22.23;22.21;0.019999999999999574
2026-09-22T15:57:57.096+02:00;17268.096716;22.23;22.21;0.019999999999999574
2026-09-22T15:57:58.893+02:00;17269.894468;22.23;22.21;0.019999999999999574
2026-09-22T15:58:00.691+02:00;17271.691605;22.23;22.21;0.019999999999999574
2026-09-22T15:58:02.488+02:00;17273.489135;22.23;22.21;0.019999999999999574
2026-09-22T15:58:04.285+02:00;17275.286411;22.23;22.21;0.019999999999999574
2026-09-22T15:58:06.083+02:00;17277.083792;22.23;22.209;0.021000000000000796
2026-09-22T15:58:07.880+02:00;17278.881400;22.23;22.21;0.019999999999999574
2026-09-22T15:58:10.044+02:00;17281.045097;22.23;22.21;0.019999999999999574
2026-09-22T15:58:11.842+02:00;17282.842536;22.23;22.21;0.019999999999999574
2026-09-22T15:58:13.639+02:00;17284.639949;22.23;22.21;0.019999999999999574
2026-09-22T15:58:15.438+02:00;17286.438518;22.23;22.21;0.019999999999999574
2026-09-22T15:58:17.234+02:00;17288.234771;22.23;22.21;0.019999999999999574
2026-09-22T15:58:19.439+02:00;17290.440299;22.23;22.211;0.019000000000001904
2026-09-22T15:58:21.238+02:00;17292.238736;22.23;22.21;0.019999999999999574
2026-09-22T15:58:23.034+02:00;17294.035121;22.23;22.21;0.019999999999999574
2026-09-22T15:58:24.832+02:00;17295.832584;22.23;22.21;0.019999999999999574
2026-09-22T15:58:26.629+02:00;17297.629940;22.23;22.21;0.019999999999999574
2026-09-22T15:58:28.427+02:00;17299.427476;22.23;22.211;0.019000000000001904
2026-09-22T15:58:30.224+02:00;17301.224861;22.23;22.21;0.019999999999999574
2026-09-22T15:58:32.021+02:00;17303.022429;22.23;22.21;0.019999999999999574
2026-09-22T15:58:33.819+02:00;17304.819701;22.23;22.211;0.019000000000001904
2026-09-22T15:58:35.616+02:00;17306.617307;22.23;22.21;0.019999999999999574
2026-09-22T15:58:37.414+02:00;17308.414611;22.23;22.212;0.018000000000000682
2026-09-22T15:58:39.211+02:00;17310.212268;22.23;22.214;0.01600000000000179
2026-09-22T15:58:41.008+02:00;17312.009410;22.23;22.211;0.019000000000001904
2026-09-22T15:58:42.806+02:00;17313.807102;22.23;22.21;0.019999999999999574
2026-09-22T15:58:44.604+02:00;17315.604654;22.23;22.214;0.01600000000000179
2026-09-22T15:58:46.401+02:00;17317.401591;22.23;22.214;0.01600000000000179
2026-09-22T15:58:48.198+02:00;17319.198939;22.23;22.214;0.01600000000000179
2026-09-22T15:58:49.995+02:00;17320.996386;22.23;22.214;0.01600000000000179
2026-09-22T15:58:51.793+02:00;17322.793795;22.23;22.212;0.018000000000000682
2026-09-22T15:58:53.591+02:00;17324.591502;22.23;22.215;0.015000000000000568
2026-09-22T15:58:55.388+02:00;17326.388812;22.23;22.215;0.015000000000000568
2026-09-22T15:58:57.185+02:00;17328.186085;22.23;22.218;0.012000000000000455
2026-09-22T15:58:58.983+02:00;17329.983694;22.23;22.215;0.015000000000000568
2026-09-22T15:59:01.159+02:00;17332.159664;22.23;22.222;0.007999999999999119
2026-09-22T15:59:02.956+02:00;17333.957245;22.23;22.217;0.013000000000001677
2026-09-22T15:59:04.754+02:00;17335.754575;22.23;22.218;0.012000000000000455
2026-09-22T15:59:06.551+02:00;17337.552111;22.231;22.218;0.013000000000001677
2026-09-22T15:59:08.348+02:00;17339.349436;22.23;22.221;0.009000000000000341
2026-09-22T15:59:10.146+02:00;17341.146766;22.231;22.224;0.0070000000000014495
2026-09-22T15:59:11.943+02:00;17342.944295;22.231;22.222;0.009000000000000341
2026-09-22T15:59:13.741+02:00;17344.741877;22.23;22.22;0.010000000000001563
2026-09-22T15:59:15.538+02:00;17346.539148;22.23;22.225;0.004999999999999005
2026-09-22T15:59:17.916+02:00;17348.917271;22.23;22.224;0.006000000000000227
2026-09-22T15:59:19.704+02:00;17350.704630;22.232;22.222;0.00999999999999801
2026-09-22T15:59:21.501+02:00;17352.502063;22.232;22.222;0.00999999999999801
2026-09-22T15:59:23.298+02:00;17354.299464;22.231;22.223;0.008000000000002672
2026-09-22T15:59:25.096+02:00;17356.097089;22.234;22.225;0.009000000000000341
2026-09-22T15:59:26.894+02:00;17357.894672;22.232;22.224;0.007999999999999119
2026-09-22T15:59:28.691+02:00;17359.691941;22.233;22.225;0.007999999999999119
2026-09-22T15:59:30.489+02:00;17361.490351;22.233;22.226;0.0070000000000014495
2026-09-22T15:59:32.287+02:00;17363.287663;22.232;22.226;0.006000000000000227
2026-09-22T15:59:34.083+02:00;17365.084424;22.235;22.227;0.007999999999999119
2026-09-22T15:59:35.881+02:00;17366.881673;22.236;22.226;0.010000000000001563
2026-09-22T15:59:37.678+02:00;17368.678812;22.236;22.224;0.012000000000000455
2026-09-22T15:59:39.476+02:00;17370.476587;22.235;22.223;0.012000000000000455
2026-09-22T15:59:41.273+02:00;17372.273788;22.237;22.227;0.00999999999999801
2026-09-22T15:59:43.070+02:00;17374.071135;22.236;22.227;0.009000000000000341
2026-09-22T15:59:45.227+02:00;17376.227795;22.236;22.227;0.009000000000000341
2026-09-22T15:59:47.025+02:00;17378.025533;22.238;22.227;0.010999999999999233
2026-09-22T15:59:48.822+02:00;17379.822785;22.235;22.227;0.007999999999999119
2026-09-22T15:59:50.619+02:00;17381.620300;22.242;22.227;0.015000000000000568
2026-09-22T15:59:52.417+02:00;17383.417740;22.237;22.227;0.00999999999999801
2026-09-22T15:59:54.214+02:00;17385.215002;22.243;22.227;0.015999999999998238
2026-09-22T15:59:56.012+02:00;17387.012545;22.244;22.227;0.01699999999999946
2026-09-22T15:59:57.809+02:00;17388.809938;22.243;22.227;0.015999999999998238
2026-09-22T15:59:59.606+02:00;17390.607403;22.243;22.226;0.01699999999999946
2026-09-22T16:00:01.404+02:00;17392.404933;22.246;22.227;0.01899999999999835
2026-09-22T16:00:03.201+02:00;17394.202163;22.242;22.227;0.015000000000000568
2026-09-22T16:00:04.999+02:00;17395.999848;22.241;22.227;0.013999999999999346
2026-09-22T16:00:06.796+02:00;17397.797093;22.246;22.227;0.01899999999999835
2026-09-22T16:00:08.594+02:00;17399.594507;22.243;22.227;0.015999999999998238
2026-09-22T16:00:10.391+02:00;17401.392159;22.245;22.227;0.018000000000000682
2026-09-22T16:00:12.188+02:00;17403.189317;22.245;22.227;0.018000000000000682
2026-09-22T16:00:13.986+02:00;17404.986718;22.245;22.227;0.018000000000000682
2026-09-22T16:00:16.301+02:00;17407.302002;22.246;22.227;0.01899999999999835
2026-09-22T16:00:18.088+02:00;17409.089339;22.246;22.227;0.01899999999999835
2026-09-22T16:00:19.886+02:00;17410.886961;22.245;22.227;0.018000000000000682
2026-09-22T16:00:21.684+02:00;17412.685237;22.245;22.227;0.018000000000000682
2026-09-22T16:00:23.481+02:00;17414.481815;22.247;22.227;0.019999999999999574
2026-09-22T16:00:25.278+02:00;17416.279351;22.247;22.227;0.019999999999999574
2026-09-22T16:00:27.076+02:00;17418.076494;22.246;22.227;0.01899999999999835
2026-09-22T16:00:28.873+02:00;17419.874176;22.246;22.227;0.01899999999999835
2026-09-22T16:00:30.671+02:00;17421.671537;22.246;22.227;0.01899999999999835
2026-09-22T16:00:32.468+02:00;17423.468853;22.247;22.227;0.019999999999999574
2026-09-22T16:00:34.265+02:00;17425.266228;22.246;22.227;0.01899999999999835
2026-09-22T16:00:36.063+02:00;17427.063661;22.246;22.227;0.01899999999999835
2026-09-22T16:00:37.861+02:00;17428.862112;22.247;22.227;0.019999999999999574
2026-09-22T16:00:39.658+02:00;17430.658620;22.247;22.227;0.019999999999999574
2026-09-22T16:00:41.455+02:00;17432.456089;22.246;22.227;0.01899999999999835
2026-09-22T16:00:43.252+02:00;17434.253376;22.247;22.227;0.019999999999999574
2026-09-22T16:00:45.050+02:00;17436.050797;22.247;22.227;0.019999999999999574
2026-09-22T16:00:46.847+02:00;17437.848215;22.247;22.227;0.019999999999999574
2026-09-22T16:00:48.645+02:00;17439.645863;22.247;22.227;0.019999999999999574
2026-09-22T16:00:50.442+02:00;17441.443095;22.247;22.227;0.019999999999999574
2026-09-22T16:00:52.241+02:00;17443.241599;22.247;22.227;0.019999999999999574
2026-09-22T16:00:54.037+02:00;17445.037963;22.247;22.227;0.019999999999999574
2026-09-22T16:00:55.835+02:00;17446.835699;22.247;22.227;0.019999999999999574
2026-09-22T16:00:57.632+02:00;17448.632985;22.247;22.228;0.01899999999999835
2026-09-22T16:00:59.429+02:00;17450.430307;22.247;22.227;0.019999999999999574
2026-09-22T16:01:01.227+02:00;17452.227706;22.247;22.228;0.01899999999999835
2026-09-22T16:01:03.024+02:00;17454.025414;22.247;22.227;0.019999999999999574
2026-09-22T16:01:04.822+02:00;17455.822550;22.247;22.227;0.019999999999999574
2026-09-22T16:01:06.619+02:00;17457.620243;22.247;22.229;0.018000000000000682
2026-09-22T16:01:08.417+02:00;17459.417569;22.247;22.227;0.019999999999999574
2026-09-22T16:01:10.771+02:00;17461.772145;22.247;22.227;0.019999999999999574
2026-09-22T16:01:12.559+02:00;17463.559488;22.247;22.228;0.01899999999999835
2026-09-22T16:01:14.356+02:00;17465.356874;22.247;22.229;0.018000000000000682
2026-09-22T16:01:16.153+02:00;17467.154304;22.247;22.229;0.018000000000000682
2026-09-22T16:01:17.951+02:00;17468.951674;22.247;22.229;0.018000000000000682
2026-09-22T16:01:19.748+02:00;17470.749148;22.247;22.23;0.01699999999999946
2026-09-22T16:01:21.547+02:00;17472.547656;22.247;22.229;0.018000000000000682
2026-09-22T16:01:23.343+02:00;17474.343955;22.248;22.228;0.019999999999999574
2026-09-22T16:01:25.141+02:00;17476.141488;22.248;22.23;0.018000000000000682
2026-09-22T16:01:26.938+02:00;17477.939175;22.247;22.227;0.019999999999999574
2026-09-22T16:01:28.735+02:00;17479.736250;22.247;22.231;0.015999999999998238
2026-09-22T16:01:30.533+02:00;17481.533629;22.247;22.237;0.010000000000001563
2026-09-22T16:01:32.330+02:00;17483.331129;22.247;22.234;0.012999999999998124
2026-09-22T16:01:34.127+02:00;17485.128381;22.247;22.232;0.015000000000000568
2026-09-22T16:01:35.925+02:00;17486.925867;22.248;22.233;0.015000000000000568
2026-09-22T16:01:37.722+02:00;17488.723448;22.248;22.235;0.013000000000001677
2026-09-22T16:01:39.520+02:00;17490.520822;22.247;22.237;0.010000000000001563
2026-09-22T16:01:41.317+02:00;17492.318205;22.247;22.235;0.012000000000000455
2026-09-22T16:01:43.115+02:00;17494.115624;22.249;22.237;0.012000000000000455
2026-09-22T16:01:44.912+02:00;17495.913149;22.248;22.236;0.012000000000000455
2026-09-22T16:01:46.710+02:00;17497.710580;22.248;22.236;0.012000000000000455
2026-09-22T16:01:48.507+02:00;17499.508132;22.247;22.236;0.010999999999999233
2026-09-22T16:01:50.305+02:00;17501.305637;22.25;22.236;0.013999999999999346
2026-09-22T16:01:52.102+02:00;17503.102839;22.248;22.238;0.010000000000001563
2026-09-22T16:01:53.901+02:00;17504.901512;22.248;22.239;0.009000000000000341
2026-09-22T16:01:55.697+02:00;17506.697536;22.248;22.236;0.012000000000000455
2026-09-22T16:01:57.494+02:00;17508.494922;22.248;22.236;0.012000000000000455
2026-09-22T16:01:59.291+02:00;17510.292434;22.249;22.241;0.007999999999999119
2026-09-22T16:02:01.089+02:00;17512.089952;22.25;22.239;0.010999999999999233
2026-09-22T16:02:02.886+02:00;17513.887250;22.249;22.239;0.00999999999999801
2026-09-22T16:02:04.684+02:00;17515.684522;22.249;22.243;0.006000000000000227
2026-09-22T16:02:06.481+02:00;17517.481991;22.25;22.242;0.007999999999999119
2026-09-22T16:02:08.279+02:00;17519.279518;22.251;22.241;0.010000000000001563
2026-09-22T16:02:10.076+02:00;17521.076790;22.252;22.243;0.009000000000000341
2026-09-22T16:02:11.873+02:00;17522.874285;22.251;22.243;0.008000000000002672
2026-09-22T16:02:13.672+02:00;17524.672666;22.255;22.241;0.013999999999999346
2026-09-22T16:02:15.468+02:00;17526.468952;22.254;22.243;0.011000000000002785
2026-09-22T16:02:17.266+02:00;17528.266547;22.254;22.241;0.013000000000001677
2026-09-22T16:02:19.063+02:00;17530.063826;22.251;22.242;0.009000000000000341
2026-09-22T16:02:20.860+02:00;17531.861240;22.255;22.243;0.012000000000000455
2026-09-22T16:02:22.658+02:00;17533.658744;22.253;22.243;0.010000000000001563
2026-09-22T16:02:24.455+02:00;17535.456172;22.254;22.242;0.012000000000000455
2026-09-22T16:02:26.253+02:00;17537.253593;22.255;22.243;0.012000000000000455
2026-09-22T16:02:28.050+02:00;17539.051027;22.253;22.243;0.010000000000001563
2026-09-22T16:02:29.847+02:00;17540.848366;22.257;22.243;0.014000000000002899
2026-09-22T16:02:31.645+02:00;17542.646005;22.256;22.243;0.013000000000001677
2026-09-22T16:02:33.442+02:00;17544.443286;22.256;22.243;0.013000000000001677
2026-09-22T16:02:35.240+02:00;17546.240715;22.257;22.243;0.014000000000002899
2026-09-22T16:02:37.037+02:00;17548.038140;22.259;22.243;0.01600000000000179
2026-09-22T16:02:38.836+02:00;17549.836557;22.258;22.242;0.015999999999998238
2026-09-22T16:02:40.632+02:00;17551.632891;22.26;22.243;0.017000000000003013
2026-09-22T16:02:42.429+02:00;17553.430320;22.261;22.243;0.018000000000000682
2026-09-22T16:02:44.227+02:00;17555.227775;22.258;22.243;0.015000000000000568
2026-09-22T16:02:46.025+02:00;17557.025561;22.258;22.243;0.015000000000000568
2026-09-22T16:02:47.823+02:00;17558.824007;22.261;22.243;0.018000000000000682
2026-09-22T16:02:49.619+02:00;17560.620036;22.261;22.243;0.018000000000000682
2026-09-22T16:02:51.417+02:00;17562.417474;22.26;22.243;0.017000000000003013
2026-09-22T16:02:53.215+02:00;17564.216074;22.259;22.243;0.01600000000000179
2026-09-22T16:02:55.011+02:00;17566.012430;22.26;22.243;0.017000000000003013
2026-09-22T16:02:56.809+02:00;17567.809697;22.262;22.243;0.019000000000001904
2026-09-22T16:02:58.606+02:00;17569.607307;22.262;22.243;0.019000000000001904
2026-09-22T16:03:00.404+02:00;17571.404727;22.261;22.243;0.018000000000000682
2026-09-22T16:03:02.201+02:00;17573.202242;22.262;22.243;0.019000000000001904
2026-09-22T16:03:03.999+02:00;17574.999822;22.263;22.243;0.020000000000003126
2026-09-22T16:03:05.796+02:00;17576.797027;22.263;22.243;0.020000000000003126
2026-09-22T16:03:07.593+02:00;17578.594252;22.263;22.243;0.020000000000003126
2026-09-22T16:03:09.391+02:00;17580.391708;22.262;22.243;0.019000000000001904
2026-09-22T16:03:11.188+02:00;17582.189079;22.263;22.243;0.020000000000003126
2026-09-22T16:03:12.986+02:00;17583.986607;22.263;22.243;0.020000000000003126
2026-09-22T16:03:14.783+02:00;17585.783989;22.263;22.243;0.020000000000003126
2026-09-22T16:03:16.580+02:00;17587.581362;22.263;22.243;0.020000000000003126
2026-09-22T16:03:18.378+02:00;17589.378983;22.263;22.243;0.020000000000003126
2026-09-22T16:03:20.175+02:00;17591.176333;22.263;22.243;0.020000000000003126
2026-09-22T16:03:21.973+02:00;17592.973817;22.263;22.243;0.020000000000003126
2026-09-22T16:03:23.770+02:00;17594.771146;22.263;22.243;0.020000000000003126
2026-09-22T16:03:25.568+02:00;17596.568586;22.263;22.243;0.020000000000003126
2026-09-22T16:03:27.365+02:00;17598.366160;22.263;22.243;0.020000000000003126
2026-09-22T16:03:29.685+02:00;17600.686297;22.263;22.243;0.020000000000003126
2026-09-22T16:03:31.474+02:00;17602.474792;22.263;22.243;0.020000000000003126
2026-09-22T16:03:33.271+02:00;17604.272307;22.263;22.243;0.020000000000003126
2026-09-22T16:03:35.069+02:00;17606.069552;22.263;22.243;0.020000000000003126
2026-09-22T16:03:36.866+02:00;17607.867033;22.263;22.244;0.019000000000001904
2026-09-22T16:03:38.664+02:00;17609.664597;22.263;22.243;0.020000000000003126
2026-09-22T16:03:40.461+02:00;17611.462024;22.263;22.243;0.020000000000003126
2026-09-22T16:03:42.258+02:00;17613.259403;22.263;22.243;0.020000000000003126
2026-09-22T16:03:44.056+02:00;17615.056846;22.263;22.243;0.020000000000003126
2026-09-22T16:03:45.853+02:00;17616.854179;22.263;22.244;0.019000000000001904
2026-09-22T16:03:47.651+02:00;17618.651545;22.263;22.245;0.018000000000000682
2026-09-22T16:03:49.448+02:00;17620.449021;22.264;22.244;0.019999999999999574
2026-09-22T16:03:51.831+02:00;17622.832149;22.263;22.244;0.019000000000001904
2026-09-22T16:03:53.621+02:00;17624.621698;22.263;22.243;0.020000000000003126
2026-09-22T16:03:55.417+02:00;17626.418408;22.263;22.244;0.019000000000001904
2026-09-22T16:03:57.215+02:00;17628.215757;22.263;22.244;0.019000000000001904
2026-09-22T16:03:59.012+02:00;17630.013022;22.263;22.245;0.018000000000000682
2026-09-22T16:04:00.810+02:00;17631.810581;22.263;22.243;0.020000000000003126
2026-09-22T16:04:02.607+02:00;17633.607928;22.263;22.243;0.020000000000003126
2026-09-22T16:04:04.404+02:00;17635.405267;22.263;22.244;0.019000000000001904
2026-09-22T16:04:06.202+02:00;17637.202738;22.263;22.245;0.018000000000000682
2026-09-22T16:04:07.999+02:00;17639.000159;22.263;22.246;0.017000000000003013
2026-09-22T16:04:09.797+02:00;17640.797535;22.263;22.247;0.01600000000000179
2026-09-22T16:04:11.594+02:00;17642.595016;22.263;22.247;0.01600000000000179
2026-09-22T16:04:13.392+02:00;17644.392472;22.263;22.246;0.017000000000003013
2026-09-22T16:04:15.189+02:00;17646.189803;22.263;22.247;0.01600000000000179
2026-09-22T16:04:16.986+02:00;17647.987364;22.263;22.248;0.015000000000000568
2026-09-22T16:04:19.143+02:00;17650.143927;22.263;22.249;0.014000000000002899
2026-09-22T16:04:21.472+02:00;17652.473086;22.263;22.249;0.014000000000002899
2026-09-22T16:04:23.260+02:00;17654.260610;22.263;22.245;0.018000000000000682
2026-09-22T16:04:25.057+02:00;17656.058047;22.263;22.246;0.017000000000003013
2026-09-22T16:04:26.854+02:00;17657.855332;22.263;22.251;0.012000000000000455
2026-09-22T16:04:28.652+02:00;17659.652770;22.265;22.248;0.01699999999999946
2026-09-22T16:04:30.775+02:00;17661.776079;22.264;22.254;0.00999999999999801
2026-09-22T16:04:32.573+02:00;17663.573567;22.263;22.251;0.012000000000000455
2026-09-22T16:04:34.370+02:00;17665.370960;22.264;22.25;0.013999999999999346
2026-09-22T16:04:36.168+02:00;17667.168587;22.264;22.252;0.012000000000000455
2026-09-22T16:04:37.965+02:00;17668.965880;22.264;22.255;0.009000000000000341
2026-09-22T16:04:39.763+02:00;17670.763472;22.263;22.252;0.011000000000002785
2026-09-22T16:04:41.560+02:00;17672.560891;22.263;22.253;0.010000000000001563
2026-09-22T16:04:43.357+02:00;17674.358122;22.263;22.255;0.008000000000002672
2026-09-22T16:04:45.155+02:00;17676.155690;22.263;22.256;0.0070000000000014495
2026-09-22T16:04:46.952+02:00;17677.952959;22.264;22.253;0.010999999999999233
2026-09-22T16:04:48.750+02:00;17679.750493;22.263;22.255;0.008000000000002672
2026-09-22T16:04:50.547+02:00;17681.547947;22.265;22.255;0.010000000000001563
2026-09-22T16:04:52.344+02:00;17683.345222;22.264;22.259;0.004999999999999005
2026-09-22T16:04:54.142+02:00;17685.142649;22.265;22.257;0.007999999999999119
2026-09-22T16:04:55.939+02:00;17686.940081;22.265;22.259;0.006000000000000227
2026-09-22T16:04:57.737+02:00;17688.737494;22.266;22.257;0.008999999999996788
2026-09-22T16:04:59.535+02:00;17690.536031;22.267;22.258;0.009000000000000341
2026-09-22T16:05:01.331+02:00;17692.332377;22.266;22.256;0.00999999999999801
2026-09-22T16:05:03.129+02:00;17694.129837;22.266;22.258;0.007999999999999119
2026-09-22T16:05:04.927+02:00;17695.928207;22.264;22.258;0.006000000000000227
2026-09-22T16:05:06.725+02:00;17697.725616;22.269;22.256;0.012999999999998124
2026-09-22T16:05:08.522+02:00;17699.523215;22.269;22.258;0.010999999999999233
2026-09-22T16:05:10.318+02:00;17701.319465;22.269;22.258;0.010999999999999233
2026-09-22T16:05:12.116+02:00;17703.116887;22.271;22.258;0.013000000000001677
2026-09-22T16:05:13.914+02:00;17704.914501;22.271;22.258;0.013000000000001677
2026-09-22T16:05:15.711+02:00;17706.711828;22.274;22.259;0.015000000000000568
2026-09-22T16:05:17.509+02:00;17708.510404;22.274;22.258;0.01600000000000179
2026-09-22T16:05:19.306+02:00;17710.306644;22.269;22.259;0.00999999999999801
2026-09-22T16:05:21.103+02:00;17712.104093;22.27;22.259;0.010999999999999233
2026-09-22T16:05:22.901+02:00;17713.901593;22.276;22.259;0.01699999999999946
2026-09-22T16:05:24.698+02:00;17715.699161;22.275;22.258;0.01699999999999946
2026-09-22T16:05:26.495+02:00;17717.496374;22.275;22.259;0.015999999999998238
2026-09-22T16:05:28.293+02:00;17719.293775;22.274;22.259;0.015000000000000568
2026-09-22T16:05:30.090+02:00;17721.091235;22.273;22.259;0.013999999999999346
2026-09-22T16:05:31.888+02:00;17722.888833;22.275;22.259;0.015999999999998238
2026-09-22T16:05:33.685+02:00;17724.686246;22.274;22.259;0.015000000000000568
2026-09-22T16:05:35.483+02:00;17726.483549;22.275;22.259;0.015999999999998238
2026-09-22T16:05:37.660+02:00;17728.661419;22.276;22.259;0.01699999999999946
2026-09-22T16:05:39.989+02:00;17730.990318;22.276;22.259;0.01699999999999946
2026-09-22T16:05:41.777+02:00;17732.777990;22.278;22.259;0.01899999999999835
2026-09-22T16:05:43.574+02:00;17734.575247;22.278;22.259;0.01899999999999835
2026-09-22T16:05:45.372+02:00;17736.372690;22.278;22.259;0.01899999999999835
2026-09-22T16:05:47.169+02:00;17738.170121;22.278;22.259;0.01899999999999835
2026-09-22T16:05:48.967+02:00;17739.967590;22.279;22.259;0.019999999999999574
2026-09-22T16:05:50.764+02:00;17741.765240;22.279;22.259;0.019999999999999574
2026-09-22T16:05:52.562+02:00;17743.562590;22.276;22.259;0.01699999999999946
2026-09-22T16:05:54.360+02:00;17745.360860;22.278;22.259;0.01899999999999835
2026-09-22T16:05:56.156+02:00;17747.157244;22.277;22.259;0.018000000000000682
2026-09-22T16:05:57.954+02:00;17748.954854;22.279;22.259;0.019999999999999574
2026-09-22T16:05:59.751+02:00;17750.752262;22.279;22.259;0.019999999999999574
2026-09-22T16:06:01.550+02:00;17752.550549;22.279;22.259;0.019999999999999574
2026-09-22T16:06:03.346+02:00;17754.347199;22.279;22.259;0.019999999999999574
2026-09-22T16:06:05.143+02:00;17756.144405;22.279;22.259;0.019999999999999574
2026-09-22T16:06:06.941+02:00;17757.941890;22.279;22.259;0.019999999999999574
2026-09-22T16:06:08.739+02:00;17759.739639;22.279;22.259;0.019999999999999574
2026-09-22T16:06:10.536+02:00;17761.536746;22.279;22.259;0.019999999999999574
2026-09-22T16:06:12.333+02:00;17763.334126;22.278;22.259;0.01899999999999835
2026-09-22T16:06:14.131+02:00;17765.131562;22.279;22.259;0.019999999999999574
2026-09-22T16:06:15.928+02:00;17766.928965;22.279;22.259;0.019999999999999574
2026-09-22T16:06:17.725+02:00;17768.726389;22.279;22.259;0.019999999999999574
2026-09-22T16:06:19.523+02:00;17770.523827;22.279;22.259;0.019999999999999574
2026-09-22T16:06:21.320+02:00;17772.321327;22.279;22.259;0.019999999999999574
2026-09-22T16:06:23.118+02:00;17774.118797;22.279;22.259;0.019999999999999574
2026-09-22T16:06:24.915+02:00;17775.916267;22.279;22.259;0.019999999999999574
2026-09-22T16:06:26.713+02:00;17777.713649;22.279;22.259;0.019999999999999574
2026-09-22T16:06:28.511+02:00;17779.512048;22.279;22.259;0.019999999999999574
2026-09-22T16:06:30.879+02:00;17781.880327;22.279;22.259;0.019999999999999574
2026-09-22T16:06:32.668+02:00;17783.668931;22.279;22.259;0.019999999999999574
2026-09-22T16:06:34.465+02:00;17785.466297;22.279;22.26;0.01899999999999835
2026-09-22T16:06:36.263+02:00;17787.263605;22.279;22.26;0.01899999999999835
2026-09-22T16:06:38.061+02:00;17789.062180;22.279;22.26;0.01899999999999835
2026-09-22T16:06:39.858+02:00;17790.858756;22.279;22.259;0.019999999999999574
2026-09-22T16:06:41.655+02:00;17792.656158;22.279;22.259;0.019999999999999574
2026-09-22T16:06:43.453+02:00;17794.454466;22.279;22.259;0.019999999999999574
2026-09-22T16:06:45.250+02:00;17796.250791;22.279;22.26;0.01899999999999835
2026-09-22T16:06:47.048+02:00;17798.049259;22.279;22.26;0.01899999999999835
2026-09-22T16:06:48.845+02:00;17799.845639;22.279;22.261;0.018000000000000682
2026-09-22T16:06:50.642+02:00;17801.643062;22.279;22.26;0.01899999999999835
2026-09-22T16:06:52.440+02:00;17803.440475;22.279;22.261;0.018000000000000682
2026-09-22T16:06:54.237+02:00;17805.237921;22.279;22.261;0.018000000000000682
2026-09-22T16:06:56.036+02:00;17807.036766;22.279;22.261;0.018000000000000682
2026-09-22T16:06:57.832+02:00;17808.832815;22.279;22.262;0.01699999999999946
2026-09-22T16:06:59.629+02:00;17810.630218;22.279;22.264;0.015000000000000568
2026-09-22T16:07:01.973+02:00;17812.974162;22.279;22.26;0.01899999999999835
2026-09-22T16:07:03.762+02:00;17814.762641;22.279;22.264;0.015000000000000568
2026-09-22T16:07:05.559+02:00;17816.560220;22.279;22.263;0.015999999999998238
2026-09-22T16:07:07.357+02:00;17818.357597;22.279;22.262;0.01699999999999946
2026-09-22T16:07:09.154+02:00;17820.155053;22.279;22.265;0.013999999999999346
2026-09-22T16:07:10.951+02:00;17821.952444;22.279;22.265;0.013999999999999346
2026-09-22T16:07:12.749+02:00;17823.749831;22.28;22.265;0.015000000000000568
2026-09-22T16:07:14.546+02:00;17825.547203;22.279;22.266;0.013000000000001677
2026-09-22T16:07:16.344+02:00;17827.344572;22.28;22.269;0.011000000000002785
2026-09-22T16:07:18.141+02:00;17829.141960;22.28;22.269;0.011000000000002785
2026-09-22T16:07:19.939+02:00;17830.939629;22.279;22.265;0.013999999999999346
2026-09-22T16:07:21.736+02:00;17832.737039;22.28;22.27;0.010000000000001563
2026-09-22T16:07:23.533+02:00;17834.534289;22.281;22.269;0.012000000000000455
2026-09-22T16:07:25.331+02:00;17836.331786;22.28;22.27;0.010000000000001563
2026-09-22T16:07:27.129+02:00;17838.130146;22.281;22.27;0.010999999999999233
2026-09-22T16:07:28.926+02:00;17839.926682;22.279;22.273;0.006000000000000227
2026-09-22T16:07:30.724+02:00;17841.724489;22.282;22.271;0.010999999999999233
2026-09-22T16:07:32.521+02:00;17843.521513;22.282;22.272;0.010000000000001563
2026-09-22T16:07:34.318+02:00;17845.318909;22.281;22.271;0.00999999999999801
2026-09-22T16:07:36.117+02:00;17847.117505;22.28;22.272;0.008000000000002672
2026-09-22T16:07:37.913+02:00;17848.913723;22.282;22.272;0.010000000000001563
2026-09-22T16:07:39.710+02:00;17850.711125;22.283;22.274;0.009000000000000341
2026-09-22T16:07:41.508+02:00;17852.508575;22.284;22.275;0.009000000000000341
2026-09-22T16:07:43.305+02:00;17854.306051;22.282;22.272;0.010000000000001563
2026-09-22T16:07:45.104+02:00;17856.104513;22.285;22.273;0.012000000000000455
2026-09-22T16:07:46.900+02:00;17857.900888;22.283;22.271;0.012000000000000455
2026-09-22T16:07:48.697+02:00;17859.698330;22.283;22.274;0.009000000000000341
2026-09-22T16:07:50.495+02:00;17861.495778;22.283;22.275;0.008000000000002672
2026-09-22T16:07:52.292+02:00;17863.293183;22.282;22.273;0.009000000000000341
2026-09-22T16:07:54.090+02:00;17865.090714;22.285;22.273;0.012000000000000455
2026-09-22T16:07:55.887+02:00;17866.888077;22.285;22.274;0.010999999999999233
2026-09-22T16:07:57.684+02:00;17868.685439;22.283;22.275;0.008000000000002672
2026-09-22T16:07:59.482+02:00;17870.482865;22.288;22.275;0.013000000000001677
2026-09-22T16:08:01.279+02:00;17872.280389;22.29;22.275;0.015000000000000568
2026-09-22T16:08:03.077+02:00;17874.077857;22.285;22.273;0.012000000000000455
2026-09-22T16:08:04.874+02:00;17875.875297;22.289;22.275;0.014000000000002899
2026-09-22T16:08:06.672+02:00;17877.672562;22.29;22.275;0.015000000000000568
2026-09-22T16:08:08.470+02:00;17879.470999;22.289;22.275;0.014000000000002899
2026-09-22T16:08:10.266+02:00;17881.267406;22.291;22.275;0.01600000000000179
2026-09-22T16:08:12.064+02:00;17883.064856;22.291;22.275;0.01600000000000179
2026-09-22T16:08:13.861+02:00;17884.862370;22.288;22.274;0.013999999999999346
2026-09-22T16:08:15.659+02:00;17886.659770;22.288;22.275;0.013000000000001677
2026-09-22T16:08:17.456+02:00;17888.457265;22.286;22.275;0.011000000000002785
2026-09-22T16:08:19.254+02:00;17890.254556;22.294;22.275;0.019000000000001904
2026-09-22T16:08:21.051+02:00;17892.052001;22.294;22.274;0.019999999999999574
2026-09-22T16:08:22.849+02:00;17893.850325;22.29;22.275;0.015000000000000568
2026-09-22T16:08:24.646+02:00;17895.646847;22.29;22.275;0.015000000000000568
2026-09-22T16:08:26.444+02:00;17897.444524;22.292;22.275;0.017000000000003013
2026-09-22T16:08:28.241+02:00;17899.241751;22.293;22.275;0.018000000000000682
2026-09-22T16:08:30.039+02:00;17901.040095;22.292;22.275;0.017000000000003013
2026-09-22T16:08:31.836+02:00;17902.836490;22.293;22.275;0.018000000000000682
2026-09-22T16:08:33.633+02:00;17904.633829;22.294;22.275;0.019000000000001904
2026-09-22T16:08:35.430+02:00;17906.431238;22.295;22.275;0.020000000000003126
2026-09-22T16:08:37.229+02:00;17908.229647;22.294;22.275;0.019000000000001904
2026-09-22T16:08:39.025+02:00;17910.026254;22.295;22.275;0.020000000000003126
2026-09-22T16:08:40.823+02:00;17911.823753;22.293;22.275;0.018000000000000682
2026-09-22T16:08:42.620+02:00;17913.621123;22.295;22.275;0.020000000000003126
2026-09-22T16:08:44.417+02:00;17915.418369;22.295;22.275;0.020000000000003126
2026-09-22T16:08:46.215+02:00;17917.215791;22.295;22.275;0.020000000000003126
2026-09-22T16:08:48.012+02:00;17919.013215;22.294;22.275;0.019000000000001904
2026-09-22T16:08:49.810+02:00;17920.810704;22.294;22.275;0.019000000000001904
2026-09-22T16:08:51.607+02:00;17922.608149;22.295;22.275;0.020000000000003126
2026-09-22T16:08:53.405+02:00;17924.405628;22.295;22.275;0.020000000000003126
2026-09-22T16:08:55.203+02:00;17926.203977;22.295;22.275;0.020000000000003126
2026-09-22T16:08:56.999+02:00;17928.000353;22.295;22.275;0.020000000000003126
2026-09-22T16:08:58.797+02:00;17929.797839;22.295;22.275;0.020000000000003126
2026-09-22T16:09:00.594+02:00;17931.595348;22.294;22.275;0.019000000000001904
2026-09-22T16:09:02.392+02:00;17933.392677;22.295;22.275;0.020000000000003126
2026-09-22T16:09:04.190+02:00;17935.191154;22.295;22.275;0.020000000000003126
2026-09-22T16:09:05.986+02:00;17936.987422;22.295;22.275;0.020000000000003126
2026-09-22T16:09:07.784+02:00;17938.785184;22.295;22.275;0.020000000000003126
2026-09-22T16:09:09.582+02:00;17940.583312;22.295;22.275;0.020000000000003126
2026-09-22T16:09:11.379+02:00;17942.380065;22.295;22.275;0.020000000000003126
2026-09-22T16:09:13.177+02:00;17944.178347;22.295;22.275;0.020000000000003126
2026-09-22T16:09:14.974+02:00;17945.974754;22.295;22.275;0.020000000000003126
2026-09-22T16:09:16.771+02:00;17947.771940;22.295;22.275;0.020000000000003126
2026-09-22T16:09:18.569+02:00;17949.569626;22.295;22.275;0.020000000000003126
2026-09-22T16:09:20.366+02:00;17951.366670;22.295;22.275;0.020000000000003126
2026-09-22T16:09:22.163+02:00;17953.164150;22.295;22.276;0.019000000000001904
2026-09-22T16:09:23.961+02:00;17954.961566;22.295;22.275;0.020000000000003126
2026-09-22T16:09:25.758+02:00;17956.759063;22.295;22.275;0.020000000000003126
